# triage-adversarial pw leg k1-m5-group-reset-on-groups-land. WT=/home/jcole/projects/hq-worktrees/triage-adv-20261007 SHA=62877165d5f8709cb8754e75ec6ddf20ebd8b8a2 start 2026-10-07T08:18:46-04:00
# env: TEST_PORT=8393 TEST_DB_NAME=hq_test_triage_adv_20261007_e2e DB_PORT=5434 DB_USER=hqtest
# cmd: npx playwright test --reporter=list tests/inventory.spec.js -g IS-01 --retries=0
# git status --porcelain BEFORE: 1 lines
[2m[WebServer] [22m── reset hq_test_triage_adv_20261007_e2e on localhost:5434 ──
[2m[WebServer] [22m── wrote version.json frontend=1.10.2 ──
[2m[WebServer] [22m{"time":"2026-10-07T08:20:53.852555553-04:00","level":"INFO","msg":"serving static files from disk","dir":"../"}
[2m[WebServer] [22m{"time":"2026-10-07T08:20:53.852982646-04:00","level":"INFO","msg":"loaded superadmins","count":1}
[2m[WebServer] [22m{"time":"2026-10-07T08:20:53.874904662-04:00","level":"INFO","msg":"connected to database"}
[2m[WebServer] [22m{"time":"2026-10-07T08:20:53.977775096-04:00","level":"INFO","msg":"OK   0001_users.sql (69.99ms)","source":"stdlog"}
[2m[WebServer] [22m{"time":"2026-10-07T08:20:54.048265124-04:00","level":"INFO","msg":"OK   0002_sessions.sql (70.32ms)","source":"stdlog"}
[2m[WebServer] [22m{"time":"2026-10-07T08:20:54.117599729-04:00","level":"INFO","msg":"OK   0003_invite_tokens.sql (64.01ms)","source":"stdlog"}
[2m[WebServer] [22m{"time":"2026-10-07T08:20:54.178086899-04:00","level":"INFO","msg":"OK   0004_hq_apps.sql (60.32ms)","source":"stdlog"}
[2m[WebServer] [22m{"time":"2026-10-07T08:20:54.241800843-04:00","level":"INFO","msg":"OK   0005_app_permissions.sql (63.54ms)","source":"stdlog"}
[2m[WebServer] [22m{"time":"2026-10-07T08:20:54.284970067-04:00","level":"INFO","msg":"OK   0006_checklist_templates.sql (42.91ms)","source":"stdlog"}
[2m[WebServer] [22m{"time":"2026-10-07T08:20:54.326859308-04:00","level":"INFO","msg":"OK   0007_checklist_schedules.sql (41.74ms)","source":"stdlog"}
[2m[WebServer] [22m{"time":"2026-10-07T08:20:54.388803354-04:00","level":"INFO","msg":"OK   0008_template_assignments.sql (61.75ms)","source":"stdlog"}
[2m[WebServer] [22m{"time":"2026-10-07T08:20:54.426976987-04:00","level":"INFO","msg":"OK   0009_checklist_sections.sql (38.03ms)","source":"stdlog"}
[2m[WebServer] [22m{"time":"2026-10-07T08:20:54.470942227-04:00","level":"INFO","msg":"OK   0010_checklist_fields.sql (43.79ms)","source":"stdlog"}
[2m[WebServer] [22m{"time":"2026-10-07T08:20:54.537259821-04:00","level":"INFO","msg":"OK   0011_checklist_submissions.sql (66.2ms)","source":"stdlog"}
[2m[WebServer] [22m{"time":"2026-10-07T08:20:54.629318513-04:00","level":"INFO","msg":"OK   0012_submission_responses.sql (91.9ms)","source":"stdlog"}
[2m[WebServer] [22m{"time":"2026-10-07T08:20:54.670052222-04:00","level":"INFO","msg":"OK   0013_submission_fail_notes.sql (40.59ms)","source":"stdlog"}
[2m[WebServer] [22m{"time":"2026-10-07T08:20:54.707504878-04:00","level":"INFO","msg":"OK   0014_submission_rejections.sql (37.31ms)","source":"stdlog"}
[2m[WebServer] [22m{"time":"2026-10-07T08:20:54.781588657-04:00","level":"INFO","msg":"OK   0015_ops.sql (73.9ms)","source":"stdlog"}
[2m[WebServer] [22m{"time":"2026-10-07T08:20:54.80274039-04:00","level":"INFO","msg":"OK   0016_lamport_ts.sql (21.05ms)","source":"stdlog"}
[2m[WebServer] [22m{"time":"2026-10-07T08:20:54.824963102-04:00","level":"INFO","msg":"OK   0017_users_naming.sql (22.1ms)","source":"stdlog"}
[2m[WebServer] [22m{"time":"2026-10-07T08:20:54.901688482-04:00","level":"INFO","msg":"OK   0018_ob_templates.sql (76.58ms)","source":"stdlog"}
[2m[WebServer] [22m{"time":"2026-10-07T08:20:54.982543479-04:00","level":"INFO","msg":"OK   0019_ob_items.sql (80.69ms)","source":"stdlog"}
[2m[WebServer] [22m{"time":"2026-10-07T08:20:55.045230993-04:00","level":"INFO","msg":"OK   0020_ob_progress.sql (62.55ms)","source":"stdlog"}
[2m[WebServer] [22m{"time":"2026-10-07T08:20:55.092080143-04:00","level":"INFO","msg":"OK   0021_ob_signoffs.sql (46.66ms)","source":"stdlog"}
[2m[WebServer] [22m{"time":"2026-10-07T08:20:55.139671462-04:00","level":"INFO","msg":"OK   0022_ob_template_assignments.sql (47.46ms)","source":"stdlog"}
[2m[WebServer] [22m{"time":"2026-10-07T08:20:55.220193218-04:00","level":"INFO","msg":"OK   0023_multi_role.sql (80.37ms)","source":"stdlog"}
[2m[WebServer] [22m{"time":"2026-10-07T08:20:55.462307006-04:00","level":"INFO","msg":"OK   0024_inventory.sql (241.84ms)","source":"stdlog"}
[2m[WebServer] [22m{"time":"2026-10-07T08:20:55.5125326-04:00","level":"INFO","msg":"OK   0025_pending_purchases.sql (50.06ms)","source":"stdlog"}
[2m[WebServer] [22m{"time":"2026-10-07T08:20:55.526563845-04:00","level":"INFO","msg":"OK   0026_ob_progress_faq.sql (13.89ms)","source":"stdlog"}
[2m[WebServer] [22m{"time":"2026-10-07T08:20:55.539802125-04:00","level":"INFO","msg":"OK   0027_ob_section_signoff_roles.sql (13.13ms)","source":"stdlog"}
[2m[WebServer] [22m{"time":"2026-10-07T08:20:55.560997035-04:00","level":"INFO","msg":"OK   0028_ob_video_upgrade.sql (20.79ms)","source":"stdlog"}
[2m[WebServer] [22m{"time":"2026-10-07T08:20:55.570313672-04:00","level":"INFO","msg":"OK   0029_ob_templates_archived_at.sql (9.22ms)","source":"stdlog"}
[2m[WebServer] [22m{"time":"2026-10-07T08:20:55.602197951-04:00","level":"INFO","msg":"OK   0030_item_groups_unique_name.sql (31.72ms)","source":"stdlog"}
[2m[WebServer] [22m{"time":"2026-10-07T08:20:55.614787935-04:00","level":"INFO","msg":"OK   0031_remove_placeholder_items.sql (12.48ms)","source":"stdlog"}
[2m[WebServer] [22m{"time":"2026-10-07T08:20:55.631469795-04:00","level":"INFO","msg":"OK   0032_item_group_thresholds.sql (16.55ms)","source":"stdlog"}
[2m[WebServer] [22m{"time":"2026-10-07T08:20:55.67356364-04:00","level":"INFO","msg":"OK   0033_stock_count_overrides.sql (41.99ms)","source":"stdlog"}
[2m[WebServer] [22m{"time":"2026-10-07T08:20:55.76102272-04:00","level":"INFO","msg":"OK   0034_purchase_orders.sql (87.24ms)","source":"stdlog"}
[2m[WebServer] [22m{"time":"2026-10-07T08:20:55.777187793-04:00","level":"INFO","msg":"OK   0035_purchase_items_photo_store.sql (16.05ms)","source":"stdlog"}
[2m[WebServer] [22m{"time":"2026-10-07T08:20:55.791783795-04:00","level":"INFO","msg":"OK   0036_purchase_items_full_name.sql (14.47ms)","source":"stdlog"}
[2m[WebServer] [22m{"time":"2026-10-07T08:20:55.832523398-04:00","level":"INFO","msg":"OK   0037_cutoff_config.sql (40.63ms)","source":"stdlog"}
[2m[WebServer] [22m{"time":"2026-10-07T08:20:55.851707505-04:00","level":"INFO","msg":"OK   0038_po_status_extend.sql (19.07ms)","source":"stdlog"}
[2m[WebServer] [22m{"time":"2026-10-07T08:20:55.875303609-04:00","level":"INFO","msg":"OK   0039_purchase_items_vendor.sql (23.45ms)","source":"stdlog"}
[2m[WebServer] [22m{"time":"2026-10-07T08:20:56.009167372-04:00","level":"INFO","msg":"OK   0040_shopping_lists.sql (133.7ms)","source":"stdlog"}
[2m[WebServer] [22m{"time":"2026-10-07T08:20:56.023373962-04:00","level":"INFO","msg":"OK   0041_notification_channel.sql (14.1ms)","source":"stdlog"}
[2m[WebServer] [22m{"time":"2026-10-07T08:20:56.100653063-04:00","level":"INFO","msg":"OK   0042_repurchase_tracking.sql (77.1ms)","source":"stdlog"}
[2m[WebServer] [22m{"time":"2026-10-07T08:20:56.155341569-04:00","level":"INFO","msg":"OK   0043_alert_log.sql (54.5ms)","source":"stdlog"}
[2m[WebServer] [22m{"time":"2026-10-07T08:20:56.220257263-04:00","level":"INFO","msg":"OK   0044_low_stock_alert_log.sql (64.77ms)","source":"stdlog"}
[2m[WebServer] [22m{"time":"2026-10-07T08:20:56.288945253-04:00","level":"INFO","msg":"OK   0045_notification_channel_array.sql (68.44ms)","source":"stdlog"}
[2m[WebServer] [22m{"time":"2026-10-07T08:20:56.297162724-04:00","level":"INFO","msg":"OK   0046_user_timezone.sql (8.05ms)","source":"stdlog"}
[2m[WebServer] [22m{"time":"2026-10-07T08:20:56.368704736-04:00","level":"INFO","msg":"OK   0047_employee_fields.sql (71.38ms)","source":"stdlog"}
[2m[WebServer] [22m{"time":"2026-10-07T08:20:56.37957652-04:00","level":"INFO","msg":"OK   0048_notification_default_both.sql (10.77ms)","source":"stdlog"}
[2m[WebServer] [22m{"time":"2026-10-07T08:20:56.434535658-04:00","level":"INFO","msg":"OK   0049_ob_sub_items.sql (54.84ms)","source":"stdlog"}
[2m[WebServer] [22m{"time":"2026-10-07T08:20:56.44604399-04:00","level":"INFO","msg":"OK   0050_ob_progress_sub_item.sql (11.38ms)","source":"stdlog"}
[2m[WebServer] [22m{"time":"2026-10-07T08:20:56.455136007-04:00","level":"INFO","msg":"OK   0051_rejection_field_fk.sql (8.92ms)","source":"stdlog"}
[2m[WebServer] [22m{"time":"2026-10-07T08:20:56.474507858-04:00","level":"INFO","msg":"OK   0052_template_name_unique.sql (19.23ms)","source":"stdlog"}
[2m[WebServer] [22m{"time":"2026-10-07T08:20:56.487884825-04:00","level":"INFO","msg":"OK   0053_response_field_fk.sql (13.27ms)","source":"stdlog"}
[2m[WebServer] [22m{"time":"2026-10-07T08:20:56.49920476-04:00","level":"INFO","msg":"OK   0054_failnote_field_fk.sql (11.18ms)","source":"stdlog"}
[2m[WebServer] [22m{"time":"2026-10-07T08:20:56.508161679-04:00","level":"INFO","msg":"OK   0055_item_location_in_store.sql (8.83ms)","source":"stdlog"}
[2m[WebServer] [22m{"time":"2026-10-07T08:20:56.530615544-04:00","level":"INFO","msg":"OK   0056_ob_progress_photo.sql (22.31ms)","source":"stdlog"}
[2m[WebServer] [22m{"time":"2026-10-07T08:20:56.548860057-04:00","level":"INFO","msg":"OK   0057_ob_items_photo_type.sql (18.11ms)","source":"stdlog"}
[2m[WebServer] [22m{"time":"2026-10-07T08:20:56.566650981-04:00","level":"INFO","msg":"OK   0058_ob_sub_items_photos.sql (17.69ms)","source":"stdlog"}
[2m[WebServer] [22m{"time":"2026-10-07T08:20:56.582634074-04:00","level":"INFO","msg":"OK   0059_cleanup_photo_items.sql (15.89ms)","source":"stdlog"}
[2m[WebServer] [22m{"time":"2026-10-07T08:20:56.651686349-04:00","level":"INFO","msg":"OK   0060_menu_items.sql (68.9ms)","source":"stdlog"}
[2m[WebServer] [22m{"time":"2026-10-07T08:20:56.701374932-04:00","level":"INFO","msg":"OK   0061_daily_menu_sales.sql (49.56ms)","source":"stdlog"}
[2m[WebServer] [22m{"time":"2026-10-07T08:20:56.764861547-04:00","level":"INFO","msg":"OK   0062_recipes.sql (63.33ms)","source":"stdlog"}
[2m[WebServer] [22m{"time":"2026-10-07T08:20:56.815089977-04:00","level":"INFO","msg":"OK   0063_drift_check_results.sql (50.01ms)","source":"stdlog"}
[2m[WebServer] [22m{"time":"2026-10-07T08:20:56.853192127-04:00","level":"INFO","msg":"OK   0064_no_itemized_receipt_seed.sql (37.63ms)","source":"stdlog"}
[2m[WebServer] [22m{"time":"2026-10-07T08:20:56.872621629-04:00","level":"INFO","msg":"OK   0065_mercury_category_on_purchase_events.sql (19.32ms)","source":"stdlog"}
[2m[WebServer] [22m{"time":"2026-10-07T08:20:56.89356255-04:00","level":"INFO","msg":"OK   0066_mercury_category_on_pending_purchases.sql (20.82ms)","source":"stdlog"}
[2m[WebServer] [22m{"time":"2026-10-07T08:20:56.969311631-04:00","level":"INFO","msg":"OK   0067_receipt_sync_runs.sql (75.63ms)","source":"stdlog"}
[2m[WebServer] [22m{"time":"2026-10-07T08:20:57.007177741-04:00","level":"INFO","msg":"OK   0068_pending_purchases_bank_tx_uniq.sql (37.74ms)","source":"stdlog"}
[2m[WebServer] [22m{"time":"2026-10-07T08:20:57.032711988-04:00","level":"INFO","msg":"OK   0069_pending_purchases_parse_error.sql (25.42ms)","source":"stdlog"}
[2m[WebServer] [22m{"time":"2026-10-07T08:20:57.056252944-04:00","level":"INFO","msg":"OK   0070_receipt_urls.sql (23.37ms)","source":"stdlog"}
[2m[WebServer] [22m{"time":"2026-10-07T08:20:57.100022567-04:00","level":"INFO","msg":"OK   0071_submission_fail_notes_unique.sql (43.62ms)","source":"stdlog"}
[2m[WebServer] [22m{"time":"2026-10-07T08:20:57.126066858-04:00","level":"INFO","msg":"OK   0072_app_timezone_new_york.sql (25.69ms)","source":"stdlog"}
[2m[WebServer] [22m{"time":"2026-10-07T08:20:57.164788261-04:00","level":"INFO","msg":"OK   0073_sync_fdw_views.sql (38.21ms)","source":"stdlog"}
[2m[WebServer] [22m{"time":"2026-10-07T08:20:57.179013669-04:00","level":"INFO","msg":"OK   0074_sync_fdw_approver_view.sql (13.97ms)","source":"stdlog"}
[2m[WebServer] [22m{"time":"2026-10-07T08:20:57.245468302-04:00","level":"INFO","msg":"OK   0075_item_aliases.sql (66.33ms)","source":"stdlog"}
[2m[WebServer] [22m{"time":"2026-10-07T08:20:57.277592647-04:00","level":"INFO","msg":"OK   0076_checklist_template_app.sql (31.97ms)","source":"stdlog"}
[2m[WebServer] [22m{"time":"2026-10-07T08:20:57.325014153-04:00","level":"INFO","msg":"OK   0077_race_lost_notifications.sql (47.19ms)","source":"stdlog"}
[2m[WebServer] [22m{"time":"2026-10-07T08:20:57.344650217-04:00","level":"INFO","msg":"OK   0078_card_holder_on_purchases.sql (19.52ms)","source":"stdlog"}
[2m[WebServer] [22m{"time":"2026-10-07T08:20:57.375176339-04:00","level":"INFO","msg":"OK   0079_pending_purchases_retry_requested.sql (30.38ms)","source":"stdlog"}
[2m[WebServer] [22m{"time":"2026-10-07T08:20:57.393569221-04:00","level":"INFO","msg":"OK   0080_receipt_sync_runs_cancelled.sql (18.19ms)","source":"stdlog"}
[2m[WebServer] [22m{"time":"2026-10-07T08:20:57.424366517-04:00","level":"INFO","msg":"OK   0081_item_alias_display.sql (30.62ms)","source":"stdlog"}
[2m[WebServer] [22m{"time":"2026-10-07T08:20:57.445335176-04:00","level":"INFO","msg":"OK   0082_bi_grants.sql (20.76ms)","source":"stdlog"}
[2m[WebServer] [22m{"time":"2026-10-07T08:20:57.563451778-04:00","level":"INFO","msg":"OK   0083_campaigns_admin.sql (117.83ms)","source":"stdlog"}
[2m[WebServer] [22m{"time":"2026-10-07T08:20:57.684340386-04:00","level":"INFO","msg":"OK   0084_toast_orders_reconciliation.sql (120.64ms)","source":"stdlog"}
[2m[WebServer] [22m{"time":"2026-10-07T08:20:57.816512707-04:00","level":"INFO","msg":"OK   0085_subscribers.sql (131.96ms)","source":"stdlog"}
[2m[WebServer] [22m{"time":"2026-10-07T08:20:57.854956735-04:00","level":"INFO","msg":"OK   0086_merge_repoint_and_erasure_backstop.sql (38.27ms)","source":"stdlog"}
[2m[WebServer] [22m{"time":"2026-10-07T08:20:57.938478726-04:00","level":"INFO","msg":"OK   0087_qr_scans_dedupe_bucket.sql (83.31ms)","source":"stdlog"}
[2m[WebServer] [22m{"time":"2026-10-07T08:20:57.938530611-04:00","level":"INFO","msg":"goose: successfully migrated database to version: 87","source":"stdlog"}
[2m[WebServer] [22m{"time":"2026-10-07T08:20:57.938553127-04:00","level":"INFO","msg":"database migrations applied successfully"}
[2m[WebServer] [22m{"time":"2026-10-07T08:20:58.034891135-04:00","level":"INFO","msg":"upserted superadmin","email":"jamal@yumyums.kitchen"}
[2m[WebServer] [22m{"time":"2026-10-07T08:20:58.112671577-04:00","level":"INFO","msg":"seeded template","name":"Setup Checklist","id":"18bb2afa-c3d3-47ff-8349-635e13100366"}
[2m[WebServer] [22m{"time":"2026-10-07T08:20:58.112770345-04:00","level":"INFO","msg":"seeded templates","count":1}
[2m[WebServer] [22m{"time":"2026-10-07T08:20:58.18487657-04:00","level":"INFO","msg":"seeded onboarding template","name":"Kitchen Basics Training","id":"cbe0c06d-1cf9-4bd0-8056-564afe8234cf"}
[2m[WebServer] [22m{"time":"2026-10-07T08:20:58.214022562-04:00","level":"INFO","msg":"inventory: seeded vendors","count":5}
[2m[WebServer] [22m{"time":"2026-10-07T08:20:58.335442098-04:00","level":"INFO","msg":"inventory: seeded unique tags","count":19}
[2m[WebServer] [22m{"time":"2026-10-07T08:20:58.547593954-04:00","level":"INFO","msg":"inventory: seeded item groups","count":10}
[2m[WebServer] [22m{"time":"2026-10-07T08:20:59.300304882-04:00","level":"INFO","msg":"inventory: seeded purchase items from YAML","count":106}
[2m[WebServer] [22m{"time":"2026-10-07T08:20:59.300398536-04:00","level":"WARN","msg":"object storage env vars not set, photo and video upload endpoints will return 503","required":"STORAGE_KEY, STORAGE_SECRET, STORAGE_BUCKET, STORAGE_ENDPOINT, STORAGE_REGION"}
[2m[WebServer] [22m{"time":"2026-10-07T08:20:59.300471415-04:00","level":"WARN","msg":"HQ_INVENTORY_SERVICE_TOKEN not set, /api/v1/inventory/period-summary AND /api/v1/inventory/menu-cogs will return 503"}
[2m[WebServer] [22m{"time":"2026-10-07T08:20:59.300589435-04:00","level":"INFO","msg":"marketing campaign projection not configured; campaigns will save with projected_at NULL and warnings:[\"not_projected\"]","missing":"HQ_SYNC_REST_URL and/or HQ_SYNC_SERVICE_KEY"}
[2m[WebServer] [22m{"time":"2026-10-07T08:20:59.300674823-04:00","level":"INFO","msg":"inventory COGS category allowlist","allowlist":["COGS"]}
[2m[WebServer] [22m{"time":"2026-10-07T08:20:59.301176817-04:00","level":"INFO","msg":"redemption arbiter not configured; POST /api/v1/marketing/redeem answers 503","missing":"HQ_SYNC_REST_URL and/or HQ_SYNC_SERVICE_KEY"}
[2m[WebServer] [22m{"time":"2026-10-07T08:20:59.301294185-04:00","level":"INFO","msg":"receipt worker disabled","reason":"E2E_DISABLE_SCHEDULERS=1"}
[2m[WebServer] [22m{"time":"2026-10-07T08:20:59.301356948-04:00","level":"INFO","msg":"alert queue started","delivery_enabled":false}
[2m[WebServer] [22m{"time":"2026-10-07T08:20:59.301379029-04:00","level":"INFO","msg":"cutoff scheduler disabled","reason":"E2E_DISABLE_SCHEDULERS=1"}
[2m[WebServer] [22m{"time":"2026-10-07T08:20:59.301401436-04:00","level":"INFO","msg":"scan-attempts mirror disabled","reason":"E2E_DISABLE_SCHEDULERS=1"}
[2m[WebServer] [22m{"time":"2026-10-07T08:20:59.301424605-04:00","level":"INFO","msg":"toast worker disabled, cmd/sync-toast remains available","reason":"TOAST_SYNC_INTERVAL=0"}
[2m[WebServer] [22m{"time":"2026-10-07T08:20:59.301574388-04:00","level":"INFO","msg":"alerts queue started"}
[2m[WebServer] [22m{"time":"2026-10-07T08:20:59.328340505-04:00","level":"INFO","msg":"server listening","port":"8393"}
[2m[WebServer] [22m{"time":"2026-10-07T08:20:59.339347931-04:00","level":"INFO","msg":"reachable at","url":"http://10.255.255.254:8393"}
[2m[WebServer] [22m{"time":"2026-10-07T08:20:59.33940482-04:00","level":"INFO","msg":"reachable at","url":"http://192.168.8.164:8393"}
[2m[WebServer] [22m{"time":"2026-10-07T08:20:59.33942168-04:00","level":"INFO","msg":"reachable at","url":"http://100.70.200.55:8393"}
[2m[WebServer] [22m{"time":"2026-10-07T08:20:59.339444849-04:00","level":"INFO","msg":"Yumyums HQ ready, accepting connections"}

Running 1 test using 1 worker

[2m[WebServer] [22m{"time":"2026-10-07T08:21:04.391202666-04:00","level":"INFO","msg":"client log","level":"WARN","message":"[inventory] item photo failed to load, showing placeholder Coke Zero https://nyc3.digitaloceanspaces.com/hq.yumyums/items/coke-zero.png","user":"Jamal C. (jamal@yumyums.kitchen)","page":"/inventory.html","ua":"Mozilla/5.0 (X11; Linux x86_64) AppleWebKit/537.36 (KHTML, like Gecko) HeadlessChrome/147.0.7727.15 Safari/537.36"}
[2m[WebServer] [22m{"time":"2026-10-07T08:21:04.391566849-04:00","level":"INFO","msg":"client log","level":"WARN","message":"[inventory] item photo failed to load, showing placeholder Coke https://nyc3.digitaloceanspaces.com/hq.yumyums/items/coke.png","user":"Jamal C. (jamal@yumyums.kitchen)","page":"/inventory.html","ua":"Mozilla/5.0 (X11; Linux x86_64) AppleWebKit/537.36 (KHTML, like Gecko) HeadlessChrome/147.0.7727.15 Safari/537.36"}
[2m[WebServer] [22m{"time":"2026-10-07T08:21:04.405950779-04:00","level":"INFO","msg":"client log","level":"WARN","message":"[inventory] item photo failed to load, showing placeholder Lemonade Mix https://nyc3.digitaloceanspaces.com/hq.yumyums/items/lemonade-mix.png","user":"Jamal C. (jamal@yumyums.kitchen)","page":"/inventory.html","ua":"Mozilla/5.0 (X11; Linux x86_64) AppleWebKit/537.36 (KHTML, like Gecko) HeadlessChrome/147.0.7727.15 Safari/537.36"}
[2m[WebServer] [22m{"time":"2026-10-07T08:21:04.411622448-04:00","level":"INFO","msg":"client log","level":"WARN","message":"[inventory] item photo failed to load, showing placeholder Brisket Rolls https://nyc3.digitaloceanspaces.com/hq.yumyums/items/brisket-rolls.png","user":"Jamal C. (jamal@yumyums.kitchen)","page":"/inventory.html","ua":"Mozilla/5.0 (X11; Linux x86_64) AppleWebKit/537.36 (KHTML, like Gecko) HeadlessChrome/147.0.7727.15 Safari/537.36"}
[2m[WebServer] [22m{"time":"2026-10-07T08:21:04.414373064-04:00","level":"INFO","msg":"client log","level":"WARN","message":"[inventory] item photo failed to load, showing placeholder Dirty Dog Rolls https://nyc3.digitaloceanspaces.com/hq.yumyums/items/dirty-dog-rolls.png","user":"Jamal C. (jamal@yumyums.kitchen)","page":"/inventory.html","ua":"Mozilla/5.0 (X11; Linux x86_64) AppleWebKit/537.36 (KHTML, like Gecko) HeadlessChrome/147.0.7727.15 Safari/537.36"}
[2m[WebServer] [22m{"time":"2026-10-07T08:21:04.414662827-04:00","level":"INFO","msg":"client log","level":"WARN","message":"[inventory] item photo failed to load, showing placeholder Sprite https://nyc3.digitaloceanspaces.com/hq.yumyums/items/sprite.png","user":"Jamal C. (jamal@yumyums.kitchen)","page":"/inventory.html","ua":"Mozilla/5.0 (X11; Linux x86_64) AppleWebKit/537.36 (KHTML, like Gecko) HeadlessChrome/147.0.7727.15 Safari/537.36"}
[2m[WebServer] [22m{"time":"2026-10-07T08:21:04.421938033-04:00","level":"INFO","msg":"client log","level":"WARN","message":"[inventory] item photo failed to load, showing placeholder Dr. Pepper https://nyc3.digitaloceanspaces.com/hq.yumyums/items/dr-pepper.png","user":"Jamal C. (jamal@yumyums.kitchen)","page":"/inventory.html","ua":"Mozilla/5.0 (X11; Linux x86_64) AppleWebKit/537.36 (KHTML, like Gecko) HeadlessChrome/147.0.7727.15 Safari/537.36"}
[2m[WebServer] [22m{"time":"2026-10-07T08:21:04.459000511-04:00","level":"INFO","msg":"client log","level":"WARN","message":"[inventory] item photo failed to load, showing placeholder Mango Syrup https://nyc3.digitaloceanspaces.com/hq.yumyums/items/mango-syrup.png","user":"Jamal C. (jamal@yumyums.kitchen)","page":"/inventory.html","ua":"Mozilla/5.0 (X11; Linux x86_64) AppleWebKit/537.36 (KHTML, like Gecko) HeadlessChrome/147.0.7727.15 Safari/537.36"}
[2m[WebServer] [22m{"time":"2026-10-07T08:21:04.464325746-04:00","level":"INFO","msg":"client log","level":"WARN","message":"[inventory] item photo failed to load, showing placeholder Hamburger Rolls https://nyc3.digitaloceanspaces.com/hq.yumyums/items/hamburger-rolls.png","user":"Jamal C. (jamal@yumyums.kitchen)","page":"/inventory.html","ua":"Mozilla/5.0 (X11; Linux x86_64) AppleWebKit/537.36 (KHTML, like Gecko) HeadlessChrome/147.0.7727.15 Safari/537.36"}
[2m[WebServer] [22m{"time":"2026-10-07T08:21:04.471622764-04:00","level":"INFO","msg":"client log","level":"WARN","message":"[inventory] item photo failed to load, showing placeholder Water https://nyc3.digitaloceanspaces.com/hq.yumyums/items/water.png","user":"Jamal C. (jamal@yumyums.kitchen)","page":"/inventory.html","ua":"Mozilla/5.0 (X11; Linux x86_64) AppleWebKit/537.36 (KHTML, like Gecko) HeadlessChrome/147.0.7727.15 Safari/537.36"}
[2m[WebServer] [22m{"time":"2026-10-07T08:21:04.773256428-04:00","level":"INFO","msg":"client log","level":"WARN","message":"[inventory] item photo failed to load, showing placeholder Aluminum Foil https://nyc3.digitaloceanspaces.com/hq.yumyums/items/aluminum-foil.png","user":"Jamal C. (jamal@yumyums.kitchen)","page":"/inventory.html","ua":"Mozilla/5.0 (X11; Linux x86_64) AppleWebKit/537.36 (KHTML, like Gecko) HeadlessChrome/147.0.7727.15 Safari/537.36"}
[2m[WebServer] [22m{"time":"2026-10-07T08:21:04.78005764-04:00","level":"INFO","msg":"client log","level":"WARN","message":"[inventory] item photo failed to load, showing placeholder Corn https://nyc3.digitaloceanspaces.com/hq.yumyums/items/corn.png","user":"Jamal C. (jamal@yumyums.kitchen)","page":"/inventory.html","ua":"Mozilla/5.0 (X11; Linux x86_64) AppleWebKit/537.36 (KHTML, like Gecko) HeadlessChrome/147.0.7727.15 Safari/537.36"}
[2m[WebServer] [22m{"time":"2026-10-07T08:21:04.800672558-04:00","level":"INFO","msg":"client log","level":"WARN","message":"[inventory] item photo failed to load, showing placeholder Green Peppers https://nyc3.digitaloceanspaces.com/hq.yumyums/items/green-peppers.png","user":"Jamal C. (jamal@yumyums.kitchen)","page":"/inventory.html","ua":"Mozilla/5.0 (X11; Linux x86_64) AppleWebKit/537.36 (KHTML, like Gecko) HeadlessChrome/147.0.7727.15 Safari/537.36"}
[2m[WebServer] [22m{"time":"2026-10-07T08:21:04.804911019-04:00","level":"INFO","msg":"client log","level":"WARN","message":"[inventory] item photo failed to load, showing placeholder Bleach https://nyc3.digitaloceanspaces.com/hq.yumyums/items/bleach.png","user":"Jamal C. (jamal@yumyums.kitchen)","page":"/inventory.html","ua":"Mozilla/5.0 (X11; Linux x86_64) AppleWebKit/537.36 (KHTML, like Gecko) HeadlessChrome/147.0.7727.15 Safari/537.36"}
[2m[WebServer] [22m{"time":"2026-10-07T08:21:04.805325777-04:00","level":"INFO","msg":"client log","level":"WARN","message":"[inventory] item photo failed to load, showing placeholder Forks https://nyc3.digitaloceanspaces.com/hq.yumyums/items/forks.png","user":"Jamal C. (jamal@yumyums.kitchen)","page":"/inventory.html","ua":"Mozilla/5.0 (X11; Linux x86_64) AppleWebKit/537.36 (KHTML, like Gecko) HeadlessChrome/147.0.7727.15 Safari/537.36"}
[2m[WebServer] [22m{"time":"2026-10-07T08:21:04.806361548-04:00","level":"INFO","msg":"client log","level":"WARN","message":"[inventory] item photo failed to load, showing placeholder No Rinse Floor Cleaner https://nyc3.digitaloceanspaces.com/hq.yumyums/items/no-rinse-floor-cleaner.png","user":"Jamal C. (jamal@yumyums.kitchen)","page":"/inventory.html","ua":"Mozilla/5.0 (X11; Linux x86_64) AppleWebKit/537.36 (KHTML, like Gecko) HeadlessChrome/147.0.7727.15 Safari/537.36"}
[2m[WebServer] [22m{"time":"2026-10-07T08:21:04.819608022-04:00","level":"INFO","msg":"client log","level":"WARN","message":"[inventory] item photo failed to load, showing placeholder Boxes (No 2) https://nyc3.digitaloceanspaces.com/hq.yumyums/items/boxes-no-2.png","user":"Jamal C. (jamal@yumyums.kitchen)","page":"/inventory.html","ua":"Mozilla/5.0 (X11; Linux x86_64) AppleWebKit/537.36 (KHTML, like Gecko) HeadlessChrome/147.0.7727.15 Safari/537.36"}
[2m[WebServer] [22m{"time":"2026-10-07T08:21:04.84047389-04:00","level":"INFO","msg":"client log","level":"WARN","message":"[inventory] item photo failed to load, showing placeholder Lids https://nyc3.digitaloceanspaces.com/hq.yumyums/items/lids.png","user":"Jamal C. (jamal@yumyums.kitchen)","page":"/inventory.html","ua":"Mozilla/5.0 (X11; Linux x86_64) AppleWebKit/537.36 (KHTML, like Gecko) HeadlessChrome/147.0.7727.15 Safari/537.36"}
[2m[WebServer] [22m{"time":"2026-10-07T08:21:04.849910668-04:00","level":"INFO","msg":"client log","level":"WARN","message":"[inventory] item photo failed to load, showing placeholder Plastic Bags https://nyc3.digitaloceanspaces.com/hq.yumyums/items/plastic-bags.png","user":"Jamal C. (jamal@yumyums.kitchen)","page":"/inventory.html","ua":"Mozilla/5.0 (X11; Linux x86_64) AppleWebKit/537.36 (KHTML, like Gecko) HeadlessChrome/147.0.7727.15 Safari/537.36"}
[2m[WebServer] [22m{"time":"2026-10-07T08:21:04.858821273-04:00","level":"INFO","msg":"client log","level":"WARN","message":"[inventory] item photo failed to load, showing placeholder Charcoal https://nyc3.digitaloceanspaces.com/hq.yumyums/items/charcoal.png","user":"Jamal C. (jamal@yumyums.kitchen)","page":"/inventory.html","ua":"Mozilla/5.0 (X11; Linux x86_64) AppleWebKit/537.36 (KHTML, like Gecko) HeadlessChrome/147.0.7727.15 Safari/537.36"}
[2m[WebServer] [22m{"time":"2026-10-07T08:21:04.863008411-04:00","level":"INFO","msg":"client log","level":"WARN","message":"[inventory] item photo failed to load, showing placeholder Cucumber https://nyc3.digitaloceanspaces.com/hq.yumyums/items/cucumber.png","user":"Jamal C. (jamal@yumyums.kitchen)","page":"/inventory.html","ua":"Mozilla/5.0 (X11; Linux x86_64) AppleWebKit/537.36 (KHTML, like Gecko) HeadlessChrome/147.0.7727.15 Safari/537.36"}
[2m[WebServer] [22m{"time":"2026-10-07T08:21:04.868661689-04:00","level":"INFO","msg":"client log","level":"WARN","message":"[inventory] item photo failed to load, showing placeholder Hand Towels https://nyc3.digitaloceanspaces.com/hq.yumyums/items/hand-towels.png","user":"Jamal C. (jamal@yumyums.kitchen)","page":"/inventory.html","ua":"Mozilla/5.0 (X11; Linux x86_64) AppleWebKit/537.36 (KHTML, like Gecko) HeadlessChrome/147.0.7727.15 Safari/537.36"}
[2m[WebServer] [22m{"time":"2026-10-07T08:21:04.88565424-04:00","level":"INFO","msg":"client log","level":"WARN","message":"[inventory] item photo failed to load, showing placeholder Hand Soap https://nyc3.digitaloceanspaces.com/hq.yumyums/items/hand-soap.png","user":"Jamal C. (jamal@yumyums.kitchen)","page":"/inventory.html","ua":"Mozilla/5.0 (X11; Linux x86_64) AppleWebKit/537.36 (KHTML, like Gecko) HeadlessChrome/147.0.7727.15 Safari/537.36"}
[2m[WebServer] [22m{"time":"2026-10-07T08:21:04.891569374-04:00","level":"INFO","msg":"client log","level":"WARN","message":"[inventory] item photo failed to load, showing placeholder Mexican Cheese https://nyc3.digitaloceanspaces.com/hq.yumyums/items/mexican-cheese.png","user":"Jamal C. (jamal@yumyums.kitchen)","page":"/inventory.html","ua":"Mozilla/5.0 (X11; Linux x86_64) AppleWebKit/537.36 (KHTML, like Gecko) HeadlessChrome/147.0.7727.15 Safari/537.36"}
[2m[WebServer] [22m{"time":"2026-10-07T08:21:04.898661954-04:00","level":"INFO","msg":"client log","level":"WARN","message":"[inventory] item photo failed to load, showing placeholder Hot Dog Rolls https://nyc3.digitaloceanspaces.com/hq.yumyums/items/hot-dog-rolls.png","user":"Jamal C. (jamal@yumyums.kitchen)","page":"/inventory.html","ua":"Mozilla/5.0 (X11; Linux x86_64) AppleWebKit/537.36 (KHTML, like Gecko) HeadlessChrome/147.0.7727.15 Safari/537.36"}
[2m[WebServer] [22m{"time":"2026-10-07T08:21:04.910261587-04:00","level":"INFO","msg":"client log","level":"WARN","message":"[inventory] item photo failed to load, showing placeholder Boxes (No 8) https://nyc3.digitaloceanspaces.com/hq.yumyums/items/boxes-no-8.png","user":"Jamal C. (jamal@yumyums.kitchen)","page":"/inventory.html","ua":"Mozilla/5.0 (X11; Linux x86_64) AppleWebKit/537.36 (KHTML, like Gecko) HeadlessChrome/147.0.7727.15 Safari/537.36"}
[2m[WebServer] [22m{"time":"2026-10-07T08:21:04.910489228-04:00","level":"INFO","msg":"client log","level":"WARN","message":"[inventory] item photo failed to load, showing placeholder Trash Bags (30 Gallon) https://nyc3.digitaloceanspaces.com/hq.yumyums/items/trash-bags-30-gallon.png","user":"Jamal C. (jamal@yumyums.kitchen)","page":"/inventory.html","ua":"Mozilla/5.0 (X11; Linux x86_64) AppleWebKit/537.36 (KHTML, like Gecko) HeadlessChrome/147.0.7727.15 Safari/537.36"}
[2m[WebServer] [22m{"time":"2026-10-07T08:21:04.910711843-04:00","level":"INFO","msg":"client log","level":"WARN","message":"[inventory] item photo failed to load, showing placeholder Sour Cream https://nyc3.digitaloceanspaces.com/hq.yumyums/items/sour-cream.png","user":"Jamal C. (jamal@yumyums.kitchen)","page":"/inventory.html","ua":"Mozilla/5.0 (X11; Linux x86_64) AppleWebKit/537.36 (KHTML, like Gecko) HeadlessChrome/147.0.7727.15 Safari/537.36"}
[2m[WebServer] [22m{"time":"2026-10-07T08:21:04.928431691-04:00","level":"INFO","msg":"client log","level":"WARN","message":"[inventory] item photo failed to load, showing placeholder Napkins https://nyc3.digitaloceanspaces.com/hq.yumyums/items/napkins.png","user":"Jamal C. (jamal@yumyums.kitchen)","page":"/inventory.html","ua":"Mozilla/5.0 (X11; Linux x86_64) AppleWebKit/537.36 (KHTML, like Gecko) HeadlessChrome/147.0.7727.15 Safari/537.36"}
[2m[WebServer] [22m{"time":"2026-10-07T08:21:04.93514747-04:00","level":"INFO","msg":"client log","level":"WARN","message":"[inventory] item photo failed to load, showing placeholder Pan Spray https://nyc3.digitaloceanspaces.com/hq.yumyums/items/pan-spray.png","user":"Jamal C. (jamal@yumyums.kitchen)","page":"/inventory.html","ua":"Mozilla/5.0 (X11; Linux x86_64) AppleWebKit/537.36 (KHTML, like Gecko) HeadlessChrome/147.0.7727.15 Safari/537.36"}
[2m[WebServer] [22m{"time":"2026-10-07T08:21:04.94387823-04:00","level":"INFO","msg":"client log","level":"WARN","message":"[inventory] item photo failed to load, showing placeholder Straws https://nyc3.digitaloceanspaces.com/hq.yumyums/items/straws.png","user":"Jamal C. (jamal@yumyums.kitchen)","page":"/inventory.html","ua":"Mozilla/5.0 (X11; Linux x86_64) AppleWebKit/537.36 (KHTML, like Gecko) HeadlessChrome/147.0.7727.15 Safari/537.36"}
[2m[WebServer] [22m{"time":"2026-10-07T08:21:04.946367738-04:00","level":"INFO","msg":"client log","level":"WARN","message":"[inventory] item photo failed to load, showing placeholder Avocados https://nyc3.digitaloceanspaces.com/hq.yumyums/items/avocados.png","user":"Jamal C. (jamal@yumyums.kitchen)","page":"/inventory.html","ua":"Mozilla/5.0 (X11; Linux x86_64) AppleWebKit/537.36 (KHTML, like Gecko) HeadlessChrome/147.0.7727.15 Safari/537.36"}
[2m[WebServer] [22m{"time":"2026-10-07T08:21:04.958351976-04:00","level":"INFO","msg":"client log","level":"WARN","message":"[inventory] item photo failed to load, showing placeholder Gloves https://nyc3.digitaloceanspaces.com/hq.yumyums/items/gloves.png","user":"Jamal C. (jamal@yumyums.kitchen)","page":"/inventory.html","ua":"Mozilla/5.0 (X11; Linux x86_64) AppleWebKit/537.36 (KHTML, like Gecko) HeadlessChrome/147.0.7727.15 Safari/537.36"}
[2m[WebServer] [22m{"time":"2026-10-07T08:21:05.002745688-04:00","level":"INFO","msg":"client log","level":"WARN","message":"[inventory] item photo failed to load, showing placeholder Sanitizing Tablets https://nyc3.digitaloceanspaces.com/hq.yumyums/items/sanitizing-tablets.png","user":"Jamal C. (jamal@yumyums.kitchen)","page":"/inventory.html","ua":"Mozilla/5.0 (X11; Linux x86_64) AppleWebKit/537.36 (KHTML, like Gecko) HeadlessChrome/147.0.7727.15 Safari/537.36"}
[2m[WebServer] [22m{"time":"2026-10-07T08:21:05.010680934-04:00","level":"INFO","msg":"client log","level":"WARN","message":"[inventory] item photo failed to load, showing placeholder Blast Away https://nyc3.digitaloceanspaces.com/hq.yumyums/items/blast-away.png","user":"Jamal C. (jamal@yumyums.kitchen)","page":"/inventory.html","ua":"Mozilla/5.0 (X11; Linux x86_64) AppleWebKit/537.36 (KHTML, like Gecko) HeadlessChrome/147.0.7727.15 Safari/537.36"}
[2m[WebServer] [22m{"time":"2026-10-07T08:21:05.010964496-04:00","level":"INFO","msg":"client log","level":"WARN","message":"[inventory] item photo failed to load, showing placeholder Lemons https://nyc3.digitaloceanspaces.com/hq.yumyums/items/lemons.png","user":"Jamal C. (jamal@yumyums.kitchen)","page":"/inventory.html","ua":"Mozilla/5.0 (X11; Linux x86_64) AppleWebKit/537.36 (KHTML, like Gecko) HeadlessChrome/147.0.7727.15 Safari/537.36"}
[2m[WebServer] [22m{"time":"2026-10-07T08:21:05.019078091-04:00","level":"INFO","msg":"client log","level":"WARN","message":"[inventory] item photo failed to load, showing placeholder Hoagie Containers https://nyc3.digitaloceanspaces.com/hq.yumyums/items/hoagie-containers.png","user":"Jamal C. (jamal@yumyums.kitchen)","page":"/inventory.html","ua":"Mozilla/5.0 (X11; Linux x86_64) AppleWebKit/537.36 (KHTML, like Gecko) HeadlessChrome/147.0.7727.15 Safari/537.36"}
[2m[WebServer] [22m{"time":"2026-10-07T08:21:05.026165966-04:00","level":"INFO","msg":"client log","level":"WARN","message":"[inventory] item photo failed to load, showing placeholder Parm Cheese https://nyc3.digitaloceanspaces.com/hq.yumyums/items/parm-cheese.png","user":"Jamal C. (jamal@yumyums.kitchen)","page":"/inventory.html","ua":"Mozilla/5.0 (X11; Linux x86_64) AppleWebKit/537.36 (KHTML, like Gecko) HeadlessChrome/147.0.7727.15 Safari/537.36"}
[2m[WebServer] [22m{"time":"2026-10-07T08:21:05.02687594-04:00","level":"INFO","msg":"client log","level":"WARN","message":"[inventory] item photo failed to load, showing placeholder Cups https://nyc3.digitaloceanspaces.com/hq.yumyums/items/cups.png","user":"Jamal C. (jamal@yumyums.kitchen)","page":"/inventory.html","ua":"Mozilla/5.0 (X11; Linux x86_64) AppleWebKit/537.36 (KHTML, like Gecko) HeadlessChrome/147.0.7727.15 Safari/537.36"}
[2m[WebServer] [22m{"time":"2026-10-07T08:21:05.029941447-04:00","level":"INFO","msg":"client log","level":"WARN","message":"[inventory] item photo failed to load, showing placeholder Cup Holders https://nyc3.digitaloceanspaces.com/hq.yumyums/items/cup-holders.png","user":"Jamal C. (jamal@yumyums.kitchen)","page":"/inventory.html","ua":"Mozilla/5.0 (X11; Linux x86_64) AppleWebKit/537.36 (KHTML, like Gecko) HeadlessChrome/147.0.7727.15 Safari/537.36"}
[2m[WebServer] [22m{"time":"2026-10-07T08:21:05.039432221-04:00","level":"INFO","msg":"client log","level":"WARN","message":"[inventory] item photo failed to load, showing placeholder Dish Soap https://nyc3.digitaloceanspaces.com/hq.yumyums/items/dish-soap.png","user":"Jamal C. (jamal@yumyums.kitchen)","page":"/inventory.html","ua":"Mozilla/5.0 (X11; Linux x86_64) AppleWebKit/537.36 (KHTML, like Gecko) HeadlessChrome/147.0.7727.15 Safari/537.36"}
[2m[WebServer] [22m{"time":"2026-10-07T08:21:05.044281966-04:00","level":"INFO","msg":"client log","level":"WARN","message":"[inventory] item photo failed to load, showing placeholder Towels https://nyc3.digitaloceanspaces.com/hq.yumyums/items/towels.png","user":"Jamal C. (jamal@yumyums.kitchen)","page":"/inventory.html","ua":"Mozilla/5.0 (X11; Linux x86_64) AppleWebKit/537.36 (KHTML, like Gecko) HeadlessChrome/147.0.7727.15 Safari/537.36"}
[2m[WebServer] [22m{"time":"2026-10-07T08:21:05.050136688-04:00","level":"INFO","msg":"client log","level":"WARN","message":"[inventory] item photo failed to load, showing placeholder Frank’s Hot Sauce https://nyc3.digitaloceanspaces.com/hq.yumyums/items/frank-s-hot-sauce.png","user":"Jamal C. (jamal@yumyums.kitchen)","page":"/inventory.html","ua":"Mozilla/5.0 (X11; Linux x86_64) AppleWebKit/537.36 (KHTML, like Gecko) HeadlessChrome/147.0.7727.15 Safari/537.36"}
[2m[WebServer] [22m{"time":"2026-10-07T08:21:05.062311893-04:00","level":"INFO","msg":"client log","level":"WARN","message":"[inventory] item photo failed to load, showing placeholder Jalapeños https://nyc3.digitaloceanspaces.com/hq.yumyums/items/jalape-os.png","user":"Jamal C. (jamal@yumyums.kitchen)","page":"/inventory.html","ua":"Mozilla/5.0 (X11; Linux x86_64) AppleWebKit/537.36 (KHTML, like Gecko) HeadlessChrome/147.0.7727.15 Safari/537.36"}
[2m[WebServer] [22m{"time":"2026-10-07T08:21:05.064129384-04:00","level":"INFO","msg":"client log","level":"WARN","message":"[inventory] item photo failed to load, showing placeholder Blue Cheese Dressing https://nyc3.digitaloceanspaces.com/hq.yumyums/items/blue-cheese-dressing.png","user":"Jamal C. (jamal@yumyums.kitchen)","page":"/inventory.html","ua":"Mozilla/5.0 (X11; Linux x86_64) AppleWebKit/537.36 (KHTML, like Gecko) HeadlessChrome/147.0.7727.15 Safari/537.36"}
[2m[WebServer] [22m{"time":"2026-10-07T08:21:05.071946694-04:00","level":"INFO","msg":"client log","level":"WARN","message":"[inventory] item photo failed to load, showing placeholder Brisket https://nyc3.digitaloceanspaces.com/hq.yumyums/items/brisket.png","user":"Jamal C. (jamal@yumyums.kitchen)","page":"/inventory.html","ua":"Mozilla/5.0 (X11; Linux x86_64) AppleWebKit/537.36 (KHTML, like Gecko) HeadlessChrome/147.0.7727.15 Safari/537.36"}
[2m[WebServer] [22m{"time":"2026-10-07T08:21:05.072215928-04:00","level":"INFO","msg":"client log","level":"WARN","message":"[inventory] item photo failed to load, showing placeholder Ketchup Jug https://nyc3.digitaloceanspaces.com/hq.yumyums/items/ketchup-jug.png","user":"Jamal C. (jamal@yumyums.kitchen)","page":"/inventory.html","ua":"Mozilla/5.0 (X11; Linux x86_64) AppleWebKit/537.36 (KHTML, like Gecko) HeadlessChrome/147.0.7727.15 Safari/537.36"}
[2m[WebServer] [22m{"time":"2026-10-07T08:21:05.090369351-04:00","level":"INFO","msg":"client log","level":"WARN","message":"[inventory] item photo failed to load, showing placeholder Honey Garlic Sauce https://nyc3.digitaloceanspaces.com/hq.yumyums/items/honey-garlic-sauce.png","user":"Jamal C. (jamal@yumyums.kitchen)","page":"/inventory.html","ua":"Mozilla/5.0 (X11; Linux x86_64) AppleWebKit/537.36 (KHTML, like Gecko) HeadlessChrome/147.0.7727.15 Safari/537.36"}
[2m[WebServer] [22m{"time":"2026-10-07T08:21:05.104959965-04:00","level":"INFO","msg":"client log","level":"WARN","message":"[inventory] item photo failed to load, showing placeholder Mayonnaise https://nyc3.digitaloceanspaces.com/hq.yumyums/items/mayonnaise.png","user":"Jamal C. (jamal@yumyums.kitchen)","page":"/inventory.html","ua":"Mozilla/5.0 (X11; Linux x86_64) AppleWebKit/537.36 (KHTML, like Gecko) HeadlessChrome/147.0.7727.15 Safari/537.36"}
[2m[WebServer] [22m{"time":"2026-10-07T08:21:05.109165922-04:00","level":"INFO","msg":"client log","level":"WARN","message":"[inventory] item photo failed to load, showing placeholder White Cheese Sauce https://nyc3.digitaloceanspaces.com/hq.yumyums/items/white-cheese-sauce.png","user":"Jamal C. (jamal@yumyums.kitchen)","page":"/inventory.html","ua":"Mozilla/5.0 (X11; Linux x86_64) AppleWebKit/537.36 (KHTML, like Gecko) HeadlessChrome/147.0.7727.15 Safari/537.36"}
[2m[WebServer] [22m{"time":"2026-10-07T08:21:05.121235272-04:00","level":"INFO","msg":"client log","level":"WARN","message":"[inventory] item photo failed to load, showing placeholder Ranch Dressing https://nyc3.digitaloceanspaces.com/hq.yumyums/items/ranch-dressing.png","user":"Jamal C. (jamal@yumyums.kitchen)","page":"/inventory.html","ua":"Mozilla/5.0 (X11; Linux x86_64) AppleWebKit/537.36 (KHTML, like Gecko) HeadlessChrome/147.0.7727.15 Safari/537.36"}
[2m[WebServer] [22m{"time":"2026-10-07T08:21:05.122242815-04:00","level":"INFO","msg":"client log","level":"WARN","message":"[inventory] item photo failed to load, showing placeholder Allspice https://nyc3.digitaloceanspaces.com/hq.yumyums/items/allspice.png","user":"Jamal C. (jamal@yumyums.kitchen)","page":"/inventory.html","ua":"Mozilla/5.0 (X11; Linux x86_64) AppleWebKit/537.36 (KHTML, like Gecko) HeadlessChrome/147.0.7727.15 Safari/537.36"}
[2m[WebServer] [22m{"time":"2026-10-07T08:21:05.132118836-04:00","level":"INFO","msg":"client log","level":"WARN","message":"[inventory] item photo failed to load, showing placeholder Bread Crumbs https://nyc3.digitaloceanspaces.com/hq.yumyums/items/bread-crumbs.png","user":"Jamal C. (jamal@yumyums.kitchen)","page":"/inventory.html","ua":"Mozilla/5.0 (X11; Linux x86_64) AppleWebKit/537.36 (KHTML, like Gecko) HeadlessChrome/147.0.7727.15 Safari/537.36"}
[2m[WebServer] [22m{"time":"2026-10-07T08:21:05.141855963-04:00","level":"INFO","msg":"client log","level":"WARN","message":"[inventory] item photo failed to load, showing placeholder Crabmeat https://nyc3.digitaloceanspaces.com/hq.yumyums/items/crabmeat.png","user":"Jamal C. (jamal@yumyums.kitchen)","page":"/inventory.html","ua":"Mozilla/5.0 (X11; Linux x86_64) AppleWebKit/537.36 (KHTML, like Gecko) HeadlessChrome/147.0.7727.15 Safari/537.36"}
[2m[WebServer] [22m{"time":"2026-10-07T08:21:05.147646851-04:00","level":"INFO","msg":"client log","level":"WARN","message":"[inventory] item photo failed to load, showing placeholder Pickles https://nyc3.digitaloceanspaces.com/hq.yumyums/items/pickles.png","user":"Jamal C. (jamal@yumyums.kitchen)","page":"/inventory.html","ua":"Mozilla/5.0 (X11; Linux x86_64) AppleWebKit/537.36 (KHTML, like Gecko) HeadlessChrome/147.0.7727.15 Safari/537.36"}
[2m[WebServer] [22m{"time":"2026-10-07T08:21:05.149114916-04:00","level":"INFO","msg":"client log","level":"WARN","message":"[inventory] item photo failed to load, showing placeholder Nacho Cheese Sauce https://nyc3.digitaloceanspaces.com/hq.yumyums/items/nacho-cheese-sauce.png","user":"Jamal C. (jamal@yumyums.kitchen)","page":"/inventory.html","ua":"Mozilla/5.0 (X11; Linux x86_64) AppleWebKit/537.36 (KHTML, like Gecko) HeadlessChrome/147.0.7727.15 Safari/537.36"}
[2m[WebServer] [22m{"time":"2026-10-07T08:21:05.152503867-04:00","level":"INFO","msg":"client log","level":"WARN","message":"[inventory] item photo failed to load, showing placeholder Lemon Juice https://nyc3.digitaloceanspaces.com/hq.yumyums/items/lemon-juice.png","user":"Jamal C. (jamal@yumyums.kitchen)","page":"/inventory.html","ua":"Mozilla/5.0 (X11; Linux x86_64) AppleWebKit/537.36 (KHTML, like Gecko) HeadlessChrome/147.0.7727.15 Safari/537.36"}
[2m[WebServer] [22m{"time":"2026-10-07T08:21:05.160608267-04:00","level":"INFO","msg":"client log","level":"WARN","message":"[inventory] item photo failed to load, showing placeholder Limes https://nyc3.digitaloceanspaces.com/hq.yumyums/items/limes.png","user":"Jamal C. (jamal@yumyums.kitchen)","page":"/inventory.html","ua":"Mozilla/5.0 (X11; Linux x86_64) AppleWebKit/537.36 (KHTML, like Gecko) HeadlessChrome/147.0.7727.15 Safari/537.36"}
[2m[WebServer] [22m{"time":"2026-10-07T08:21:05.167945702-04:00","level":"INFO","msg":"client log","level":"WARN","message":"[inventory] item photo failed to load, showing placeholder Frying Oil https://nyc3.digitaloceanspaces.com/hq.yumyums/items/frying-oil.png","user":"Jamal C. (jamal@yumyums.kitchen)","page":"/inventory.html","ua":"Mozilla/5.0 (X11; Linux x86_64) AppleWebKit/537.36 (KHTML, like Gecko) HeadlessChrome/147.0.7727.15 Safari/537.36"}
[2m[WebServer] [22m{"time":"2026-10-07T08:21:05.183325949-04:00","level":"INFO","msg":"client log","level":"WARN","message":"[inventory] item photo failed to load, showing placeholder Cheesesteak https://nyc3.digitaloceanspaces.com/hq.yumyums/items/cheesesteak.png","user":"Jamal C. (jamal@yumyums.kitchen)","page":"/inventory.html","ua":"Mozilla/5.0 (X11; Linux x86_64) AppleWebKit/537.36 (KHTML, like Gecko) HeadlessChrome/147.0.7727.15 Safari/537.36"}
[2m[WebServer] [22m{"time":"2026-10-07T08:21:05.195114623-04:00","level":"INFO","msg":"client log","level":"WARN","message":"[inventory] item photo failed to load, showing placeholder Ground Turkey https://nyc3.digitaloceanspaces.com/hq.yumyums/items/ground-turkey.png","user":"Jamal C. (jamal@yumyums.kitchen)","page":"/inventory.html","ua":"Mozilla/5.0 (X11; Linux x86_64) AppleWebKit/537.36 (KHTML, like Gecko) HeadlessChrome/147.0.7727.15 Safari/537.36"}
[2m[WebServer] [22m{"time":"2026-10-07T08:21:05.197997932-04:00","level":"INFO","msg":"client log","level":"WARN","message":"[inventory] item photo failed to load, showing placeholder Spinach He https://nyc3.digitaloceanspaces.com/hq.yumyums/items/spinach-he.png","user":"Jamal C. (jamal@yumyums.kitchen)","page":"/inventory.html","ua":"Mozilla/5.0 (X11; Linux x86_64) AppleWebKit/537.36 (KHTML, like Gecko) HeadlessChrome/147.0.7727.15 Safari/537.36"}
[2m[WebServer] [22m{"time":"2026-10-07T08:21:05.19908631-04:00","level":"INFO","msg":"client log","level":"WARN","message":"[inventory] item photo failed to load, showing placeholder Bbq Sauce https://nyc3.digitaloceanspaces.com/hq.yumyums/items/bbq-sauce.png","user":"Jamal C. (jamal@yumyums.kitchen)","page":"/inventory.html","ua":"Mozilla/5.0 (X11; Linux x86_64) AppleWebKit/537.36 (KHTML, like Gecko) HeadlessChrome/147.0.7727.15 Safari/537.36"}
[2m[WebServer] [22m{"time":"2026-10-07T08:21:05.240246537-04:00","level":"INFO","msg":"client log","level":"WARN","message":"[inventory] item photo failed to load, showing placeholder Crystal Hot Sauce https://nyc3.digitaloceanspaces.com/hq.yumyums/items/crystal-hot-sauce.png","user":"Jamal C. (jamal@yumyums.kitchen)","page":"/inventory.html","ua":"Mozilla/5.0 (X11; Linux x86_64) AppleWebKit/537.36 (KHTML, like Gecko) HeadlessChrome/147.0.7727.15 Safari/537.36"}
[2m[WebServer] [22m{"time":"2026-10-07T08:21:05.24770779-04:00","level":"INFO","msg":"client log","level":"WARN","message":"[inventory] item photo failed to load, showing placeholder Relish https://nyc3.digitaloceanspaces.com/hq.yumyums/items/relish.png","user":"Jamal C. (jamal@yumyums.kitchen)","page":"/inventory.html","ua":"Mozilla/5.0 (X11; Linux x86_64) AppleWebKit/537.36 (KHTML, like Gecko) HeadlessChrome/147.0.7727.15 Safari/537.36"}
[2m[WebServer] [22m{"time":"2026-10-07T08:21:05.254777701-04:00","level":"INFO","msg":"client log","level":"WARN","message":"[inventory] item photo failed to load, showing placeholder Sriracha https://nyc3.digitaloceanspaces.com/hq.yumyums/items/sriracha.png","user":"Jamal C. (jamal@yumyums.kitchen)","page":"/inventory.html","ua":"Mozilla/5.0 (X11; Linux x86_64) AppleWebKit/537.36 (KHTML, like Gecko) HeadlessChrome/147.0.7727.15 Safari/537.36"}
[2m[WebServer] [22m{"time":"2026-10-07T08:21:05.26914987-04:00","level":"INFO","msg":"client log","level":"WARN","message":"[inventory] item photo failed to load, showing placeholder Mint https://nyc3.digitaloceanspaces.com/hq.yumyums/items/mint.png","user":"Jamal C. (jamal@yumyums.kitchen)","page":"/inventory.html","ua":"Mozilla/5.0 (X11; Linux x86_64) AppleWebKit/537.36 (KHTML, like Gecko) HeadlessChrome/147.0.7727.15 Safari/537.36"}
[2m[WebServer] [22m{"time":"2026-10-07T08:21:05.275154393-04:00","level":"INFO","msg":"client log","level":"WARN","message":"[inventory] item photo failed to load, showing placeholder Egg Roll Wraps https://nyc3.digitaloceanspaces.com/hq.yumyums/items/egg-roll-wraps.png","user":"Jamal C. (jamal@yumyums.kitchen)","page":"/inventory.html","ua":"Mozilla/5.0 (X11; Linux x86_64) AppleWebKit/537.36 (KHTML, like Gecko) HeadlessChrome/147.0.7727.15 Safari/537.36"}
[2m[WebServer] [22m{"time":"2026-10-07T08:21:05.278004555-04:00","level":"INFO","msg":"client log","level":"WARN","message":"[inventory] item photo failed to load, showing placeholder Meatballs https://nyc3.digitaloceanspaces.com/hq.yumyums/items/meatballs.png","user":"Jamal C. (jamal@yumyums.kitchen)","page":"/inventory.html","ua":"Mozilla/5.0 (X11; Linux x86_64) AppleWebKit/537.36 (KHTML, like Gecko) HeadlessChrome/147.0.7727.15 Safari/537.36"}
[2m[WebServer] [22m{"time":"2026-10-07T08:21:05.284397852-04:00","level":"INFO","msg":"client log","level":"WARN","message":"[inventory] item photo failed to load, showing placeholder Chicken Tenders https://nyc3.digitaloceanspaces.com/hq.yumyums/items/chicken-tenders.png","user":"Jamal C. (jamal@yumyums.kitchen)","page":"/inventory.html","ua":"Mozilla/5.0 (X11; Linux x86_64) AppleWebKit/537.36 (KHTML, like Gecko) HeadlessChrome/147.0.7727.15 Safari/537.36"}
[2m[WebServer] [22m{"time":"2026-10-07T08:21:05.311081339-04:00","level":"INFO","msg":"client log","level":"WARN","message":"[inventory] item photo failed to load, showing placeholder Chicken Party Wings https://nyc3.digitaloceanspaces.com/hq.yumyums/items/chicken-party-wings.png","user":"Jamal C. (jamal@yumyums.kitchen)","page":"/inventory.html","ua":"Mozilla/5.0 (X11; Linux x86_64) AppleWebKit/537.36 (KHTML, like Gecko) HeadlessChrome/147.0.7727.15 Safari/537.36"}
[2m[WebServer] [22m{"time":"2026-10-07T08:21:05.311183345-04:00","level":"INFO","msg":"client log","level":"WARN","message":"[inventory] item photo failed to load, showing placeholder Tomaotes https://nyc3.digitaloceanspaces.com/hq.yumyums/items/tomaotes.png","user":"Jamal C. (jamal@yumyums.kitchen)","page":"/inventory.html","ua":"Mozilla/5.0 (X11; Linux x86_64) AppleWebKit/537.36 (KHTML, like Gecko) HeadlessChrome/147.0.7727.15 Safari/537.36"}
[2m[WebServer] [22m{"time":"2026-10-07T08:21:05.311273161-04:00","level":"INFO","msg":"client log","level":"WARN","message":"[inventory] item photo failed to load, showing placeholder Liquid Butter https://nyc3.digitaloceanspaces.com/hq.yumyums/items/liquid-butter.png","user":"Jamal C. (jamal@yumyums.kitchen)","page":"/inventory.html","ua":"Mozilla/5.0 (X11; Linux x86_64) AppleWebKit/537.36 (KHTML, like Gecko) HeadlessChrome/147.0.7727.15 Safari/537.36"}
[2m[WebServer] [22m{"time":"2026-10-07T08:21:05.311909144-04:00","level":"INFO","msg":"client log","level":"WARN","message":"[inventory] item photo failed to load, showing placeholder Lettuce https://nyc3.digitaloceanspaces.com/hq.yumyums/items/lettuce.png","user":"Jamal C. (jamal@yumyums.kitchen)","page":"/inventory.html","ua":"Mozilla/5.0 (X11; Linux x86_64) AppleWebKit/537.36 (KHTML, like Gecko) HeadlessChrome/147.0.7727.15 Safari/537.36"}
[2m[WebServer] [22m{"time":"2026-10-07T08:21:05.31499967-04:00","level":"INFO","msg":"client log","level":"WARN","message":"[inventory] item photo failed to load, showing placeholder Fine Sea Salt https://nyc3.digitaloceanspaces.com/hq.yumyums/items/fine-sea-salt.png","user":"Jamal C. (jamal@yumyums.kitchen)","page":"/inventory.html","ua":"Mozilla/5.0 (X11; Linux x86_64) AppleWebKit/537.36 (KHTML, like Gecko) HeadlessChrome/147.0.7727.15 Safari/537.36"}
[2m[WebServer] [22m{"time":"2026-10-07T08:21:05.332602757-04:00","level":"INFO","msg":"client log","level":"WARN","message":"[inventory] item photo failed to load, showing placeholder Garlic Powder https://nyc3.digitaloceanspaces.com/hq.yumyums/items/garlic-powder.png","user":"Jamal C. (jamal@yumyums.kitchen)","page":"/inventory.html","ua":"Mozilla/5.0 (X11; Linux x86_64) AppleWebKit/537.36 (KHTML, like Gecko) HeadlessChrome/147.0.7727.15 Safari/537.36"}
[2m[WebServer] [22m{"time":"2026-10-07T08:21:05.335839769-04:00","level":"INFO","msg":"client log","level":"WARN","message":"[inventory] item photo failed to load, showing placeholder Salt https://nyc3.digitaloceanspaces.com/hq.yumyums/items/salt.png","user":"Jamal C. (jamal@yumyums.kitchen)","page":"/inventory.html","ua":"Mozilla/5.0 (X11; Linux x86_64) AppleWebKit/537.36 (KHTML, like Gecko) HeadlessChrome/147.0.7727.15 Safari/537.36"}
[2m[WebServer] [22m{"time":"2026-10-07T08:21:05.336490936-04:00","level":"INFO","msg":"client log","level":"WARN","message":"[inventory] item photo failed to load, showing placeholder Coarse Sea Salt https://nyc3.digitaloceanspaces.com/hq.yumyums/items/coarse-sea-salt.png","user":"Jamal C. (jamal@yumyums.kitchen)","page":"/inventory.html","ua":"Mozilla/5.0 (X11; Linux x86_64) AppleWebKit/537.36 (KHTML, like Gecko) HeadlessChrome/147.0.7727.15 Safari/537.36"}
[2m[WebServer] [22m{"time":"2026-10-07T08:21:05.336609835-04:00","level":"INFO","msg":"client log","level":"WARN","message":"[inventory] item photo failed to load, showing placeholder Everything Bagel Seasoning https://nyc3.digitaloceanspaces.com/hq.yumyums/items/everything-bagel-seasoning.png","user":"Jamal C. (jamal@yumyums.kitchen)","page":"/inventory.html","ua":"Mozilla/5.0 (X11; Linux x86_64) AppleWebKit/537.36 (KHTML, like Gecko) HeadlessChrome/147.0.7727.15 Safari/537.36"}
[2m[WebServer] [22m{"time":"2026-10-07T08:21:05.336638384-04:00","level":"INFO","msg":"client log","level":"WARN","message":"[inventory] item photo failed to load, showing placeholder Seasoning Salt https://nyc3.digitaloceanspaces.com/hq.yumyums/items/seasoning-salt.png","user":"Jamal C. (jamal@yumyums.kitchen)","page":"/inventory.html","ua":"Mozilla/5.0 (X11; Linux x86_64) AppleWebKit/537.36 (KHTML, like Gecko) HeadlessChrome/147.0.7727.15 Safari/537.36"}
[2m[WebServer] [22m{"time":"2026-10-07T08:21:05.339139012-04:00","level":"INFO","msg":"client log","level":"WARN","message":"[inventory] item photo failed to load, showing placeholder Cayenne Pepper https://nyc3.digitaloceanspaces.com/hq.yumyums/items/cayenne-pepper.png","user":"Jamal C. (jamal@yumyums.kitchen)","page":"/inventory.html","ua":"Mozilla/5.0 (X11; Linux x86_64) AppleWebKit/537.36 (KHTML, like Gecko) HeadlessChrome/147.0.7727.15 Safari/537.36"}
[2m[WebServer] [22m{"time":"2026-10-07T08:21:05.351247923-04:00","level":"INFO","msg":"client log","level":"WARN","message":"[inventory] item photo failed to load, showing placeholder Granulated Onion https://nyc3.digitaloceanspaces.com/hq.yumyums/items/granulated-onion.png","user":"Jamal C. (jamal@yumyums.kitchen)","page":"/inventory.html","ua":"Mozilla/5.0 (X11; Linux x86_64) AppleWebKit/537.36 (KHTML, like Gecko) HeadlessChrome/147.0.7727.15 Safari/537.36"}
[2m[WebServer] [22m{"time":"2026-10-07T08:21:05.358615939-04:00","level":"INFO","msg":"client log","level":"WARN","message":"[inventory] item photo failed to load, showing placeholder Honey Mustard https://nyc3.digitaloceanspaces.com/hq.yumyums/items/honey-mustard.png","user":"Jamal C. (jamal@yumyums.kitchen)","page":"/inventory.html","ua":"Mozilla/5.0 (X11; Linux x86_64) AppleWebKit/537.36 (KHTML, like Gecko) HeadlessChrome/147.0.7727.15 Safari/537.36"}
[2m[WebServer] [22m{"time":"2026-10-07T08:21:05.359214391-04:00","level":"INFO","msg":"client log","level":"WARN","message":"[inventory] item photo failed to load, showing placeholder Red Onions https://nyc3.digitaloceanspaces.com/hq.yumyums/items/red-onions.png","user":"Jamal C. (jamal@yumyums.kitchen)","page":"/inventory.html","ua":"Mozilla/5.0 (X11; Linux x86_64) AppleWebKit/537.36 (KHTML, like Gecko) HeadlessChrome/147.0.7727.15 Safari/537.36"}
[2m[WebServer] [22m{"time":"2026-10-07T08:21:05.360091274-04:00","level":"INFO","msg":"client log","level":"WARN","message":"[inventory] item photo failed to load, showing placeholder Ground Beef https://nyc3.digitaloceanspaces.com/hq.yumyums/items/ground-beef.png","user":"Jamal C. (jamal@yumyums.kitchen)","page":"/inventory.html","ua":"Mozilla/5.0 (X11; Linux x86_64) AppleWebKit/537.36 (KHTML, like Gecko) HeadlessChrome/147.0.7727.15 Safari/537.36"}
[2m[WebServer] [22m{"time":"2026-10-07T08:21:05.361102666-04:00","level":"INFO","msg":"client log","level":"WARN","message":"[inventory] item photo failed to load, showing placeholder Fries https://nyc3.digitaloceanspaces.com/hq.yumyums/items/fries.png","user":"Jamal C. (jamal@yumyums.kitchen)","page":"/inventory.html","ua":"Mozilla/5.0 (X11; Linux x86_64) AppleWebKit/537.36 (KHTML, like Gecko) HeadlessChrome/147.0.7727.15 Safari/537.36"}
[2m[WebServer] [22m{"time":"2026-10-07T08:21:05.362586449-04:00","level":"INFO","msg":"client log","level":"WARN","message":"[inventory] item photo failed to load, showing placeholder Black Pepper https://nyc3.digitaloceanspaces.com/hq.yumyums/items/black-pepper.png","user":"Jamal C. (jamal@yumyums.kitchen)","page":"/inventory.html","ua":"Mozilla/5.0 (X11; Linux x86_64) AppleWebKit/537.36 (KHTML, like Gecko) HeadlessChrome/147.0.7727.15 Safari/537.36"}
[2m[WebServer] [22m{"time":"2026-10-07T08:21:05.365293119-04:00","level":"INFO","msg":"client log","level":"WARN","message":"[inventory] item photo failed to load, showing placeholder Hot Dogs https://nyc3.digitaloceanspaces.com/hq.yumyums/items/hot-dogs.png","user":"Jamal C. (jamal@yumyums.kitchen)","page":"/inventory.html","ua":"Mozilla/5.0 (X11; Linux x86_64) AppleWebKit/537.36 (KHTML, like Gecko) HeadlessChrome/147.0.7727.15 Safari/537.36"}
[2m[WebServer] [22m{"time":"2026-10-07T08:21:05.372763995-04:00","level":"INFO","msg":"client log","level":"WARN","message":"[inventory] item photo failed to load, showing placeholder Ketchup Packets https://nyc3.digitaloceanspaces.com/hq.yumyums/items/ketchup-packets.png","user":"Jamal C. (jamal@yumyums.kitchen)","page":"/inventory.html","ua":"Mozilla/5.0 (X11; Linux x86_64) AppleWebKit/537.36 (KHTML, like Gecko) HeadlessChrome/147.0.7727.15 Safari/537.36"}
[2m[WebServer] [22m{"time":"2026-10-07T08:21:05.377772201-04:00","level":"INFO","msg":"client log","level":"WARN","message":"[inventory] item photo failed to load, showing placeholder Red Peppers https://nyc3.digitaloceanspaces.com/hq.yumyums/items/red-peppers.png","user":"Jamal C. (jamal@yumyums.kitchen)","page":"/inventory.html","ua":"Mozilla/5.0 (X11; Linux x86_64) AppleWebKit/537.36 (KHTML, like Gecko) HeadlessChrome/147.0.7727.15 Safari/537.36"}
[2m[WebServer] [22m{"time":"2026-10-07T08:21:05.378112219-04:00","level":"INFO","msg":"client log","level":"WARN","message":"[inventory] item photo failed to load, showing placeholder Sugar https://nyc3.digitaloceanspaces.com/hq.yumyums/items/sugar.png","user":"Jamal C. (jamal@yumyums.kitchen)","page":"/inventory.html","ua":"Mozilla/5.0 (X11; Linux x86_64) AppleWebKit/537.36 (KHTML, like Gecko) HeadlessChrome/147.0.7727.15 Safari/537.36"}
[2m[WebServer] [22m{"time":"2026-10-07T08:21:05.380006802-04:00","level":"INFO","msg":"client log","level":"WARN","message":"[inventory] item photo failed to load, showing placeholder Mumbo Sauce https://nyc3.digitaloceanspaces.com/hq.yumyums/items/mumbo-sauce.png","user":"Jamal C. (jamal@yumyums.kitchen)","page":"/inventory.html","ua":"Mozilla/5.0 (X11; Linux x86_64) AppleWebKit/537.36 (KHTML, like Gecko) HeadlessChrome/147.0.7727.15 Safari/537.36"}
[2m[WebServer] [22m{"time":"2026-10-07T08:21:05.382782652-04:00","level":"INFO","msg":"client log","level":"WARN","message":"[inventory] item photo failed to load, showing placeholder Olive Oil Blend https://nyc3.digitaloceanspaces.com/hq.yumyums/items/olive-oil-blend.png","user":"Jamal C. (jamal@yumyums.kitchen)","page":"/inventory.html","ua":"Mozilla/5.0 (X11; Linux x86_64) AppleWebKit/537.36 (KHTML, like Gecko) HeadlessChrome/147.0.7727.15 Safari/537.36"}
[2m[WebServer] [22m{"time":"2026-10-07T08:21:05.384500598-04:00","level":"INFO","msg":"client log","level":"WARN","message":"[inventory] item photo failed to load, showing placeholder Chicken Breasts https://nyc3.digitaloceanspaces.com/hq.yumyums/items/chicken-breasts.png","user":"Jamal C. (jamal@yumyums.kitchen)","page":"/inventory.html","ua":"Mozilla/5.0 (X11; Linux x86_64) AppleWebKit/537.36 (KHTML, like Gecko) HeadlessChrome/147.0.7727.15 Safari/537.36"}
[2m[WebServer] [22m{"time":"2026-10-07T08:21:05.387841647-04:00","level":"INFO","msg":"client log","level":"WARN","message":"[inventory] item photo failed to load, showing placeholder White Onions https://nyc3.digitaloceanspaces.com/hq.yumyums/items/white-onions.png","user":"Jamal C. (jamal@yumyums.kitchen)","page":"/inventory.html","ua":"Mozilla/5.0 (X11; Linux x86_64) AppleWebKit/537.36 (KHTML, like Gecko) HeadlessChrome/147.0.7727.15 Safari/537.36"}
[2m[WebServer] [22m{"time":"2026-10-07T08:21:05.397589466-04:00","level":"INFO","msg":"client log","level":"WARN","message":"[inventory] item photo failed to load, showing placeholder Jerk Seasoning https://nyc3.digitaloceanspaces.com/hq.yumyums/items/jerk-seasoning.png","user":"Jamal C. (jamal@yumyums.kitchen)","page":"/inventory.html","ua":"Mozilla/5.0 (X11; Linux x86_64) AppleWebKit/537.36 (KHTML, like Gecko) HeadlessChrome/147.0.7727.15 Safari/537.36"}
[2m[WebServer] [22m{"time":"2026-10-07T08:21:05.401250646-04:00","level":"INFO","msg":"client log","level":"WARN","message":"[inventory] item photo failed to load, showing placeholder Brown Sugar https://nyc3.digitaloceanspaces.com/hq.yumyums/items/brown-sugar.png","user":"Jamal C. (jamal@yumyums.kitchen)","page":"/inventory.html","ua":"Mozilla/5.0 (X11; Linux x86_64) AppleWebKit/537.36 (KHTML, like Gecko) HeadlessChrome/147.0.7727.15 Safari/537.36"}
[2m[WebServer] [22m{"time":"2026-10-07T08:21:05.403636544-04:00","level":"INFO","msg":"client log","level":"WARN","message":"[inventory] item photo failed to load, showing placeholder Wings https://nyc3.digitaloceanspaces.com/hq.yumyums/items/wings.png","user":"Jamal C. (jamal@yumyums.kitchen)","page":"/inventory.html","ua":"Mozilla/5.0 (X11; Linux x86_64) AppleWebKit/537.36 (KHTML, like Gecko) HeadlessChrome/147.0.7727.15 Safari/537.36"}
[2m[WebServer] [22m{"time":"2026-10-07T08:21:06.068084415-04:00","level":"INFO","msg":"client log","level":"WARN","message":"[inventory] item photo failed to load, showing placeholder Coke https://nyc3.digitaloceanspaces.com/hq.yumyums/items/coke.png","user":"Jamal C. (jamal@yumyums.kitchen)","page":"/inventory.html","ua":"Mozilla/5.0 (X11; Linux x86_64) AppleWebKit/537.36 (KHTML, like Gecko) HeadlessChrome/147.0.7727.15 Safari/537.36"}
[2m[WebServer] [22m{"time":"2026-10-07T08:21:06.071670213-04:00","level":"INFO","msg":"client log","level":"WARN","message":"[inventory] item photo failed to load, showing placeholder Coke Zero https://nyc3.digitaloceanspaces.com/hq.yumyums/items/coke-zero.png","user":"Jamal C. (jamal@yumyums.kitchen)","page":"/inventory.html","ua":"Mozilla/5.0 (X11; Linux x86_64) AppleWebKit/537.36 (KHTML, like Gecko) HeadlessChrome/147.0.7727.15 Safari/537.36"}
[2m[WebServer] [22m{"time":"2026-10-07T08:21:06.213206056-04:00","level":"INFO","msg":"client log","level":"WARN","message":"[inventory] item photo failed to load, showing placeholder Brisket Rolls https://nyc3.digitaloceanspaces.com/hq.yumyums/items/brisket-rolls.png","user":"Jamal C. (jamal@yumyums.kitchen)","page":"/inventory.html","ua":"Mozilla/5.0 (X11; Linux x86_64) AppleWebKit/537.36 (KHTML, like Gecko) HeadlessChrome/147.0.7727.15 Safari/537.36"}
[2m[WebServer] [22m{"time":"2026-10-07T08:21:06.351393685-04:00","level":"INFO","msg":"client log","level":"WARN","message":"[inventory] item photo failed to load, showing placeholder Mango Syrup https://nyc3.digitaloceanspaces.com/hq.yumyums/items/mango-syrup.png","user":"Jamal C. (jamal@yumyums.kitchen)","page":"/inventory.html","ua":"Mozilla/5.0 (X11; Linux x86_64) AppleWebKit/537.36 (KHTML, like Gecko) HeadlessChrome/147.0.7727.15 Safari/537.36"}
[2m[WebServer] [22m{"time":"2026-10-07T08:21:06.351567971-04:00","level":"INFO","msg":"client log","level":"WARN","message":"[inventory] item photo failed to load, showing placeholder Dr. Pepper https://nyc3.digitaloceanspaces.com/hq.yumyums/items/dr-pepper.png","user":"Jamal C. (jamal@yumyums.kitchen)","page":"/inventory.html","ua":"Mozilla/5.0 (X11; Linux x86_64) AppleWebKit/537.36 (KHTML, like Gecko) HeadlessChrome/147.0.7727.15 Safari/537.36"}
[2m[WebServer] [22m{"time":"2026-10-07T08:21:06.353067578-04:00","level":"INFO","msg":"client log","level":"WARN","message":"[inventory] item photo failed to load, showing placeholder Sprite https://nyc3.digitaloceanspaces.com/hq.yumyums/items/sprite.png","user":"Jamal C. (jamal@yumyums.kitchen)","page":"/inventory.html","ua":"Mozilla/5.0 (X11; Linux x86_64) AppleWebKit/537.36 (KHTML, like Gecko) HeadlessChrome/147.0.7727.15 Safari/537.36"}
[2m[WebServer] [22m{"time":"2026-10-07T08:21:06.353591826-04:00","level":"INFO","msg":"client log","level":"WARN","message":"[inventory] item photo failed to load, showing placeholder Dirty Dog Rolls https://nyc3.digitaloceanspaces.com/hq.yumyums/items/dirty-dog-rolls.png","user":"Jamal C. (jamal@yumyums.kitchen)","page":"/inventory.html","ua":"Mozilla/5.0 (X11; Linux x86_64) AppleWebKit/537.36 (KHTML, like Gecko) HeadlessChrome/147.0.7727.15 Safari/537.36"}
[2m[WebServer] [22m{"time":"2026-10-07T08:21:06.356177672-04:00","level":"INFO","msg":"client log","level":"WARN","message":"[inventory] item photo failed to load, showing placeholder Hot Dog Rolls https://nyc3.digitaloceanspaces.com/hq.yumyums/items/hot-dog-rolls.png","user":"Jamal C. (jamal@yumyums.kitchen)","page":"/inventory.html","ua":"Mozilla/5.0 (X11; Linux x86_64) AppleWebKit/537.36 (KHTML, like Gecko) HeadlessChrome/147.0.7727.15 Safari/537.36"}
[2m[WebServer] [22m{"time":"2026-10-07T08:21:06.369386723-04:00","level":"INFO","msg":"client log","level":"WARN","message":"[inventory] item photo failed to load, showing placeholder Lemonade Mix https://nyc3.digitaloceanspaces.com/hq.yumyums/items/lemonade-mix.png","user":"Jamal C. (jamal@yumyums.kitchen)","page":"/inventory.html","ua":"Mozilla/5.0 (X11; Linux x86_64) AppleWebKit/537.36 (KHTML, like Gecko) HeadlessChrome/147.0.7727.15 Safari/537.36"}
[2m[WebServer] [22m{"time":"2026-10-07T08:21:06.377993344-04:00","level":"INFO","msg":"client log","level":"WARN","message":"[inventory] item photo failed to load, showing placeholder Hamburger Rolls https://nyc3.digitaloceanspaces.com/hq.yumyums/items/hamburger-rolls.png","user":"Jamal C. (jamal@yumyums.kitchen)","page":"/inventory.html","ua":"Mozilla/5.0 (X11; Linux x86_64) AppleWebKit/537.36 (KHTML, like Gecko) HeadlessChrome/147.0.7727.15 Safari/537.36"}
[2m[WebServer] [22m{"time":"2026-10-07T08:21:06.379786457-04:00","level":"INFO","msg":"client log","level":"WARN","message":"[inventory] item photo failed to load, showing placeholder Blast Away https://nyc3.digitaloceanspaces.com/hq.yumyums/items/blast-away.png","user":"Jamal C. (jamal@yumyums.kitchen)","page":"/inventory.html","ua":"Mozilla/5.0 (X11; Linux x86_64) AppleWebKit/537.36 (KHTML, like Gecko) HeadlessChrome/147.0.7727.15 Safari/537.36"}
[2m[WebServer] [22m{"time":"2026-10-07T08:21:06.381750327-04:00","level":"INFO","msg":"client log","level":"WARN","message":"[inventory] item photo failed to load, showing placeholder Water https://nyc3.digitaloceanspaces.com/hq.yumyums/items/water.png","user":"Jamal C. (jamal@yumyums.kitchen)","page":"/inventory.html","ua":"Mozilla/5.0 (X11; Linux x86_64) AppleWebKit/537.36 (KHTML, like Gecko) HeadlessChrome/147.0.7727.15 Safari/537.36"}
[2m[WebServer] [22m{"time":"2026-10-07T08:21:06.385373335-04:00","level":"INFO","msg":"client log","level":"WARN","message":"[inventory] item photo failed to load, showing placeholder Hoagie Containers https://nyc3.digitaloceanspaces.com/hq.yumyums/items/hoagie-containers.png","user":"Jamal C. (jamal@yumyums.kitchen)","page":"/inventory.html","ua":"Mozilla/5.0 (X11; Linux x86_64) AppleWebKit/537.36 (KHTML, like Gecko) HeadlessChrome/147.0.7727.15 Safari/537.36"}
[2m[WebServer] [22m{"time":"2026-10-07T08:21:06.388779394-04:00","level":"INFO","msg":"client log","level":"WARN","message":"[inventory] item photo failed to load, showing placeholder Aluminum Foil https://nyc3.digitaloceanspaces.com/hq.yumyums/items/aluminum-foil.png","user":"Jamal C. (jamal@yumyums.kitchen)","page":"/inventory.html","ua":"Mozilla/5.0 (X11; Linux x86_64) AppleWebKit/537.36 (KHTML, like Gecko) HeadlessChrome/147.0.7727.15 Safari/537.36"}
[2m[WebServer] [22m{"time":"2026-10-07T08:21:06.398660013-04:00","level":"INFO","msg":"client log","level":"WARN","message":"[inventory] item photo failed to load, showing placeholder Boxes (No 8) https://nyc3.digitaloceanspaces.com/hq.yumyums/items/boxes-no-8.png","user":"Jamal C. (jamal@yumyums.kitchen)","page":"/inventory.html","ua":"Mozilla/5.0 (X11; Linux x86_64) AppleWebKit/537.36 (KHTML, like Gecko) HeadlessChrome/147.0.7727.15 Safari/537.36"}
[2m[WebServer] [22m{"time":"2026-10-07T08:21:06.402730604-04:00","level":"INFO","msg":"client log","level":"WARN","message":"[inventory] item photo failed to load, showing placeholder Bleach https://nyc3.digitaloceanspaces.com/hq.yumyums/items/bleach.png","user":"Jamal C. (jamal@yumyums.kitchen)","page":"/inventory.html","ua":"Mozilla/5.0 (X11; Linux x86_64) AppleWebKit/537.36 (KHTML, like Gecko) HeadlessChrome/147.0.7727.15 Safari/537.36"}
[2m[WebServer] [22m{"time":"2026-10-07T08:21:06.403101629-04:00","level":"INFO","msg":"client log","level":"WARN","message":"[inventory] item photo failed to load, showing placeholder Gloves https://nyc3.digitaloceanspaces.com/hq.yumyums/items/gloves.png","user":"Jamal C. (jamal@yumyums.kitchen)","page":"/inventory.html","ua":"Mozilla/5.0 (X11; Linux x86_64) AppleWebKit/537.36 (KHTML, like Gecko) HeadlessChrome/147.0.7727.15 Safari/537.36"}
[2m[WebServer] [22m{"time":"2026-10-07T08:21:06.405469458-04:00","level":"INFO","msg":"client log","level":"WARN","message":"[inventory] item photo failed to load, showing placeholder Forks https://nyc3.digitaloceanspaces.com/hq.yumyums/items/forks.png","user":"Jamal C. (jamal@yumyums.kitchen)","page":"/inventory.html","ua":"Mozilla/5.0 (X11; Linux x86_64) AppleWebKit/537.36 (KHTML, like Gecko) HeadlessChrome/147.0.7727.15 Safari/537.36"}
[2m[WebServer] [22m{"time":"2026-10-07T08:21:06.405812042-04:00","level":"INFO","msg":"client log","level":"WARN","message":"[inventory] item photo failed to load, showing placeholder Cup Holders https://nyc3.digitaloceanspaces.com/hq.yumyums/items/cup-holders.png","user":"Jamal C. (jamal@yumyums.kitchen)","page":"/inventory.html","ua":"Mozilla/5.0 (X11; Linux x86_64) AppleWebKit/537.36 (KHTML, like Gecko) HeadlessChrome/147.0.7727.15 Safari/537.36"}
[2m[WebServer] [22m{"time":"2026-10-07T08:21:06.411906059-04:00","level":"INFO","msg":"client log","level":"WARN","message":"[inventory] item photo failed to load, showing placeholder Mexican Cheese https://nyc3.digitaloceanspaces.com/hq.yumyums/items/mexican-cheese.png","user":"Jamal C. (jamal@yumyums.kitchen)","page":"/inventory.html","ua":"Mozilla/5.0 (X11; Linux x86_64) AppleWebKit/537.36 (KHTML, like Gecko) HeadlessChrome/147.0.7727.15 Safari/537.36"}
[2m[WebServer] [22m{"time":"2026-10-07T08:21:06.411947332-04:00","level":"INFO","msg":"client log","level":"WARN","message":"[inventory] item photo failed to load, showing placeholder Straws https://nyc3.digitaloceanspaces.com/hq.yumyums/items/straws.png","user":"Jamal C. (jamal@yumyums.kitchen)","page":"/inventory.html","ua":"Mozilla/5.0 (X11; Linux x86_64) AppleWebKit/537.36 (KHTML, like Gecko) HeadlessChrome/147.0.7727.15 Safari/537.36"}
[2m[WebServer] [22m{"time":"2026-10-07T08:21:06.418467762-04:00","level":"INFO","msg":"client log","level":"WARN","message":"[inventory] item photo failed to load, showing placeholder Sanitizing Tablets https://nyc3.digitaloceanspaces.com/hq.yumyums/items/sanitizing-tablets.png","user":"Jamal C. (jamal@yumyums.kitchen)","page":"/inventory.html","ua":"Mozilla/5.0 (X11; Linux x86_64) AppleWebKit/537.36 (KHTML, like Gecko) HeadlessChrome/147.0.7727.15 Safari/537.36"}
[2m[WebServer] [22m{"time":"2026-10-07T08:21:06.425110406-04:00","level":"INFO","msg":"client log","level":"WARN","message":"[inventory] item photo failed to load, showing placeholder Hand Towels https://nyc3.digitaloceanspaces.com/hq.yumyums/items/hand-towels.png","user":"Jamal C. (jamal@yumyums.kitchen)","page":"/inventory.html","ua":"Mozilla/5.0 (X11; Linux x86_64) AppleWebKit/537.36 (KHTML, like Gecko) HeadlessChrome/147.0.7727.15 Safari/537.36"}
[2m[WebServer] [22m{"time":"2026-10-07T08:21:06.426028561-04:00","level":"INFO","msg":"client log","level":"WARN","message":"[inventory] item photo failed to load, showing placeholder Lids https://nyc3.digitaloceanspaces.com/hq.yumyums/items/lids.png","user":"Jamal C. (jamal@yumyums.kitchen)","page":"/inventory.html","ua":"Mozilla/5.0 (X11; Linux x86_64) AppleWebKit/537.36 (KHTML, like Gecko) HeadlessChrome/147.0.7727.15 Safari/537.36"}
[2m[WebServer] [22m{"time":"2026-10-07T08:21:06.431115035-04:00","level":"INFO","msg":"client log","level":"WARN","message":"[inventory] item photo failed to load, showing placeholder Hand Soap https://nyc3.digitaloceanspaces.com/hq.yumyums/items/hand-soap.png","user":"Jamal C. (jamal@yumyums.kitchen)","page":"/inventory.html","ua":"Mozilla/5.0 (X11; Linux x86_64) AppleWebKit/537.36 (KHTML, like Gecko) HeadlessChrome/147.0.7727.15 Safari/537.36"}
[2m[WebServer] [22m{"time":"2026-10-07T08:21:06.435015082-04:00","level":"INFO","msg":"client log","level":"WARN","message":"[inventory] item photo failed to load, showing placeholder Pan Spray https://nyc3.digitaloceanspaces.com/hq.yumyums/items/pan-spray.png","user":"Jamal C. (jamal@yumyums.kitchen)","page":"/inventory.html","ua":"Mozilla/5.0 (X11; Linux x86_64) AppleWebKit/537.36 (KHTML, like Gecko) HeadlessChrome/147.0.7727.15 Safari/537.36"}
[2m[WebServer] [22m{"time":"2026-10-07T08:21:06.438939936-04:00","level":"INFO","msg":"client log","level":"WARN","message":"[inventory] item photo failed to load, showing placeholder Plastic Bags https://nyc3.digitaloceanspaces.com/hq.yumyums/items/plastic-bags.png","user":"Jamal C. (jamal@yumyums.kitchen)","page":"/inventory.html","ua":"Mozilla/5.0 (X11; Linux x86_64) AppleWebKit/537.36 (KHTML, like Gecko) HeadlessChrome/147.0.7727.15 Safari/537.36"}
[2m[WebServer] [22m{"time":"2026-10-07T08:21:06.441981919-04:00","level":"INFO","msg":"client log","level":"WARN","message":"[inventory] item photo failed to load, showing placeholder Parm Cheese https://nyc3.digitaloceanspaces.com/hq.yumyums/items/parm-cheese.png","user":"Jamal C. (jamal@yumyums.kitchen)","page":"/inventory.html","ua":"Mozilla/5.0 (X11; Linux x86_64) AppleWebKit/537.36 (KHTML, like Gecko) HeadlessChrome/147.0.7727.15 Safari/537.36"}
[2m[WebServer] [22m{"time":"2026-10-07T08:21:06.443816947-04:00","level":"INFO","msg":"client log","level":"WARN","message":"[inventory] item photo failed to load, showing placeholder Boxes (No 2) https://nyc3.digitaloceanspaces.com/hq.yumyums/items/boxes-no-2.png","user":"Jamal C. (jamal@yumyums.kitchen)","page":"/inventory.html","ua":"Mozilla/5.0 (X11; Linux x86_64) AppleWebKit/537.36 (KHTML, like Gecko) HeadlessChrome/147.0.7727.15 Safari/537.36"}
[2m[WebServer] [22m{"time":"2026-10-07T08:21:06.451658955-04:00","level":"INFO","msg":"client log","level":"WARN","message":"[inventory] item photo failed to load, showing placeholder No Rinse Floor Cleaner https://nyc3.digitaloceanspaces.com/hq.yumyums/items/no-rinse-floor-cleaner.png","user":"Jamal C. (jamal@yumyums.kitchen)","page":"/inventory.html","ua":"Mozilla/5.0 (X11; Linux x86_64) AppleWebKit/537.36 (KHTML, like Gecko) HeadlessChrome/147.0.7727.15 Safari/537.36"}
[2m[WebServer] [22m{"time":"2026-10-07T08:21:06.456998839-04:00","level":"INFO","msg":"client log","level":"WARN","message":"[inventory] item photo failed to load, showing placeholder Charcoal https://nyc3.digitaloceanspaces.com/hq.yumyums/items/charcoal.png","user":"Jamal C. (jamal@yumyums.kitchen)","page":"/inventory.html","ua":"Mozilla/5.0 (X11; Linux x86_64) AppleWebKit/537.36 (KHTML, like Gecko) HeadlessChrome/147.0.7727.15 Safari/537.36"}
[2m[WebServer] [22m{"time":"2026-10-07T08:21:06.460650181-04:00","level":"INFO","msg":"client log","level":"WARN","message":"[inventory] item photo failed to load, showing placeholder Cups https://nyc3.digitaloceanspaces.com/hq.yumyums/items/cups.png","user":"Jamal C. (jamal@yumyums.kitchen)","page":"/inventory.html","ua":"Mozilla/5.0 (X11; Linux x86_64) AppleWebKit/537.36 (KHTML, like Gecko) HeadlessChrome/147.0.7727.15 Safari/537.36"}
[2m[WebServer] [22m{"time":"2026-10-07T08:21:06.465417488-04:00","level":"INFO","msg":"client log","level":"WARN","message":"[inventory] item photo failed to load, showing placeholder Dish Soap https://nyc3.digitaloceanspaces.com/hq.yumyums/items/dish-soap.png","user":"Jamal C. (jamal@yumyums.kitchen)","page":"/inventory.html","ua":"Mozilla/5.0 (X11; Linux x86_64) AppleWebKit/537.36 (KHTML, like Gecko) HeadlessChrome/147.0.7727.15 Safari/537.36"}
[2m[WebServer] [22m{"time":"2026-10-07T08:21:06.465702547-04:00","level":"INFO","msg":"client log","level":"WARN","message":"[inventory] item photo failed to load, showing placeholder Towels https://nyc3.digitaloceanspaces.com/hq.yumyums/items/towels.png","user":"Jamal C. (jamal@yumyums.kitchen)","page":"/inventory.html","ua":"Mozilla/5.0 (X11; Linux x86_64) AppleWebKit/537.36 (KHTML, like Gecko) HeadlessChrome/147.0.7727.15 Safari/537.36"}
[2m[WebServer] [22m{"time":"2026-10-07T08:21:06.467712929-04:00","level":"INFO","msg":"client log","level":"WARN","message":"[inventory] item photo failed to load, showing placeholder Trash Bags (30 Gallon) https://nyc3.digitaloceanspaces.com/hq.yumyums/items/trash-bags-30-gallon.png","user":"Jamal C. (jamal@yumyums.kitchen)","page":"/inventory.html","ua":"Mozilla/5.0 (X11; Linux x86_64) AppleWebKit/537.36 (KHTML, like Gecko) HeadlessChrome/147.0.7727.15 Safari/537.36"}
[2m[WebServer] [22m{"time":"2026-10-07T08:21:06.470571538-04:00","level":"INFO","msg":"client log","level":"WARN","message":"[inventory] item photo failed to load, showing placeholder Sour Cream https://nyc3.digitaloceanspaces.com/hq.yumyums/items/sour-cream.png","user":"Jamal C. (jamal@yumyums.kitchen)","page":"/inventory.html","ua":"Mozilla/5.0 (X11; Linux x86_64) AppleWebKit/537.36 (KHTML, like Gecko) HeadlessChrome/147.0.7727.15 Safari/537.36"}
[2m[WebServer] [22m{"time":"2026-10-07T08:21:06.476792047-04:00","level":"INFO","msg":"client log","level":"WARN","message":"[inventory] item photo failed to load, showing placeholder Napkins https://nyc3.digitaloceanspaces.com/hq.yumyums/items/napkins.png","user":"Jamal C. (jamal@yumyums.kitchen)","page":"/inventory.html","ua":"Mozilla/5.0 (X11; Linux x86_64) AppleWebKit/537.36 (KHTML, like Gecko) HeadlessChrome/147.0.7727.15 Safari/537.36"}
[2m[WebServer] [22m{"time":"2026-10-07T08:21:06.482922739-04:00","level":"INFO","msg":"client log","level":"WARN","message":"[inventory] item photo failed to load, showing placeholder Mint https://nyc3.digitaloceanspaces.com/hq.yumyums/items/mint.png","user":"Jamal C. (jamal@yumyums.kitchen)","page":"/inventory.html","ua":"Mozilla/5.0 (X11; Linux x86_64) AppleWebKit/537.36 (KHTML, like Gecko) HeadlessChrome/147.0.7727.15 Safari/537.36"}
[2m[WebServer] [22m{"time":"2026-10-07T08:21:06.488318009-04:00","level":"INFO","msg":"client log","level":"WARN","message":"[inventory] item photo failed to load, showing placeholder Lettuce https://nyc3.digitaloceanspaces.com/hq.yumyums/items/lettuce.png","user":"Jamal C. (jamal@yumyums.kitchen)","page":"/inventory.html","ua":"Mozilla/5.0 (X11; Linux x86_64) AppleWebKit/537.36 (KHTML, like Gecko) HeadlessChrome/147.0.7727.15 Safari/537.36"}
[2m[WebServer] [22m{"time":"2026-10-07T08:21:06.488715125-04:00","level":"INFO","msg":"client log","level":"WARN","message":"[inventory] item photo failed to load, showing placeholder Chicken Breasts https://nyc3.digitaloceanspaces.com/hq.yumyums/items/chicken-breasts.png","user":"Jamal C. (jamal@yumyums.kitchen)","page":"/inventory.html","ua":"Mozilla/5.0 (X11; Linux x86_64) AppleWebKit/537.36 (KHTML, like Gecko) HeadlessChrome/147.0.7727.15 Safari/537.36"}
[2m[WebServer] [22m{"time":"2026-10-07T08:21:06.495991506-04:00","level":"INFO","msg":"client log","level":"WARN","message":"[inventory] item photo failed to load, showing placeholder Cheesesteak https://nyc3.digitaloceanspaces.com/hq.yumyums/items/cheesesteak.png","user":"Jamal C. (jamal@yumyums.kitchen)","page":"/inventory.html","ua":"Mozilla/5.0 (X11; Linux x86_64) AppleWebKit/537.36 (KHTML, like Gecko) HeadlessChrome/147.0.7727.15 Safari/537.36"}
[2m[WebServer] [22m{"time":"2026-10-07T08:21:06.496224493-04:00","level":"INFO","msg":"client log","level":"WARN","message":"[inventory] item photo failed to load, showing placeholder Brisket https://nyc3.digitaloceanspaces.com/hq.yumyums/items/brisket.png","user":"Jamal C. (jamal@yumyums.kitchen)","page":"/inventory.html","ua":"Mozilla/5.0 (X11; Linux x86_64) AppleWebKit/537.36 (KHTML, like Gecko) HeadlessChrome/147.0.7727.15 Safari/537.36"}
[2m[WebServer] [22m{"time":"2026-10-07T08:21:06.499461933-04:00","level":"INFO","msg":"client log","level":"WARN","message":"[inventory] item photo failed to load, showing placeholder Limes https://nyc3.digitaloceanspaces.com/hq.yumyums/items/limes.png","user":"Jamal C. (jamal@yumyums.kitchen)","page":"/inventory.html","ua":"Mozilla/5.0 (X11; Linux x86_64) AppleWebKit/537.36 (KHTML, like Gecko) HeadlessChrome/147.0.7727.15 Safari/537.36"}
[2m[WebServer] [22m{"time":"2026-10-07T08:21:06.504001171-04:00","level":"INFO","msg":"client log","level":"WARN","message":"[inventory] item photo failed to load, showing placeholder Red Peppers https://nyc3.digitaloceanspaces.com/hq.yumyums/items/red-peppers.png","user":"Jamal C. (jamal@yumyums.kitchen)","page":"/inventory.html","ua":"Mozilla/5.0 (X11; Linux x86_64) AppleWebKit/537.36 (KHTML, like Gecko) HeadlessChrome/147.0.7727.15 Safari/537.36"}
[2m[WebServer] [22m{"time":"2026-10-07T08:21:06.520768434-04:00","level":"INFO","msg":"client log","level":"WARN","message":"[inventory] item photo failed to load, showing placeholder Spinach He https://nyc3.digitaloceanspaces.com/hq.yumyums/items/spinach-he.png","user":"Jamal C. (jamal@yumyums.kitchen)","page":"/inventory.html","ua":"Mozilla/5.0 (X11; Linux x86_64) AppleWebKit/537.36 (KHTML, like Gecko) HeadlessChrome/147.0.7727.15 Safari/537.36"}
[2m[WebServer] [22m{"time":"2026-10-07T08:21:06.523981496-04:00","level":"INFO","msg":"client log","level":"WARN","message":"[inventory] item photo failed to load, showing placeholder Red Onions https://nyc3.digitaloceanspaces.com/hq.yumyums/items/red-onions.png","user":"Jamal C. (jamal@yumyums.kitchen)","page":"/inventory.html","ua":"Mozilla/5.0 (X11; Linux x86_64) AppleWebKit/537.36 (KHTML, like Gecko) HeadlessChrome/147.0.7727.15 Safari/537.36"}
[2m[WebServer] [22m{"time":"2026-10-07T08:21:06.535069392-04:00","level":"INFO","msg":"client log","level":"WARN","message":"[inventory] item photo failed to load, showing placeholder Green Peppers https://nyc3.digitaloceanspaces.com/hq.yumyums/items/green-peppers.png","user":"Jamal C. (jamal@yumyums.kitchen)","page":"/inventory.html","ua":"Mozilla/5.0 (X11; Linux x86_64) AppleWebKit/537.36 (KHTML, like Gecko) HeadlessChrome/147.0.7727.15 Safari/537.36"}
[2m[WebServer] [22m{"time":"2026-10-07T08:21:06.535159956-04:00","level":"INFO","msg":"client log","level":"WARN","message":"[inventory] item photo failed to load, showing placeholder Corn https://nyc3.digitaloceanspaces.com/hq.yumyums/items/corn.png","user":"Jamal C. (jamal@yumyums.kitchen)","page":"/inventory.html","ua":"Mozilla/5.0 (X11; Linux x86_64) AppleWebKit/537.36 (KHTML, like Gecko) HeadlessChrome/147.0.7727.15 Safari/537.36"}
[2m[WebServer] [22m{"time":"2026-10-07T08:21:06.535508314-04:00","level":"INFO","msg":"client log","level":"WARN","message":"[inventory] item photo failed to load, showing placeholder Cucumber https://nyc3.digitaloceanspaces.com/hq.yumyums/items/cucumber.png","user":"Jamal C. (jamal@yumyums.kitchen)","page":"/inventory.html","ua":"Mozilla/5.0 (X11; Linux x86_64) AppleWebKit/537.36 (KHTML, like Gecko) HeadlessChrome/147.0.7727.15 Safari/537.36"}
[2m[WebServer] [22m{"time":"2026-10-07T08:21:06.535553008-04:00","level":"INFO","msg":"client log","level":"WARN","message":"[inventory] item photo failed to load, showing placeholder Avocados https://nyc3.digitaloceanspaces.com/hq.yumyums/items/avocados.png","user":"Jamal C. (jamal@yumyums.kitchen)","page":"/inventory.html","ua":"Mozilla/5.0 (X11; Linux x86_64) AppleWebKit/537.36 (KHTML, like Gecko) HeadlessChrome/147.0.7727.15 Safari/537.36"}
[2m[WebServer] [22m{"time":"2026-10-07T08:21:06.542225056-04:00","level":"INFO","msg":"client log","level":"WARN","message":"[inventory] item photo failed to load, showing placeholder Tomaotes https://nyc3.digitaloceanspaces.com/hq.yumyums/items/tomaotes.png","user":"Jamal C. (jamal@yumyums.kitchen)","page":"/inventory.html","ua":"Mozilla/5.0 (X11; Linux x86_64) AppleWebKit/537.36 (KHTML, like Gecko) HeadlessChrome/147.0.7727.15 Safari/537.36"}
[2m[WebServer] [22m{"time":"2026-10-07T08:21:06.5568918-04:00","level":"INFO","msg":"client log","level":"WARN","message":"[inventory] item photo failed to load, showing placeholder Lemons https://nyc3.digitaloceanspaces.com/hq.yumyums/items/lemons.png","user":"Jamal C. (jamal@yumyums.kitchen)","page":"/inventory.html","ua":"Mozilla/5.0 (X11; Linux x86_64) AppleWebKit/537.36 (KHTML, like Gecko) HeadlessChrome/147.0.7727.15 Safari/537.36"}
[2m[WebServer] [22m{"time":"2026-10-07T08:21:06.566940075-04:00","level":"INFO","msg":"client log","level":"WARN","message":"[inventory] item photo failed to load, showing placeholder Chicken Party Wings https://nyc3.digitaloceanspaces.com/hq.yumyums/items/chicken-party-wings.png","user":"Jamal C. (jamal@yumyums.kitchen)","page":"/inventory.html","ua":"Mozilla/5.0 (X11; Linux x86_64) AppleWebKit/537.36 (KHTML, like Gecko) HeadlessChrome/147.0.7727.15 Safari/537.36"}
[2m[WebServer] [22m{"time":"2026-10-07T08:21:06.567323076-04:00","level":"INFO","msg":"client log","level":"WARN","message":"[inventory] item photo failed to load, showing placeholder White Onions https://nyc3.digitaloceanspaces.com/hq.yumyums/items/white-onions.png","user":"Jamal C. (jamal@yumyums.kitchen)","page":"/inventory.html","ua":"Mozilla/5.0 (X11; Linux x86_64) AppleWebKit/537.36 (KHTML, like Gecko) HeadlessChrome/147.0.7727.15 Safari/537.36"}
[2m[WebServer] [22m{"time":"2026-10-07T08:21:06.571290913-04:00","level":"INFO","msg":"client log","level":"WARN","message":"[inventory] item photo failed to load, showing placeholder Wings https://nyc3.digitaloceanspaces.com/hq.yumyums/items/wings.png","user":"Jamal C. (jamal@yumyums.kitchen)","page":"/inventory.html","ua":"Mozilla/5.0 (X11; Linux x86_64) AppleWebKit/537.36 (KHTML, like Gecko) HeadlessChrome/147.0.7727.15 Safari/537.36"}
[2m[WebServer] [22m{"time":"2026-10-07T08:21:06.573994055-04:00","level":"INFO","msg":"client log","level":"WARN","message":"[inventory] item photo failed to load, showing placeholder Lemon Juice https://nyc3.digitaloceanspaces.com/hq.yumyums/items/lemon-juice.png","user":"Jamal C. (jamal@yumyums.kitchen)","page":"/inventory.html","ua":"Mozilla/5.0 (X11; Linux x86_64) AppleWebKit/537.36 (KHTML, like Gecko) HeadlessChrome/147.0.7727.15 Safari/537.36"}
[2m[WebServer] [22m{"time":"2026-10-07T08:21:06.574278259-04:00","level":"INFO","msg":"client log","level":"WARN","message":"[inventory] item photo failed to load, showing placeholder Bread Crumbs https://nyc3.digitaloceanspaces.com/hq.yumyums/items/bread-crumbs.png","user":"Jamal C. (jamal@yumyums.kitchen)","page":"/inventory.html","ua":"Mozilla/5.0 (X11; Linux x86_64) AppleWebKit/537.36 (KHTML, like Gecko) HeadlessChrome/147.0.7727.15 Safari/537.36"}
[2m[WebServer] [22m{"time":"2026-10-07T08:21:06.590803446-04:00","level":"INFO","msg":"client log","level":"WARN","message":"[inventory] item photo failed to load, showing placeholder Relish https://nyc3.digitaloceanspaces.com/hq.yumyums/items/relish.png","user":"Jamal C. (jamal@yumyums.kitchen)","page":"/inventory.html","ua":"Mozilla/5.0 (X11; Linux x86_64) AppleWebKit/537.36 (KHTML, like Gecko) HeadlessChrome/147.0.7727.15 Safari/537.36"}
[2m[WebServer] [22m{"time":"2026-10-07T08:21:06.592704766-04:00","level":"INFO","msg":"client log","level":"WARN","message":"[inventory] item photo failed to load, showing placeholder Ketchup Packets https://nyc3.digitaloceanspaces.com/hq.yumyums/items/ketchup-packets.png","user":"Jamal C. (jamal@yumyums.kitchen)","page":"/inventory.html","ua":"Mozilla/5.0 (X11; Linux x86_64) AppleWebKit/537.36 (KHTML, like Gecko) HeadlessChrome/147.0.7727.15 Safari/537.36"}
[2m[WebServer] [22m{"time":"2026-10-07T08:21:06.600979923-04:00","level":"INFO","msg":"client log","level":"WARN","message":"[inventory] item photo failed to load, showing placeholder Frying Oil https://nyc3.digitaloceanspaces.com/hq.yumyums/items/frying-oil.png","user":"Jamal C. (jamal@yumyums.kitchen)","page":"/inventory.html","ua":"Mozilla/5.0 (X11; Linux x86_64) AppleWebKit/537.36 (KHTML, like Gecko) HeadlessChrome/147.0.7727.15 Safari/537.36"}
[2m[WebServer] [22m{"time":"2026-10-07T08:21:06.602316471-04:00","level":"INFO","msg":"client log","level":"WARN","message":"[inventory] item photo failed to load, showing placeholder Hot Dogs https://nyc3.digitaloceanspaces.com/hq.yumyums/items/hot-dogs.png","user":"Jamal C. (jamal@yumyums.kitchen)","page":"/inventory.html","ua":"Mozilla/5.0 (X11; Linux x86_64) AppleWebKit/537.36 (KHTML, like Gecko) HeadlessChrome/147.0.7727.15 Safari/537.36"}
[2m[WebServer] [22m{"time":"2026-10-07T08:21:06.610734158-04:00","level":"INFO","msg":"client log","level":"WARN","message":"[inventory] item photo failed to load, showing placeholder Sriracha https://nyc3.digitaloceanspaces.com/hq.yumyums/items/sriracha.png","user":"Jamal C. (jamal@yumyums.kitchen)","page":"/inventory.html","ua":"Mozilla/5.0 (X11; Linux x86_64) AppleWebKit/537.36 (KHTML, like Gecko) HeadlessChrome/147.0.7727.15 Safari/537.36"}
[2m[WebServer] [22m{"time":"2026-10-07T08:21:06.612299523-04:00","level":"INFO","msg":"client log","level":"WARN","message":"[inventory] item photo failed to load, showing placeholder Ground Beef https://nyc3.digitaloceanspaces.com/hq.yumyums/items/ground-beef.png","user":"Jamal C. (jamal@yumyums.kitchen)","page":"/inventory.html","ua":"Mozilla/5.0 (X11; Linux x86_64) AppleWebKit/537.36 (KHTML, like Gecko) HeadlessChrome/147.0.7727.15 Safari/537.36"}
[2m[WebServer] [22m{"time":"2026-10-07T08:21:06.613585175-04:00","level":"INFO","msg":"client log","level":"WARN","message":"[inventory] item photo failed to load, showing placeholder Jalapeños https://nyc3.digitaloceanspaces.com/hq.yumyums/items/jalape-os.png","user":"Jamal C. (jamal@yumyums.kitchen)","page":"/inventory.html","ua":"Mozilla/5.0 (X11; Linux x86_64) AppleWebKit/537.36 (KHTML, like Gecko) HeadlessChrome/147.0.7727.15 Safari/537.36"}
[2m[WebServer] [22m{"time":"2026-10-07T08:21:06.619482881-04:00","level":"INFO","msg":"client log","level":"WARN","message":"[inventory] item photo failed to load, showing placeholder Pickles https://nyc3.digitaloceanspaces.com/hq.yumyums/items/pickles.png","user":"Jamal C. (jamal@yumyums.kitchen)","page":"/inventory.html","ua":"Mozilla/5.0 (X11; Linux x86_64) AppleWebKit/537.36 (KHTML, like Gecko) HeadlessChrome/147.0.7727.15 Safari/537.36"}
[2m[WebServer] [22m{"time":"2026-10-07T08:21:06.61951592-04:00","level":"INFO","msg":"client log","level":"WARN","message":"[inventory] item photo failed to load, showing placeholder Sugar https://nyc3.digitaloceanspaces.com/hq.yumyums/items/sugar.png","user":"Jamal C. (jamal@yumyums.kitchen)","page":"/inventory.html","ua":"Mozilla/5.0 (X11; Linux x86_64) AppleWebKit/537.36 (KHTML, like Gecko) HeadlessChrome/147.0.7727.15 Safari/537.36"}
[2m[WebServer] [22m{"time":"2026-10-07T08:21:06.633204738-04:00","level":"INFO","msg":"client log","level":"WARN","message":"[inventory] item photo failed to load, showing placeholder Egg Roll Wraps https://nyc3.digitaloceanspaces.com/hq.yumyums/items/egg-roll-wraps.png","user":"Jamal C. (jamal@yumyums.kitchen)","page":"/inventory.html","ua":"Mozilla/5.0 (X11; Linux x86_64) AppleWebKit/537.36 (KHTML, like Gecko) HeadlessChrome/147.0.7727.15 Safari/537.36"}
[2m[WebServer] [22m{"time":"2026-10-07T08:21:06.633443179-04:00","level":"INFO","msg":"client log","level":"WARN","message":"[inventory] item photo failed to load, showing placeholder Blue Cheese Dressing https://nyc3.digitaloceanspaces.com/hq.yumyums/items/blue-cheese-dressing.png","user":"Jamal C. (jamal@yumyums.kitchen)","page":"/inventory.html","ua":"Mozilla/5.0 (X11; Linux x86_64) AppleWebKit/537.36 (KHTML, like Gecko) HeadlessChrome/147.0.7727.15 Safari/537.36"}
[2m[WebServer] [22m{"time":"2026-10-07T08:21:06.633624415-04:00","level":"INFO","msg":"client log","level":"WARN","message":"[inventory] item photo failed to load, showing placeholder Black Pepper https://nyc3.digitaloceanspaces.com/hq.yumyums/items/black-pepper.png","user":"Jamal C. (jamal@yumyums.kitchen)","page":"/inventory.html","ua":"Mozilla/5.0 (X11; Linux x86_64) AppleWebKit/537.36 (KHTML, like Gecko) HeadlessChrome/147.0.7727.15 Safari/537.36"}
[2m[WebServer] [22m{"time":"2026-10-07T08:21:06.642657769-04:00","level":"INFO","msg":"client log","level":"WARN","message":"[inventory] item photo failed to load, showing placeholder Ketchup Jug https://nyc3.digitaloceanspaces.com/hq.yumyums/items/ketchup-jug.png","user":"Jamal C. (jamal@yumyums.kitchen)","page":"/inventory.html","ua":"Mozilla/5.0 (X11; Linux x86_64) AppleWebKit/537.36 (KHTML, like Gecko) HeadlessChrome/147.0.7727.15 Safari/537.36"}
[2m[WebServer] [22m{"time":"2026-10-07T08:21:06.649330244-04:00","level":"INFO","msg":"client log","level":"WARN","message":"[inventory] item photo failed to load, showing placeholder Fries https://nyc3.digitaloceanspaces.com/hq.yumyums/items/fries.png","user":"Jamal C. (jamal@yumyums.kitchen)","page":"/inventory.html","ua":"Mozilla/5.0 (X11; Linux x86_64) AppleWebKit/537.36 (KHTML, like Gecko) HeadlessChrome/147.0.7727.15 Safari/537.36"}
[2m[WebServer] [22m{"time":"2026-10-07T08:21:06.652808049-04:00","level":"INFO","msg":"client log","level":"WARN","message":"[inventory] item photo failed to load, showing placeholder Ranch Dressing https://nyc3.digitaloceanspaces.com/hq.yumyums/items/ranch-dressing.png","user":"Jamal C. (jamal@yumyums.kitchen)","page":"/inventory.html","ua":"Mozilla/5.0 (X11; Linux x86_64) AppleWebKit/537.36 (KHTML, like Gecko) HeadlessChrome/147.0.7727.15 Safari/537.36"}
[2m[WebServer] [22m{"time":"2026-10-07T08:21:06.662544107-04:00","level":"INFO","msg":"client log","level":"WARN","message":"[inventory] item photo failed to load, showing placeholder Coarse Sea Salt https://nyc3.digitaloceanspaces.com/hq.yumyums/items/coarse-sea-salt.png","user":"Jamal C. (jamal@yumyums.kitchen)","page":"/inventory.html","ua":"Mozilla/5.0 (X11; Linux x86_64) AppleWebKit/537.36 (KHTML, like Gecko) HeadlessChrome/147.0.7727.15 Safari/537.36"}
[2m[WebServer] [22m{"time":"2026-10-07T08:21:06.662644509-04:00","level":"INFO","msg":"client log","level":"WARN","message":"[inventory] item photo failed to load, showing placeholder Liquid Butter https://nyc3.digitaloceanspaces.com/hq.yumyums/items/liquid-butter.png","user":"Jamal C. (jamal@yumyums.kitchen)","page":"/inventory.html","ua":"Mozilla/5.0 (X11; Linux x86_64) AppleWebKit/537.36 (KHTML, like Gecko) HeadlessChrome/147.0.7727.15 Safari/537.36"}
[2m[WebServer] [22m{"time":"2026-10-07T08:21:06.666102105-04:00","level":"INFO","msg":"client log","level":"WARN","message":"[inventory] item photo failed to load, showing placeholder Jerk Seasoning https://nyc3.digitaloceanspaces.com/hq.yumyums/items/jerk-seasoning.png","user":"Jamal C. (jamal@yumyums.kitchen)","page":"/inventory.html","ua":"Mozilla/5.0 (X11; Linux x86_64) AppleWebKit/537.36 (KHTML, like Gecko) HeadlessChrome/147.0.7727.15 Safari/537.36"}
[2m[WebServer] [22m{"time":"2026-10-07T08:21:06.668655446-04:00","level":"INFO","msg":"client log","level":"WARN","message":"[inventory] item photo failed to load, showing placeholder Salt https://nyc3.digitaloceanspaces.com/hq.yumyums/items/salt.png","user":"Jamal C. (jamal@yumyums.kitchen)","page":"/inventory.html","ua":"Mozilla/5.0 (X11; Linux x86_64) AppleWebKit/537.36 (KHTML, like Gecko) HeadlessChrome/147.0.7727.15 Safari/537.36"}
[2m[WebServer] [22m{"time":"2026-10-07T08:21:06.671088071-04:00","level":"INFO","msg":"client log","level":"WARN","message":"[inventory] item photo failed to load, showing placeholder White Cheese Sauce https://nyc3.digitaloceanspaces.com/hq.yumyums/items/white-cheese-sauce.png","user":"Jamal C. (jamal@yumyums.kitchen)","page":"/inventory.html","ua":"Mozilla/5.0 (X11; Linux x86_64) AppleWebKit/537.36 (KHTML, like Gecko) HeadlessChrome/147.0.7727.15 Safari/537.36"}
[2m[WebServer] [22m{"time":"2026-10-07T08:21:06.677576317-04:00","level":"INFO","msg":"client log","level":"WARN","message":"[inventory] item photo failed to load, showing placeholder Garlic Powder https://nyc3.digitaloceanspaces.com/hq.yumyums/items/garlic-powder.png","user":"Jamal C. (jamal@yumyums.kitchen)","page":"/inventory.html","ua":"Mozilla/5.0 (X11; Linux x86_64) AppleWebKit/537.36 (KHTML, like Gecko) HeadlessChrome/147.0.7727.15 Safari/537.36"}
[2m[WebServer] [22m{"time":"2026-10-07T08:21:06.682066263-04:00","level":"INFO","msg":"client log","level":"WARN","message":"[inventory] item photo failed to load, showing placeholder Nacho Cheese Sauce https://nyc3.digitaloceanspaces.com/hq.yumyums/items/nacho-cheese-sauce.png","user":"Jamal C. (jamal@yumyums.kitchen)","page":"/inventory.html","ua":"Mozilla/5.0 (X11; Linux x86_64) AppleWebKit/537.36 (KHTML, like Gecko) HeadlessChrome/147.0.7727.15 Safari/537.36"}
[2m[WebServer] [22m{"time":"2026-10-07T08:21:06.690240484-04:00","level":"INFO","msg":"client log","level":"WARN","message":"[inventory] item photo failed to load, showing placeholder Honey Garlic Sauce https://nyc3.digitaloceanspaces.com/hq.yumyums/items/honey-garlic-sauce.png","user":"Jamal C. (jamal@yumyums.kitchen)","page":"/inventory.html","ua":"Mozilla/5.0 (X11; Linux x86_64) AppleWebKit/537.36 (KHTML, like Gecko) HeadlessChrome/147.0.7727.15 Safari/537.36"}
[2m[WebServer] [22m{"time":"2026-10-07T08:21:06.691174357-04:00","level":"INFO","msg":"client log","level":"WARN","message":"[inventory] item photo failed to load, showing placeholder Olive Oil Blend https://nyc3.digitaloceanspaces.com/hq.yumyums/items/olive-oil-blend.png","user":"Jamal C. (jamal@yumyums.kitchen)","page":"/inventory.html","ua":"Mozilla/5.0 (X11; Linux x86_64) AppleWebKit/537.36 (KHTML, like Gecko) HeadlessChrome/147.0.7727.15 Safari/537.36"}
[2m[WebServer] [22m{"time":"2026-10-07T08:21:06.696879813-04:00","level":"INFO","msg":"client log","level":"WARN","message":"[inventory] item photo failed to load, showing placeholder Crystal Hot Sauce https://nyc3.digitaloceanspaces.com/hq.yumyums/items/crystal-hot-sauce.png","user":"Jamal C. (jamal@yumyums.kitchen)","page":"/inventory.html","ua":"Mozilla/5.0 (X11; Linux x86_64) AppleWebKit/537.36 (KHTML, like Gecko) HeadlessChrome/147.0.7727.15 Safari/537.36"}
[2m[WebServer] [22m{"time":"2026-10-07T08:21:06.699987234-04:00","level":"INFO","msg":"client log","level":"WARN","message":"[inventory] item photo failed to load, showing placeholder Honey Mustard https://nyc3.digitaloceanspaces.com/hq.yumyums/items/honey-mustard.png","user":"Jamal C. (jamal@yumyums.kitchen)","page":"/inventory.html","ua":"Mozilla/5.0 (X11; Linux x86_64) AppleWebKit/537.36 (KHTML, like Gecko) HeadlessChrome/147.0.7727.15 Safari/537.36"}
[2m[WebServer] [22m{"time":"2026-10-07T08:21:06.700546552-04:00","level":"INFO","msg":"client log","level":"WARN","message":"[inventory] item photo failed to load, showing placeholder Everything Bagel Seasoning https://nyc3.digitaloceanspaces.com/hq.yumyums/items/everything-bagel-seasoning.png","user":"Jamal C. (jamal@yumyums.kitchen)","page":"/inventory.html","ua":"Mozilla/5.0 (X11; Linux x86_64) AppleWebKit/537.36 (KHTML, like Gecko) HeadlessChrome/147.0.7727.15 Safari/537.36"}
[2m[WebServer] [22m{"time":"2026-10-07T08:21:06.714635052-04:00","level":"INFO","msg":"client log","level":"WARN","message":"[inventory] item photo failed to load, showing placeholder Allspice https://nyc3.digitaloceanspaces.com/hq.yumyums/items/allspice.png","user":"Jamal C. (jamal@yumyums.kitchen)","page":"/inventory.html","ua":"Mozilla/5.0 (X11; Linux x86_64) AppleWebKit/537.36 (KHTML, like Gecko) HeadlessChrome/147.0.7727.15 Safari/537.36"}
[2m[WebServer] [22m{"time":"2026-10-07T08:21:06.721928969-04:00","level":"INFO","msg":"client log","level":"WARN","message":"[inventory] item photo failed to load, showing placeholder Seasoning Salt https://nyc3.digitaloceanspaces.com/hq.yumyums/items/seasoning-salt.png","user":"Jamal C. (jamal@yumyums.kitchen)","page":"/inventory.html","ua":"Mozilla/5.0 (X11; Linux x86_64) AppleWebKit/537.36 (KHTML, like Gecko) HeadlessChrome/147.0.7727.15 Safari/537.36"}
[2m[WebServer] [22m{"time":"2026-10-07T08:21:06.726926055-04:00","level":"INFO","msg":"client log","level":"WARN","message":"[inventory] item photo failed to load, showing placeholder Ground Turkey https://nyc3.digitaloceanspaces.com/hq.yumyums/items/ground-turkey.png","user":"Jamal C. (jamal@yumyums.kitchen)","page":"/inventory.html","ua":"Mozilla/5.0 (X11; Linux x86_64) AppleWebKit/537.36 (KHTML, like Gecko) HeadlessChrome/147.0.7727.15 Safari/537.36"}
[2m[WebServer] [22m{"time":"2026-10-07T08:21:06.727122367-04:00","level":"INFO","msg":"client log","level":"WARN","message":"[inventory] item photo failed to load, showing placeholder Bbq Sauce https://nyc3.digitaloceanspaces.com/hq.yumyums/items/bbq-sauce.png","user":"Jamal C. (jamal@yumyums.kitchen)","page":"/inventory.html","ua":"Mozilla/5.0 (X11; Linux x86_64) AppleWebKit/537.36 (KHTML, like Gecko) HeadlessChrome/147.0.7727.15 Safari/537.36"}
[2m[WebServer] [22m{"time":"2026-10-07T08:21:06.729031386-04:00","level":"INFO","msg":"client log","level":"WARN","message":"[inventory] item photo failed to load, showing placeholder Crabmeat https://nyc3.digitaloceanspaces.com/hq.yumyums/items/crabmeat.png","user":"Jamal C. (jamal@yumyums.kitchen)","page":"/inventory.html","ua":"Mozilla/5.0 (X11; Linux x86_64) AppleWebKit/537.36 (KHTML, like Gecko) HeadlessChrome/147.0.7727.15 Safari/537.36"}
[2m[WebServer] [22m{"time":"2026-10-07T08:21:06.729295808-04:00","level":"INFO","msg":"client log","level":"WARN","message":"[inventory] item photo failed to load, showing placeholder Chicken Tenders https://nyc3.digitaloceanspaces.com/hq.yumyums/items/chicken-tenders.png","user":"Jamal C. (jamal@yumyums.kitchen)","page":"/inventory.html","ua":"Mozilla/5.0 (X11; Linux x86_64) AppleWebKit/537.36 (KHTML, like Gecko) HeadlessChrome/147.0.7727.15 Safari/537.36"}
[2m[WebServer] [22m{"time":"2026-10-07T08:21:06.737646561-04:00","level":"INFO","msg":"client log","level":"WARN","message":"[inventory] item photo failed to load, showing placeholder Mayonnaise https://nyc3.digitaloceanspaces.com/hq.yumyums/items/mayonnaise.png","user":"Jamal C. (jamal@yumyums.kitchen)","page":"/inventory.html","ua":"Mozilla/5.0 (X11; Linux x86_64) AppleWebKit/537.36 (KHTML, like Gecko) HeadlessChrome/147.0.7727.15 Safari/537.36"}
[2m[WebServer] [22m{"time":"2026-10-07T08:21:06.745136148-04:00","level":"INFO","msg":"client log","level":"WARN","message":"[inventory] item photo failed to load, showing placeholder Mumbo Sauce https://nyc3.digitaloceanspaces.com/hq.yumyums/items/mumbo-sauce.png","user":"Jamal C. (jamal@yumyums.kitchen)","page":"/inventory.html","ua":"Mozilla/5.0 (X11; Linux x86_64) AppleWebKit/537.36 (KHTML, like Gecko) HeadlessChrome/147.0.7727.15 Safari/537.36"}
[2m[WebServer] [22m{"time":"2026-10-07T08:21:06.745463015-04:00","level":"INFO","msg":"client log","level":"WARN","message":"[inventory] item photo failed to load, showing placeholder Frank’s Hot Sauce https://nyc3.digitaloceanspaces.com/hq.yumyums/items/frank-s-hot-sauce.png","user":"Jamal C. (jamal@yumyums.kitchen)","page":"/inventory.html","ua":"Mozilla/5.0 (X11; Linux x86_64) AppleWebKit/537.36 (KHTML, like Gecko) HeadlessChrome/147.0.7727.15 Safari/537.36"}
[2m[WebServer] [22m{"time":"2026-10-07T08:21:06.749263088-04:00","level":"INFO","msg":"client log","level":"WARN","message":"[inventory] item photo failed to load, showing placeholder Meatballs https://nyc3.digitaloceanspaces.com/hq.yumyums/items/meatballs.png","user":"Jamal C. (jamal@yumyums.kitchen)","page":"/inventory.html","ua":"Mozilla/5.0 (X11; Linux x86_64) AppleWebKit/537.36 (KHTML, like Gecko) HeadlessChrome/147.0.7727.15 Safari/537.36"}
[2m[WebServer] [22m{"time":"2026-10-07T08:21:06.750743342-04:00","level":"INFO","msg":"client log","level":"WARN","message":"[inventory] item photo failed to load, showing placeholder Granulated Onion https://nyc3.digitaloceanspaces.com/hq.yumyums/items/granulated-onion.png","user":"Jamal C. (jamal@yumyums.kitchen)","page":"/inventory.html","ua":"Mozilla/5.0 (X11; Linux x86_64) AppleWebKit/537.36 (KHTML, like Gecko) HeadlessChrome/147.0.7727.15 Safari/537.36"}
[2m[WebServer] [22m{"time":"2026-10-07T08:21:06.751756766-04:00","level":"INFO","msg":"client log","level":"WARN","message":"[inventory] item photo failed to load, showing placeholder Cayenne Pepper https://nyc3.digitaloceanspaces.com/hq.yumyums/items/cayenne-pepper.png","user":"Jamal C. (jamal@yumyums.kitchen)","page":"/inventory.html","ua":"Mozilla/5.0 (X11; Linux x86_64) AppleWebKit/537.36 (KHTML, like Gecko) HeadlessChrome/147.0.7727.15 Safari/537.36"}
[2m[WebServer] [22m{"time":"2026-10-07T08:21:06.759321949-04:00","level":"INFO","msg":"client log","level":"WARN","message":"[inventory] item photo failed to load, showing placeholder Fine Sea Salt https://nyc3.digitaloceanspaces.com/hq.yumyums/items/fine-sea-salt.png","user":"Jamal C. (jamal@yumyums.kitchen)","page":"/inventory.html","ua":"Mozilla/5.0 (X11; Linux x86_64) AppleWebKit/537.36 (KHTML, like Gecko) HeadlessChrome/147.0.7727.15 Safari/537.36"}
[2m[WebServer] [22m{"time":"2026-10-07T08:21:06.760915114-04:00","level":"INFO","msg":"client log","level":"WARN","message":"[inventory] item photo failed to load, showing placeholder Brown Sugar https://nyc3.digitaloceanspaces.com/hq.yumyums/items/brown-sugar.png","user":"Jamal C. (jamal@yumyums.kitchen)","page":"/inventory.html","ua":"Mozilla/5.0 (X11; Linux x86_64) AppleWebKit/537.36 (KHTML, like Gecko) HeadlessChrome/147.0.7727.15 Safari/537.36"}
[2m[WebServer] [22m{"time":"2026-10-07T08:21:07.241444824-04:00","level":"INFO","msg":"client log","level":"WARN","message":"[inventory] item photo failed to load, showing placeholder Water https://nyc3.digitaloceanspaces.com/hq.yumyums/items/water.png","user":"Jamal C. (jamal@yumyums.kitchen)","page":"/inventory.html","ua":"Mozilla/5.0 (X11; Linux x86_64) AppleWebKit/537.36 (KHTML, like Gecko) HeadlessChrome/147.0.7727.15 Safari/537.36"}
[2m[WebServer] [22m{"time":"2026-10-07T08:21:07.241724109-04:00","level":"INFO","msg":"client log","level":"WARN","message":"[inventory] item photo failed to load, showing placeholder Sprite https://nyc3.digitaloceanspaces.com/hq.yumyums/items/sprite.png","user":"Jamal C. (jamal@yumyums.kitchen)","page":"/inventory.html","ua":"Mozilla/5.0 (X11; Linux x86_64) AppleWebKit/537.36 (KHTML, like Gecko) HeadlessChrome/147.0.7727.15 Safari/537.36"}
  ✓  1 [chromium] › tests/inventory.spec.js:6011:3 › Setup — late responses (K1) › [IS-01] a name typed right after opening Setup survives the late groups response, and Add creates the item (6.7s)

  1 passed (2.5m)
EXIT_PW=0
# git status --porcelain AFTER:
 M inventory.html
# porcelain_lines=1
# end 2026-10-07T08:21:07-04:00
