# triage-adversarial pw leg k1c-2186-x5. WT=/home/jcole/projects/hq-worktrees/triage-adv-20261007 SHA=62877165d5f8709cb8754e75ec6ddf20ebd8b8a2 start 2026-10-07T08:25:05-04:00
# env: TEST_PORT=8393 TEST_DB_NAME=hq_test_triage_adv_20261007_e2e DB_PORT=5434 DB_USER=hqtest
# cmd: npx playwright test --reporter=list tests/inventory.spec.js -g Setup item editor shows alias chips, adds and removes nicknames --repeat-each=5 --retries=0
# git status --porcelain BEFORE: 0 lines
[2m[WebServer] [22m── reset hq_test_triage_adv_20261007_e2e on localhost:5434 ──
[2m[WebServer] [22m── wrote version.json frontend=1.10.2 ──
[2m[WebServer] [22m{"time":"2026-10-07T08:27:13.039192386-04:00","level":"INFO","msg":"serving static files from disk","dir":"../"}
[2m[WebServer] [22m{"time":"2026-10-07T08:27:13.039528409-04:00","level":"INFO","msg":"loaded superadmins","count":1}
[2m[WebServer] [22m{"time":"2026-10-07T08:27:13.05880834-04:00","level":"INFO","msg":"connected to database"}
[2m[WebServer] [22m{"time":"2026-10-07T08:27:13.130500146-04:00","level":"INFO","msg":"OK   0001_users.sql (44.15ms)","source":"stdlog"}
[2m[WebServer] [22m{"time":"2026-10-07T08:27:13.180896097-04:00","level":"INFO","msg":"OK   0002_sessions.sql (50.27ms)","source":"stdlog"}
[2m[WebServer] [22m{"time":"2026-10-07T08:27:13.226771146-04:00","level":"INFO","msg":"OK   0003_invite_tokens.sql (45.35ms)","source":"stdlog"}
[2m[WebServer] [22m{"time":"2026-10-07T08:27:13.266143627-04:00","level":"INFO","msg":"OK   0004_hq_apps.sql (39.15ms)","source":"stdlog"}
[2m[WebServer] [22m{"time":"2026-10-07T08:27:13.320869433-04:00","level":"INFO","msg":"OK   0005_app_permissions.sql (54.61ms)","source":"stdlog"}
[2m[WebServer] [22m{"time":"2026-10-07T08:27:13.352048706-04:00","level":"INFO","msg":"OK   0006_checklist_templates.sql (31.04ms)","source":"stdlog"}
[2m[WebServer] [22m{"time":"2026-10-07T08:27:13.384202757-04:00","level":"INFO","msg":"OK   0007_checklist_schedules.sql (32.01ms)","source":"stdlog"}
[2m[WebServer] [22m{"time":"2026-10-07T08:27:13.426435354-04:00","level":"INFO","msg":"OK   0008_template_assignments.sql (42.11ms)","source":"stdlog"}
[2m[WebServer] [22m{"time":"2026-10-07T08:27:13.463060264-04:00","level":"INFO","msg":"OK   0009_checklist_sections.sql (36.52ms)","source":"stdlog"}
[2m[WebServer] [22m{"time":"2026-10-07T08:27:13.497554986-04:00","level":"INFO","msg":"OK   0010_checklist_fields.sql (34.33ms)","source":"stdlog"}
[2m[WebServer] [22m{"time":"2026-10-07T08:27:13.542455794-04:00","level":"INFO","msg":"OK   0011_checklist_submissions.sql (44.78ms)","source":"stdlog"}
[2m[WebServer] [22m{"time":"2026-10-07T08:27:13.593453236-04:00","level":"INFO","msg":"OK   0012_submission_responses.sql (50.86ms)","source":"stdlog"}
[2m[WebServer] [22m{"time":"2026-10-07T08:27:13.630999873-04:00","level":"INFO","msg":"OK   0013_submission_fail_notes.sql (37.4ms)","source":"stdlog"}
[2m[WebServer] [22m{"time":"2026-10-07T08:27:13.664179714-04:00","level":"INFO","msg":"OK   0014_submission_rejections.sql (33ms)","source":"stdlog"}
[2m[WebServer] [22m{"time":"2026-10-07T08:27:13.71498235-04:00","level":"INFO","msg":"OK   0015_ops.sql (50.65ms)","source":"stdlog"}
[2m[WebServer] [22m{"time":"2026-10-07T08:27:13.729992886-04:00","level":"INFO","msg":"OK   0016_lamport_ts.sql (14.89ms)","source":"stdlog"}
[2m[WebServer] [22m{"time":"2026-10-07T08:27:13.747541799-04:00","level":"INFO","msg":"OK   0017_users_naming.sql (17.44ms)","source":"stdlog"}
[2m[WebServer] [22m{"time":"2026-10-07T08:27:13.810252369-04:00","level":"INFO","msg":"OK   0018_ob_templates.sql (62.58ms)","source":"stdlog"}
[2m[WebServer] [22m{"time":"2026-10-07T08:27:13.883427444-04:00","level":"INFO","msg":"OK   0019_ob_items.sql (73.03ms)","source":"stdlog"}
[2m[WebServer] [22m{"time":"2026-10-07T08:27:13.93867291-04:00","level":"INFO","msg":"OK   0020_ob_progress.sql (54.99ms)","source":"stdlog"}
[2m[WebServer] [22m{"time":"2026-10-07T08:27:13.991157488-04:00","level":"INFO","msg":"OK   0021_ob_signoffs.sql (52.35ms)","source":"stdlog"}
[2m[WebServer] [22m{"time":"2026-10-07T08:27:14.068066834-04:00","level":"INFO","msg":"OK   0022_ob_template_assignments.sql (76.8ms)","source":"stdlog"}
[2m[WebServer] [22m{"time":"2026-10-07T08:27:14.134352093-04:00","level":"INFO","msg":"OK   0023_multi_role.sql (66.16ms)","source":"stdlog"}
[2m[WebServer] [22m{"time":"2026-10-07T08:27:14.367315452-04:00","level":"INFO","msg":"OK   0024_inventory.sql (232.76ms)","source":"stdlog"}
[2m[WebServer] [22m{"time":"2026-10-07T08:27:14.420686748-04:00","level":"INFO","msg":"OK   0025_pending_purchases.sql (53.24ms)","source":"stdlog"}
[2m[WebServer] [22m{"time":"2026-10-07T08:27:14.430881168-04:00","level":"INFO","msg":"OK   0026_ob_progress_faq.sql (10.04ms)","source":"stdlog"}
[2m[WebServer] [22m{"time":"2026-10-07T08:27:14.438312337-04:00","level":"INFO","msg":"OK   0027_ob_section_signoff_roles.sql (7.34ms)","source":"stdlog"}
[2m[WebServer] [22m{"time":"2026-10-07T08:27:14.455639381-04:00","level":"INFO","msg":"OK   0028_ob_video_upgrade.sql (17.21ms)","source":"stdlog"}
[2m[WebServer] [22m{"time":"2026-10-07T08:27:14.463147871-04:00","level":"INFO","msg":"OK   0029_ob_templates_archived_at.sql (7.39ms)","source":"stdlog"}
[2m[WebServer] [22m{"time":"2026-10-07T08:27:14.490655804-04:00","level":"INFO","msg":"OK   0030_item_groups_unique_name.sql (27.36ms)","source":"stdlog"}
[2m[WebServer] [22m{"time":"2026-10-07T08:27:14.500796529-04:00","level":"INFO","msg":"OK   0031_remove_placeholder_items.sql (10.06ms)","source":"stdlog"}
[2m[WebServer] [22m{"time":"2026-10-07T08:27:14.515648665-04:00","level":"INFO","msg":"OK   0032_item_group_thresholds.sql (14.68ms)","source":"stdlog"}
[2m[WebServer] [22m{"time":"2026-10-07T08:27:14.547532846-04:00","level":"INFO","msg":"OK   0033_stock_count_overrides.sql (31.76ms)","source":"stdlog"}
[2m[WebServer] [22m{"time":"2026-10-07T08:27:14.633885096-04:00","level":"INFO","msg":"OK   0034_purchase_orders.sql (86.11ms)","source":"stdlog"}
[2m[WebServer] [22m{"time":"2026-10-07T08:27:14.648145406-04:00","level":"INFO","msg":"OK   0035_purchase_items_photo_store.sql (14.06ms)","source":"stdlog"}
[2m[WebServer] [22m{"time":"2026-10-07T08:27:14.661911508-04:00","level":"INFO","msg":"OK   0036_purchase_items_full_name.sql (13.64ms)","source":"stdlog"}
[2m[WebServer] [22m{"time":"2026-10-07T08:27:14.69555044-04:00","level":"INFO","msg":"OK   0037_cutoff_config.sql (33.45ms)","source":"stdlog"}
[2m[WebServer] [22m{"time":"2026-10-07T08:27:14.716016385-04:00","level":"INFO","msg":"OK   0038_po_status_extend.sql (20.26ms)","source":"stdlog"}
[2m[WebServer] [22m{"time":"2026-10-07T08:27:14.739538433-04:00","level":"INFO","msg":"OK   0039_purchase_items_vendor.sql (23.4ms)","source":"stdlog"}
[2m[WebServer] [22m{"time":"2026-10-07T08:27:14.857657917-04:00","level":"INFO","msg":"OK   0040_shopping_lists.sql (117.94ms)","source":"stdlog"}
[2m[WebServer] [22m{"time":"2026-10-07T08:27:14.874121868-04:00","level":"INFO","msg":"OK   0041_notification_channel.sql (16.36ms)","source":"stdlog"}
[2m[WebServer] [22m{"time":"2026-10-07T08:27:14.934909621-04:00","level":"INFO","msg":"OK   0042_repurchase_tracking.sql (60.65ms)","source":"stdlog"}
[2m[WebServer] [22m{"time":"2026-10-07T08:27:14.987925457-04:00","level":"INFO","msg":"OK   0043_alert_log.sql (52.87ms)","source":"stdlog"}
[2m[WebServer] [22m{"time":"2026-10-07T08:27:15.045524803-04:00","level":"INFO","msg":"OK   0044_low_stock_alert_log.sql (57.4ms)","source":"stdlog"}
[2m[WebServer] [22m{"time":"2026-10-07T08:27:15.097767432-04:00","level":"INFO","msg":"OK   0045_notification_channel_array.sql (52.09ms)","source":"stdlog"}
[2m[WebServer] [22m{"time":"2026-10-07T08:27:15.105954733-04:00","level":"INFO","msg":"OK   0046_user_timezone.sql (8.09ms)","source":"stdlog"}
[2m[WebServer] [22m{"time":"2026-10-07T08:27:15.15818426-04:00","level":"INFO","msg":"OK   0047_employee_fields.sql (52.1ms)","source":"stdlog"}
[2m[WebServer] [22m{"time":"2026-10-07T08:27:15.165655056-04:00","level":"INFO","msg":"OK   0048_notification_default_both.sql (7.38ms)","source":"stdlog"}
[2m[WebServer] [22m{"time":"2026-10-07T08:27:15.209784697-04:00","level":"INFO","msg":"OK   0049_ob_sub_items.sql (44.03ms)","source":"stdlog"}
[2m[WebServer] [22m{"time":"2026-10-07T08:27:15.218191396-04:00","level":"INFO","msg":"OK   0050_ob_progress_sub_item.sql (8.31ms)","source":"stdlog"}
[2m[WebServer] [22m{"time":"2026-10-07T08:27:15.226763153-04:00","level":"INFO","msg":"OK   0051_rejection_field_fk.sql (8.47ms)","source":"stdlog"}
[2m[WebServer] [22m{"time":"2026-10-07T08:27:15.242780685-04:00","level":"INFO","msg":"OK   0052_template_name_unique.sql (15.92ms)","source":"stdlog"}
[2m[WebServer] [22m{"time":"2026-10-07T08:27:15.249964965-04:00","level":"INFO","msg":"OK   0053_response_field_fk.sql (7.09ms)","source":"stdlog"}
[2m[WebServer] [22m{"time":"2026-10-07T08:27:15.257025209-04:00","level":"INFO","msg":"OK   0054_failnote_field_fk.sql (6.99ms)","source":"stdlog"}
[2m[WebServer] [22m{"time":"2026-10-07T08:27:15.264002011-04:00","level":"INFO","msg":"OK   0055_item_location_in_store.sql (6.9ms)","source":"stdlog"}
[2m[WebServer] [22m{"time":"2026-10-07T08:27:15.279527375-04:00","level":"INFO","msg":"OK   0056_ob_progress_photo.sql (15.4ms)","source":"stdlog"}
[2m[WebServer] [22m{"time":"2026-10-07T08:27:15.293579241-04:00","level":"INFO","msg":"OK   0057_ob_items_photo_type.sql (13.91ms)","source":"stdlog"}
[2m[WebServer] [22m{"time":"2026-10-07T08:27:15.308182018-04:00","level":"INFO","msg":"OK   0058_ob_sub_items_photos.sql (14.48ms)","source":"stdlog"}
[2m[WebServer] [22m{"time":"2026-10-07T08:27:15.316324215-04:00","level":"INFO","msg":"OK   0059_cleanup_photo_items.sql (8.06ms)","source":"stdlog"}
[2m[WebServer] [22m{"time":"2026-10-07T08:27:15.375482756-04:00","level":"INFO","msg":"OK   0060_menu_items.sql (58.95ms)","source":"stdlog"}
[2m[WebServer] [22m{"time":"2026-10-07T08:27:15.411136645-04:00","level":"INFO","msg":"OK   0061_daily_menu_sales.sql (35.52ms)","source":"stdlog"}
[2m[WebServer] [22m{"time":"2026-10-07T08:27:15.459518928-04:00","level":"INFO","msg":"OK   0062_recipes.sql (48.22ms)","source":"stdlog"}
[2m[WebServer] [22m{"time":"2026-10-07T08:27:15.493188144-04:00","level":"INFO","msg":"OK   0063_drift_check_results.sql (33.57ms)","source":"stdlog"}
[2m[WebServer] [22m{"time":"2026-10-07T08:27:15.511042473-04:00","level":"INFO","msg":"OK   0064_no_itemized_receipt_seed.sql (17.58ms)","source":"stdlog"}
[2m[WebServer] [22m{"time":"2026-10-07T08:27:15.525268096-04:00","level":"INFO","msg":"OK   0065_mercury_category_on_purchase_events.sql (14.12ms)","source":"stdlog"}
[2m[WebServer] [22m{"time":"2026-10-07T08:27:15.538133518-04:00","level":"INFO","msg":"OK   0066_mercury_category_on_pending_purchases.sql (12.75ms)","source":"stdlog"}
[2m[WebServer] [22m{"time":"2026-10-07T08:27:15.588121602-04:00","level":"INFO","msg":"OK   0067_receipt_sync_runs.sql (49.87ms)","source":"stdlog"}
[2m[WebServer] [22m{"time":"2026-10-07T08:27:15.611575028-04:00","level":"INFO","msg":"OK   0068_pending_purchases_bank_tx_uniq.sql (23.25ms)","source":"stdlog"}
[2m[WebServer] [22m{"time":"2026-10-07T08:27:15.623877834-04:00","level":"INFO","msg":"OK   0069_pending_purchases_parse_error.sql (12.21ms)","source":"stdlog"}
[2m[WebServer] [22m{"time":"2026-10-07T08:27:15.637779032-04:00","level":"INFO","msg":"OK   0070_receipt_urls.sql (13.72ms)","source":"stdlog"}
[2m[WebServer] [22m{"time":"2026-10-07T08:27:15.658977592-04:00","level":"INFO","msg":"OK   0071_submission_fail_notes_unique.sql (21.09ms)","source":"stdlog"}
[2m[WebServer] [22m{"time":"2026-10-07T08:27:15.674729226-04:00","level":"INFO","msg":"OK   0072_app_timezone_new_york.sql (15.56ms)","source":"stdlog"}
[2m[WebServer] [22m{"time":"2026-10-07T08:27:15.698168476-04:00","level":"INFO","msg":"OK   0073_sync_fdw_views.sql (23.18ms)","source":"stdlog"}
[2m[WebServer] [22m{"time":"2026-10-07T08:27:15.708678622-04:00","level":"INFO","msg":"OK   0074_sync_fdw_approver_view.sql (10.28ms)","source":"stdlog"}
[2m[WebServer] [22m{"time":"2026-10-07T08:27:15.760648695-04:00","level":"INFO","msg":"OK   0075_item_aliases.sql (51.85ms)","source":"stdlog"}
[2m[WebServer] [22m{"time":"2026-10-07T08:27:15.786138342-04:00","level":"INFO","msg":"OK   0076_checklist_template_app.sql (25.36ms)","source":"stdlog"}
[2m[WebServer] [22m{"time":"2026-10-07T08:27:15.830324577-04:00","level":"INFO","msg":"OK   0077_race_lost_notifications.sql (44.07ms)","source":"stdlog"}
[2m[WebServer] [22m{"time":"2026-10-07T08:27:15.844071563-04:00","level":"INFO","msg":"OK   0078_card_holder_on_purchases.sql (13.65ms)","source":"stdlog"}
[2m[WebServer] [22m{"time":"2026-10-07T08:27:15.868556254-04:00","level":"INFO","msg":"OK   0079_pending_purchases_retry_requested.sql (24.34ms)","source":"stdlog"}
[2m[WebServer] [22m{"time":"2026-10-07T08:27:15.882563876-04:00","level":"INFO","msg":"OK   0080_receipt_sync_runs_cancelled.sql (13.9ms)","source":"stdlog"}
[2m[WebServer] [22m{"time":"2026-10-07T08:27:15.90648273-04:00","level":"INFO","msg":"OK   0081_item_alias_display.sql (23.77ms)","source":"stdlog"}
[2m[WebServer] [22m{"time":"2026-10-07T08:27:15.923496196-04:00","level":"INFO","msg":"OK   0082_bi_grants.sql (16.89ms)","source":"stdlog"}
[2m[WebServer] [22m{"time":"2026-10-07T08:27:16.039316998-04:00","level":"INFO","msg":"OK   0083_campaigns_admin.sql (115.5ms)","source":"stdlog"}
[2m[WebServer] [22m{"time":"2026-10-07T08:27:16.163801161-04:00","level":"INFO","msg":"OK   0084_toast_orders_reconciliation.sql (124.16ms)","source":"stdlog"}
[2m[WebServer] [22m{"time":"2026-10-07T08:27:16.266241928-04:00","level":"INFO","msg":"OK   0085_subscribers.sql (102.23ms)","source":"stdlog"}
[2m[WebServer] [22m{"time":"2026-10-07T08:27:16.292146422-04:00","level":"INFO","msg":"OK   0086_merge_repoint_and_erasure_backstop.sql (25.76ms)","source":"stdlog"}
[2m[WebServer] [22m{"time":"2026-10-07T08:27:16.344471096-04:00","level":"INFO","msg":"OK   0087_qr_scans_dedupe_bucket.sql (52.17ms)","source":"stdlog"}
[2m[WebServer] [22m{"time":"2026-10-07T08:27:16.344548309-04:00","level":"INFO","msg":"goose: successfully migrated database to version: 87","source":"stdlog"}
[2m[WebServer] [22m{"time":"2026-10-07T08:27:16.344562055-04:00","level":"INFO","msg":"database migrations applied successfully"}
[2m[WebServer] [22m{"time":"2026-10-07T08:27:16.425364394-04:00","level":"INFO","msg":"upserted superadmin","email":"jamal@yumyums.kitchen"}
[2m[WebServer] [22m{"time":"2026-10-07T08:27:16.459205648-04:00","level":"INFO","msg":"seeded template","name":"Setup Checklist","id":"07ea8732-df2e-4f4b-a612-5b2e2636e385"}
[2m[WebServer] [22m{"time":"2026-10-07T08:27:16.459267612-04:00","level":"INFO","msg":"seeded templates","count":1}
[2m[WebServer] [22m{"time":"2026-10-07T08:27:16.490607004-04:00","level":"INFO","msg":"seeded onboarding template","name":"Kitchen Basics Training","id":"da942dda-19f3-4f5c-810f-5d7ce994970a"}
[2m[WebServer] [22m{"time":"2026-10-07T08:27:16.514205191-04:00","level":"INFO","msg":"inventory: seeded vendors","count":5}
[2m[WebServer] [22m{"time":"2026-10-07T08:27:16.598872708-04:00","level":"INFO","msg":"inventory: seeded unique tags","count":19}
[2m[WebServer] [22m{"time":"2026-10-07T08:27:16.732376767-04:00","level":"INFO","msg":"inventory: seeded item groups","count":10}
[2m[WebServer] [22m{"time":"2026-10-07T08:27:17.2128327-04:00","level":"INFO","msg":"inventory: seeded purchase items from YAML","count":106}
[2m[WebServer] [22m{"time":"2026-10-07T08:27:17.212953728-04:00","level":"WARN","msg":"object storage env vars not set, photo and video upload endpoints will return 503","required":"STORAGE_KEY, STORAGE_SECRET, STORAGE_BUCKET, STORAGE_ENDPOINT, STORAGE_REGION"}
[2m[WebServer] [22m{"time":"2026-10-07T08:27:17.213015799-04:00","level":"WARN","msg":"HQ_INVENTORY_SERVICE_TOKEN not set, /api/v1/inventory/period-summary AND /api/v1/inventory/menu-cogs will return 503"}
[2m[WebServer] [22m{"time":"2026-10-07T08:27:17.213090865-04:00","level":"INFO","msg":"marketing campaign projection not configured; campaigns will save with projected_at NULL and warnings:[\"not_projected\"]","missing":"HQ_SYNC_REST_URL and/or HQ_SYNC_SERVICE_KEY"}
[2m[WebServer] [22m{"time":"2026-10-07T08:27:17.213151755-04:00","level":"INFO","msg":"inventory COGS category allowlist","allowlist":["COGS"]}
[2m[WebServer] [22m{"time":"2026-10-07T08:27:17.213747232-04:00","level":"INFO","msg":"redemption arbiter not configured; POST /api/v1/marketing/redeem answers 503","missing":"HQ_SYNC_REST_URL and/or HQ_SYNC_SERVICE_KEY"}
[2m[WebServer] [22m{"time":"2026-10-07T08:27:17.213893605-04:00","level":"INFO","msg":"receipt worker disabled","reason":"E2E_DISABLE_SCHEDULERS=1"}
[2m[WebServer] [22m{"time":"2026-10-07T08:27:17.213933661-04:00","level":"INFO","msg":"alert queue started","delivery_enabled":false}
[2m[WebServer] [22m{"time":"2026-10-07T08:27:17.213954387-04:00","level":"INFO","msg":"cutoff scheduler disabled","reason":"E2E_DISABLE_SCHEDULERS=1"}
[2m[WebServer] [22m{"time":"2026-10-07T08:27:17.213973288-04:00","level":"INFO","msg":"scan-attempts mirror disabled","reason":"E2E_DISABLE_SCHEDULERS=1"}
[2m[WebServer] [22m{"time":"2026-10-07T08:27:17.213997451-04:00","level":"INFO","msg":"toast worker disabled, cmd/sync-toast remains available","reason":"TOAST_SYNC_INTERVAL=0"}
[2m[WebServer] [22m{"time":"2026-10-07T08:27:17.214077134-04:00","level":"INFO","msg":"alerts queue started"}
[2m[WebServer] [22m{"time":"2026-10-07T08:27:17.238271765-04:00","level":"INFO","msg":"server listening","port":"8393"}
[2m[WebServer] [22m{"time":"2026-10-07T08:27:17.249101933-04:00","level":"INFO","msg":"reachable at","url":"http://10.255.255.254:8393"}
[2m[WebServer] [22m{"time":"2026-10-07T08:27:17.249184624-04:00","level":"INFO","msg":"reachable at","url":"http://192.168.8.164:8393"}
[2m[WebServer] [22m{"time":"2026-10-07T08:27:17.249196544-04:00","level":"INFO","msg":"reachable at","url":"http://100.70.200.55:8393"}
[2m[WebServer] [22m{"time":"2026-10-07T08:27:17.249210612-04:00","level":"INFO","msg":"Yumyums HQ ready, accepting connections"}

Running 5 tests using 1 worker

[2m[WebServer] [22m{"time":"2026-10-07T08:27:21.570644807-04:00","level":"INFO","msg":"client log","level":"WARN","message":"[inventory] item photo failed to load, showing placeholder Coke Zero https://nyc3.digitaloceanspaces.com/hq.yumyums/items/coke-zero.png","user":"Jamal C. (jamal@yumyums.kitchen)","page":"/inventory.html","ua":"Mozilla/5.0 (X11; Linux x86_64) AppleWebKit/537.36 (KHTML, like Gecko) HeadlessChrome/147.0.7727.15 Safari/537.36"}
[2m[WebServer] [22m{"time":"2026-10-07T08:27:21.596890293-04:00","level":"INFO","msg":"client log","level":"WARN","message":"[inventory] item photo failed to load, showing placeholder Lemonade Mix https://nyc3.digitaloceanspaces.com/hq.yumyums/items/lemonade-mix.png","user":"Jamal C. (jamal@yumyums.kitchen)","page":"/inventory.html","ua":"Mozilla/5.0 (X11; Linux x86_64) AppleWebKit/537.36 (KHTML, like Gecko) HeadlessChrome/147.0.7727.15 Safari/537.36"}
[2m[WebServer] [22m{"time":"2026-10-07T08:27:21.597892713-04:00","level":"INFO","msg":"client log","level":"WARN","message":"[inventory] item photo failed to load, showing placeholder Mango Syrup https://nyc3.digitaloceanspaces.com/hq.yumyums/items/mango-syrup.png","user":"Jamal C. (jamal@yumyums.kitchen)","page":"/inventory.html","ua":"Mozilla/5.0 (X11; Linux x86_64) AppleWebKit/537.36 (KHTML, like Gecko) HeadlessChrome/147.0.7727.15 Safari/537.36"}
[2m[WebServer] [22m{"time":"2026-10-07T08:27:21.598140614-04:00","level":"INFO","msg":"client log","level":"WARN","message":"[inventory] item photo failed to load, showing placeholder Coke https://nyc3.digitaloceanspaces.com/hq.yumyums/items/coke.png","user":"Jamal C. (jamal@yumyums.kitchen)","page":"/inventory.html","ua":"Mozilla/5.0 (X11; Linux x86_64) AppleWebKit/537.36 (KHTML, like Gecko) HeadlessChrome/147.0.7727.15 Safari/537.36"}
[2m[WebServer] [22m{"time":"2026-10-07T08:27:21.598426695-04:00","level":"INFO","msg":"client log","level":"WARN","message":"[inventory] item photo failed to load, showing placeholder Water https://nyc3.digitaloceanspaces.com/hq.yumyums/items/water.png","user":"Jamal C. (jamal@yumyums.kitchen)","page":"/inventory.html","ua":"Mozilla/5.0 (X11; Linux x86_64) AppleWebKit/537.36 (KHTML, like Gecko) HeadlessChrome/147.0.7727.15 Safari/537.36"}
[2m[WebServer] [22m{"time":"2026-10-07T08:27:21.6001421-04:00","level":"INFO","msg":"client log","level":"WARN","message":"[inventory] item photo failed to load, showing placeholder Sprite https://nyc3.digitaloceanspaces.com/hq.yumyums/items/sprite.png","user":"Jamal C. (jamal@yumyums.kitchen)","page":"/inventory.html","ua":"Mozilla/5.0 (X11; Linux x86_64) AppleWebKit/537.36 (KHTML, like Gecko) HeadlessChrome/147.0.7727.15 Safari/537.36"}
[2m[WebServer] [22m{"time":"2026-10-07T08:27:21.61528861-04:00","level":"INFO","msg":"client log","level":"WARN","message":"[inventory] item photo failed to load, showing placeholder Dr. Pepper https://nyc3.digitaloceanspaces.com/hq.yumyums/items/dr-pepper.png","user":"Jamal C. (jamal@yumyums.kitchen)","page":"/inventory.html","ua":"Mozilla/5.0 (X11; Linux x86_64) AppleWebKit/537.36 (KHTML, like Gecko) HeadlessChrome/147.0.7727.15 Safari/537.36"}
[2m[WebServer] [22m{"time":"2026-10-07T08:27:21.750662213-04:00","level":"INFO","msg":"client log","level":"WARN","message":"[inventory] item photo failed to load, showing placeholder Brisket Rolls https://nyc3.digitaloceanspaces.com/hq.yumyums/items/brisket-rolls.png","user":"Jamal C. (jamal@yumyums.kitchen)","page":"/inventory.html","ua":"Mozilla/5.0 (X11; Linux x86_64) AppleWebKit/537.36 (KHTML, like Gecko) HeadlessChrome/147.0.7727.15 Safari/537.36"}
[2m[WebServer] [22m{"time":"2026-10-07T08:27:21.751235457-04:00","level":"INFO","msg":"client log","level":"WARN","message":"[inventory] item photo failed to load, showing placeholder Spinach He https://nyc3.digitaloceanspaces.com/hq.yumyums/items/spinach-he.png","user":"Jamal C. (jamal@yumyums.kitchen)","page":"/inventory.html","ua":"Mozilla/5.0 (X11; Linux x86_64) AppleWebKit/537.36 (KHTML, like Gecko) HeadlessChrome/147.0.7727.15 Safari/537.36"}
[2m[WebServer] [22m{"time":"2026-10-07T08:27:21.75235815-04:00","level":"INFO","msg":"client log","level":"WARN","message":"[inventory] item photo failed to load, showing placeholder Bbq Sauce https://nyc3.digitaloceanspaces.com/hq.yumyums/items/bbq-sauce.png","user":"Jamal C. (jamal@yumyums.kitchen)","page":"/inventory.html","ua":"Mozilla/5.0 (X11; Linux x86_64) AppleWebKit/537.36 (KHTML, like Gecko) HeadlessChrome/147.0.7727.15 Safari/537.36"}
[2m[WebServer] [22m{"time":"2026-10-07T08:27:21.75343985-04:00","level":"INFO","msg":"client log","level":"WARN","message":"[inventory] item photo failed to load, showing placeholder Boxes (No 2) https://nyc3.digitaloceanspaces.com/hq.yumyums/items/boxes-no-2.png","user":"Jamal C. (jamal@yumyums.kitchen)","page":"/inventory.html","ua":"Mozilla/5.0 (X11; Linux x86_64) AppleWebKit/537.36 (KHTML, like Gecko) HeadlessChrome/147.0.7727.15 Safari/537.36"}
[2m[WebServer] [22m{"time":"2026-10-07T08:27:21.754323944-04:00","level":"INFO","msg":"client log","level":"WARN","message":"[inventory] item photo failed to load, showing placeholder Cups https://nyc3.digitaloceanspaces.com/hq.yumyums/items/cups.png","user":"Jamal C. (jamal@yumyums.kitchen)","page":"/inventory.html","ua":"Mozilla/5.0 (X11; Linux x86_64) AppleWebKit/537.36 (KHTML, like Gecko) HeadlessChrome/147.0.7727.15 Safari/537.36"}
[2m[WebServer] [22m{"time":"2026-10-07T08:27:21.758896808-04:00","level":"INFO","msg":"client log","level":"WARN","message":"[inventory] item photo failed to load, showing placeholder Boxes (No 8) https://nyc3.digitaloceanspaces.com/hq.yumyums/items/boxes-no-8.png","user":"Jamal C. (jamal@yumyums.kitchen)","page":"/inventory.html","ua":"Mozilla/5.0 (X11; Linux x86_64) AppleWebKit/537.36 (KHTML, like Gecko) HeadlessChrome/147.0.7727.15 Safari/537.36"}
[2m[WebServer] [22m{"time":"2026-10-07T08:27:21.809504294-04:00","level":"INFO","msg":"client log","level":"WARN","message":"[inventory] item photo failed to load, showing placeholder Fries https://nyc3.digitaloceanspaces.com/hq.yumyums/items/fries.png","user":"Jamal C. (jamal@yumyums.kitchen)","page":"/inventory.html","ua":"Mozilla/5.0 (X11; Linux x86_64) AppleWebKit/537.36 (KHTML, like Gecko) HeadlessChrome/147.0.7727.15 Safari/537.36"}
[2m[WebServer] [22m{"time":"2026-10-07T08:27:21.809520626-04:00","level":"INFO","msg":"client log","level":"WARN","message":"[inventory] item photo failed to load, showing placeholder Straws https://nyc3.digitaloceanspaces.com/hq.yumyums/items/straws.png","user":"Jamal C. (jamal@yumyums.kitchen)","page":"/inventory.html","ua":"Mozilla/5.0 (X11; Linux x86_64) AppleWebKit/537.36 (KHTML, like Gecko) HeadlessChrome/147.0.7727.15 Safari/537.36"}
[2m[WebServer] [22m{"time":"2026-10-07T08:27:21.809611372-04:00","level":"INFO","msg":"client log","level":"WARN","message":"[inventory] item photo failed to load, showing placeholder Plastic Bags https://nyc3.digitaloceanspaces.com/hq.yumyums/items/plastic-bags.png","user":"Jamal C. (jamal@yumyums.kitchen)","page":"/inventory.html","ua":"Mozilla/5.0 (X11; Linux x86_64) AppleWebKit/537.36 (KHTML, like Gecko) HeadlessChrome/147.0.7727.15 Safari/537.36"}
[2m[WebServer] [22m{"time":"2026-10-07T08:27:21.812255973-04:00","level":"INFO","msg":"client log","level":"WARN","message":"[inventory] item photo failed to load, showing placeholder Dirty Dog Rolls https://nyc3.digitaloceanspaces.com/hq.yumyums/items/dirty-dog-rolls.png","user":"Jamal C. (jamal@yumyums.kitchen)","page":"/inventory.html","ua":"Mozilla/5.0 (X11; Linux x86_64) AppleWebKit/537.36 (KHTML, like Gecko) HeadlessChrome/147.0.7727.15 Safari/537.36"}
[2m[WebServer] [22m{"time":"2026-10-07T08:27:21.81227609-04:00","level":"INFO","msg":"client log","level":"WARN","message":"[inventory] item photo failed to load, showing placeholder Jalapeños https://nyc3.digitaloceanspaces.com/hq.yumyums/items/jalape-os.png","user":"Jamal C. (jamal@yumyums.kitchen)","page":"/inventory.html","ua":"Mozilla/5.0 (X11; Linux x86_64) AppleWebKit/537.36 (KHTML, like Gecko) HeadlessChrome/147.0.7727.15 Safari/537.36"}
[2m[WebServer] [22m{"time":"2026-10-07T08:27:21.812901143-04:00","level":"INFO","msg":"client log","level":"WARN","message":"[inventory] item photo failed to load, showing placeholder Ground Turkey https://nyc3.digitaloceanspaces.com/hq.yumyums/items/ground-turkey.png","user":"Jamal C. (jamal@yumyums.kitchen)","page":"/inventory.html","ua":"Mozilla/5.0 (X11; Linux x86_64) AppleWebKit/537.36 (KHTML, like Gecko) HeadlessChrome/147.0.7727.15 Safari/537.36"}
[2m[WebServer] [22m{"time":"2026-10-07T08:27:21.820736846-04:00","level":"INFO","msg":"client log","level":"WARN","message":"[inventory] item photo failed to load, showing placeholder Sanitizing Tablets https://nyc3.digitaloceanspaces.com/hq.yumyums/items/sanitizing-tablets.png","user":"Jamal C. (jamal@yumyums.kitchen)","page":"/inventory.html","ua":"Mozilla/5.0 (X11; Linux x86_64) AppleWebKit/537.36 (KHTML, like Gecko) HeadlessChrome/147.0.7727.15 Safari/537.36"}
[2m[WebServer] [22m{"time":"2026-10-07T08:27:21.82153452-04:00","level":"INFO","msg":"client log","level":"WARN","message":"[inventory] item photo failed to load, showing placeholder Bread Crumbs https://nyc3.digitaloceanspaces.com/hq.yumyums/items/bread-crumbs.png","user":"Jamal C. (jamal@yumyums.kitchen)","page":"/inventory.html","ua":"Mozilla/5.0 (X11; Linux x86_64) AppleWebKit/537.36 (KHTML, like Gecko) HeadlessChrome/147.0.7727.15 Safari/537.36"}
[2m[WebServer] [22m{"time":"2026-10-07T08:27:21.823532221-04:00","level":"INFO","msg":"client log","level":"WARN","message":"[inventory] item photo failed to load, showing placeholder Meatballs https://nyc3.digitaloceanspaces.com/hq.yumyums/items/meatballs.png","user":"Jamal C. (jamal@yumyums.kitchen)","page":"/inventory.html","ua":"Mozilla/5.0 (X11; Linux x86_64) AppleWebKit/537.36 (KHTML, like Gecko) HeadlessChrome/147.0.7727.15 Safari/537.36"}
[2m[WebServer] [22m{"time":"2026-10-07T08:27:21.823763141-04:00","level":"INFO","msg":"client log","level":"WARN","message":"[inventory] item photo failed to load, showing placeholder Pan Spray https://nyc3.digitaloceanspaces.com/hq.yumyums/items/pan-spray.png","user":"Jamal C. (jamal@yumyums.kitchen)","page":"/inventory.html","ua":"Mozilla/5.0 (X11; Linux x86_64) AppleWebKit/537.36 (KHTML, like Gecko) HeadlessChrome/147.0.7727.15 Safari/537.36"}
[2m[WebServer] [22m{"time":"2026-10-07T08:27:21.824675464-04:00","level":"INFO","msg":"client log","level":"WARN","message":"[inventory] item photo failed to load, showing placeholder Tomaotes https://nyc3.digitaloceanspaces.com/hq.yumyums/items/tomaotes.png","user":"Jamal C. (jamal@yumyums.kitchen)","page":"/inventory.html","ua":"Mozilla/5.0 (X11; Linux x86_64) AppleWebKit/537.36 (KHTML, like Gecko) HeadlessChrome/147.0.7727.15 Safari/537.36"}
[2m[WebServer] [22m{"time":"2026-10-07T08:27:21.827012893-04:00","level":"INFO","msg":"client log","level":"WARN","message":"[inventory] item photo failed to load, showing placeholder Blast Away https://nyc3.digitaloceanspaces.com/hq.yumyums/items/blast-away.png","user":"Jamal C. (jamal@yumyums.kitchen)","page":"/inventory.html","ua":"Mozilla/5.0 (X11; Linux x86_64) AppleWebKit/537.36 (KHTML, like Gecko) HeadlessChrome/147.0.7727.15 Safari/537.36"}
[2m[WebServer] [22m{"time":"2026-10-07T08:27:21.834628925-04:00","level":"INFO","msg":"client log","level":"WARN","message":"[inventory] item photo failed to load, showing placeholder Trash Bags (30 Gallon) https://nyc3.digitaloceanspaces.com/hq.yumyums/items/trash-bags-30-gallon.png","user":"Jamal C. (jamal@yumyums.kitchen)","page":"/inventory.html","ua":"Mozilla/5.0 (X11; Linux x86_64) AppleWebKit/537.36 (KHTML, like Gecko) HeadlessChrome/147.0.7727.15 Safari/537.36"}
[2m[WebServer] [22m{"time":"2026-10-07T08:27:21.836089832-04:00","level":"INFO","msg":"client log","level":"WARN","message":"[inventory] item photo failed to load, showing placeholder No Rinse Floor Cleaner https://nyc3.digitaloceanspaces.com/hq.yumyums/items/no-rinse-floor-cleaner.png","user":"Jamal C. (jamal@yumyums.kitchen)","page":"/inventory.html","ua":"Mozilla/5.0 (X11; Linux x86_64) AppleWebKit/537.36 (KHTML, like Gecko) HeadlessChrome/147.0.7727.15 Safari/537.36"}
[2m[WebServer] [22m{"time":"2026-10-07T08:27:21.837018054-04:00","level":"INFO","msg":"client log","level":"WARN","message":"[inventory] item photo failed to load, showing placeholder Hot Dog Rolls https://nyc3.digitaloceanspaces.com/hq.yumyums/items/hot-dog-rolls.png","user":"Jamal C. (jamal@yumyums.kitchen)","page":"/inventory.html","ua":"Mozilla/5.0 (X11; Linux x86_64) AppleWebKit/537.36 (KHTML, like Gecko) HeadlessChrome/147.0.7727.15 Safari/537.36"}
[2m[WebServer] [22m{"time":"2026-10-07T08:27:21.838827991-04:00","level":"INFO","msg":"client log","level":"WARN","message":"[inventory] item photo failed to load, showing placeholder Red Peppers https://nyc3.digitaloceanspaces.com/hq.yumyums/items/red-peppers.png","user":"Jamal C. (jamal@yumyums.kitchen)","page":"/inventory.html","ua":"Mozilla/5.0 (X11; Linux x86_64) AppleWebKit/537.36 (KHTML, like Gecko) HeadlessChrome/147.0.7727.15 Safari/537.36"}
[2m[WebServer] [22m{"time":"2026-10-07T08:27:21.840914058-04:00","level":"INFO","msg":"client log","level":"WARN","message":"[inventory] item photo failed to load, showing placeholder Cheesesteak https://nyc3.digitaloceanspaces.com/hq.yumyums/items/cheesesteak.png","user":"Jamal C. (jamal@yumyums.kitchen)","page":"/inventory.html","ua":"Mozilla/5.0 (X11; Linux x86_64) AppleWebKit/537.36 (KHTML, like Gecko) HeadlessChrome/147.0.7727.15 Safari/537.36"}
[2m[WebServer] [22m{"time":"2026-10-07T08:27:21.843314219-04:00","level":"INFO","msg":"client log","level":"WARN","message":"[inventory] item photo failed to load, showing placeholder Avocados https://nyc3.digitaloceanspaces.com/hq.yumyums/items/avocados.png","user":"Jamal C. (jamal@yumyums.kitchen)","page":"/inventory.html","ua":"Mozilla/5.0 (X11; Linux x86_64) AppleWebKit/537.36 (KHTML, like Gecko) HeadlessChrome/147.0.7727.15 Safari/537.36"}
[2m[WebServer] [22m{"time":"2026-10-07T08:27:21.847604896-04:00","level":"INFO","msg":"client log","level":"WARN","message":"[inventory] item photo failed to load, showing placeholder Mint https://nyc3.digitaloceanspaces.com/hq.yumyums/items/mint.png","user":"Jamal C. (jamal@yumyums.kitchen)","page":"/inventory.html","ua":"Mozilla/5.0 (X11; Linux x86_64) AppleWebKit/537.36 (KHTML, like Gecko) HeadlessChrome/147.0.7727.15 Safari/537.36"}
[2m[WebServer] [22m{"time":"2026-10-07T08:27:21.847611818-04:00","level":"INFO","msg":"client log","level":"WARN","message":"[inventory] item photo failed to load, showing placeholder Mexican Cheese https://nyc3.digitaloceanspaces.com/hq.yumyums/items/mexican-cheese.png","user":"Jamal C. (jamal@yumyums.kitchen)","page":"/inventory.html","ua":"Mozilla/5.0 (X11; Linux x86_64) AppleWebKit/537.36 (KHTML, like Gecko) HeadlessChrome/147.0.7727.15 Safari/537.36"}
[2m[WebServer] [22m{"time":"2026-10-07T08:27:21.848241197-04:00","level":"INFO","msg":"client log","level":"WARN","message":"[inventory] item photo failed to load, showing placeholder Parm Cheese https://nyc3.digitaloceanspaces.com/hq.yumyums/items/parm-cheese.png","user":"Jamal C. (jamal@yumyums.kitchen)","page":"/inventory.html","ua":"Mozilla/5.0 (X11; Linux x86_64) AppleWebKit/537.36 (KHTML, like Gecko) HeadlessChrome/147.0.7727.15 Safari/537.36"}
[2m[WebServer] [22m{"time":"2026-10-07T08:27:21.849033139-04:00","level":"INFO","msg":"client log","level":"WARN","message":"[inventory] item photo failed to load, showing placeholder Honey Garlic Sauce https://nyc3.digitaloceanspaces.com/hq.yumyums/items/honey-garlic-sauce.png","user":"Jamal C. (jamal@yumyums.kitchen)","page":"/inventory.html","ua":"Mozilla/5.0 (X11; Linux x86_64) AppleWebKit/537.36 (KHTML, like Gecko) HeadlessChrome/147.0.7727.15 Safari/537.36"}
[2m[WebServer] [22m{"time":"2026-10-07T08:27:21.8494555-04:00","level":"INFO","msg":"client log","level":"WARN","message":"[inventory] item photo failed to load, showing placeholder Green Peppers https://nyc3.digitaloceanspaces.com/hq.yumyums/items/green-peppers.png","user":"Jamal C. (jamal@yumyums.kitchen)","page":"/inventory.html","ua":"Mozilla/5.0 (X11; Linux x86_64) AppleWebKit/537.36 (KHTML, like Gecko) HeadlessChrome/147.0.7727.15 Safari/537.36"}
[2m[WebServer] [22m{"time":"2026-10-07T08:27:21.849590483-04:00","level":"INFO","msg":"client log","level":"WARN","message":"[inventory] item photo failed to load, showing placeholder Gloves https://nyc3.digitaloceanspaces.com/hq.yumyums/items/gloves.png","user":"Jamal C. (jamal@yumyums.kitchen)","page":"/inventory.html","ua":"Mozilla/5.0 (X11; Linux x86_64) AppleWebKit/537.36 (KHTML, like Gecko) HeadlessChrome/147.0.7727.15 Safari/537.36"}
[2m[WebServer] [22m{"time":"2026-10-07T08:27:21.857027944-04:00","level":"INFO","msg":"client log","level":"WARN","message":"[inventory] item photo failed to load, showing placeholder Sour Cream https://nyc3.digitaloceanspaces.com/hq.yumyums/items/sour-cream.png","user":"Jamal C. (jamal@yumyums.kitchen)","page":"/inventory.html","ua":"Mozilla/5.0 (X11; Linux x86_64) AppleWebKit/537.36 (KHTML, like Gecko) HeadlessChrome/147.0.7727.15 Safari/537.36"}
[2m[WebServer] [22m{"time":"2026-10-07T08:27:21.857376541-04:00","level":"INFO","msg":"client log","level":"WARN","message":"[inventory] item photo failed to load, showing placeholder Napkins https://nyc3.digitaloceanspaces.com/hq.yumyums/items/napkins.png","user":"Jamal C. (jamal@yumyums.kitchen)","page":"/inventory.html","ua":"Mozilla/5.0 (X11; Linux x86_64) AppleWebKit/537.36 (KHTML, like Gecko) HeadlessChrome/147.0.7727.15 Safari/537.36"}
[2m[WebServer] [22m{"time":"2026-10-07T08:27:21.858967347-04:00","level":"INFO","msg":"client log","level":"WARN","message":"[inventory] item photo failed to load, showing placeholder Crabmeat https://nyc3.digitaloceanspaces.com/hq.yumyums/items/crabmeat.png","user":"Jamal C. (jamal@yumyums.kitchen)","page":"/inventory.html","ua":"Mozilla/5.0 (X11; Linux x86_64) AppleWebKit/537.36 (KHTML, like Gecko) HeadlessChrome/147.0.7727.15 Safari/537.36"}
[2m[WebServer] [22m{"time":"2026-10-07T08:27:21.859259702-04:00","level":"INFO","msg":"client log","level":"WARN","message":"[inventory] item photo failed to load, showing placeholder Honey Mustard https://nyc3.digitaloceanspaces.com/hq.yumyums/items/honey-mustard.png","user":"Jamal C. (jamal@yumyums.kitchen)","page":"/inventory.html","ua":"Mozilla/5.0 (X11; Linux x86_64) AppleWebKit/537.36 (KHTML, like Gecko) HeadlessChrome/147.0.7727.15 Safari/537.36"}
[2m[WebServer] [22m{"time":"2026-10-07T08:27:21.859313673-04:00","level":"INFO","msg":"client log","level":"WARN","message":"[inventory] item photo failed to load, showing placeholder Limes https://nyc3.digitaloceanspaces.com/hq.yumyums/items/limes.png","user":"Jamal C. (jamal@yumyums.kitchen)","page":"/inventory.html","ua":"Mozilla/5.0 (X11; Linux x86_64) AppleWebKit/537.36 (KHTML, like Gecko) HeadlessChrome/147.0.7727.15 Safari/537.36"}
[2m[WebServer] [22m{"time":"2026-10-07T08:27:21.859262189-04:00","level":"INFO","msg":"client log","level":"WARN","message":"[inventory] item photo failed to load, showing placeholder Bleach https://nyc3.digitaloceanspaces.com/hq.yumyums/items/bleach.png","user":"Jamal C. (jamal@yumyums.kitchen)","page":"/inventory.html","ua":"Mozilla/5.0 (X11; Linux x86_64) AppleWebKit/537.36 (KHTML, like Gecko) HeadlessChrome/147.0.7727.15 Safari/537.36"}
[2m[WebServer] [22m{"time":"2026-10-07T08:27:21.862370145-04:00","level":"INFO","msg":"client log","level":"WARN","message":"[inventory] item photo failed to load, showing placeholder Chicken Tenders https://nyc3.digitaloceanspaces.com/hq.yumyums/items/chicken-tenders.png","user":"Jamal C. (jamal@yumyums.kitchen)","page":"/inventory.html","ua":"Mozilla/5.0 (X11; Linux x86_64) AppleWebKit/537.36 (KHTML, like Gecko) HeadlessChrome/147.0.7727.15 Safari/537.36"}
[2m[WebServer] [22m{"time":"2026-10-07T08:27:21.868125189-04:00","level":"INFO","msg":"client log","level":"WARN","message":"[inventory] item photo failed to load, showing placeholder Chicken Breasts https://nyc3.digitaloceanspaces.com/hq.yumyums/items/chicken-breasts.png","user":"Jamal C. (jamal@yumyums.kitchen)","page":"/inventory.html","ua":"Mozilla/5.0 (X11; Linux x86_64) AppleWebKit/537.36 (KHTML, like Gecko) HeadlessChrome/147.0.7727.15 Safari/537.36"}
[2m[WebServer] [22m{"time":"2026-10-07T08:27:21.868655061-04:00","level":"INFO","msg":"client log","level":"WARN","message":"[inventory] item photo failed to load, showing placeholder White Onions https://nyc3.digitaloceanspaces.com/hq.yumyums/items/white-onions.png","user":"Jamal C. (jamal@yumyums.kitchen)","page":"/inventory.html","ua":"Mozilla/5.0 (X11; Linux x86_64) AppleWebKit/537.36 (KHTML, like Gecko) HeadlessChrome/147.0.7727.15 Safari/537.36"}
[2m[WebServer] [22m{"time":"2026-10-07T08:27:21.869123823-04:00","level":"INFO","msg":"client log","level":"WARN","message":"[inventory] item photo failed to load, showing placeholder Frank’s Hot Sauce https://nyc3.digitaloceanspaces.com/hq.yumyums/items/frank-s-hot-sauce.png","user":"Jamal C. (jamal@yumyums.kitchen)","page":"/inventory.html","ua":"Mozilla/5.0 (X11; Linux x86_64) AppleWebKit/537.36 (KHTML, like Gecko) HeadlessChrome/147.0.7727.15 Safari/537.36"}
[2m[WebServer] [22m{"time":"2026-10-07T08:27:21.869756987-04:00","level":"INFO","msg":"client log","level":"WARN","message":"[inventory] item photo failed to load, showing placeholder Chicken Party Wings https://nyc3.digitaloceanspaces.com/hq.yumyums/items/chicken-party-wings.png","user":"Jamal C. (jamal@yumyums.kitchen)","page":"/inventory.html","ua":"Mozilla/5.0 (X11; Linux x86_64) AppleWebKit/537.36 (KHTML, like Gecko) HeadlessChrome/147.0.7727.15 Safari/537.36"}
[2m[WebServer] [22m{"time":"2026-10-07T08:27:21.87005886-04:00","level":"INFO","msg":"client log","level":"WARN","message":"[inventory] item photo failed to load, showing placeholder Red Onions https://nyc3.digitaloceanspaces.com/hq.yumyums/items/red-onions.png","user":"Jamal C. (jamal@yumyums.kitchen)","page":"/inventory.html","ua":"Mozilla/5.0 (X11; Linux x86_64) AppleWebKit/537.36 (KHTML, like Gecko) HeadlessChrome/147.0.7727.15 Safari/537.36"}
[2m[WebServer] [22m{"time":"2026-10-07T08:27:21.870070541-04:00","level":"INFO","msg":"client log","level":"WARN","message":"[inventory] item photo failed to load, showing placeholder Cucumber https://nyc3.digitaloceanspaces.com/hq.yumyums/items/cucumber.png","user":"Jamal C. (jamal@yumyums.kitchen)","page":"/inventory.html","ua":"Mozilla/5.0 (X11; Linux x86_64) AppleWebKit/537.36 (KHTML, like Gecko) HeadlessChrome/147.0.7727.15 Safari/537.36"}
[2m[WebServer] [22m{"time":"2026-10-07T08:27:21.874528864-04:00","level":"INFO","msg":"client log","level":"WARN","message":"[inventory] item photo failed to load, showing placeholder Charcoal https://nyc3.digitaloceanspaces.com/hq.yumyums/items/charcoal.png","user":"Jamal C. (jamal@yumyums.kitchen)","page":"/inventory.html","ua":"Mozilla/5.0 (X11; Linux x86_64) AppleWebKit/537.36 (KHTML, like Gecko) HeadlessChrome/147.0.7727.15 Safari/537.36"}
[2m[WebServer] [22m{"time":"2026-10-07T08:27:21.878473431-04:00","level":"INFO","msg":"client log","level":"WARN","message":"[inventory] item photo failed to load, showing placeholder Lids https://nyc3.digitaloceanspaces.com/hq.yumyums/items/lids.png","user":"Jamal C. (jamal@yumyums.kitchen)","page":"/inventory.html","ua":"Mozilla/5.0 (X11; Linux x86_64) AppleWebKit/537.36 (KHTML, like Gecko) HeadlessChrome/147.0.7727.15 Safari/537.36"}
[2m[WebServer] [22m{"time":"2026-10-07T08:27:21.878469538-04:00","level":"INFO","msg":"client log","level":"WARN","message":"[inventory] item photo failed to load, showing placeholder Lettuce https://nyc3.digitaloceanspaces.com/hq.yumyums/items/lettuce.png","user":"Jamal C. (jamal@yumyums.kitchen)","page":"/inventory.html","ua":"Mozilla/5.0 (X11; Linux x86_64) AppleWebKit/537.36 (KHTML, like Gecko) HeadlessChrome/147.0.7727.15 Safari/537.36"}
[2m[WebServer] [22m{"time":"2026-10-07T08:27:21.87904873-04:00","level":"INFO","msg":"client log","level":"WARN","message":"[inventory] item photo failed to load, showing placeholder Ground Beef https://nyc3.digitaloceanspaces.com/hq.yumyums/items/ground-beef.png","user":"Jamal C. (jamal@yumyums.kitchen)","page":"/inventory.html","ua":"Mozilla/5.0 (X11; Linux x86_64) AppleWebKit/537.36 (KHTML, like Gecko) HeadlessChrome/147.0.7727.15 Safari/537.36"}
[2m[WebServer] [22m{"time":"2026-10-07T08:27:21.880171747-04:00","level":"INFO","msg":"client log","level":"WARN","message":"[inventory] item photo failed to load, showing placeholder Corn https://nyc3.digitaloceanspaces.com/hq.yumyums/items/corn.png","user":"Jamal C. (jamal@yumyums.kitchen)","page":"/inventory.html","ua":"Mozilla/5.0 (X11; Linux x86_64) AppleWebKit/537.36 (KHTML, like Gecko) HeadlessChrome/147.0.7727.15 Safari/537.36"}
[2m[WebServer] [22m{"time":"2026-10-07T08:27:21.880171639-04:00","level":"INFO","msg":"client log","level":"WARN","message":"[inventory] item photo failed to load, showing placeholder Frying Oil https://nyc3.digitaloceanspaces.com/hq.yumyums/items/frying-oil.png","user":"Jamal C. (jamal@yumyums.kitchen)","page":"/inventory.html","ua":"Mozilla/5.0 (X11; Linux x86_64) AppleWebKit/537.36 (KHTML, like Gecko) HeadlessChrome/147.0.7727.15 Safari/537.36"}
[2m[WebServer] [22m{"time":"2026-10-07T08:27:21.880704756-04:00","level":"INFO","msg":"client log","level":"WARN","message":"[inventory] item photo failed to load, showing placeholder Forks https://nyc3.digitaloceanspaces.com/hq.yumyums/items/forks.png","user":"Jamal C. (jamal@yumyums.kitchen)","page":"/inventory.html","ua":"Mozilla/5.0 (X11; Linux x86_64) AppleWebKit/537.36 (KHTML, like Gecko) HeadlessChrome/147.0.7727.15 Safari/537.36"}
[2m[WebServer] [22m{"time":"2026-10-07T08:27:21.888398014-04:00","level":"INFO","msg":"client log","level":"WARN","message":"[inventory] item photo failed to load, showing placeholder Dish Soap https://nyc3.digitaloceanspaces.com/hq.yumyums/items/dish-soap.png","user":"Jamal C. (jamal@yumyums.kitchen)","page":"/inventory.html","ua":"Mozilla/5.0 (X11; Linux x86_64) AppleWebKit/537.36 (KHTML, like Gecko) HeadlessChrome/147.0.7727.15 Safari/537.36"}
[2m[WebServer] [22m{"time":"2026-10-07T08:27:21.889744272-04:00","level":"INFO","msg":"client log","level":"WARN","message":"[inventory] item photo failed to load, showing placeholder Hamburger Rolls https://nyc3.digitaloceanspaces.com/hq.yumyums/items/hamburger-rolls.png","user":"Jamal C. (jamal@yumyums.kitchen)","page":"/inventory.html","ua":"Mozilla/5.0 (X11; Linux x86_64) AppleWebKit/537.36 (KHTML, like Gecko) HeadlessChrome/147.0.7727.15 Safari/537.36"}
[2m[WebServer] [22m{"time":"2026-10-07T08:27:21.889993471-04:00","level":"INFO","msg":"client log","level":"WARN","message":"[inventory] item photo failed to load, showing placeholder Wings https://nyc3.digitaloceanspaces.com/hq.yumyums/items/wings.png","user":"Jamal C. (jamal@yumyums.kitchen)","page":"/inventory.html","ua":"Mozilla/5.0 (X11; Linux x86_64) AppleWebKit/537.36 (KHTML, like Gecko) HeadlessChrome/147.0.7727.15 Safari/537.36"}
[2m[WebServer] [22m{"time":"2026-10-07T08:27:21.890334929-04:00","level":"INFO","msg":"client log","level":"WARN","message":"[inventory] item photo failed to load, showing placeholder Towels https://nyc3.digitaloceanspaces.com/hq.yumyums/items/towels.png","user":"Jamal C. (jamal@yumyums.kitchen)","page":"/inventory.html","ua":"Mozilla/5.0 (X11; Linux x86_64) AppleWebKit/537.36 (KHTML, like Gecko) HeadlessChrome/147.0.7727.15 Safari/537.36"}
[2m[WebServer] [22m{"time":"2026-10-07T08:27:21.890337417-04:00","level":"INFO","msg":"client log","level":"WARN","message":"[inventory] item photo failed to load, showing placeholder Egg Roll Wraps https://nyc3.digitaloceanspaces.com/hq.yumyums/items/egg-roll-wraps.png","user":"Jamal C. (jamal@yumyums.kitchen)","page":"/inventory.html","ua":"Mozilla/5.0 (X11; Linux x86_64) AppleWebKit/537.36 (KHTML, like Gecko) HeadlessChrome/147.0.7727.15 Safari/537.36"}
[2m[WebServer] [22m{"time":"2026-10-07T08:27:21.891517759-04:00","level":"INFO","msg":"client log","level":"WARN","message":"[inventory] item photo failed to load, showing placeholder Hand Towels https://nyc3.digitaloceanspaces.com/hq.yumyums/items/hand-towels.png","user":"Jamal C. (jamal@yumyums.kitchen)","page":"/inventory.html","ua":"Mozilla/5.0 (X11; Linux x86_64) AppleWebKit/537.36 (KHTML, like Gecko) HeadlessChrome/147.0.7727.15 Safari/537.36"}
[2m[WebServer] [22m{"time":"2026-10-07T08:27:21.897875682-04:00","level":"INFO","msg":"client log","level":"WARN","message":"[inventory] item photo failed to load, showing placeholder Brisket https://nyc3.digitaloceanspaces.com/hq.yumyums/items/brisket.png","user":"Jamal C. (jamal@yumyums.kitchen)","page":"/inventory.html","ua":"Mozilla/5.0 (X11; Linux x86_64) AppleWebKit/537.36 (KHTML, like Gecko) HeadlessChrome/147.0.7727.15 Safari/537.36"}
[2m[WebServer] [22m{"time":"2026-10-07T08:27:21.899118756-04:00","level":"INFO","msg":"client log","level":"WARN","message":"[inventory] item photo failed to load, showing placeholder Hot Dogs https://nyc3.digitaloceanspaces.com/hq.yumyums/items/hot-dogs.png","user":"Jamal C. (jamal@yumyums.kitchen)","page":"/inventory.html","ua":"Mozilla/5.0 (X11; Linux x86_64) AppleWebKit/537.36 (KHTML, like Gecko) HeadlessChrome/147.0.7727.15 Safari/537.36"}
[2m[WebServer] [22m{"time":"2026-10-07T08:27:21.899527815-04:00","level":"INFO","msg":"client log","level":"WARN","message":"[inventory] item photo failed to load, showing placeholder Lemons https://nyc3.digitaloceanspaces.com/hq.yumyums/items/lemons.png","user":"Jamal C. (jamal@yumyums.kitchen)","page":"/inventory.html","ua":"Mozilla/5.0 (X11; Linux x86_64) AppleWebKit/537.36 (KHTML, like Gecko) HeadlessChrome/147.0.7727.15 Safari/537.36"}
[2m[WebServer] [22m{"time":"2026-10-07T08:27:21.899761763-04:00","level":"INFO","msg":"client log","level":"WARN","message":"[inventory] item photo failed to load, showing placeholder Hand Soap https://nyc3.digitaloceanspaces.com/hq.yumyums/items/hand-soap.png","user":"Jamal C. (jamal@yumyums.kitchen)","page":"/inventory.html","ua":"Mozilla/5.0 (X11; Linux x86_64) AppleWebKit/537.36 (KHTML, like Gecko) HeadlessChrome/147.0.7727.15 Safari/537.36"}
[2m[WebServer] [22m{"time":"2026-10-07T08:27:21.901315038-04:00","level":"INFO","msg":"client log","level":"WARN","message":"[inventory] item photo failed to load, showing placeholder Aluminum Foil https://nyc3.digitaloceanspaces.com/hq.yumyums/items/aluminum-foil.png","user":"Jamal C. (jamal@yumyums.kitchen)","page":"/inventory.html","ua":"Mozilla/5.0 (X11; Linux x86_64) AppleWebKit/537.36 (KHTML, like Gecko) HeadlessChrome/147.0.7727.15 Safari/537.36"}
[2m[WebServer] [22m{"time":"2026-10-07T08:27:21.905821167-04:00","level":"INFO","msg":"client log","level":"WARN","message":"[inventory] item photo failed to load, showing placeholder Crystal Hot Sauce https://nyc3.digitaloceanspaces.com/hq.yumyums/items/crystal-hot-sauce.png","user":"Jamal C. (jamal@yumyums.kitchen)","page":"/inventory.html","ua":"Mozilla/5.0 (X11; Linux x86_64) AppleWebKit/537.36 (KHTML, like Gecko) HeadlessChrome/147.0.7727.15 Safari/537.36"}
[2m[WebServer] [22m{"time":"2026-10-07T08:27:21.906557191-04:00","level":"INFO","msg":"client log","level":"WARN","message":"[inventory] item photo failed to load, showing placeholder Cup Holders https://nyc3.digitaloceanspaces.com/hq.yumyums/items/cup-holders.png","user":"Jamal C. (jamal@yumyums.kitchen)","page":"/inventory.html","ua":"Mozilla/5.0 (X11; Linux x86_64) AppleWebKit/537.36 (KHTML, like Gecko) HeadlessChrome/147.0.7727.15 Safari/537.36"}
[2m[WebServer] [22m{"time":"2026-10-07T08:27:21.906699312-04:00","level":"INFO","msg":"client log","level":"WARN","message":"[inventory] item photo failed to load, showing placeholder Hoagie Containers https://nyc3.digitaloceanspaces.com/hq.yumyums/items/hoagie-containers.png","user":"Jamal C. (jamal@yumyums.kitchen)","page":"/inventory.html","ua":"Mozilla/5.0 (X11; Linux x86_64) AppleWebKit/537.36 (KHTML, like Gecko) HeadlessChrome/147.0.7727.15 Safari/537.36"}
[2m[WebServer] [22m{"time":"2026-10-07T08:27:21.907391639-04:00","level":"INFO","msg":"client log","level":"WARN","message":"[inventory] item photo failed to load, showing placeholder White Cheese Sauce https://nyc3.digitaloceanspaces.com/hq.yumyums/items/white-cheese-sauce.png","user":"Jamal C. (jamal@yumyums.kitchen)","page":"/inventory.html","ua":"Mozilla/5.0 (X11; Linux x86_64) AppleWebKit/537.36 (KHTML, like Gecko) HeadlessChrome/147.0.7727.15 Safari/537.36"}
[2m[WebServer] [22m{"time":"2026-10-07T08:27:21.907391748-04:00","level":"INFO","msg":"client log","level":"WARN","message":"[inventory] item photo failed to load, showing placeholder Garlic Powder https://nyc3.digitaloceanspaces.com/hq.yumyums/items/garlic-powder.png","user":"Jamal C. (jamal@yumyums.kitchen)","page":"/inventory.html","ua":"Mozilla/5.0 (X11; Linux x86_64) AppleWebKit/537.36 (KHTML, like Gecko) HeadlessChrome/147.0.7727.15 Safari/537.36"}
[2m[WebServer] [22m{"time":"2026-10-07T08:27:21.915189271-04:00","level":"INFO","msg":"client log","level":"WARN","message":"[inventory] item photo failed to load, showing placeholder Blue Cheese Dressing https://nyc3.digitaloceanspaces.com/hq.yumyums/items/blue-cheese-dressing.png","user":"Jamal C. (jamal@yumyums.kitchen)","page":"/inventory.html","ua":"Mozilla/5.0 (X11; Linux x86_64) AppleWebKit/537.36 (KHTML, like Gecko) HeadlessChrome/147.0.7727.15 Safari/537.36"}
[2m[WebServer] [22m{"time":"2026-10-07T08:27:21.920817552-04:00","level":"INFO","msg":"client log","level":"WARN","message":"[inventory] item photo failed to load, showing placeholder Ketchup Jug https://nyc3.digitaloceanspaces.com/hq.yumyums/items/ketchup-jug.png","user":"Jamal C. (jamal@yumyums.kitchen)","page":"/inventory.html","ua":"Mozilla/5.0 (X11; Linux x86_64) AppleWebKit/537.36 (KHTML, like Gecko) HeadlessChrome/147.0.7727.15 Safari/537.36"}
[2m[WebServer] [22m{"time":"2026-10-07T08:27:21.920900511-04:00","level":"INFO","msg":"client log","level":"WARN","message":"[inventory] item photo failed to load, showing placeholder Seasoning Salt https://nyc3.digitaloceanspaces.com/hq.yumyums/items/seasoning-salt.png","user":"Jamal C. (jamal@yumyums.kitchen)","page":"/inventory.html","ua":"Mozilla/5.0 (X11; Linux x86_64) AppleWebKit/537.36 (KHTML, like Gecko) HeadlessChrome/147.0.7727.15 Safari/537.36"}
[2m[WebServer] [22m{"time":"2026-10-07T08:27:21.922710555-04:00","level":"INFO","msg":"client log","level":"WARN","message":"[inventory] item photo failed to load, showing placeholder Mayonnaise https://nyc3.digitaloceanspaces.com/hq.yumyums/items/mayonnaise.png","user":"Jamal C. (jamal@yumyums.kitchen)","page":"/inventory.html","ua":"Mozilla/5.0 (X11; Linux x86_64) AppleWebKit/537.36 (KHTML, like Gecko) HeadlessChrome/147.0.7727.15 Safari/537.36"}
[2m[WebServer] [22m{"time":"2026-10-07T08:27:21.923918477-04:00","level":"INFO","msg":"client log","level":"WARN","message":"[inventory] item photo failed to load, showing placeholder Olive Oil Blend https://nyc3.digitaloceanspaces.com/hq.yumyums/items/olive-oil-blend.png","user":"Jamal C. (jamal@yumyums.kitchen)","page":"/inventory.html","ua":"Mozilla/5.0 (X11; Linux x86_64) AppleWebKit/537.36 (KHTML, like Gecko) HeadlessChrome/147.0.7727.15 Safari/537.36"}
[2m[WebServer] [22m{"time":"2026-10-07T08:27:21.924094669-04:00","level":"INFO","msg":"client log","level":"WARN","message":"[inventory] item photo failed to load, showing placeholder Mumbo Sauce https://nyc3.digitaloceanspaces.com/hq.yumyums/items/mumbo-sauce.png","user":"Jamal C. (jamal@yumyums.kitchen)","page":"/inventory.html","ua":"Mozilla/5.0 (X11; Linux x86_64) AppleWebKit/537.36 (KHTML, like Gecko) HeadlessChrome/147.0.7727.15 Safari/537.36"}
[2m[WebServer] [22m{"time":"2026-10-07T08:27:21.924158807-04:00","level":"INFO","msg":"client log","level":"WARN","message":"[inventory] item photo failed to load, showing placeholder Everything Bagel Seasoning https://nyc3.digitaloceanspaces.com/hq.yumyums/items/everything-bagel-seasoning.png","user":"Jamal C. (jamal@yumyums.kitchen)","page":"/inventory.html","ua":"Mozilla/5.0 (X11; Linux x86_64) AppleWebKit/537.36 (KHTML, like Gecko) HeadlessChrome/147.0.7727.15 Safari/537.36"}
[2m[WebServer] [22m{"time":"2026-10-07T08:27:21.927607789-04:00","level":"INFO","msg":"client log","level":"WARN","message":"[inventory] item photo failed to load, showing placeholder Granulated Onion https://nyc3.digitaloceanspaces.com/hq.yumyums/items/granulated-onion.png","user":"Jamal C. (jamal@yumyums.kitchen)","page":"/inventory.html","ua":"Mozilla/5.0 (X11; Linux x86_64) AppleWebKit/537.36 (KHTML, like Gecko) HeadlessChrome/147.0.7727.15 Safari/537.36"}
[2m[WebServer] [22m{"time":"2026-10-07T08:27:21.930768201-04:00","level":"INFO","msg":"client log","level":"WARN","message":"[inventory] item photo failed to load, showing placeholder Brown Sugar https://nyc3.digitaloceanspaces.com/hq.yumyums/items/brown-sugar.png","user":"Jamal C. (jamal@yumyums.kitchen)","page":"/inventory.html","ua":"Mozilla/5.0 (X11; Linux x86_64) AppleWebKit/537.36 (KHTML, like Gecko) HeadlessChrome/147.0.7727.15 Safari/537.36"}
[2m[WebServer] [22m{"time":"2026-10-07T08:27:21.935818913-04:00","level":"INFO","msg":"client log","level":"WARN","message":"[inventory] item photo failed to load, showing placeholder Sugar https://nyc3.digitaloceanspaces.com/hq.yumyums/items/sugar.png","user":"Jamal C. (jamal@yumyums.kitchen)","page":"/inventory.html","ua":"Mozilla/5.0 (X11; Linux x86_64) AppleWebKit/537.36 (KHTML, like Gecko) HeadlessChrome/147.0.7727.15 Safari/537.36"}
[2m[WebServer] [22m{"time":"2026-10-07T08:27:21.936521731-04:00","level":"INFO","msg":"client log","level":"WARN","message":"[inventory] item photo failed to load, showing placeholder Salt https://nyc3.digitaloceanspaces.com/hq.yumyums/items/salt.png","user":"Jamal C. (jamal@yumyums.kitchen)","page":"/inventory.html","ua":"Mozilla/5.0 (X11; Linux x86_64) AppleWebKit/537.36 (KHTML, like Gecko) HeadlessChrome/147.0.7727.15 Safari/537.36"}
[2m[WebServer] [22m{"time":"2026-10-07T08:27:21.937513552-04:00","level":"INFO","msg":"client log","level":"WARN","message":"[inventory] item photo failed to load, showing placeholder Pickles https://nyc3.digitaloceanspaces.com/hq.yumyums/items/pickles.png","user":"Jamal C. (jamal@yumyums.kitchen)","page":"/inventory.html","ua":"Mozilla/5.0 (X11; Linux x86_64) AppleWebKit/537.36 (KHTML, like Gecko) HeadlessChrome/147.0.7727.15 Safari/537.36"}
[2m[WebServer] [22m{"time":"2026-10-07T08:27:21.938057917-04:00","level":"INFO","msg":"client log","level":"WARN","message":"[inventory] item photo failed to load, showing placeholder Cayenne Pepper https://nyc3.digitaloceanspaces.com/hq.yumyums/items/cayenne-pepper.png","user":"Jamal C. (jamal@yumyums.kitchen)","page":"/inventory.html","ua":"Mozilla/5.0 (X11; Linux x86_64) AppleWebKit/537.36 (KHTML, like Gecko) HeadlessChrome/147.0.7727.15 Safari/537.36"}
[2m[WebServer] [22m{"time":"2026-10-07T08:27:21.939517201-04:00","level":"INFO","msg":"client log","level":"WARN","message":"[inventory] item photo failed to load, showing placeholder Ranch Dressing https://nyc3.digitaloceanspaces.com/hq.yumyums/items/ranch-dressing.png","user":"Jamal C. (jamal@yumyums.kitchen)","page":"/inventory.html","ua":"Mozilla/5.0 (X11; Linux x86_64) AppleWebKit/537.36 (KHTML, like Gecko) HeadlessChrome/147.0.7727.15 Safari/537.36"}
[2m[WebServer] [22m{"time":"2026-10-07T08:27:21.944285509-04:00","level":"INFO","msg":"client log","level":"WARN","message":"[inventory] item photo failed to load, showing placeholder Sriracha https://nyc3.digitaloceanspaces.com/hq.yumyums/items/sriracha.png","user":"Jamal C. (jamal@yumyums.kitchen)","page":"/inventory.html","ua":"Mozilla/5.0 (X11; Linux x86_64) AppleWebKit/537.36 (KHTML, like Gecko) HeadlessChrome/147.0.7727.15 Safari/537.36"}
[2m[WebServer] [22m{"time":"2026-10-07T08:27:21.947568358-04:00","level":"INFO","msg":"client log","level":"WARN","message":"[inventory] item photo failed to load, showing placeholder Nacho Cheese Sauce https://nyc3.digitaloceanspaces.com/hq.yumyums/items/nacho-cheese-sauce.png","user":"Jamal C. (jamal@yumyums.kitchen)","page":"/inventory.html","ua":"Mozilla/5.0 (X11; Linux x86_64) AppleWebKit/537.36 (KHTML, like Gecko) HeadlessChrome/147.0.7727.15 Safari/537.36"}
[2m[WebServer] [22m{"time":"2026-10-07T08:27:21.947846868-04:00","level":"INFO","msg":"client log","level":"WARN","message":"[inventory] item photo failed to load, showing placeholder Relish https://nyc3.digitaloceanspaces.com/hq.yumyums/items/relish.png","user":"Jamal C. (jamal@yumyums.kitchen)","page":"/inventory.html","ua":"Mozilla/5.0 (X11; Linux x86_64) AppleWebKit/537.36 (KHTML, like Gecko) HeadlessChrome/147.0.7727.15 Safari/537.36"}
[2m[WebServer] [22m{"time":"2026-10-07T08:27:21.948033334-04:00","level":"INFO","msg":"client log","level":"WARN","message":"[inventory] item photo failed to load, showing placeholder Coarse Sea Salt https://nyc3.digitaloceanspaces.com/hq.yumyums/items/coarse-sea-salt.png","user":"Jamal C. (jamal@yumyums.kitchen)","page":"/inventory.html","ua":"Mozilla/5.0 (X11; Linux x86_64) AppleWebKit/537.36 (KHTML, like Gecko) HeadlessChrome/147.0.7727.15 Safari/537.36"}
[2m[WebServer] [22m{"time":"2026-10-07T08:27:21.949351471-04:00","level":"INFO","msg":"client log","level":"WARN","message":"[inventory] item photo failed to load, showing placeholder Jerk Seasoning https://nyc3.digitaloceanspaces.com/hq.yumyums/items/jerk-seasoning.png","user":"Jamal C. (jamal@yumyums.kitchen)","page":"/inventory.html","ua":"Mozilla/5.0 (X11; Linux x86_64) AppleWebKit/537.36 (KHTML, like Gecko) HeadlessChrome/147.0.7727.15 Safari/537.36"}
[2m[WebServer] [22m{"time":"2026-10-07T08:27:21.949539343-04:00","level":"INFO","msg":"client log","level":"WARN","message":"[inventory] item photo failed to load, showing placeholder Allspice https://nyc3.digitaloceanspaces.com/hq.yumyums/items/allspice.png","user":"Jamal C. (jamal@yumyums.kitchen)","page":"/inventory.html","ua":"Mozilla/5.0 (X11; Linux x86_64) AppleWebKit/537.36 (KHTML, like Gecko) HeadlessChrome/147.0.7727.15 Safari/537.36"}
[2m[WebServer] [22m{"time":"2026-10-07T08:27:21.953115736-04:00","level":"INFO","msg":"client log","level":"WARN","message":"[inventory] item photo failed to load, showing placeholder Ketchup Packets https://nyc3.digitaloceanspaces.com/hq.yumyums/items/ketchup-packets.png","user":"Jamal C. (jamal@yumyums.kitchen)","page":"/inventory.html","ua":"Mozilla/5.0 (X11; Linux x86_64) AppleWebKit/537.36 (KHTML, like Gecko) HeadlessChrome/147.0.7727.15 Safari/537.36"}
[2m[WebServer] [22m{"time":"2026-10-07T08:27:21.958416187-04:00","level":"INFO","msg":"client log","level":"WARN","message":"[inventory] item photo failed to load, showing placeholder Lemon Juice https://nyc3.digitaloceanspaces.com/hq.yumyums/items/lemon-juice.png","user":"Jamal C. (jamal@yumyums.kitchen)","page":"/inventory.html","ua":"Mozilla/5.0 (X11; Linux x86_64) AppleWebKit/537.36 (KHTML, like Gecko) HeadlessChrome/147.0.7727.15 Safari/537.36"}
[2m[WebServer] [22m{"time":"2026-10-07T08:27:21.958416187-04:00","level":"INFO","msg":"client log","level":"WARN","message":"[inventory] item photo failed to load, showing placeholder Liquid Butter https://nyc3.digitaloceanspaces.com/hq.yumyums/items/liquid-butter.png","user":"Jamal C. (jamal@yumyums.kitchen)","page":"/inventory.html","ua":"Mozilla/5.0 (X11; Linux x86_64) AppleWebKit/537.36 (KHTML, like Gecko) HeadlessChrome/147.0.7727.15 Safari/537.36"}
[2m[WebServer] [22m{"time":"2026-10-07T08:27:21.958416187-04:00","level":"INFO","msg":"client log","level":"WARN","message":"[inventory] item photo failed to load, showing placeholder Black Pepper https://nyc3.digitaloceanspaces.com/hq.yumyums/items/black-pepper.png","user":"Jamal C. (jamal@yumyums.kitchen)","page":"/inventory.html","ua":"Mozilla/5.0 (X11; Linux x86_64) AppleWebKit/537.36 (KHTML, like Gecko) HeadlessChrome/147.0.7727.15 Safari/537.36"}
[2m[WebServer] [22m{"time":"2026-10-07T08:27:21.960208061-04:00","level":"INFO","msg":"client log","level":"WARN","message":"[inventory] item photo failed to load, showing placeholder Fine Sea Salt https://nyc3.digitaloceanspaces.com/hq.yumyums/items/fine-sea-salt.png","user":"Jamal C. (jamal@yumyums.kitchen)","page":"/inventory.html","ua":"Mozilla/5.0 (X11; Linux x86_64) AppleWebKit/537.36 (KHTML, like Gecko) HeadlessChrome/147.0.7727.15 Safari/537.36"}
  ✓  1 [chromium] › tests/inventory.spec.js:2186:3 › Inventory › Setup item editor shows alias chips, adds and removes nicknames (2.7s)
[2m[WebServer] [22m{"time":"2026-10-07T08:27:25.57741701-04:00","level":"INFO","msg":"client log","level":"WARN","message":"[inventory] item photo failed to load, showing placeholder Coke https://nyc3.digitaloceanspaces.com/hq.yumyums/items/coke.png","user":"Jamal C. (jamal@yumyums.kitchen)","page":"/inventory.html","ua":"Mozilla/5.0 (X11; Linux x86_64) AppleWebKit/537.36 (KHTML, like Gecko) HeadlessChrome/147.0.7727.15 Safari/537.36"}
[2m[WebServer] [22m{"time":"2026-10-07T08:27:25.577696926-04:00","level":"INFO","msg":"client log","level":"WARN","message":"[inventory] item photo failed to load, showing placeholder Dr. Pepper https://nyc3.digitaloceanspaces.com/hq.yumyums/items/dr-pepper.png","user":"Jamal C. (jamal@yumyums.kitchen)","page":"/inventory.html","ua":"Mozilla/5.0 (X11; Linux x86_64) AppleWebKit/537.36 (KHTML, like Gecko) HeadlessChrome/147.0.7727.15 Safari/537.36"}
[2m[WebServer] [22m{"time":"2026-10-07T08:27:25.578832057-04:00","level":"INFO","msg":"client log","level":"WARN","message":"[inventory] item photo failed to load, showing placeholder Mango Syrup https://nyc3.digitaloceanspaces.com/hq.yumyums/items/mango-syrup.png","user":"Jamal C. (jamal@yumyums.kitchen)","page":"/inventory.html","ua":"Mozilla/5.0 (X11; Linux x86_64) AppleWebKit/537.36 (KHTML, like Gecko) HeadlessChrome/147.0.7727.15 Safari/537.36"}
[2m[WebServer] [22m{"time":"2026-10-07T08:27:25.578861585-04:00","level":"INFO","msg":"client log","level":"WARN","message":"[inventory] item photo failed to load, showing placeholder Lemonade Mix https://nyc3.digitaloceanspaces.com/hq.yumyums/items/lemonade-mix.png","user":"Jamal C. (jamal@yumyums.kitchen)","page":"/inventory.html","ua":"Mozilla/5.0 (X11; Linux x86_64) AppleWebKit/537.36 (KHTML, like Gecko) HeadlessChrome/147.0.7727.15 Safari/537.36"}
[2m[WebServer] [22m{"time":"2026-10-07T08:27:25.578923776-04:00","level":"INFO","msg":"client log","level":"WARN","message":"[inventory] item photo failed to load, showing placeholder Sprite https://nyc3.digitaloceanspaces.com/hq.yumyums/items/sprite.png","user":"Jamal C. (jamal@yumyums.kitchen)","page":"/inventory.html","ua":"Mozilla/5.0 (X11; Linux x86_64) AppleWebKit/537.36 (KHTML, like Gecko) HeadlessChrome/147.0.7727.15 Safari/537.36"}
[2m[WebServer] [22m{"time":"2026-10-07T08:27:25.585389535-04:00","level":"INFO","msg":"client log","level":"WARN","message":"[inventory] item photo failed to load, showing placeholder Water https://nyc3.digitaloceanspaces.com/hq.yumyums/items/water.png","user":"Jamal C. (jamal@yumyums.kitchen)","page":"/inventory.html","ua":"Mozilla/5.0 (X11; Linux x86_64) AppleWebKit/537.36 (KHTML, like Gecko) HeadlessChrome/147.0.7727.15 Safari/537.36"}
[2m[WebServer] [22m{"time":"2026-10-07T08:27:25.585793185-04:00","level":"INFO","msg":"client log","level":"WARN","message":"[inventory] item photo failed to load, showing placeholder Coke Zero https://nyc3.digitaloceanspaces.com/hq.yumyums/items/coke-zero.png","user":"Jamal C. (jamal@yumyums.kitchen)","page":"/inventory.html","ua":"Mozilla/5.0 (X11; Linux x86_64) AppleWebKit/537.36 (KHTML, like Gecko) HeadlessChrome/147.0.7727.15 Safari/537.36"}
[2m[WebServer] [22m{"time":"2026-10-07T08:27:25.792030226-04:00","level":"INFO","msg":"client log","level":"WARN","message":"[inventory] item photo failed to load, showing placeholder No Rinse Floor Cleaner https://nyc3.digitaloceanspaces.com/hq.yumyums/items/no-rinse-floor-cleaner.png","user":"Jamal C. (jamal@yumyums.kitchen)","page":"/inventory.html","ua":"Mozilla/5.0 (X11; Linux x86_64) AppleWebKit/537.36 (KHTML, like Gecko) HeadlessChrome/147.0.7727.15 Safari/537.36"}
[2m[WebServer] [22m{"time":"2026-10-07T08:27:25.793163194-04:00","level":"INFO","msg":"client log","level":"WARN","message":"[inventory] item photo failed to load, showing placeholder Mexican Cheese https://nyc3.digitaloceanspaces.com/hq.yumyums/items/mexican-cheese.png","user":"Jamal C. (jamal@yumyums.kitchen)","page":"/inventory.html","ua":"Mozilla/5.0 (X11; Linux x86_64) AppleWebKit/537.36 (KHTML, like Gecko) HeadlessChrome/147.0.7727.15 Safari/537.36"}
[2m[WebServer] [22m{"time":"2026-10-07T08:27:25.794485332-04:00","level":"INFO","msg":"client log","level":"WARN","message":"[inventory] item photo failed to load, showing placeholder Pan Spray https://nyc3.digitaloceanspaces.com/hq.yumyums/items/pan-spray.png","user":"Jamal C. (jamal@yumyums.kitchen)","page":"/inventory.html","ua":"Mozilla/5.0 (X11; Linux x86_64) AppleWebKit/537.36 (KHTML, like Gecko) HeadlessChrome/147.0.7727.15 Safari/537.36"}
[2m[WebServer] [22m{"time":"2026-10-07T08:27:25.79658546-04:00","level":"INFO","msg":"client log","level":"WARN","message":"[inventory] item photo failed to load, showing placeholder Gloves https://nyc3.digitaloceanspaces.com/hq.yumyums/items/gloves.png","user":"Jamal C. (jamal@yumyums.kitchen)","page":"/inventory.html","ua":"Mozilla/5.0 (X11; Linux x86_64) AppleWebKit/537.36 (KHTML, like Gecko) HeadlessChrome/147.0.7727.15 Safari/537.36"}
[2m[WebServer] [22m{"time":"2026-10-07T08:27:25.798428818-04:00","level":"INFO","msg":"client log","level":"WARN","message":"[inventory] item photo failed to load, showing placeholder Aluminum Foil https://nyc3.digitaloceanspaces.com/hq.yumyums/items/aluminum-foil.png","user":"Jamal C. (jamal@yumyums.kitchen)","page":"/inventory.html","ua":"Mozilla/5.0 (X11; Linux x86_64) AppleWebKit/537.36 (KHTML, like Gecko) HeadlessChrome/147.0.7727.15 Safari/537.36"}
[2m[WebServer] [22m{"time":"2026-10-07T08:27:25.800139789-04:00","level":"INFO","msg":"client log","level":"WARN","message":"[inventory] item photo failed to load, showing placeholder Cheesesteak https://nyc3.digitaloceanspaces.com/hq.yumyums/items/cheesesteak.png","user":"Jamal C. (jamal@yumyums.kitchen)","page":"/inventory.html","ua":"Mozilla/5.0 (X11; Linux x86_64) AppleWebKit/537.36 (KHTML, like Gecko) HeadlessChrome/147.0.7727.15 Safari/537.36"}
[2m[WebServer] [22m{"time":"2026-10-07T08:27:25.852933281-04:00","level":"INFO","msg":"client log","level":"WARN","message":"[inventory] item photo failed to load, showing placeholder Charcoal https://nyc3.digitaloceanspaces.com/hq.yumyums/items/charcoal.png","user":"Jamal C. (jamal@yumyums.kitchen)","page":"/inventory.html","ua":"Mozilla/5.0 (X11; Linux x86_64) AppleWebKit/537.36 (KHTML, like Gecko) HeadlessChrome/147.0.7727.15 Safari/537.36"}
[2m[WebServer] [22m{"time":"2026-10-07T08:27:25.853318544-04:00","level":"INFO","msg":"client log","level":"WARN","message":"[inventory] item photo failed to load, showing placeholder Plastic Bags https://nyc3.digitaloceanspaces.com/hq.yumyums/items/plastic-bags.png","user":"Jamal C. (jamal@yumyums.kitchen)","page":"/inventory.html","ua":"Mozilla/5.0 (X11; Linux x86_64) AppleWebKit/537.36 (KHTML, like Gecko) HeadlessChrome/147.0.7727.15 Safari/537.36"}
[2m[WebServer] [22m{"time":"2026-10-07T08:27:25.855197811-04:00","level":"INFO","msg":"client log","level":"WARN","message":"[inventory] item photo failed to load, showing placeholder Bleach https://nyc3.digitaloceanspaces.com/hq.yumyums/items/bleach.png","user":"Jamal C. (jamal@yumyums.kitchen)","page":"/inventory.html","ua":"Mozilla/5.0 (X11; Linux x86_64) AppleWebKit/537.36 (KHTML, like Gecko) HeadlessChrome/147.0.7727.15 Safari/537.36"}
[2m[WebServer] [22m{"time":"2026-10-07T08:27:25.855197811-04:00","level":"INFO","msg":"client log","level":"WARN","message":"[inventory] item photo failed to load, showing placeholder Boxes (No 8) https://nyc3.digitaloceanspaces.com/hq.yumyums/items/boxes-no-8.png","user":"Jamal C. (jamal@yumyums.kitchen)","page":"/inventory.html","ua":"Mozilla/5.0 (X11; Linux x86_64) AppleWebKit/537.36 (KHTML, like Gecko) HeadlessChrome/147.0.7727.15 Safari/537.36"}
[2m[WebServer] [22m{"time":"2026-10-07T08:27:25.855211439-04:00","level":"INFO","msg":"client log","level":"WARN","message":"[inventory] item photo failed to load, showing placeholder Blast Away https://nyc3.digitaloceanspaces.com/hq.yumyums/items/blast-away.png","user":"Jamal C. (jamal@yumyums.kitchen)","page":"/inventory.html","ua":"Mozilla/5.0 (X11; Linux x86_64) AppleWebKit/537.36 (KHTML, like Gecko) HeadlessChrome/147.0.7727.15 Safari/537.36"}
[2m[WebServer] [22m{"time":"2026-10-07T08:27:25.857062043-04:00","level":"INFO","msg":"client log","level":"WARN","message":"[inventory] item photo failed to load, showing placeholder Hand Towels https://nyc3.digitaloceanspaces.com/hq.yumyums/items/hand-towels.png","user":"Jamal C. (jamal@yumyums.kitchen)","page":"/inventory.html","ua":"Mozilla/5.0 (X11; Linux x86_64) AppleWebKit/537.36 (KHTML, like Gecko) HeadlessChrome/147.0.7727.15 Safari/537.36"}
[2m[WebServer] [22m{"time":"2026-10-07T08:27:25.862948068-04:00","level":"INFO","msg":"client log","level":"WARN","message":"[inventory] item photo failed to load, showing placeholder Brisket https://nyc3.digitaloceanspaces.com/hq.yumyums/items/brisket.png","user":"Jamal C. (jamal@yumyums.kitchen)","page":"/inventory.html","ua":"Mozilla/5.0 (X11; Linux x86_64) AppleWebKit/537.36 (KHTML, like Gecko) HeadlessChrome/147.0.7727.15 Safari/537.36"}
[2m[WebServer] [22m{"time":"2026-10-07T08:27:25.864107535-04:00","level":"INFO","msg":"client log","level":"WARN","message":"[inventory] item photo failed to load, showing placeholder Hot Dog Rolls https://nyc3.digitaloceanspaces.com/hq.yumyums/items/hot-dog-rolls.png","user":"Jamal C. (jamal@yumyums.kitchen)","page":"/inventory.html","ua":"Mozilla/5.0 (X11; Linux x86_64) AppleWebKit/537.36 (KHTML, like Gecko) HeadlessChrome/147.0.7727.15 Safari/537.36"}
[2m[WebServer] [22m{"time":"2026-10-07T08:27:25.864346892-04:00","level":"INFO","msg":"client log","level":"WARN","message":"[inventory] item photo failed to load, showing placeholder Hoagie Containers https://nyc3.digitaloceanspaces.com/hq.yumyums/items/hoagie-containers.png","user":"Jamal C. (jamal@yumyums.kitchen)","page":"/inventory.html","ua":"Mozilla/5.0 (X11; Linux x86_64) AppleWebKit/537.36 (KHTML, like Gecko) HeadlessChrome/147.0.7727.15 Safari/537.36"}
[2m[WebServer] [22m{"time":"2026-10-07T08:27:25.86497627-04:00","level":"INFO","msg":"client log","level":"WARN","message":"[inventory] item photo failed to load, showing placeholder Crystal Hot Sauce https://nyc3.digitaloceanspaces.com/hq.yumyums/items/crystal-hot-sauce.png","user":"Jamal C. (jamal@yumyums.kitchen)","page":"/inventory.html","ua":"Mozilla/5.0 (X11; Linux x86_64) AppleWebKit/537.36 (KHTML, like Gecko) HeadlessChrome/147.0.7727.15 Safari/537.36"}
[2m[WebServer] [22m{"time":"2026-10-07T08:27:25.866862567-04:00","level":"INFO","msg":"client log","level":"WARN","message":"[inventory] item photo failed to load, showing placeholder Parm Cheese https://nyc3.digitaloceanspaces.com/hq.yumyums/items/parm-cheese.png","user":"Jamal C. (jamal@yumyums.kitchen)","page":"/inventory.html","ua":"Mozilla/5.0 (X11; Linux x86_64) AppleWebKit/537.36 (KHTML, like Gecko) HeadlessChrome/147.0.7727.15 Safari/537.36"}
[2m[WebServer] [22m{"time":"2026-10-07T08:27:25.869972469-04:00","level":"INFO","msg":"client log","level":"WARN","message":"[inventory] item photo failed to load, showing placeholder Brisket Rolls https://nyc3.digitaloceanspaces.com/hq.yumyums/items/brisket-rolls.png","user":"Jamal C. (jamal@yumyums.kitchen)","page":"/inventory.html","ua":"Mozilla/5.0 (X11; Linux x86_64) AppleWebKit/537.36 (KHTML, like Gecko) HeadlessChrome/147.0.7727.15 Safari/537.36"}
[2m[WebServer] [22m{"time":"2026-10-07T08:27:25.876002562-04:00","level":"INFO","msg":"client log","level":"WARN","message":"[inventory] item photo failed to load, showing placeholder Dirty Dog Rolls https://nyc3.digitaloceanspaces.com/hq.yumyums/items/dirty-dog-rolls.png","user":"Jamal C. (jamal@yumyums.kitchen)","page":"/inventory.html","ua":"Mozilla/5.0 (X11; Linux x86_64) AppleWebKit/537.36 (KHTML, like Gecko) HeadlessChrome/147.0.7727.15 Safari/537.36"}
[2m[WebServer] [22m{"time":"2026-10-07T08:27:25.876201792-04:00","level":"INFO","msg":"client log","level":"WARN","message":"[inventory] item photo failed to load, showing placeholder Trash Bags (30 Gallon) https://nyc3.digitaloceanspaces.com/hq.yumyums/items/trash-bags-30-gallon.png","user":"Jamal C. (jamal@yumyums.kitchen)","page":"/inventory.html","ua":"Mozilla/5.0 (X11; Linux x86_64) AppleWebKit/537.36 (KHTML, like Gecko) HeadlessChrome/147.0.7727.15 Safari/537.36"}
[2m[WebServer] [22m{"time":"2026-10-07T08:27:25.877089022-04:00","level":"INFO","msg":"client log","level":"WARN","message":"[inventory] item photo failed to load, showing placeholder Cups https://nyc3.digitaloceanspaces.com/hq.yumyums/items/cups.png","user":"Jamal C. (jamal@yumyums.kitchen)","page":"/inventory.html","ua":"Mozilla/5.0 (X11; Linux x86_64) AppleWebKit/537.36 (KHTML, like Gecko) HeadlessChrome/147.0.7727.15 Safari/537.36"}
[2m[WebServer] [22m{"time":"2026-10-07T08:27:25.877089022-04:00","level":"INFO","msg":"client log","level":"WARN","message":"[inventory] item photo failed to load, showing placeholder Dish Soap https://nyc3.digitaloceanspaces.com/hq.yumyums/items/dish-soap.png","user":"Jamal C. (jamal@yumyums.kitchen)","page":"/inventory.html","ua":"Mozilla/5.0 (X11; Linux x86_64) AppleWebKit/537.36 (KHTML, like Gecko) HeadlessChrome/147.0.7727.15 Safari/537.36"}
[2m[WebServer] [22m{"time":"2026-10-07T08:27:25.877344602-04:00","level":"INFO","msg":"client log","level":"WARN","message":"[inventory] item photo failed to load, showing placeholder Forks https://nyc3.digitaloceanspaces.com/hq.yumyums/items/forks.png","user":"Jamal C. (jamal@yumyums.kitchen)","page":"/inventory.html","ua":"Mozilla/5.0 (X11; Linux x86_64) AppleWebKit/537.36 (KHTML, like Gecko) HeadlessChrome/147.0.7727.15 Safari/537.36"}
[2m[WebServer] [22m{"time":"2026-10-07T08:27:25.883431479-04:00","level":"INFO","msg":"client log","level":"WARN","message":"[inventory] item photo failed to load, showing placeholder Boxes (No 2) https://nyc3.digitaloceanspaces.com/hq.yumyums/items/boxes-no-2.png","user":"Jamal C. (jamal@yumyums.kitchen)","page":"/inventory.html","ua":"Mozilla/5.0 (X11; Linux x86_64) AppleWebKit/537.36 (KHTML, like Gecko) HeadlessChrome/147.0.7727.15 Safari/537.36"}
[2m[WebServer] [22m{"time":"2026-10-07T08:27:25.884898983-04:00","level":"INFO","msg":"client log","level":"WARN","message":"[inventory] item photo failed to load, showing placeholder Sanitizing Tablets https://nyc3.digitaloceanspaces.com/hq.yumyums/items/sanitizing-tablets.png","user":"Jamal C. (jamal@yumyums.kitchen)","page":"/inventory.html","ua":"Mozilla/5.0 (X11; Linux x86_64) AppleWebKit/537.36 (KHTML, like Gecko) HeadlessChrome/147.0.7727.15 Safari/537.36"}
[2m[WebServer] [22m{"time":"2026-10-07T08:27:25.885298307-04:00","level":"INFO","msg":"client log","level":"WARN","message":"[inventory] item photo failed to load, showing placeholder Hand Soap https://nyc3.digitaloceanspaces.com/hq.yumyums/items/hand-soap.png","user":"Jamal C. (jamal@yumyums.kitchen)","page":"/inventory.html","ua":"Mozilla/5.0 (X11; Linux x86_64) AppleWebKit/537.36 (KHTML, like Gecko) HeadlessChrome/147.0.7727.15 Safari/537.36"}
[2m[WebServer] [22m{"time":"2026-10-07T08:27:25.885462926-04:00","level":"INFO","msg":"client log","level":"WARN","message":"[inventory] item photo failed to load, showing placeholder Cup Holders https://nyc3.digitaloceanspaces.com/hq.yumyums/items/cup-holders.png","user":"Jamal C. (jamal@yumyums.kitchen)","page":"/inventory.html","ua":"Mozilla/5.0 (X11; Linux x86_64) AppleWebKit/537.36 (KHTML, like Gecko) HeadlessChrome/147.0.7727.15 Safari/537.36"}
[2m[WebServer] [22m{"time":"2026-10-07T08:27:25.887442456-04:00","level":"INFO","msg":"client log","level":"WARN","message":"[inventory] item photo failed to load, showing placeholder Sour Cream https://nyc3.digitaloceanspaces.com/hq.yumyums/items/sour-cream.png","user":"Jamal C. (jamal@yumyums.kitchen)","page":"/inventory.html","ua":"Mozilla/5.0 (X11; Linux x86_64) AppleWebKit/537.36 (KHTML, like Gecko) HeadlessChrome/147.0.7727.15 Safari/537.36"}
[2m[WebServer] [22m{"time":"2026-10-07T08:27:25.895591172-04:00","level":"INFO","msg":"client log","level":"WARN","message":"[inventory] item photo failed to load, showing placeholder Corn https://nyc3.digitaloceanspaces.com/hq.yumyums/items/corn.png","user":"Jamal C. (jamal@yumyums.kitchen)","page":"/inventory.html","ua":"Mozilla/5.0 (X11; Linux x86_64) AppleWebKit/537.36 (KHTML, like Gecko) HeadlessChrome/147.0.7727.15 Safari/537.36"}
[2m[WebServer] [22m{"time":"2026-10-07T08:27:25.895689381-04:00","level":"INFO","msg":"client log","level":"WARN","message":"[inventory] item photo failed to load, showing placeholder Towels https://nyc3.digitaloceanspaces.com/hq.yumyums/items/towels.png","user":"Jamal C. (jamal@yumyums.kitchen)","page":"/inventory.html","ua":"Mozilla/5.0 (X11; Linux x86_64) AppleWebKit/537.36 (KHTML, like Gecko) HeadlessChrome/147.0.7727.15 Safari/537.36"}
[2m[WebServer] [22m{"time":"2026-10-07T08:27:25.896121801-04:00","level":"INFO","msg":"client log","level":"WARN","message":"[inventory] item photo failed to load, showing placeholder Ranch Dressing https://nyc3.digitaloceanspaces.com/hq.yumyums/items/ranch-dressing.png","user":"Jamal C. (jamal@yumyums.kitchen)","page":"/inventory.html","ua":"Mozilla/5.0 (X11; Linux x86_64) AppleWebKit/537.36 (KHTML, like Gecko) HeadlessChrome/147.0.7727.15 Safari/537.36"}
[2m[WebServer] [22m{"time":"2026-10-07T08:27:25.896393173-04:00","level":"INFO","msg":"client log","level":"WARN","message":"[inventory] item photo failed to load, showing placeholder Ketchup Jug https://nyc3.digitaloceanspaces.com/hq.yumyums/items/ketchup-jug.png","user":"Jamal C. (jamal@yumyums.kitchen)","page":"/inventory.html","ua":"Mozilla/5.0 (X11; Linux x86_64) AppleWebKit/537.36 (KHTML, like Gecko) HeadlessChrome/147.0.7727.15 Safari/537.36"}
[2m[WebServer] [22m{"time":"2026-10-07T08:27:25.897313175-04:00","level":"INFO","msg":"client log","level":"WARN","message":"[inventory] item photo failed to load, showing placeholder Brown Sugar https://nyc3.digitaloceanspaces.com/hq.yumyums/items/brown-sugar.png","user":"Jamal C. (jamal@yumyums.kitchen)","page":"/inventory.html","ua":"Mozilla/5.0 (X11; Linux x86_64) AppleWebKit/537.36 (KHTML, like Gecko) HeadlessChrome/147.0.7727.15 Safari/537.36"}
[2m[WebServer] [22m{"time":"2026-10-07T08:27:25.90655073-04:00","level":"INFO","msg":"client log","level":"WARN","message":"[inventory] item photo failed to load, showing placeholder Wings https://nyc3.digitaloceanspaces.com/hq.yumyums/items/wings.png","user":"Jamal C. (jamal@yumyums.kitchen)","page":"/inventory.html","ua":"Mozilla/5.0 (X11; Linux x86_64) AppleWebKit/537.36 (KHTML, like Gecko) HeadlessChrome/147.0.7727.15 Safari/537.36"}
[2m[WebServer] [22m{"time":"2026-10-07T08:27:25.906864933-04:00","level":"INFO","msg":"client log","level":"WARN","message":"[inventory] item photo failed to load, showing placeholder Hamburger Rolls https://nyc3.digitaloceanspaces.com/hq.yumyums/items/hamburger-rolls.png","user":"Jamal C. (jamal@yumyums.kitchen)","page":"/inventory.html","ua":"Mozilla/5.0 (X11; Linux x86_64) AppleWebKit/537.36 (KHTML, like Gecko) HeadlessChrome/147.0.7727.15 Safari/537.36"}
[2m[WebServer] [22m{"time":"2026-10-07T08:27:25.907517782-04:00","level":"INFO","msg":"client log","level":"WARN","message":"[inventory] item photo failed to load, showing placeholder Crabmeat https://nyc3.digitaloceanspaces.com/hq.yumyums/items/crabmeat.png","user":"Jamal C. (jamal@yumyums.kitchen)","page":"/inventory.html","ua":"Mozilla/5.0 (X11; Linux x86_64) AppleWebKit/537.36 (KHTML, like Gecko) HeadlessChrome/147.0.7727.15 Safari/537.36"}
[2m[WebServer] [22m{"time":"2026-10-07T08:27:25.907773578-04:00","level":"INFO","msg":"client log","level":"WARN","message":"[inventory] item photo failed to load, showing placeholder Relish https://nyc3.digitaloceanspaces.com/hq.yumyums/items/relish.png","user":"Jamal C. (jamal@yumyums.kitchen)","page":"/inventory.html","ua":"Mozilla/5.0 (X11; Linux x86_64) AppleWebKit/537.36 (KHTML, like Gecko) HeadlessChrome/147.0.7727.15 Safari/537.36"}
[2m[WebServer] [22m{"time":"2026-10-07T08:27:25.908026455-04:00","level":"INFO","msg":"client log","level":"WARN","message":"[inventory] item photo failed to load, showing placeholder Tomaotes https://nyc3.digitaloceanspaces.com/hq.yumyums/items/tomaotes.png","user":"Jamal C. (jamal@yumyums.kitchen)","page":"/inventory.html","ua":"Mozilla/5.0 (X11; Linux x86_64) AppleWebKit/537.36 (KHTML, like Gecko) HeadlessChrome/147.0.7727.15 Safari/537.36"}
[2m[WebServer] [22m{"time":"2026-10-07T08:27:25.90822179-04:00","level":"INFO","msg":"client log","level":"WARN","message":"[inventory] item photo failed to load, showing placeholder Egg Roll Wraps https://nyc3.digitaloceanspaces.com/hq.yumyums/items/egg-roll-wraps.png","user":"Jamal C. (jamal@yumyums.kitchen)","page":"/inventory.html","ua":"Mozilla/5.0 (X11; Linux x86_64) AppleWebKit/537.36 (KHTML, like Gecko) HeadlessChrome/147.0.7727.15 Safari/537.36"}
[2m[WebServer] [22m{"time":"2026-10-07T08:27:25.91859015-04:00","level":"INFO","msg":"client log","level":"WARN","message":"[inventory] item photo failed to load, showing placeholder Mint https://nyc3.digitaloceanspaces.com/hq.yumyums/items/mint.png","user":"Jamal C. (jamal@yumyums.kitchen)","page":"/inventory.html","ua":"Mozilla/5.0 (X11; Linux x86_64) AppleWebKit/537.36 (KHTML, like Gecko) HeadlessChrome/147.0.7727.15 Safari/537.36"}
[2m[WebServer] [22m{"time":"2026-10-07T08:27:25.919091901-04:00","level":"INFO","msg":"client log","level":"WARN","message":"[inventory] item photo failed to load, showing placeholder Mumbo Sauce https://nyc3.digitaloceanspaces.com/hq.yumyums/items/mumbo-sauce.png","user":"Jamal C. (jamal@yumyums.kitchen)","page":"/inventory.html","ua":"Mozilla/5.0 (X11; Linux x86_64) AppleWebKit/537.36 (KHTML, like Gecko) HeadlessChrome/147.0.7727.15 Safari/537.36"}
[2m[WebServer] [22m{"time":"2026-10-07T08:27:25.919179185-04:00","level":"INFO","msg":"client log","level":"WARN","message":"[inventory] item photo failed to load, showing placeholder Blue Cheese Dressing https://nyc3.digitaloceanspaces.com/hq.yumyums/items/blue-cheese-dressing.png","user":"Jamal C. (jamal@yumyums.kitchen)","page":"/inventory.html","ua":"Mozilla/5.0 (X11; Linux x86_64) AppleWebKit/537.36 (KHTML, like Gecko) HeadlessChrome/147.0.7727.15 Safari/537.36"}
[2m[WebServer] [22m{"time":"2026-10-07T08:27:25.919210876-04:00","level":"INFO","msg":"client log","level":"WARN","message":"[inventory] item photo failed to load, showing placeholder Everything Bagel Seasoning https://nyc3.digitaloceanspaces.com/hq.yumyums/items/everything-bagel-seasoning.png","user":"Jamal C. (jamal@yumyums.kitchen)","page":"/inventory.html","ua":"Mozilla/5.0 (X11; Linux x86_64) AppleWebKit/537.36 (KHTML, like Gecko) HeadlessChrome/147.0.7727.15 Safari/537.36"}
[2m[WebServer] [22m{"time":"2026-10-07T08:27:25.919091901-04:00","level":"INFO","msg":"client log","level":"WARN","message":"[inventory] item photo failed to load, showing placeholder Chicken Tenders https://nyc3.digitaloceanspaces.com/hq.yumyums/items/chicken-tenders.png","user":"Jamal C. (jamal@yumyums.kitchen)","page":"/inventory.html","ua":"Mozilla/5.0 (X11; Linux x86_64) AppleWebKit/537.36 (KHTML, like Gecko) HeadlessChrome/147.0.7727.15 Safari/537.36"}
[2m[WebServer] [22m{"time":"2026-10-07T08:27:25.919370952-04:00","level":"INFO","msg":"client log","level":"WARN","message":"[inventory] item photo failed to load, showing placeholder Lemon Juice https://nyc3.digitaloceanspaces.com/hq.yumyums/items/lemon-juice.png","user":"Jamal C. (jamal@yumyums.kitchen)","page":"/inventory.html","ua":"Mozilla/5.0 (X11; Linux x86_64) AppleWebKit/537.36 (KHTML, like Gecko) HeadlessChrome/147.0.7727.15 Safari/537.36"}
[2m[WebServer] [22m{"time":"2026-10-07T08:27:25.925108366-04:00","level":"INFO","msg":"client log","level":"WARN","message":"[inventory] item photo failed to load, showing placeholder Chicken Party Wings https://nyc3.digitaloceanspaces.com/hq.yumyums/items/chicken-party-wings.png","user":"Jamal C. (jamal@yumyums.kitchen)","page":"/inventory.html","ua":"Mozilla/5.0 (X11; Linux x86_64) AppleWebKit/537.36 (KHTML, like Gecko) HeadlessChrome/147.0.7727.15 Safari/537.36"}
[2m[WebServer] [22m{"time":"2026-10-07T08:27:25.930157996-04:00","level":"INFO","msg":"client log","level":"WARN","message":"[inventory] item photo failed to load, showing placeholder Bread Crumbs https://nyc3.digitaloceanspaces.com/hq.yumyums/items/bread-crumbs.png","user":"Jamal C. (jamal@yumyums.kitchen)","page":"/inventory.html","ua":"Mozilla/5.0 (X11; Linux x86_64) AppleWebKit/537.36 (KHTML, like Gecko) HeadlessChrome/147.0.7727.15 Safari/537.36"}
[2m[WebServer] [22m{"time":"2026-10-07T08:27:25.930418227-04:00","level":"INFO","msg":"client log","level":"WARN","message":"[inventory] item photo failed to load, showing placeholder Avocados https://nyc3.digitaloceanspaces.com/hq.yumyums/items/avocados.png","user":"Jamal C. (jamal@yumyums.kitchen)","page":"/inventory.html","ua":"Mozilla/5.0 (X11; Linux x86_64) AppleWebKit/537.36 (KHTML, like Gecko) HeadlessChrome/147.0.7727.15 Safari/537.36"}
[2m[WebServer] [22m{"time":"2026-10-07T08:27:25.930435749-04:00","level":"INFO","msg":"client log","level":"WARN","message":"[inventory] item photo failed to load, showing placeholder Hot Dogs https://nyc3.digitaloceanspaces.com/hq.yumyums/items/hot-dogs.png","user":"Jamal C. (jamal@yumyums.kitchen)","page":"/inventory.html","ua":"Mozilla/5.0 (X11; Linux x86_64) AppleWebKit/537.36 (KHTML, like Gecko) HeadlessChrome/147.0.7727.15 Safari/537.36"}
[2m[WebServer] [22m{"time":"2026-10-07T08:27:25.930571705-04:00","level":"INFO","msg":"client log","level":"WARN","message":"[inventory] item photo failed to load, showing placeholder Red Onions https://nyc3.digitaloceanspaces.com/hq.yumyums/items/red-onions.png","user":"Jamal C. (jamal@yumyums.kitchen)","page":"/inventory.html","ua":"Mozilla/5.0 (X11; Linux x86_64) AppleWebKit/537.36 (KHTML, like Gecko) HeadlessChrome/147.0.7727.15 Safari/537.36"}
[2m[WebServer] [22m{"time":"2026-10-07T08:27:25.930581764-04:00","level":"INFO","msg":"client log","level":"WARN","message":"[inventory] item photo failed to load, showing placeholder Black Pepper https://nyc3.digitaloceanspaces.com/hq.yumyums/items/black-pepper.png","user":"Jamal C. (jamal@yumyums.kitchen)","page":"/inventory.html","ua":"Mozilla/5.0 (X11; Linux x86_64) AppleWebKit/537.36 (KHTML, like Gecko) HeadlessChrome/147.0.7727.15 Safari/537.36"}
[2m[WebServer] [22m{"time":"2026-10-07T08:27:25.930982277-04:00","level":"INFO","msg":"client log","level":"WARN","message":"[inventory] item photo failed to load, showing placeholder White Cheese Sauce https://nyc3.digitaloceanspaces.com/hq.yumyums/items/white-cheese-sauce.png","user":"Jamal C. (jamal@yumyums.kitchen)","page":"/inventory.html","ua":"Mozilla/5.0 (X11; Linux x86_64) AppleWebKit/537.36 (KHTML, like Gecko) HeadlessChrome/147.0.7727.15 Safari/537.36"}
[2m[WebServer] [22m{"time":"2026-10-07T08:27:25.938122625-04:00","level":"INFO","msg":"client log","level":"WARN","message":"[inventory] item photo failed to load, showing placeholder Meatballs https://nyc3.digitaloceanspaces.com/hq.yumyums/items/meatballs.png","user":"Jamal C. (jamal@yumyums.kitchen)","page":"/inventory.html","ua":"Mozilla/5.0 (X11; Linux x86_64) AppleWebKit/537.36 (KHTML, like Gecko) HeadlessChrome/147.0.7727.15 Safari/537.36"}
[2m[WebServer] [22m{"time":"2026-10-07T08:27:25.938967889-04:00","level":"INFO","msg":"client log","level":"WARN","message":"[inventory] item photo failed to load, showing placeholder Cayenne Pepper https://nyc3.digitaloceanspaces.com/hq.yumyums/items/cayenne-pepper.png","user":"Jamal C. (jamal@yumyums.kitchen)","page":"/inventory.html","ua":"Mozilla/5.0 (X11; Linux x86_64) AppleWebKit/537.36 (KHTML, like Gecko) HeadlessChrome/147.0.7727.15 Safari/537.36"}
[2m[WebServer] [22m{"time":"2026-10-07T08:27:25.939842465-04:00","level":"INFO","msg":"client log","level":"WARN","message":"[inventory] item photo failed to load, showing placeholder Green Peppers https://nyc3.digitaloceanspaces.com/hq.yumyums/items/green-peppers.png","user":"Jamal C. (jamal@yumyums.kitchen)","page":"/inventory.html","ua":"Mozilla/5.0 (X11; Linux x86_64) AppleWebKit/537.36 (KHTML, like Gecko) HeadlessChrome/147.0.7727.15 Safari/537.36"}
[2m[WebServer] [22m{"time":"2026-10-07T08:27:25.939853173-04:00","level":"INFO","msg":"client log","level":"WARN","message":"[inventory] item photo failed to load, showing placeholder Garlic Powder https://nyc3.digitaloceanspaces.com/hq.yumyums/items/garlic-powder.png","user":"Jamal C. (jamal@yumyums.kitchen)","page":"/inventory.html","ua":"Mozilla/5.0 (X11; Linux x86_64) AppleWebKit/537.36 (KHTML, like Gecko) HeadlessChrome/147.0.7727.15 Safari/537.36"}
[2m[WebServer] [22m{"time":"2026-10-07T08:27:25.941713187-04:00","level":"INFO","msg":"client log","level":"WARN","message":"[inventory] item photo failed to load, showing placeholder Mayonnaise https://nyc3.digitaloceanspaces.com/hq.yumyums/items/mayonnaise.png","user":"Jamal C. (jamal@yumyums.kitchen)","page":"/inventory.html","ua":"Mozilla/5.0 (X11; Linux x86_64) AppleWebKit/537.36 (KHTML, like Gecko) HeadlessChrome/147.0.7727.15 Safari/537.36"}
[2m[WebServer] [22m{"time":"2026-10-07T08:27:25.947557787-04:00","level":"INFO","msg":"client log","level":"WARN","message":"[inventory] item photo failed to load, showing placeholder Sugar https://nyc3.digitaloceanspaces.com/hq.yumyums/items/sugar.png","user":"Jamal C. (jamal@yumyums.kitchen)","page":"/inventory.html","ua":"Mozilla/5.0 (X11; Linux x86_64) AppleWebKit/537.36 (KHTML, like Gecko) HeadlessChrome/147.0.7727.15 Safari/537.36"}
[2m[WebServer] [22m{"time":"2026-10-07T08:27:25.947557787-04:00","level":"INFO","msg":"client log","level":"WARN","message":"[inventory] item photo failed to load, showing placeholder Coarse Sea Salt https://nyc3.digitaloceanspaces.com/hq.yumyums/items/coarse-sea-salt.png","user":"Jamal C. (jamal@yumyums.kitchen)","page":"/inventory.html","ua":"Mozilla/5.0 (X11; Linux x86_64) AppleWebKit/537.36 (KHTML, like Gecko) HeadlessChrome/147.0.7727.15 Safari/537.36"}
[2m[WebServer] [22m{"time":"2026-10-07T08:27:25.949995371-04:00","level":"INFO","msg":"client log","level":"WARN","message":"[inventory] item photo failed to load, showing placeholder White Onions https://nyc3.digitaloceanspaces.com/hq.yumyums/items/white-onions.png","user":"Jamal C. (jamal@yumyums.kitchen)","page":"/inventory.html","ua":"Mozilla/5.0 (X11; Linux x86_64) AppleWebKit/537.36 (KHTML, like Gecko) HeadlessChrome/147.0.7727.15 Safari/537.36"}
[2m[WebServer] [22m{"time":"2026-10-07T08:27:25.949995371-04:00","level":"INFO","msg":"client log","level":"WARN","message":"[inventory] item photo failed to load, showing placeholder Pickles https://nyc3.digitaloceanspaces.com/hq.yumyums/items/pickles.png","user":"Jamal C. (jamal@yumyums.kitchen)","page":"/inventory.html","ua":"Mozilla/5.0 (X11; Linux x86_64) AppleWebKit/537.36 (KHTML, like Gecko) HeadlessChrome/147.0.7727.15 Safari/537.36"}
[2m[WebServer] [22m{"time":"2026-10-07T08:27:25.95209604-04:00","level":"INFO","msg":"client log","level":"WARN","message":"[inventory] item photo failed to load, showing placeholder Bbq Sauce https://nyc3.digitaloceanspaces.com/hq.yumyums/items/bbq-sauce.png","user":"Jamal C. (jamal@yumyums.kitchen)","page":"/inventory.html","ua":"Mozilla/5.0 (X11; Linux x86_64) AppleWebKit/537.36 (KHTML, like Gecko) HeadlessChrome/147.0.7727.15 Safari/537.36"}
[2m[WebServer] [22m{"time":"2026-10-07T08:27:25.956521267-04:00","level":"INFO","msg":"client log","level":"WARN","message":"[inventory] item photo failed to load, showing placeholder Nacho Cheese Sauce https://nyc3.digitaloceanspaces.com/hq.yumyums/items/nacho-cheese-sauce.png","user":"Jamal C. (jamal@yumyums.kitchen)","page":"/inventory.html","ua":"Mozilla/5.0 (X11; Linux x86_64) AppleWebKit/537.36 (KHTML, like Gecko) HeadlessChrome/147.0.7727.15 Safari/537.36"}
[2m[WebServer] [22m{"time":"2026-10-07T08:27:25.956849854-04:00","level":"INFO","msg":"client log","level":"WARN","message":"[inventory] item photo failed to load, showing placeholder Honey Mustard https://nyc3.digitaloceanspaces.com/hq.yumyums/items/honey-mustard.png","user":"Jamal C. (jamal@yumyums.kitchen)","page":"/inventory.html","ua":"Mozilla/5.0 (X11; Linux x86_64) AppleWebKit/537.36 (KHTML, like Gecko) HeadlessChrome/147.0.7727.15 Safari/537.36"}
[2m[WebServer] [22m{"time":"2026-10-07T08:27:25.956976941-04:00","level":"INFO","msg":"client log","level":"WARN","message":"[inventory] item photo failed to load, showing placeholder Allspice https://nyc3.digitaloceanspaces.com/hq.yumyums/items/allspice.png","user":"Jamal C. (jamal@yumyums.kitchen)","page":"/inventory.html","ua":"Mozilla/5.0 (X11; Linux x86_64) AppleWebKit/537.36 (KHTML, like Gecko) HeadlessChrome/147.0.7727.15 Safari/537.36"}
[2m[WebServer] [22m{"time":"2026-10-07T08:27:25.9573184-04:00","level":"INFO","msg":"client log","level":"WARN","message":"[inventory] item photo failed to load, showing placeholder Seasoning Salt https://nyc3.digitaloceanspaces.com/hq.yumyums/items/seasoning-salt.png","user":"Jamal C. (jamal@yumyums.kitchen)","page":"/inventory.html","ua":"Mozilla/5.0 (X11; Linux x86_64) AppleWebKit/537.36 (KHTML, like Gecko) HeadlessChrome/147.0.7727.15 Safari/537.36"}
[2m[WebServer] [22m{"time":"2026-10-07T08:27:25.957719563-04:00","level":"INFO","msg":"client log","level":"WARN","message":"[inventory] item photo failed to load, showing placeholder Ground Turkey https://nyc3.digitaloceanspaces.com/hq.yumyums/items/ground-turkey.png","user":"Jamal C. (jamal@yumyums.kitchen)","page":"/inventory.html","ua":"Mozilla/5.0 (X11; Linux x86_64) AppleWebKit/537.36 (KHTML, like Gecko) HeadlessChrome/147.0.7727.15 Safari/537.36"}
[2m[WebServer] [22m{"time":"2026-10-07T08:27:25.958544277-04:00","level":"INFO","msg":"client log","level":"WARN","message":"[inventory] item photo failed to load, showing placeholder Sriracha https://nyc3.digitaloceanspaces.com/hq.yumyums/items/sriracha.png","user":"Jamal C. (jamal@yumyums.kitchen)","page":"/inventory.html","ua":"Mozilla/5.0 (X11; Linux x86_64) AppleWebKit/537.36 (KHTML, like Gecko) HeadlessChrome/147.0.7727.15 Safari/537.36"}
[2m[WebServer] [22m{"time":"2026-10-07T08:27:25.964361837-04:00","level":"INFO","msg":"client log","level":"WARN","message":"[inventory] item photo failed to load, showing placeholder Liquid Butter https://nyc3.digitaloceanspaces.com/hq.yumyums/items/liquid-butter.png","user":"Jamal C. (jamal@yumyums.kitchen)","page":"/inventory.html","ua":"Mozilla/5.0 (X11; Linux x86_64) AppleWebKit/537.36 (KHTML, like Gecko) HeadlessChrome/147.0.7727.15 Safari/537.36"}
[2m[WebServer] [22m{"time":"2026-10-07T08:27:25.967856786-04:00","level":"INFO","msg":"client log","level":"WARN","message":"[inventory] item photo failed to load, showing placeholder Fine Sea Salt https://nyc3.digitaloceanspaces.com/hq.yumyums/items/fine-sea-salt.png","user":"Jamal C. (jamal@yumyums.kitchen)","page":"/inventory.html","ua":"Mozilla/5.0 (X11; Linux x86_64) AppleWebKit/537.36 (KHTML, like Gecko) HeadlessChrome/147.0.7727.15 Safari/537.36"}
[2m[WebServer] [22m{"time":"2026-10-07T08:27:25.969123006-04:00","level":"INFO","msg":"client log","level":"WARN","message":"[inventory] item photo failed to load, showing placeholder Lemons https://nyc3.digitaloceanspaces.com/hq.yumyums/items/lemons.png","user":"Jamal C. (jamal@yumyums.kitchen)","page":"/inventory.html","ua":"Mozilla/5.0 (X11; Linux x86_64) AppleWebKit/537.36 (KHTML, like Gecko) HeadlessChrome/147.0.7727.15 Safari/537.36"}
[2m[WebServer] [22m{"time":"2026-10-07T08:27:25.969385184-04:00","level":"INFO","msg":"client log","level":"WARN","message":"[inventory] item photo failed to load, showing placeholder Chicken Breasts https://nyc3.digitaloceanspaces.com/hq.yumyums/items/chicken-breasts.png","user":"Jamal C. (jamal@yumyums.kitchen)","page":"/inventory.html","ua":"Mozilla/5.0 (X11; Linux x86_64) AppleWebKit/537.36 (KHTML, like Gecko) HeadlessChrome/147.0.7727.15 Safari/537.36"}
[2m[WebServer] [22m{"time":"2026-10-07T08:27:25.970843711-04:00","level":"INFO","msg":"client log","level":"WARN","message":"[inventory] item photo failed to load, showing placeholder Jerk Seasoning https://nyc3.digitaloceanspaces.com/hq.yumyums/items/jerk-seasoning.png","user":"Jamal C. (jamal@yumyums.kitchen)","page":"/inventory.html","ua":"Mozilla/5.0 (X11; Linux x86_64) AppleWebKit/537.36 (KHTML, like Gecko) HeadlessChrome/147.0.7727.15 Safari/537.36"}
[2m[WebServer] [22m{"time":"2026-10-07T08:27:25.971052891-04:00","level":"INFO","msg":"client log","level":"WARN","message":"[inventory] item photo failed to load, showing placeholder Straws https://nyc3.digitaloceanspaces.com/hq.yumyums/items/straws.png","user":"Jamal C. (jamal@yumyums.kitchen)","page":"/inventory.html","ua":"Mozilla/5.0 (X11; Linux x86_64) AppleWebKit/537.36 (KHTML, like Gecko) HeadlessChrome/147.0.7727.15 Safari/537.36"}
[2m[WebServer] [22m{"time":"2026-10-07T08:27:25.971310527-04:00","level":"INFO","msg":"client log","level":"WARN","message":"[inventory] item photo failed to load, showing placeholder Ground Beef https://nyc3.digitaloceanspaces.com/hq.yumyums/items/ground-beef.png","user":"Jamal C. (jamal@yumyums.kitchen)","page":"/inventory.html","ua":"Mozilla/5.0 (X11; Linux x86_64) AppleWebKit/537.36 (KHTML, like Gecko) HeadlessChrome/147.0.7727.15 Safari/537.36"}
[2m[WebServer] [22m{"time":"2026-10-07T08:27:25.977270857-04:00","level":"INFO","msg":"client log","level":"WARN","message":"[inventory] item photo failed to load, showing placeholder Limes https://nyc3.digitaloceanspaces.com/hq.yumyums/items/limes.png","user":"Jamal C. (jamal@yumyums.kitchen)","page":"/inventory.html","ua":"Mozilla/5.0 (X11; Linux x86_64) AppleWebKit/537.36 (KHTML, like Gecko) HeadlessChrome/147.0.7727.15 Safari/537.36"}
[2m[WebServer] [22m{"time":"2026-10-07T08:27:25.97851285-04:00","level":"INFO","msg":"client log","level":"WARN","message":"[inventory] item photo failed to load, showing placeholder Olive Oil Blend https://nyc3.digitaloceanspaces.com/hq.yumyums/items/olive-oil-blend.png","user":"Jamal C. (jamal@yumyums.kitchen)","page":"/inventory.html","ua":"Mozilla/5.0 (X11; Linux x86_64) AppleWebKit/537.36 (KHTML, like Gecko) HeadlessChrome/147.0.7727.15 Safari/537.36"}
[2m[WebServer] [22m{"time":"2026-10-07T08:27:25.980587235-04:00","level":"INFO","msg":"client log","level":"WARN","message":"[inventory] item photo failed to load, showing placeholder Red Peppers https://nyc3.digitaloceanspaces.com/hq.yumyums/items/red-peppers.png","user":"Jamal C. (jamal@yumyums.kitchen)","page":"/inventory.html","ua":"Mozilla/5.0 (X11; Linux x86_64) AppleWebKit/537.36 (KHTML, like Gecko) HeadlessChrome/147.0.7727.15 Safari/537.36"}
[2m[WebServer] [22m{"time":"2026-10-07T08:27:25.980637097-04:00","level":"INFO","msg":"client log","level":"WARN","message":"[inventory] item photo failed to load, showing placeholder Frank’s Hot Sauce https://nyc3.digitaloceanspaces.com/hq.yumyums/items/frank-s-hot-sauce.png","user":"Jamal C. (jamal@yumyums.kitchen)","page":"/inventory.html","ua":"Mozilla/5.0 (X11; Linux x86_64) AppleWebKit/537.36 (KHTML, like Gecko) HeadlessChrome/147.0.7727.15 Safari/537.36"}
[2m[WebServer] [22m{"time":"2026-10-07T08:27:25.980587884-04:00","level":"INFO","msg":"client log","level":"WARN","message":"[inventory] item photo failed to load, showing placeholder Napkins https://nyc3.digitaloceanspaces.com/hq.yumyums/items/napkins.png","user":"Jamal C. (jamal@yumyums.kitchen)","page":"/inventory.html","ua":"Mozilla/5.0 (X11; Linux x86_64) AppleWebKit/537.36 (KHTML, like Gecko) HeadlessChrome/147.0.7727.15 Safari/537.36"}
[2m[WebServer] [22m{"time":"2026-10-07T08:27:25.981423955-04:00","level":"INFO","msg":"client log","level":"WARN","message":"[inventory] item photo failed to load, showing placeholder Jalapeños https://nyc3.digitaloceanspaces.com/hq.yumyums/items/jalape-os.png","user":"Jamal C. (jamal@yumyums.kitchen)","page":"/inventory.html","ua":"Mozilla/5.0 (X11; Linux x86_64) AppleWebKit/537.36 (KHTML, like Gecko) HeadlessChrome/147.0.7727.15 Safari/537.36"}
[2m[WebServer] [22m{"time":"2026-10-07T08:27:25.984915551-04:00","level":"INFO","msg":"client log","level":"WARN","message":"[inventory] item photo failed to load, showing placeholder Spinach He https://nyc3.digitaloceanspaces.com/hq.yumyums/items/spinach-he.png","user":"Jamal C. (jamal@yumyums.kitchen)","page":"/inventory.html","ua":"Mozilla/5.0 (X11; Linux x86_64) AppleWebKit/537.36 (KHTML, like Gecko) HeadlessChrome/147.0.7727.15 Safari/537.36"}
[2m[WebServer] [22m{"time":"2026-10-07T08:27:25.991414948-04:00","level":"INFO","msg":"client log","level":"WARN","message":"[inventory] item photo failed to load, showing placeholder Frying Oil https://nyc3.digitaloceanspaces.com/hq.yumyums/items/frying-oil.png","user":"Jamal C. (jamal@yumyums.kitchen)","page":"/inventory.html","ua":"Mozilla/5.0 (X11; Linux x86_64) AppleWebKit/537.36 (KHTML, like Gecko) HeadlessChrome/147.0.7727.15 Safari/537.36"}
[2m[WebServer] [22m{"time":"2026-10-07T08:27:25.991668905-04:00","level":"INFO","msg":"client log","level":"WARN","message":"[inventory] item photo failed to load, showing placeholder Honey Garlic Sauce https://nyc3.digitaloceanspaces.com/hq.yumyums/items/honey-garlic-sauce.png","user":"Jamal C. (jamal@yumyums.kitchen)","page":"/inventory.html","ua":"Mozilla/5.0 (X11; Linux x86_64) AppleWebKit/537.36 (KHTML, like Gecko) HeadlessChrome/147.0.7727.15 Safari/537.36"}
[2m[WebServer] [22m{"time":"2026-10-07T08:27:25.992985744-04:00","level":"INFO","msg":"client log","level":"WARN","message":"[inventory] item photo failed to load, showing placeholder Granulated Onion https://nyc3.digitaloceanspaces.com/hq.yumyums/items/granulated-onion.png","user":"Jamal C. (jamal@yumyums.kitchen)","page":"/inventory.html","ua":"Mozilla/5.0 (X11; Linux x86_64) AppleWebKit/537.36 (KHTML, like Gecko) HeadlessChrome/147.0.7727.15 Safari/537.36"}
[2m[WebServer] [22m{"time":"2026-10-07T08:27:25.993028575-04:00","level":"INFO","msg":"client log","level":"WARN","message":"[inventory] item photo failed to load, showing placeholder Ketchup Packets https://nyc3.digitaloceanspaces.com/hq.yumyums/items/ketchup-packets.png","user":"Jamal C. (jamal@yumyums.kitchen)","page":"/inventory.html","ua":"Mozilla/5.0 (X11; Linux x86_64) AppleWebKit/537.36 (KHTML, like Gecko) HeadlessChrome/147.0.7727.15 Safari/537.36"}
[2m[WebServer] [22m{"time":"2026-10-07T08:27:25.993405834-04:00","level":"INFO","msg":"client log","level":"WARN","message":"[inventory] item photo failed to load, showing placeholder Lettuce https://nyc3.digitaloceanspaces.com/hq.yumyums/items/lettuce.png","user":"Jamal C. (jamal@yumyums.kitchen)","page":"/inventory.html","ua":"Mozilla/5.0 (X11; Linux x86_64) AppleWebKit/537.36 (KHTML, like Gecko) HeadlessChrome/147.0.7727.15 Safari/537.36"}
[2m[WebServer] [22m{"time":"2026-10-07T08:27:25.998507813-04:00","level":"INFO","msg":"client log","level":"WARN","message":"[inventory] item photo failed to load, showing placeholder Lids https://nyc3.digitaloceanspaces.com/hq.yumyums/items/lids.png","user":"Jamal C. (jamal@yumyums.kitchen)","page":"/inventory.html","ua":"Mozilla/5.0 (X11; Linux x86_64) AppleWebKit/537.36 (KHTML, like Gecko) HeadlessChrome/147.0.7727.15 Safari/537.36"}
[2m[WebServer] [22m{"time":"2026-10-07T08:27:26.004084719-04:00","level":"INFO","msg":"client log","level":"WARN","message":"[inventory] item photo failed to load, showing placeholder Cucumber https://nyc3.digitaloceanspaces.com/hq.yumyums/items/cucumber.png","user":"Jamal C. (jamal@yumyums.kitchen)","page":"/inventory.html","ua":"Mozilla/5.0 (X11; Linux x86_64) AppleWebKit/537.36 (KHTML, like Gecko) HeadlessChrome/147.0.7727.15 Safari/537.36"}
[2m[WebServer] [22m{"time":"2026-10-07T08:27:26.004622595-04:00","level":"INFO","msg":"client log","level":"WARN","message":"[inventory] item photo failed to load, showing placeholder Fries https://nyc3.digitaloceanspaces.com/hq.yumyums/items/fries.png","user":"Jamal C. (jamal@yumyums.kitchen)","page":"/inventory.html","ua":"Mozilla/5.0 (X11; Linux x86_64) AppleWebKit/537.36 (KHTML, like Gecko) HeadlessChrome/147.0.7727.15 Safari/537.36"}
[2m[WebServer] [22m{"time":"2026-10-07T08:27:26.00463936-04:00","level":"INFO","msg":"client log","level":"WARN","message":"[inventory] item photo failed to load, showing placeholder Salt https://nyc3.digitaloceanspaces.com/hq.yumyums/items/salt.png","user":"Jamal C. (jamal@yumyums.kitchen)","page":"/inventory.html","ua":"Mozilla/5.0 (X11; Linux x86_64) AppleWebKit/537.36 (KHTML, like Gecko) HeadlessChrome/147.0.7727.15 Safari/537.36"}
  ✓  2 [chromium] › tests/inventory.spec.js:2186:3 › Inventory › Setup item editor shows alias chips, adds and removes nicknames (2.7s)
[2m[WebServer] [22m{"time":"2026-10-07T08:27:29.559580552-04:00","level":"INFO","msg":"client log","level":"WARN","message":"[inventory] item photo failed to load, showing placeholder Coke https://nyc3.digitaloceanspaces.com/hq.yumyums/items/coke.png","user":"Jamal C. (jamal@yumyums.kitchen)","page":"/inventory.html","ua":"Mozilla/5.0 (X11; Linux x86_64) AppleWebKit/537.36 (KHTML, like Gecko) HeadlessChrome/147.0.7727.15 Safari/537.36"}
[2m[WebServer] [22m{"time":"2026-10-07T08:27:29.561530678-04:00","level":"INFO","msg":"client log","level":"WARN","message":"[inventory] item photo failed to load, showing placeholder Mango Syrup https://nyc3.digitaloceanspaces.com/hq.yumyums/items/mango-syrup.png","user":"Jamal C. (jamal@yumyums.kitchen)","page":"/inventory.html","ua":"Mozilla/5.0 (X11; Linux x86_64) AppleWebKit/537.36 (KHTML, like Gecko) HeadlessChrome/147.0.7727.15 Safari/537.36"}
[2m[WebServer] [22m{"time":"2026-10-07T08:27:29.562254008-04:00","level":"INFO","msg":"client log","level":"WARN","message":"[inventory] item photo failed to load, showing placeholder Sprite https://nyc3.digitaloceanspaces.com/hq.yumyums/items/sprite.png","user":"Jamal C. (jamal@yumyums.kitchen)","page":"/inventory.html","ua":"Mozilla/5.0 (X11; Linux x86_64) AppleWebKit/537.36 (KHTML, like Gecko) HeadlessChrome/147.0.7727.15 Safari/537.36"}
[2m[WebServer] [22m{"time":"2026-10-07T08:27:29.56642096-04:00","level":"INFO","msg":"client log","level":"WARN","message":"[inventory] item photo failed to load, showing placeholder Dr. Pepper https://nyc3.digitaloceanspaces.com/hq.yumyums/items/dr-pepper.png","user":"Jamal C. (jamal@yumyums.kitchen)","page":"/inventory.html","ua":"Mozilla/5.0 (X11; Linux x86_64) AppleWebKit/537.36 (KHTML, like Gecko) HeadlessChrome/147.0.7727.15 Safari/537.36"}
[2m[WebServer] [22m{"time":"2026-10-07T08:27:29.570705165-04:00","level":"INFO","msg":"client log","level":"WARN","message":"[inventory] item photo failed to load, showing placeholder Water https://nyc3.digitaloceanspaces.com/hq.yumyums/items/water.png","user":"Jamal C. (jamal@yumyums.kitchen)","page":"/inventory.html","ua":"Mozilla/5.0 (X11; Linux x86_64) AppleWebKit/537.36 (KHTML, like Gecko) HeadlessChrome/147.0.7727.15 Safari/537.36"}
[2m[WebServer] [22m{"time":"2026-10-07T08:27:29.571102361-04:00","level":"INFO","msg":"client log","level":"WARN","message":"[inventory] item photo failed to load, showing placeholder Lemonade Mix https://nyc3.digitaloceanspaces.com/hq.yumyums/items/lemonade-mix.png","user":"Jamal C. (jamal@yumyums.kitchen)","page":"/inventory.html","ua":"Mozilla/5.0 (X11; Linux x86_64) AppleWebKit/537.36 (KHTML, like Gecko) HeadlessChrome/147.0.7727.15 Safari/537.36"}
[2m[WebServer] [22m{"time":"2026-10-07T08:27:29.587884516-04:00","level":"INFO","msg":"client log","level":"WARN","message":"[inventory] item photo failed to load, showing placeholder Coke Zero https://nyc3.digitaloceanspaces.com/hq.yumyums/items/coke-zero.png","user":"Jamal C. (jamal@yumyums.kitchen)","page":"/inventory.html","ua":"Mozilla/5.0 (X11; Linux x86_64) AppleWebKit/537.36 (KHTML, like Gecko) HeadlessChrome/147.0.7727.15 Safari/537.36"}
[2m[WebServer] [22m{"time":"2026-10-07T08:27:29.616104389-04:00","level":"INFO","msg":"client log","level":"WARN","message":"[inventory] item photo failed to load, showing placeholder Brisket Rolls https://nyc3.digitaloceanspaces.com/hq.yumyums/items/brisket-rolls.png","user":"Jamal C. (jamal@yumyums.kitchen)","page":"/inventory.html","ua":"Mozilla/5.0 (X11; Linux x86_64) AppleWebKit/537.36 (KHTML, like Gecko) HeadlessChrome/147.0.7727.15 Safari/537.36"}
[2m[WebServer] [22m{"time":"2026-10-07T08:27:29.711692876-04:00","level":"INFO","msg":"client log","level":"WARN","message":"[inventory] item photo failed to load, showing placeholder Mexican Cheese https://nyc3.digitaloceanspaces.com/hq.yumyums/items/mexican-cheese.png","user":"Jamal C. (jamal@yumyums.kitchen)","page":"/inventory.html","ua":"Mozilla/5.0 (X11; Linux x86_64) AppleWebKit/537.36 (KHTML, like Gecko) HeadlessChrome/147.0.7727.15 Safari/537.36"}
[2m[WebServer] [22m{"time":"2026-10-07T08:27:29.712529367-04:00","level":"INFO","msg":"client log","level":"WARN","message":"[inventory] item photo failed to load, showing placeholder Cup Holders https://nyc3.digitaloceanspaces.com/hq.yumyums/items/cup-holders.png","user":"Jamal C. (jamal@yumyums.kitchen)","page":"/inventory.html","ua":"Mozilla/5.0 (X11; Linux x86_64) AppleWebKit/537.36 (KHTML, like Gecko) HeadlessChrome/147.0.7727.15 Safari/537.36"}
[2m[WebServer] [22m{"time":"2026-10-07T08:27:29.713013669-04:00","level":"INFO","msg":"client log","level":"WARN","message":"[inventory] item photo failed to load, showing placeholder Hot Dogs https://nyc3.digitaloceanspaces.com/hq.yumyums/items/hot-dogs.png","user":"Jamal C. (jamal@yumyums.kitchen)","page":"/inventory.html","ua":"Mozilla/5.0 (X11; Linux x86_64) AppleWebKit/537.36 (KHTML, like Gecko) HeadlessChrome/147.0.7727.15 Safari/537.36"}
[2m[WebServer] [22m{"time":"2026-10-07T08:27:29.713540177-04:00","level":"INFO","msg":"client log","level":"WARN","message":"[inventory] item photo failed to load, showing placeholder Green Peppers https://nyc3.digitaloceanspaces.com/hq.yumyums/items/green-peppers.png","user":"Jamal C. (jamal@yumyums.kitchen)","page":"/inventory.html","ua":"Mozilla/5.0 (X11; Linux x86_64) AppleWebKit/537.36 (KHTML, like Gecko) HeadlessChrome/147.0.7727.15 Safari/537.36"}
[2m[WebServer] [22m{"time":"2026-10-07T08:27:29.716214495-04:00","level":"INFO","msg":"client log","level":"WARN","message":"[inventory] item photo failed to load, showing placeholder Ground Beef https://nyc3.digitaloceanspaces.com/hq.yumyums/items/ground-beef.png","user":"Jamal C. (jamal@yumyums.kitchen)","page":"/inventory.html","ua":"Mozilla/5.0 (X11; Linux x86_64) AppleWebKit/537.36 (KHTML, like Gecko) HeadlessChrome/147.0.7727.15 Safari/537.36"}
[2m[WebServer] [22m{"time":"2026-10-07T08:27:29.769004429-04:00","level":"INFO","msg":"client log","level":"WARN","message":"[inventory] item photo failed to load, showing placeholder Ground Turkey https://nyc3.digitaloceanspaces.com/hq.yumyums/items/ground-turkey.png","user":"Jamal C. (jamal@yumyums.kitchen)","page":"/inventory.html","ua":"Mozilla/5.0 (X11; Linux x86_64) AppleWebKit/537.36 (KHTML, like Gecko) HeadlessChrome/147.0.7727.15 Safari/537.36"}
[2m[WebServer] [22m{"time":"2026-10-07T08:27:29.768979127-04:00","level":"INFO","msg":"client log","level":"WARN","message":"[inventory] item photo failed to load, showing placeholder Trash Bags (30 Gallon) https://nyc3.digitaloceanspaces.com/hq.yumyums/items/trash-bags-30-gallon.png","user":"Jamal C. (jamal@yumyums.kitchen)","page":"/inventory.html","ua":"Mozilla/5.0 (X11; Linux x86_64) AppleWebKit/537.36 (KHTML, like Gecko) HeadlessChrome/147.0.7727.15 Safari/537.36"}
[2m[WebServer] [22m{"time":"2026-10-07T08:27:29.771213611-04:00","level":"INFO","msg":"client log","level":"WARN","message":"[inventory] item photo failed to load, showing placeholder Hoagie Containers https://nyc3.digitaloceanspaces.com/hq.yumyums/items/hoagie-containers.png","user":"Jamal C. (jamal@yumyums.kitchen)","page":"/inventory.html","ua":"Mozilla/5.0 (X11; Linux x86_64) AppleWebKit/537.36 (KHTML, like Gecko) HeadlessChrome/147.0.7727.15 Safari/537.36"}
[2m[WebServer] [22m{"time":"2026-10-07T08:27:29.771367579-04:00","level":"INFO","msg":"client log","level":"WARN","message":"[inventory] item photo failed to load, showing placeholder Plastic Bags https://nyc3.digitaloceanspaces.com/hq.yumyums/items/plastic-bags.png","user":"Jamal C. (jamal@yumyums.kitchen)","page":"/inventory.html","ua":"Mozilla/5.0 (X11; Linux x86_64) AppleWebKit/537.36 (KHTML, like Gecko) HeadlessChrome/147.0.7727.15 Safari/537.36"}
[2m[WebServer] [22m{"time":"2026-10-07T08:27:29.772929015-04:00","level":"INFO","msg":"client log","level":"WARN","message":"[inventory] item photo failed to load, showing placeholder Pan Spray https://nyc3.digitaloceanspaces.com/hq.yumyums/items/pan-spray.png","user":"Jamal C. (jamal@yumyums.kitchen)","page":"/inventory.html","ua":"Mozilla/5.0 (X11; Linux x86_64) AppleWebKit/537.36 (KHTML, like Gecko) HeadlessChrome/147.0.7727.15 Safari/537.36"}
[2m[WebServer] [22m{"time":"2026-10-07T08:27:29.773052729-04:00","level":"INFO","msg":"client log","level":"WARN","message":"[inventory] item photo failed to load, showing placeholder Dish Soap https://nyc3.digitaloceanspaces.com/hq.yumyums/items/dish-soap.png","user":"Jamal C. (jamal@yumyums.kitchen)","page":"/inventory.html","ua":"Mozilla/5.0 (X11; Linux x86_64) AppleWebKit/537.36 (KHTML, like Gecko) HeadlessChrome/147.0.7727.15 Safari/537.36"}
[2m[WebServer] [22m{"time":"2026-10-07T08:27:29.775715202-04:00","level":"INFO","msg":"client log","level":"WARN","message":"[inventory] item photo failed to load, showing placeholder No Rinse Floor Cleaner https://nyc3.digitaloceanspaces.com/hq.yumyums/items/no-rinse-floor-cleaner.png","user":"Jamal C. (jamal@yumyums.kitchen)","page":"/inventory.html","ua":"Mozilla/5.0 (X11; Linux x86_64) AppleWebKit/537.36 (KHTML, like Gecko) HeadlessChrome/147.0.7727.15 Safari/537.36"}
[2m[WebServer] [22m{"time":"2026-10-07T08:27:29.783706176-04:00","level":"INFO","msg":"client log","level":"WARN","message":"[inventory] item photo failed to load, showing placeholder Red Peppers https://nyc3.digitaloceanspaces.com/hq.yumyums/items/red-peppers.png","user":"Jamal C. (jamal@yumyums.kitchen)","page":"/inventory.html","ua":"Mozilla/5.0 (X11; Linux x86_64) AppleWebKit/537.36 (KHTML, like Gecko) HeadlessChrome/147.0.7727.15 Safari/537.36"}
[2m[WebServer] [22m{"time":"2026-10-07T08:27:29.785979852-04:00","level":"INFO","msg":"client log","level":"WARN","message":"[inventory] item photo failed to load, showing placeholder Forks https://nyc3.digitaloceanspaces.com/hq.yumyums/items/forks.png","user":"Jamal C. (jamal@yumyums.kitchen)","page":"/inventory.html","ua":"Mozilla/5.0 (X11; Linux x86_64) AppleWebKit/537.36 (KHTML, like Gecko) HeadlessChrome/147.0.7727.15 Safari/537.36"}
[2m[WebServer] [22m{"time":"2026-10-07T08:27:29.786283375-04:00","level":"INFO","msg":"client log","level":"WARN","message":"[inventory] item photo failed to load, showing placeholder Cheesesteak https://nyc3.digitaloceanspaces.com/hq.yumyums/items/cheesesteak.png","user":"Jamal C. (jamal@yumyums.kitchen)","page":"/inventory.html","ua":"Mozilla/5.0 (X11; Linux x86_64) AppleWebKit/537.36 (KHTML, like Gecko) HeadlessChrome/147.0.7727.15 Safari/537.36"}
[2m[WebServer] [22m{"time":"2026-10-07T08:27:29.786384693-04:00","level":"INFO","msg":"client log","level":"WARN","message":"[inventory] item photo failed to load, showing placeholder Avocados https://nyc3.digitaloceanspaces.com/hq.yumyums/items/avocados.png","user":"Jamal C. (jamal@yumyums.kitchen)","page":"/inventory.html","ua":"Mozilla/5.0 (X11; Linux x86_64) AppleWebKit/537.36 (KHTML, like Gecko) HeadlessChrome/147.0.7727.15 Safari/537.36"}
[2m[WebServer] [22m{"time":"2026-10-07T08:27:29.788457348-04:00","level":"INFO","msg":"client log","level":"WARN","message":"[inventory] item photo failed to load, showing placeholder Brisket https://nyc3.digitaloceanspaces.com/hq.yumyums/items/brisket.png","user":"Jamal C. (jamal@yumyums.kitchen)","page":"/inventory.html","ua":"Mozilla/5.0 (X11; Linux x86_64) AppleWebKit/537.36 (KHTML, like Gecko) HeadlessChrome/147.0.7727.15 Safari/537.36"}
[2m[WebServer] [22m{"time":"2026-10-07T08:27:29.788733846-04:00","level":"INFO","msg":"client log","level":"WARN","message":"[inventory] item photo failed to load, showing placeholder Napkins https://nyc3.digitaloceanspaces.com/hq.yumyums/items/napkins.png","user":"Jamal C. (jamal@yumyums.kitchen)","page":"/inventory.html","ua":"Mozilla/5.0 (X11; Linux x86_64) AppleWebKit/537.36 (KHTML, like Gecko) HeadlessChrome/147.0.7727.15 Safari/537.36"}
[2m[WebServer] [22m{"time":"2026-10-07T08:27:29.793180956-04:00","level":"INFO","msg":"client log","level":"WARN","message":"[inventory] item photo failed to load, showing placeholder Cups https://nyc3.digitaloceanspaces.com/hq.yumyums/items/cups.png","user":"Jamal C. (jamal@yumyums.kitchen)","page":"/inventory.html","ua":"Mozilla/5.0 (X11; Linux x86_64) AppleWebKit/537.36 (KHTML, like Gecko) HeadlessChrome/147.0.7727.15 Safari/537.36"}
[2m[WebServer] [22m{"time":"2026-10-07T08:27:29.800644345-04:00","level":"INFO","msg":"client log","level":"WARN","message":"[inventory] item photo failed to load, showing placeholder Chicken Breasts https://nyc3.digitaloceanspaces.com/hq.yumyums/items/chicken-breasts.png","user":"Jamal C. (jamal@yumyums.kitchen)","page":"/inventory.html","ua":"Mozilla/5.0 (X11; Linux x86_64) AppleWebKit/537.36 (KHTML, like Gecko) HeadlessChrome/147.0.7727.15 Safari/537.36"}
[2m[WebServer] [22m{"time":"2026-10-07T08:27:29.800957235-04:00","level":"INFO","msg":"client log","level":"WARN","message":"[inventory] item photo failed to load, showing placeholder Hand Towels https://nyc3.digitaloceanspaces.com/hq.yumyums/items/hand-towels.png","user":"Jamal C. (jamal@yumyums.kitchen)","page":"/inventory.html","ua":"Mozilla/5.0 (X11; Linux x86_64) AppleWebKit/537.36 (KHTML, like Gecko) HeadlessChrome/147.0.7727.15 Safari/537.36"}
[2m[WebServer] [22m{"time":"2026-10-07T08:27:29.800959281-04:00","level":"INFO","msg":"client log","level":"WARN","message":"[inventory] item photo failed to load, showing placeholder Crabmeat https://nyc3.digitaloceanspaces.com/hq.yumyums/items/crabmeat.png","user":"Jamal C. (jamal@yumyums.kitchen)","page":"/inventory.html","ua":"Mozilla/5.0 (X11; Linux x86_64) AppleWebKit/537.36 (KHTML, like Gecko) HeadlessChrome/147.0.7727.15 Safari/537.36"}
[2m[WebServer] [22m{"time":"2026-10-07T08:27:29.80111831-04:00","level":"INFO","msg":"client log","level":"WARN","message":"[inventory] item photo failed to load, showing placeholder Red Onions https://nyc3.digitaloceanspaces.com/hq.yumyums/items/red-onions.png","user":"Jamal C. (jamal@yumyums.kitchen)","page":"/inventory.html","ua":"Mozilla/5.0 (X11; Linux x86_64) AppleWebKit/537.36 (KHTML, like Gecko) HeadlessChrome/147.0.7727.15 Safari/537.36"}
[2m[WebServer] [22m{"time":"2026-10-07T08:27:29.801238578-04:00","level":"INFO","msg":"client log","level":"WARN","message":"[inventory] item photo failed to load, showing placeholder Charcoal https://nyc3.digitaloceanspaces.com/hq.yumyums/items/charcoal.png","user":"Jamal C. (jamal@yumyums.kitchen)","page":"/inventory.html","ua":"Mozilla/5.0 (X11; Linux x86_64) AppleWebKit/537.36 (KHTML, like Gecko) HeadlessChrome/147.0.7727.15 Safari/537.36"}
[2m[WebServer] [22m{"time":"2026-10-07T08:27:29.810718095-04:00","level":"INFO","msg":"client log","level":"WARN","message":"[inventory] item photo failed to load, showing placeholder Corn https://nyc3.digitaloceanspaces.com/hq.yumyums/items/corn.png","user":"Jamal C. (jamal@yumyums.kitchen)","page":"/inventory.html","ua":"Mozilla/5.0 (X11; Linux x86_64) AppleWebKit/537.36 (KHTML, like Gecko) HeadlessChrome/147.0.7727.15 Safari/537.36"}
[2m[WebServer] [22m{"time":"2026-10-07T08:27:29.810720464-04:00","level":"INFO","msg":"client log","level":"WARN","message":"[inventory] item photo failed to load, showing placeholder Hand Soap https://nyc3.digitaloceanspaces.com/hq.yumyums/items/hand-soap.png","user":"Jamal C. (jamal@yumyums.kitchen)","page":"/inventory.html","ua":"Mozilla/5.0 (X11; Linux x86_64) AppleWebKit/537.36 (KHTML, like Gecko) HeadlessChrome/147.0.7727.15 Safari/537.36"}
[2m[WebServer] [22m{"time":"2026-10-07T08:27:29.811799214-04:00","level":"INFO","msg":"client log","level":"WARN","message":"[inventory] item photo failed to load, showing placeholder Boxes (No 8) https://nyc3.digitaloceanspaces.com/hq.yumyums/items/boxes-no-8.png","user":"Jamal C. (jamal@yumyums.kitchen)","page":"/inventory.html","ua":"Mozilla/5.0 (X11; Linux x86_64) AppleWebKit/537.36 (KHTML, like Gecko) HeadlessChrome/147.0.7727.15 Safari/537.36"}
[2m[WebServer] [22m{"time":"2026-10-07T08:27:29.81272561-04:00","level":"INFO","msg":"client log","level":"WARN","message":"[inventory] item photo failed to load, showing placeholder Chicken Tenders https://nyc3.digitaloceanspaces.com/hq.yumyums/items/chicken-tenders.png","user":"Jamal C. (jamal@yumyums.kitchen)","page":"/inventory.html","ua":"Mozilla/5.0 (X11; Linux x86_64) AppleWebKit/537.36 (KHTML, like Gecko) HeadlessChrome/147.0.7727.15 Safari/537.36"}
[2m[WebServer] [22m{"time":"2026-10-07T08:27:29.816069422-04:00","level":"INFO","msg":"client log","level":"WARN","message":"[inventory] item photo failed to load, showing placeholder White Onions https://nyc3.digitaloceanspaces.com/hq.yumyums/items/white-onions.png","user":"Jamal C. (jamal@yumyums.kitchen)","page":"/inventory.html","ua":"Mozilla/5.0 (X11; Linux x86_64) AppleWebKit/537.36 (KHTML, like Gecko) HeadlessChrome/147.0.7727.15 Safari/537.36"}
[2m[WebServer] [22m{"time":"2026-10-07T08:27:29.821711566-04:00","level":"INFO","msg":"client log","level":"WARN","message":"[inventory] item photo failed to load, showing placeholder Hot Dog Rolls https://nyc3.digitaloceanspaces.com/hq.yumyums/items/hot-dog-rolls.png","user":"Jamal C. (jamal@yumyums.kitchen)","page":"/inventory.html","ua":"Mozilla/5.0 (X11; Linux x86_64) AppleWebKit/537.36 (KHTML, like Gecko) HeadlessChrome/147.0.7727.15 Safari/537.36"}
[2m[WebServer] [22m{"time":"2026-10-07T08:27:29.821942626-04:00","level":"INFO","msg":"client log","level":"WARN","message":"[inventory] item photo failed to load, showing placeholder Sour Cream https://nyc3.digitaloceanspaces.com/hq.yumyums/items/sour-cream.png","user":"Jamal C. (jamal@yumyums.kitchen)","page":"/inventory.html","ua":"Mozilla/5.0 (X11; Linux x86_64) AppleWebKit/537.36 (KHTML, like Gecko) HeadlessChrome/147.0.7727.15 Safari/537.36"}
[2m[WebServer] [22m{"time":"2026-10-07T08:27:29.822640546-04:00","level":"INFO","msg":"client log","level":"WARN","message":"[inventory] item photo failed to load, showing placeholder Aluminum Foil https://nyc3.digitaloceanspaces.com/hq.yumyums/items/aluminum-foil.png","user":"Jamal C. (jamal@yumyums.kitchen)","page":"/inventory.html","ua":"Mozilla/5.0 (X11; Linux x86_64) AppleWebKit/537.36 (KHTML, like Gecko) HeadlessChrome/147.0.7727.15 Safari/537.36"}
[2m[WebServer] [22m{"time":"2026-10-07T08:27:29.822664879-04:00","level":"INFO","msg":"client log","level":"WARN","message":"[inventory] item photo failed to load, showing placeholder Bleach https://nyc3.digitaloceanspaces.com/hq.yumyums/items/bleach.png","user":"Jamal C. (jamal@yumyums.kitchen)","page":"/inventory.html","ua":"Mozilla/5.0 (X11; Linux x86_64) AppleWebKit/537.36 (KHTML, like Gecko) HeadlessChrome/147.0.7727.15 Safari/537.36"}
[2m[WebServer] [22m{"time":"2026-10-07T08:27:29.823869281-04:00","level":"INFO","msg":"client log","level":"WARN","message":"[inventory] item photo failed to load, showing placeholder Gloves https://nyc3.digitaloceanspaces.com/hq.yumyums/items/gloves.png","user":"Jamal C. (jamal@yumyums.kitchen)","page":"/inventory.html","ua":"Mozilla/5.0 (X11; Linux x86_64) AppleWebKit/537.36 (KHTML, like Gecko) HeadlessChrome/147.0.7727.15 Safari/537.36"}
[2m[WebServer] [22m{"time":"2026-10-07T08:27:29.824337647-04:00","level":"INFO","msg":"client log","level":"WARN","message":"[inventory] item photo failed to load, showing placeholder Spinach He https://nyc3.digitaloceanspaces.com/hq.yumyums/items/spinach-he.png","user":"Jamal C. (jamal@yumyums.kitchen)","page":"/inventory.html","ua":"Mozilla/5.0 (X11; Linux x86_64) AppleWebKit/537.36 (KHTML, like Gecko) HeadlessChrome/147.0.7727.15 Safari/537.36"}
[2m[WebServer] [22m{"time":"2026-10-07T08:27:29.829935323-04:00","level":"INFO","msg":"client log","level":"WARN","message":"[inventory] item photo failed to load, showing placeholder Fries https://nyc3.digitaloceanspaces.com/hq.yumyums/items/fries.png","user":"Jamal C. (jamal@yumyums.kitchen)","page":"/inventory.html","ua":"Mozilla/5.0 (X11; Linux x86_64) AppleWebKit/537.36 (KHTML, like Gecko) HeadlessChrome/147.0.7727.15 Safari/537.36"}
[2m[WebServer] [22m{"time":"2026-10-07T08:27:29.830880562-04:00","level":"INFO","msg":"client log","level":"WARN","message":"[inventory] item photo failed to load, showing placeholder Tomaotes https://nyc3.digitaloceanspaces.com/hq.yumyums/items/tomaotes.png","user":"Jamal C. (jamal@yumyums.kitchen)","page":"/inventory.html","ua":"Mozilla/5.0 (X11; Linux x86_64) AppleWebKit/537.36 (KHTML, like Gecko) HeadlessChrome/147.0.7727.15 Safari/537.36"}
[2m[WebServer] [22m{"time":"2026-10-07T08:27:29.830897789-04:00","level":"INFO","msg":"client log","level":"WARN","message":"[inventory] item photo failed to load, showing placeholder Hamburger Rolls https://nyc3.digitaloceanspaces.com/hq.yumyums/items/hamburger-rolls.png","user":"Jamal C. (jamal@yumyums.kitchen)","page":"/inventory.html","ua":"Mozilla/5.0 (X11; Linux x86_64) AppleWebKit/537.36 (KHTML, like Gecko) HeadlessChrome/147.0.7727.15 Safari/537.36"}
[2m[WebServer] [22m{"time":"2026-10-07T08:27:29.831610136-04:00","level":"INFO","msg":"client log","level":"WARN","message":"[inventory] item photo failed to load, showing placeholder Cucumber https://nyc3.digitaloceanspaces.com/hq.yumyums/items/cucumber.png","user":"Jamal C. (jamal@yumyums.kitchen)","page":"/inventory.html","ua":"Mozilla/5.0 (X11; Linux x86_64) AppleWebKit/537.36 (KHTML, like Gecko) HeadlessChrome/147.0.7727.15 Safari/537.36"}
[2m[WebServer] [22m{"time":"2026-10-07T08:27:29.832553975-04:00","level":"INFO","msg":"client log","level":"WARN","message":"[inventory] item photo failed to load, showing placeholder Chicken Party Wings https://nyc3.digitaloceanspaces.com/hq.yumyums/items/chicken-party-wings.png","user":"Jamal C. (jamal@yumyums.kitchen)","page":"/inventory.html","ua":"Mozilla/5.0 (X11; Linux x86_64) AppleWebKit/537.36 (KHTML, like Gecko) HeadlessChrome/147.0.7727.15 Safari/537.36"}
[2m[WebServer] [22m{"time":"2026-10-07T08:27:29.832757687-04:00","level":"INFO","msg":"client log","level":"WARN","message":"[inventory] item photo failed to load, showing placeholder Sanitizing Tablets https://nyc3.digitaloceanspaces.com/hq.yumyums/items/sanitizing-tablets.png","user":"Jamal C. (jamal@yumyums.kitchen)","page":"/inventory.html","ua":"Mozilla/5.0 (X11; Linux x86_64) AppleWebKit/537.36 (KHTML, like Gecko) HeadlessChrome/147.0.7727.15 Safari/537.36"}
[2m[WebServer] [22m{"time":"2026-10-07T08:27:29.837900672-04:00","level":"INFO","msg":"client log","level":"WARN","message":"[inventory] item photo failed to load, showing placeholder Towels https://nyc3.digitaloceanspaces.com/hq.yumyums/items/towels.png","user":"Jamal C. (jamal@yumyums.kitchen)","page":"/inventory.html","ua":"Mozilla/5.0 (X11; Linux x86_64) AppleWebKit/537.36 (KHTML, like Gecko) HeadlessChrome/147.0.7727.15 Safari/537.36"}
[2m[WebServer] [22m{"time":"2026-10-07T08:27:29.84300371-04:00","level":"INFO","msg":"client log","level":"WARN","message":"[inventory] item photo failed to load, showing placeholder Dirty Dog Rolls https://nyc3.digitaloceanspaces.com/hq.yumyums/items/dirty-dog-rolls.png","user":"Jamal C. (jamal@yumyums.kitchen)","page":"/inventory.html","ua":"Mozilla/5.0 (X11; Linux x86_64) AppleWebKit/537.36 (KHTML, like Gecko) HeadlessChrome/147.0.7727.15 Safari/537.36"}
[2m[WebServer] [22m{"time":"2026-10-07T08:27:29.843964668-04:00","level":"INFO","msg":"client log","level":"WARN","message":"[inventory] item photo failed to load, showing placeholder Lemons https://nyc3.digitaloceanspaces.com/hq.yumyums/items/lemons.png","user":"Jamal C. (jamal@yumyums.kitchen)","page":"/inventory.html","ua":"Mozilla/5.0 (X11; Linux x86_64) AppleWebKit/537.36 (KHTML, like Gecko) HeadlessChrome/147.0.7727.15 Safari/537.36"}
[2m[WebServer] [22m{"time":"2026-10-07T08:27:29.844061356-04:00","level":"INFO","msg":"client log","level":"WARN","message":"[inventory] item photo failed to load, showing placeholder Parm Cheese https://nyc3.digitaloceanspaces.com/hq.yumyums/items/parm-cheese.png","user":"Jamal C. (jamal@yumyums.kitchen)","page":"/inventory.html","ua":"Mozilla/5.0 (X11; Linux x86_64) AppleWebKit/537.36 (KHTML, like Gecko) HeadlessChrome/147.0.7727.15 Safari/537.36"}
[2m[WebServer] [22m{"time":"2026-10-07T08:27:29.844143724-04:00","level":"INFO","msg":"client log","level":"WARN","message":"[inventory] item photo failed to load, showing placeholder Blast Away https://nyc3.digitaloceanspaces.com/hq.yumyums/items/blast-away.png","user":"Jamal C. (jamal@yumyums.kitchen)","page":"/inventory.html","ua":"Mozilla/5.0 (X11; Linux x86_64) AppleWebKit/537.36 (KHTML, like Gecko) HeadlessChrome/147.0.7727.15 Safari/537.36"}
[2m[WebServer] [22m{"time":"2026-10-07T08:27:29.84432138-04:00","level":"INFO","msg":"client log","level":"WARN","message":"[inventory] item photo failed to load, showing placeholder Limes https://nyc3.digitaloceanspaces.com/hq.yumyums/items/limes.png","user":"Jamal C. (jamal@yumyums.kitchen)","page":"/inventory.html","ua":"Mozilla/5.0 (X11; Linux x86_64) AppleWebKit/537.36 (KHTML, like Gecko) HeadlessChrome/147.0.7727.15 Safari/537.36"}
[2m[WebServer] [22m{"time":"2026-10-07T08:27:29.844587757-04:00","level":"INFO","msg":"client log","level":"WARN","message":"[inventory] item photo failed to load, showing placeholder Lids https://nyc3.digitaloceanspaces.com/hq.yumyums/items/lids.png","user":"Jamal C. (jamal@yumyums.kitchen)","page":"/inventory.html","ua":"Mozilla/5.0 (X11; Linux x86_64) AppleWebKit/537.36 (KHTML, like Gecko) HeadlessChrome/147.0.7727.15 Safari/537.36"}
[2m[WebServer] [22m{"time":"2026-10-07T08:27:29.849743985-04:00","level":"INFO","msg":"client log","level":"WARN","message":"[inventory] item photo failed to load, showing placeholder Egg Roll Wraps https://nyc3.digitaloceanspaces.com/hq.yumyums/items/egg-roll-wraps.png","user":"Jamal C. (jamal@yumyums.kitchen)","page":"/inventory.html","ua":"Mozilla/5.0 (X11; Linux x86_64) AppleWebKit/537.36 (KHTML, like Gecko) HeadlessChrome/147.0.7727.15 Safari/537.36"}
[2m[WebServer] [22m{"time":"2026-10-07T08:27:29.850787311-04:00","level":"INFO","msg":"client log","level":"WARN","message":"[inventory] item photo failed to load, showing placeholder Mint https://nyc3.digitaloceanspaces.com/hq.yumyums/items/mint.png","user":"Jamal C. (jamal@yumyums.kitchen)","page":"/inventory.html","ua":"Mozilla/5.0 (X11; Linux x86_64) AppleWebKit/537.36 (KHTML, like Gecko) HeadlessChrome/147.0.7727.15 Safari/537.36"}
[2m[WebServer] [22m{"time":"2026-10-07T08:27:29.850972504-04:00","level":"INFO","msg":"client log","level":"WARN","message":"[inventory] item photo failed to load, showing placeholder Lettuce https://nyc3.digitaloceanspaces.com/hq.yumyums/items/lettuce.png","user":"Jamal C. (jamal@yumyums.kitchen)","page":"/inventory.html","ua":"Mozilla/5.0 (X11; Linux x86_64) AppleWebKit/537.36 (KHTML, like Gecko) HeadlessChrome/147.0.7727.15 Safari/537.36"}
[2m[WebServer] [22m{"time":"2026-10-07T08:27:29.851477047-04:00","level":"INFO","msg":"client log","level":"WARN","message":"[inventory] item photo failed to load, showing placeholder Liquid Butter https://nyc3.digitaloceanspaces.com/hq.yumyums/items/liquid-butter.png","user":"Jamal C. (jamal@yumyums.kitchen)","page":"/inventory.html","ua":"Mozilla/5.0 (X11; Linux x86_64) AppleWebKit/537.36 (KHTML, like Gecko) HeadlessChrome/147.0.7727.15 Safari/537.36"}
[2m[WebServer] [22m{"time":"2026-10-07T08:27:29.851643183-04:00","level":"INFO","msg":"client log","level":"WARN","message":"[inventory] item photo failed to load, showing placeholder Boxes (No 2) https://nyc3.digitaloceanspaces.com/hq.yumyums/items/boxes-no-2.png","user":"Jamal C. (jamal@yumyums.kitchen)","page":"/inventory.html","ua":"Mozilla/5.0 (X11; Linux x86_64) AppleWebKit/537.36 (KHTML, like Gecko) HeadlessChrome/147.0.7727.15 Safari/537.36"}
[2m[WebServer] [22m{"time":"2026-10-07T08:27:29.851833113-04:00","level":"INFO","msg":"client log","level":"WARN","message":"[inventory] item photo failed to load, showing placeholder Straws https://nyc3.digitaloceanspaces.com/hq.yumyums/items/straws.png","user":"Jamal C. (jamal@yumyums.kitchen)","page":"/inventory.html","ua":"Mozilla/5.0 (X11; Linux x86_64) AppleWebKit/537.36 (KHTML, like Gecko) HeadlessChrome/147.0.7727.15 Safari/537.36"}
[2m[WebServer] [22m{"time":"2026-10-07T08:27:29.856896529-04:00","level":"INFO","msg":"client log","level":"WARN","message":"[inventory] item photo failed to load, showing placeholder Lemon Juice https://nyc3.digitaloceanspaces.com/hq.yumyums/items/lemon-juice.png","user":"Jamal C. (jamal@yumyums.kitchen)","page":"/inventory.html","ua":"Mozilla/5.0 (X11; Linux x86_64) AppleWebKit/537.36 (KHTML, like Gecko) HeadlessChrome/147.0.7727.15 Safari/537.36"}
[2m[WebServer] [22m{"time":"2026-10-07T08:27:29.859600241-04:00","level":"INFO","msg":"client log","level":"WARN","message":"[inventory] item photo failed to load, showing placeholder Brown Sugar https://nyc3.digitaloceanspaces.com/hq.yumyums/items/brown-sugar.png","user":"Jamal C. (jamal@yumyums.kitchen)","page":"/inventory.html","ua":"Mozilla/5.0 (X11; Linux x86_64) AppleWebKit/537.36 (KHTML, like Gecko) HeadlessChrome/147.0.7727.15 Safari/537.36"}
[2m[WebServer] [22m{"time":"2026-10-07T08:27:29.862514232-04:00","level":"INFO","msg":"client log","level":"WARN","message":"[inventory] item photo failed to load, showing placeholder Seasoning Salt https://nyc3.digitaloceanspaces.com/hq.yumyums/items/seasoning-salt.png","user":"Jamal C. (jamal@yumyums.kitchen)","page":"/inventory.html","ua":"Mozilla/5.0 (X11; Linux x86_64) AppleWebKit/537.36 (KHTML, like Gecko) HeadlessChrome/147.0.7727.15 Safari/537.36"}
[2m[WebServer] [22m{"time":"2026-10-07T08:27:29.86251434-04:00","level":"INFO","msg":"client log","level":"WARN","message":"[inventory] item photo failed to load, showing placeholder Ketchup Packets https://nyc3.digitaloceanspaces.com/hq.yumyums/items/ketchup-packets.png","user":"Jamal C. (jamal@yumyums.kitchen)","page":"/inventory.html","ua":"Mozilla/5.0 (X11; Linux x86_64) AppleWebKit/537.36 (KHTML, like Gecko) HeadlessChrome/147.0.7727.15 Safari/537.36"}
[2m[WebServer] [22m{"time":"2026-10-07T08:27:29.862878912-04:00","level":"INFO","msg":"client log","level":"WARN","message":"[inventory] item photo failed to load, showing placeholder Garlic Powder https://nyc3.digitaloceanspaces.com/hq.yumyums/items/garlic-powder.png","user":"Jamal C. (jamal@yumyums.kitchen)","page":"/inventory.html","ua":"Mozilla/5.0 (X11; Linux x86_64) AppleWebKit/537.36 (KHTML, like Gecko) HeadlessChrome/147.0.7727.15 Safari/537.36"}
[2m[WebServer] [22m{"time":"2026-10-07T08:27:29.863035249-04:00","level":"INFO","msg":"client log","level":"WARN","message":"[inventory] item photo failed to load, showing placeholder Coarse Sea Salt https://nyc3.digitaloceanspaces.com/hq.yumyums/items/coarse-sea-salt.png","user":"Jamal C. (jamal@yumyums.kitchen)","page":"/inventory.html","ua":"Mozilla/5.0 (X11; Linux x86_64) AppleWebKit/537.36 (KHTML, like Gecko) HeadlessChrome/147.0.7727.15 Safari/537.36"}
[2m[WebServer] [22m{"time":"2026-10-07T08:27:29.864351412-04:00","level":"INFO","msg":"client log","level":"WARN","message":"[inventory] item photo failed to load, showing placeholder Black Pepper https://nyc3.digitaloceanspaces.com/hq.yumyums/items/black-pepper.png","user":"Jamal C. (jamal@yumyums.kitchen)","page":"/inventory.html","ua":"Mozilla/5.0 (X11; Linux x86_64) AppleWebKit/537.36 (KHTML, like Gecko) HeadlessChrome/147.0.7727.15 Safari/537.36"}
[2m[WebServer] [22m{"time":"2026-10-07T08:27:29.864597977-04:00","level":"INFO","msg":"client log","level":"WARN","message":"[inventory] item photo failed to load, showing placeholder Frank’s Hot Sauce https://nyc3.digitaloceanspaces.com/hq.yumyums/items/frank-s-hot-sauce.png","user":"Jamal C. (jamal@yumyums.kitchen)","page":"/inventory.html","ua":"Mozilla/5.0 (X11; Linux x86_64) AppleWebKit/537.36 (KHTML, like Gecko) HeadlessChrome/147.0.7727.15 Safari/537.36"}
[2m[WebServer] [22m{"time":"2026-10-07T08:27:29.871655234-04:00","level":"INFO","msg":"client log","level":"WARN","message":"[inventory] item photo failed to load, showing placeholder Sugar https://nyc3.digitaloceanspaces.com/hq.yumyums/items/sugar.png","user":"Jamal C. (jamal@yumyums.kitchen)","page":"/inventory.html","ua":"Mozilla/5.0 (X11; Linux x86_64) AppleWebKit/537.36 (KHTML, like Gecko) HeadlessChrome/147.0.7727.15 Safari/537.36"}
[2m[WebServer] [22m{"time":"2026-10-07T08:27:29.872510675-04:00","level":"INFO","msg":"client log","level":"WARN","message":"[inventory] item photo failed to load, showing placeholder Bbq Sauce https://nyc3.digitaloceanspaces.com/hq.yumyums/items/bbq-sauce.png","user":"Jamal C. (jamal@yumyums.kitchen)","page":"/inventory.html","ua":"Mozilla/5.0 (X11; Linux x86_64) AppleWebKit/537.36 (KHTML, like Gecko) HeadlessChrome/147.0.7727.15 Safari/537.36"}
[2m[WebServer] [22m{"time":"2026-10-07T08:27:29.873424366-04:00","level":"INFO","msg":"client log","level":"WARN","message":"[inventory] item photo failed to load, showing placeholder Bread Crumbs https://nyc3.digitaloceanspaces.com/hq.yumyums/items/bread-crumbs.png","user":"Jamal C. (jamal@yumyums.kitchen)","page":"/inventory.html","ua":"Mozilla/5.0 (X11; Linux x86_64) AppleWebKit/537.36 (KHTML, like Gecko) HeadlessChrome/147.0.7727.15 Safari/537.36"}
[2m[WebServer] [22m{"time":"2026-10-07T08:27:29.873462158-04:00","level":"INFO","msg":"client log","level":"WARN","message":"[inventory] item photo failed to load, showing placeholder Fine Sea Salt https://nyc3.digitaloceanspaces.com/hq.yumyums/items/fine-sea-salt.png","user":"Jamal C. (jamal@yumyums.kitchen)","page":"/inventory.html","ua":"Mozilla/5.0 (X11; Linux x86_64) AppleWebKit/537.36 (KHTML, like Gecko) HeadlessChrome/147.0.7727.15 Safari/537.36"}
[2m[WebServer] [22m{"time":"2026-10-07T08:27:29.873440947-04:00","level":"INFO","msg":"client log","level":"WARN","message":"[inventory] item photo failed to load, showing placeholder Blue Cheese Dressing https://nyc3.digitaloceanspaces.com/hq.yumyums/items/blue-cheese-dressing.png","user":"Jamal C. (jamal@yumyums.kitchen)","page":"/inventory.html","ua":"Mozilla/5.0 (X11; Linux x86_64) AppleWebKit/537.36 (KHTML, like Gecko) HeadlessChrome/147.0.7727.15 Safari/537.36"}
[2m[WebServer] [22m{"time":"2026-10-07T08:27:29.873967348-04:00","level":"INFO","msg":"client log","level":"WARN","message":"[inventory] item photo failed to load, showing placeholder Mayonnaise https://nyc3.digitaloceanspaces.com/hq.yumyums/items/mayonnaise.png","user":"Jamal C. (jamal@yumyums.kitchen)","page":"/inventory.html","ua":"Mozilla/5.0 (X11; Linux x86_64) AppleWebKit/537.36 (KHTML, like Gecko) HeadlessChrome/147.0.7727.15 Safari/537.36"}
[2m[WebServer] [22m{"time":"2026-10-07T08:27:29.877077946-04:00","level":"INFO","msg":"client log","level":"WARN","message":"[inventory] item photo failed to load, showing placeholder Mumbo Sauce https://nyc3.digitaloceanspaces.com/hq.yumyums/items/mumbo-sauce.png","user":"Jamal C. (jamal@yumyums.kitchen)","page":"/inventory.html","ua":"Mozilla/5.0 (X11; Linux x86_64) AppleWebKit/537.36 (KHTML, like Gecko) HeadlessChrome/147.0.7727.15 Safari/537.36"}
[2m[WebServer] [22m{"time":"2026-10-07T08:27:29.883726808-04:00","level":"INFO","msg":"client log","level":"WARN","message":"[inventory] item photo failed to load, showing placeholder Granulated Onion https://nyc3.digitaloceanspaces.com/hq.yumyums/items/granulated-onion.png","user":"Jamal C. (jamal@yumyums.kitchen)","page":"/inventory.html","ua":"Mozilla/5.0 (X11; Linux x86_64) AppleWebKit/537.36 (KHTML, like Gecko) HeadlessChrome/147.0.7727.15 Safari/537.36"}
[2m[WebServer] [22m{"time":"2026-10-07T08:27:29.884764212-04:00","level":"INFO","msg":"client log","level":"WARN","message":"[inventory] item photo failed to load, showing placeholder Cayenne Pepper https://nyc3.digitaloceanspaces.com/hq.yumyums/items/cayenne-pepper.png","user":"Jamal C. (jamal@yumyums.kitchen)","page":"/inventory.html","ua":"Mozilla/5.0 (X11; Linux x86_64) AppleWebKit/537.36 (KHTML, like Gecko) HeadlessChrome/147.0.7727.15 Safari/537.36"}
[2m[WebServer] [22m{"time":"2026-10-07T08:27:29.884813848-04:00","level":"INFO","msg":"client log","level":"WARN","message":"[inventory] item photo failed to load, showing placeholder Olive Oil Blend https://nyc3.digitaloceanspaces.com/hq.yumyums/items/olive-oil-blend.png","user":"Jamal C. (jamal@yumyums.kitchen)","page":"/inventory.html","ua":"Mozilla/5.0 (X11; Linux x86_64) AppleWebKit/537.36 (KHTML, like Gecko) HeadlessChrome/147.0.7727.15 Safari/537.36"}
[2m[WebServer] [22m{"time":"2026-10-07T08:27:29.884852071-04:00","level":"INFO","msg":"client log","level":"WARN","message":"[inventory] item photo failed to load, showing placeholder Nacho Cheese Sauce https://nyc3.digitaloceanspaces.com/hq.yumyums/items/nacho-cheese-sauce.png","user":"Jamal C. (jamal@yumyums.kitchen)","page":"/inventory.html","ua":"Mozilla/5.0 (X11; Linux x86_64) AppleWebKit/537.36 (KHTML, like Gecko) HeadlessChrome/147.0.7727.15 Safari/537.36"}
[2m[WebServer] [22m{"time":"2026-10-07T08:27:29.88476432-04:00","level":"INFO","msg":"client log","level":"WARN","message":"[inventory] item photo failed to load, showing placeholder White Cheese Sauce https://nyc3.digitaloceanspaces.com/hq.yumyums/items/white-cheese-sauce.png","user":"Jamal C. (jamal@yumyums.kitchen)","page":"/inventory.html","ua":"Mozilla/5.0 (X11; Linux x86_64) AppleWebKit/537.36 (KHTML, like Gecko) HeadlessChrome/147.0.7727.15 Safari/537.36"}
[2m[WebServer] [22m{"time":"2026-10-07T08:27:29.886234452-04:00","level":"INFO","msg":"client log","level":"WARN","message":"[inventory] item photo failed to load, showing placeholder Allspice https://nyc3.digitaloceanspaces.com/hq.yumyums/items/allspice.png","user":"Jamal C. (jamal@yumyums.kitchen)","page":"/inventory.html","ua":"Mozilla/5.0 (X11; Linux x86_64) AppleWebKit/537.36 (KHTML, like Gecko) HeadlessChrome/147.0.7727.15 Safari/537.36"}
[2m[WebServer] [22m{"time":"2026-10-07T08:27:29.890841883-04:00","level":"INFO","msg":"client log","level":"WARN","message":"[inventory] item photo failed to load, showing placeholder Crystal Hot Sauce https://nyc3.digitaloceanspaces.com/hq.yumyums/items/crystal-hot-sauce.png","user":"Jamal C. (jamal@yumyums.kitchen)","page":"/inventory.html","ua":"Mozilla/5.0 (X11; Linux x86_64) AppleWebKit/537.36 (KHTML, like Gecko) HeadlessChrome/147.0.7727.15 Safari/537.36"}
[2m[WebServer] [22m{"time":"2026-10-07T08:27:29.89284283-04:00","level":"INFO","msg":"client log","level":"WARN","message":"[inventory] item photo failed to load, showing placeholder Pickles https://nyc3.digitaloceanspaces.com/hq.yumyums/items/pickles.png","user":"Jamal C. (jamal@yumyums.kitchen)","page":"/inventory.html","ua":"Mozilla/5.0 (X11; Linux x86_64) AppleWebKit/537.36 (KHTML, like Gecko) HeadlessChrome/147.0.7727.15 Safari/537.36"}
[2m[WebServer] [22m{"time":"2026-10-07T08:27:29.894407173-04:00","level":"INFO","msg":"client log","level":"WARN","message":"[inventory] item photo failed to load, showing placeholder Honey Garlic Sauce https://nyc3.digitaloceanspaces.com/hq.yumyums/items/honey-garlic-sauce.png","user":"Jamal C. (jamal@yumyums.kitchen)","page":"/inventory.html","ua":"Mozilla/5.0 (X11; Linux x86_64) AppleWebKit/537.36 (KHTML, like Gecko) HeadlessChrome/147.0.7727.15 Safari/537.36"}
[2m[WebServer] [22m{"time":"2026-10-07T08:27:29.895979269-04:00","level":"INFO","msg":"client log","level":"WARN","message":"[inventory] item photo failed to load, showing placeholder Ketchup Jug https://nyc3.digitaloceanspaces.com/hq.yumyums/items/ketchup-jug.png","user":"Jamal C. (jamal@yumyums.kitchen)","page":"/inventory.html","ua":"Mozilla/5.0 (X11; Linux x86_64) AppleWebKit/537.36 (KHTML, like Gecko) HeadlessChrome/147.0.7727.15 Safari/537.36"}
[2m[WebServer] [22m{"time":"2026-10-07T08:27:29.897596263-04:00","level":"INFO","msg":"client log","level":"WARN","message":"[inventory] item photo failed to load, showing placeholder Jerk Seasoning https://nyc3.digitaloceanspaces.com/hq.yumyums/items/jerk-seasoning.png","user":"Jamal C. (jamal@yumyums.kitchen)","page":"/inventory.html","ua":"Mozilla/5.0 (X11; Linux x86_64) AppleWebKit/537.36 (KHTML, like Gecko) HeadlessChrome/147.0.7727.15 Safari/537.36"}
[2m[WebServer] [22m{"time":"2026-10-07T08:27:29.899226393-04:00","level":"INFO","msg":"client log","level":"WARN","message":"[inventory] item photo failed to load, showing placeholder Wings https://nyc3.digitaloceanspaces.com/hq.yumyums/items/wings.png","user":"Jamal C. (jamal@yumyums.kitchen)","page":"/inventory.html","ua":"Mozilla/5.0 (X11; Linux x86_64) AppleWebKit/537.36 (KHTML, like Gecko) HeadlessChrome/147.0.7727.15 Safari/537.36"}
[2m[WebServer] [22m{"time":"2026-10-07T08:27:29.904353226-04:00","level":"INFO","msg":"client log","level":"WARN","message":"[inventory] item photo failed to load, showing placeholder Frying Oil https://nyc3.digitaloceanspaces.com/hq.yumyums/items/frying-oil.png","user":"Jamal C. (jamal@yumyums.kitchen)","page":"/inventory.html","ua":"Mozilla/5.0 (X11; Linux x86_64) AppleWebKit/537.36 (KHTML, like Gecko) HeadlessChrome/147.0.7727.15 Safari/537.36"}
[2m[WebServer] [22m{"time":"2026-10-07T08:27:29.904463481-04:00","level":"INFO","msg":"client log","level":"WARN","message":"[inventory] item photo failed to load, showing placeholder Honey Mustard https://nyc3.digitaloceanspaces.com/hq.yumyums/items/honey-mustard.png","user":"Jamal C. (jamal@yumyums.kitchen)","page":"/inventory.html","ua":"Mozilla/5.0 (X11; Linux x86_64) AppleWebKit/537.36 (KHTML, like Gecko) HeadlessChrome/147.0.7727.15 Safari/537.36"}
[2m[WebServer] [22m{"time":"2026-10-07T08:27:29.904607221-04:00","level":"INFO","msg":"client log","level":"WARN","message":"[inventory] item photo failed to load, showing placeholder Salt https://nyc3.digitaloceanspaces.com/hq.yumyums/items/salt.png","user":"Jamal C. (jamal@yumyums.kitchen)","page":"/inventory.html","ua":"Mozilla/5.0 (X11; Linux x86_64) AppleWebKit/537.36 (KHTML, like Gecko) HeadlessChrome/147.0.7727.15 Safari/537.36"}
[2m[WebServer] [22m{"time":"2026-10-07T08:27:29.905360591-04:00","level":"INFO","msg":"client log","level":"WARN","message":"[inventory] item photo failed to load, showing placeholder Ranch Dressing https://nyc3.digitaloceanspaces.com/hq.yumyums/items/ranch-dressing.png","user":"Jamal C. (jamal@yumyums.kitchen)","page":"/inventory.html","ua":"Mozilla/5.0 (X11; Linux x86_64) AppleWebKit/537.36 (KHTML, like Gecko) HeadlessChrome/147.0.7727.15 Safari/537.36"}
[2m[WebServer] [22m{"time":"2026-10-07T08:27:29.905680156-04:00","level":"INFO","msg":"client log","level":"WARN","message":"[inventory] item photo failed to load, showing placeholder Meatballs https://nyc3.digitaloceanspaces.com/hq.yumyums/items/meatballs.png","user":"Jamal C. (jamal@yumyums.kitchen)","page":"/inventory.html","ua":"Mozilla/5.0 (X11; Linux x86_64) AppleWebKit/537.36 (KHTML, like Gecko) HeadlessChrome/147.0.7727.15 Safari/537.36"}
[2m[WebServer] [22m{"time":"2026-10-07T08:27:29.905719348-04:00","level":"INFO","msg":"client log","level":"WARN","message":"[inventory] item photo failed to load, showing placeholder Sriracha https://nyc3.digitaloceanspaces.com/hq.yumyums/items/sriracha.png","user":"Jamal C. (jamal@yumyums.kitchen)","page":"/inventory.html","ua":"Mozilla/5.0 (X11; Linux x86_64) AppleWebKit/537.36 (KHTML, like Gecko) HeadlessChrome/147.0.7727.15 Safari/537.36"}
[2m[WebServer] [22m{"time":"2026-10-07T08:27:29.912423769-04:00","level":"INFO","msg":"client log","level":"WARN","message":"[inventory] item photo failed to load, showing placeholder Everything Bagel Seasoning https://nyc3.digitaloceanspaces.com/hq.yumyums/items/everything-bagel-seasoning.png","user":"Jamal C. (jamal@yumyums.kitchen)","page":"/inventory.html","ua":"Mozilla/5.0 (X11; Linux x86_64) AppleWebKit/537.36 (KHTML, like Gecko) HeadlessChrome/147.0.7727.15 Safari/537.36"}
[2m[WebServer] [22m{"time":"2026-10-07T08:27:29.91280083-04:00","level":"INFO","msg":"client log","level":"WARN","message":"[inventory] item photo failed to load, showing placeholder Jalapeños https://nyc3.digitaloceanspaces.com/hq.yumyums/items/jalape-os.png","user":"Jamal C. (jamal@yumyums.kitchen)","page":"/inventory.html","ua":"Mozilla/5.0 (X11; Linux x86_64) AppleWebKit/537.36 (KHTML, like Gecko) HeadlessChrome/147.0.7727.15 Safari/537.36"}
[2m[WebServer] [22m{"time":"2026-10-07T08:27:29.913203733-04:00","level":"INFO","msg":"client log","level":"WARN","message":"[inventory] item photo failed to load, showing placeholder Relish https://nyc3.digitaloceanspaces.com/hq.yumyums/items/relish.png","user":"Jamal C. (jamal@yumyums.kitchen)","page":"/inventory.html","ua":"Mozilla/5.0 (X11; Linux x86_64) AppleWebKit/537.36 (KHTML, like Gecko) HeadlessChrome/147.0.7727.15 Safari/537.36"}
  ✓  3 [chromium] › tests/inventory.spec.js:2186:3 › Inventory › Setup item editor shows alias chips, adds and removes nicknames (2.8s)
[2m[WebServer] [22m{"time":"2026-10-07T08:27:33.930314368-04:00","level":"INFO","msg":"client log","level":"WARN","message":"[inventory] item photo failed to load, showing placeholder Dr. Pepper https://nyc3.digitaloceanspaces.com/hq.yumyums/items/dr-pepper.png","user":"Jamal C. (jamal@yumyums.kitchen)","page":"/inventory.html","ua":"Mozilla/5.0 (X11; Linux x86_64) AppleWebKit/537.36 (KHTML, like Gecko) HeadlessChrome/147.0.7727.15 Safari/537.36"}
[2m[WebServer] [22m{"time":"2026-10-07T08:27:33.935622626-04:00","level":"INFO","msg":"client log","level":"WARN","message":"[inventory] item photo failed to load, showing placeholder Water https://nyc3.digitaloceanspaces.com/hq.yumyums/items/water.png","user":"Jamal C. (jamal@yumyums.kitchen)","page":"/inventory.html","ua":"Mozilla/5.0 (X11; Linux x86_64) AppleWebKit/537.36 (KHTML, like Gecko) HeadlessChrome/147.0.7727.15 Safari/537.36"}
[2m[WebServer] [22m{"time":"2026-10-07T08:27:33.935636408-04:00","level":"INFO","msg":"client log","level":"WARN","message":"[inventory] item photo failed to load, showing placeholder Mango Syrup https://nyc3.digitaloceanspaces.com/hq.yumyums/items/mango-syrup.png","user":"Jamal C. (jamal@yumyums.kitchen)","page":"/inventory.html","ua":"Mozilla/5.0 (X11; Linux x86_64) AppleWebKit/537.36 (KHTML, like Gecko) HeadlessChrome/147.0.7727.15 Safari/537.36"}
[2m[WebServer] [22m{"time":"2026-10-07T08:27:33.936903581-04:00","level":"INFO","msg":"client log","level":"WARN","message":"[inventory] item photo failed to load, showing placeholder Coke Zero https://nyc3.digitaloceanspaces.com/hq.yumyums/items/coke-zero.png","user":"Jamal C. (jamal@yumyums.kitchen)","page":"/inventory.html","ua":"Mozilla/5.0 (X11; Linux x86_64) AppleWebKit/537.36 (KHTML, like Gecko) HeadlessChrome/147.0.7727.15 Safari/537.36"}
[2m[WebServer] [22m{"time":"2026-10-07T08:27:33.937397465-04:00","level":"INFO","msg":"client log","level":"WARN","message":"[inventory] item photo failed to load, showing placeholder Lemonade Mix https://nyc3.digitaloceanspaces.com/hq.yumyums/items/lemonade-mix.png","user":"Jamal C. (jamal@yumyums.kitchen)","page":"/inventory.html","ua":"Mozilla/5.0 (X11; Linux x86_64) AppleWebKit/537.36 (KHTML, like Gecko) HeadlessChrome/147.0.7727.15 Safari/537.36"}
[2m[WebServer] [22m{"time":"2026-10-07T08:27:33.937937647-04:00","level":"INFO","msg":"client log","level":"WARN","message":"[inventory] item photo failed to load, showing placeholder Coke https://nyc3.digitaloceanspaces.com/hq.yumyums/items/coke.png","user":"Jamal C. (jamal@yumyums.kitchen)","page":"/inventory.html","ua":"Mozilla/5.0 (X11; Linux x86_64) AppleWebKit/537.36 (KHTML, like Gecko) HeadlessChrome/147.0.7727.15 Safari/537.36"}
[2m[WebServer] [22m{"time":"2026-10-07T08:27:33.953054141-04:00","level":"INFO","msg":"client log","level":"WARN","message":"[inventory] item photo failed to load, showing placeholder Sprite https://nyc3.digitaloceanspaces.com/hq.yumyums/items/sprite.png","user":"Jamal C. (jamal@yumyums.kitchen)","page":"/inventory.html","ua":"Mozilla/5.0 (X11; Linux x86_64) AppleWebKit/537.36 (KHTML, like Gecko) HeadlessChrome/147.0.7727.15 Safari/537.36"}
[2m[WebServer] [22m{"time":"2026-10-07T08:27:34.053706044-04:00","level":"INFO","msg":"client log","level":"WARN","message":"[inventory] item photo failed to load, showing placeholder Tomaotes https://nyc3.digitaloceanspaces.com/hq.yumyums/items/tomaotes.png","user":"Jamal C. (jamal@yumyums.kitchen)","page":"/inventory.html","ua":"Mozilla/5.0 (X11; Linux x86_64) AppleWebKit/537.36 (KHTML, like Gecko) HeadlessChrome/147.0.7727.15 Safari/537.36"}
[2m[WebServer] [22m{"time":"2026-10-07T08:27:34.054860809-04:00","level":"INFO","msg":"client log","level":"WARN","message":"[inventory] item photo failed to load, showing placeholder Towels https://nyc3.digitaloceanspaces.com/hq.yumyums/items/towels.png","user":"Jamal C. (jamal@yumyums.kitchen)","page":"/inventory.html","ua":"Mozilla/5.0 (X11; Linux x86_64) AppleWebKit/537.36 (KHTML, like Gecko) HeadlessChrome/147.0.7727.15 Safari/537.36"}
[2m[WebServer] [22m{"time":"2026-10-07T08:27:34.055655524-04:00","level":"INFO","msg":"client log","level":"WARN","message":"[inventory] item photo failed to load, showing placeholder Dish Soap https://nyc3.digitaloceanspaces.com/hq.yumyums/items/dish-soap.png","user":"Jamal C. (jamal@yumyums.kitchen)","page":"/inventory.html","ua":"Mozilla/5.0 (X11; Linux x86_64) AppleWebKit/537.36 (KHTML, like Gecko) HeadlessChrome/147.0.7727.15 Safari/537.36"}
[2m[WebServer] [22m{"time":"2026-10-07T08:27:34.058608923-04:00","level":"INFO","msg":"client log","level":"WARN","message":"[inventory] item photo failed to load, showing placeholder Cup Holders https://nyc3.digitaloceanspaces.com/hq.yumyums/items/cup-holders.png","user":"Jamal C. (jamal@yumyums.kitchen)","page":"/inventory.html","ua":"Mozilla/5.0 (X11; Linux x86_64) AppleWebKit/537.36 (KHTML, like Gecko) HeadlessChrome/147.0.7727.15 Safari/537.36"}
[2m[WebServer] [22m{"time":"2026-10-07T08:27:34.060885614-04:00","level":"INFO","msg":"client log","level":"WARN","message":"[inventory] item photo failed to load, showing placeholder Trash Bags (30 Gallon) https://nyc3.digitaloceanspaces.com/hq.yumyums/items/trash-bags-30-gallon.png","user":"Jamal C. (jamal@yumyums.kitchen)","page":"/inventory.html","ua":"Mozilla/5.0 (X11; Linux x86_64) AppleWebKit/537.36 (KHTML, like Gecko) HeadlessChrome/147.0.7727.15 Safari/537.36"}
[2m[WebServer] [22m{"time":"2026-10-07T08:27:34.136020925-04:00","level":"INFO","msg":"client log","level":"WARN","message":"[inventory] item photo failed to load, showing placeholder Sanitizing Tablets https://nyc3.digitaloceanspaces.com/hq.yumyums/items/sanitizing-tablets.png","user":"Jamal C. (jamal@yumyums.kitchen)","page":"/inventory.html","ua":"Mozilla/5.0 (X11; Linux x86_64) AppleWebKit/537.36 (KHTML, like Gecko) HeadlessChrome/147.0.7727.15 Safari/537.36"}
[2m[WebServer] [22m{"time":"2026-10-07T08:27:34.136257584-04:00","level":"INFO","msg":"client log","level":"WARN","message":"[inventory] item photo failed to load, showing placeholder Bleach https://nyc3.digitaloceanspaces.com/hq.yumyums/items/bleach.png","user":"Jamal C. (jamal@yumyums.kitchen)","page":"/inventory.html","ua":"Mozilla/5.0 (X11; Linux x86_64) AppleWebKit/537.36 (KHTML, like Gecko) HeadlessChrome/147.0.7727.15 Safari/537.36"}
[2m[WebServer] [22m{"time":"2026-10-07T08:27:34.137329443-04:00","level":"INFO","msg":"client log","level":"WARN","message":"[inventory] item photo failed to load, showing placeholder Brisket https://nyc3.digitaloceanspaces.com/hq.yumyums/items/brisket.png","user":"Jamal C. (jamal@yumyums.kitchen)","page":"/inventory.html","ua":"Mozilla/5.0 (X11; Linux x86_64) AppleWebKit/537.36 (KHTML, like Gecko) HeadlessChrome/147.0.7727.15 Safari/537.36"}
[2m[WebServer] [22m{"time":"2026-10-07T08:27:34.137567933-04:00","level":"INFO","msg":"client log","level":"WARN","message":"[inventory] item photo failed to load, showing placeholder Mint https://nyc3.digitaloceanspaces.com/hq.yumyums/items/mint.png","user":"Jamal C. (jamal@yumyums.kitchen)","page":"/inventory.html","ua":"Mozilla/5.0 (X11; Linux x86_64) AppleWebKit/537.36 (KHTML, like Gecko) HeadlessChrome/147.0.7727.15 Safari/537.36"}
[2m[WebServer] [22m{"time":"2026-10-07T08:27:34.138813249-04:00","level":"INFO","msg":"client log","level":"WARN","message":"[inventory] item photo failed to load, showing placeholder White Onions https://nyc3.digitaloceanspaces.com/hq.yumyums/items/white-onions.png","user":"Jamal C. (jamal@yumyums.kitchen)","page":"/inventory.html","ua":"Mozilla/5.0 (X11; Linux x86_64) AppleWebKit/537.36 (KHTML, like Gecko) HeadlessChrome/147.0.7727.15 Safari/537.36"}
[2m[WebServer] [22m{"time":"2026-10-07T08:27:34.151162505-04:00","level":"INFO","msg":"client log","level":"WARN","message":"[inventory] item photo failed to load, showing placeholder Red Peppers https://nyc3.digitaloceanspaces.com/hq.yumyums/items/red-peppers.png","user":"Jamal C. (jamal@yumyums.kitchen)","page":"/inventory.html","ua":"Mozilla/5.0 (X11; Linux x86_64) AppleWebKit/537.36 (KHTML, like Gecko) HeadlessChrome/147.0.7727.15 Safari/537.36"}
[2m[WebServer] [22m{"time":"2026-10-07T08:27:34.151238844-04:00","level":"INFO","msg":"client log","level":"WARN","message":"[inventory] item photo failed to load, showing placeholder Lemons https://nyc3.digitaloceanspaces.com/hq.yumyums/items/lemons.png","user":"Jamal C. (jamal@yumyums.kitchen)","page":"/inventory.html","ua":"Mozilla/5.0 (X11; Linux x86_64) AppleWebKit/537.36 (KHTML, like Gecko) HeadlessChrome/147.0.7727.15 Safari/537.36"}
[2m[WebServer] [22m{"time":"2026-10-07T08:27:34.151192868-04:00","level":"INFO","msg":"client log","level":"WARN","message":"[inventory] item photo failed to load, showing placeholder Straws https://nyc3.digitaloceanspaces.com/hq.yumyums/items/straws.png","user":"Jamal C. (jamal@yumyums.kitchen)","page":"/inventory.html","ua":"Mozilla/5.0 (X11; Linux x86_64) AppleWebKit/537.36 (KHTML, like Gecko) HeadlessChrome/147.0.7727.15 Safari/537.36"}
[2m[WebServer] [22m{"time":"2026-10-07T08:27:34.153150962-04:00","level":"INFO","msg":"client log","level":"WARN","message":"[inventory] item photo failed to load, showing placeholder Hot Dog Rolls https://nyc3.digitaloceanspaces.com/hq.yumyums/items/hot-dog-rolls.png","user":"Jamal C. (jamal@yumyums.kitchen)","page":"/inventory.html","ua":"Mozilla/5.0 (X11; Linux x86_64) AppleWebKit/537.36 (KHTML, like Gecko) HeadlessChrome/147.0.7727.15 Safari/537.36"}
[2m[WebServer] [22m{"time":"2026-10-07T08:27:34.153500137-04:00","level":"INFO","msg":"client log","level":"WARN","message":"[inventory] item photo failed to load, showing placeholder Napkins https://nyc3.digitaloceanspaces.com/hq.yumyums/items/napkins.png","user":"Jamal C. (jamal@yumyums.kitchen)","page":"/inventory.html","ua":"Mozilla/5.0 (X11; Linux x86_64) AppleWebKit/537.36 (KHTML, like Gecko) HeadlessChrome/147.0.7727.15 Safari/537.36"}
[2m[WebServer] [22m{"time":"2026-10-07T08:27:34.153532115-04:00","level":"INFO","msg":"client log","level":"WARN","message":"[inventory] item photo failed to load, showing placeholder Spinach He https://nyc3.digitaloceanspaces.com/hq.yumyums/items/spinach-he.png","user":"Jamal C. (jamal@yumyums.kitchen)","page":"/inventory.html","ua":"Mozilla/5.0 (X11; Linux x86_64) AppleWebKit/537.36 (KHTML, like Gecko) HeadlessChrome/147.0.7727.15 Safari/537.36"}
[2m[WebServer] [22m{"time":"2026-10-07T08:27:34.159156063-04:00","level":"INFO","msg":"client log","level":"WARN","message":"[inventory] item photo failed to load, showing placeholder Charcoal https://nyc3.digitaloceanspaces.com/hq.yumyums/items/charcoal.png","user":"Jamal C. (jamal@yumyums.kitchen)","page":"/inventory.html","ua":"Mozilla/5.0 (X11; Linux x86_64) AppleWebKit/537.36 (KHTML, like Gecko) HeadlessChrome/147.0.7727.15 Safari/537.36"}
[2m[WebServer] [22m{"time":"2026-10-07T08:27:34.164006938-04:00","level":"INFO","msg":"client log","level":"WARN","message":"[inventory] item photo failed to load, showing placeholder Plastic Bags https://nyc3.digitaloceanspaces.com/hq.yumyums/items/plastic-bags.png","user":"Jamal C. (jamal@yumyums.kitchen)","page":"/inventory.html","ua":"Mozilla/5.0 (X11; Linux x86_64) AppleWebKit/537.36 (KHTML, like Gecko) HeadlessChrome/147.0.7727.15 Safari/537.36"}
[2m[WebServer] [22m{"time":"2026-10-07T08:27:34.163990141-04:00","level":"INFO","msg":"client log","level":"WARN","message":"[inventory] item photo failed to load, showing placeholder Forks https://nyc3.digitaloceanspaces.com/hq.yumyums/items/forks.png","user":"Jamal C. (jamal@yumyums.kitchen)","page":"/inventory.html","ua":"Mozilla/5.0 (X11; Linux x86_64) AppleWebKit/537.36 (KHTML, like Gecko) HeadlessChrome/147.0.7727.15 Safari/537.36"}
[2m[WebServer] [22m{"time":"2026-10-07T08:27:34.165076105-04:00","level":"INFO","msg":"client log","level":"WARN","message":"[inventory] item photo failed to load, showing placeholder Cups https://nyc3.digitaloceanspaces.com/hq.yumyums/items/cups.png","user":"Jamal C. (jamal@yumyums.kitchen)","page":"/inventory.html","ua":"Mozilla/5.0 (X11; Linux x86_64) AppleWebKit/537.36 (KHTML, like Gecko) HeadlessChrome/147.0.7727.15 Safari/537.36"}
[2m[WebServer] [22m{"time":"2026-10-07T08:27:34.166044385-04:00","level":"INFO","msg":"client log","level":"WARN","message":"[inventory] item photo failed to load, showing placeholder Aluminum Foil https://nyc3.digitaloceanspaces.com/hq.yumyums/items/aluminum-foil.png","user":"Jamal C. (jamal@yumyums.kitchen)","page":"/inventory.html","ua":"Mozilla/5.0 (X11; Linux x86_64) AppleWebKit/537.36 (KHTML, like Gecko) HeadlessChrome/147.0.7727.15 Safari/537.36"}
[2m[WebServer] [22m{"time":"2026-10-07T08:27:34.166103711-04:00","level":"INFO","msg":"client log","level":"WARN","message":"[inventory] item photo failed to load, showing placeholder Cheesesteak https://nyc3.digitaloceanspaces.com/hq.yumyums/items/cheesesteak.png","user":"Jamal C. (jamal@yumyums.kitchen)","page":"/inventory.html","ua":"Mozilla/5.0 (X11; Linux x86_64) AppleWebKit/537.36 (KHTML, like Gecko) HeadlessChrome/147.0.7727.15 Safari/537.36"}
[2m[WebServer] [22m{"time":"2026-10-07T08:27:34.166067534-04:00","level":"INFO","msg":"client log","level":"WARN","message":"[inventory] item photo failed to load, showing placeholder Hamburger Rolls https://nyc3.digitaloceanspaces.com/hq.yumyums/items/hamburger-rolls.png","user":"Jamal C. (jamal@yumyums.kitchen)","page":"/inventory.html","ua":"Mozilla/5.0 (X11; Linux x86_64) AppleWebKit/537.36 (KHTML, like Gecko) HeadlessChrome/147.0.7727.15 Safari/537.36"}
[2m[WebServer] [22m{"time":"2026-10-07T08:27:34.172960593-04:00","level":"INFO","msg":"client log","level":"WARN","message":"[inventory] item photo failed to load, showing placeholder Corn https://nyc3.digitaloceanspaces.com/hq.yumyums/items/corn.png","user":"Jamal C. (jamal@yumyums.kitchen)","page":"/inventory.html","ua":"Mozilla/5.0 (X11; Linux x86_64) AppleWebKit/537.36 (KHTML, like Gecko) HeadlessChrome/147.0.7727.15 Safari/537.36"}
[2m[WebServer] [22m{"time":"2026-10-07T08:27:34.17390034-04:00","level":"INFO","msg":"client log","level":"WARN","message":"[inventory] item photo failed to load, showing placeholder Parm Cheese https://nyc3.digitaloceanspaces.com/hq.yumyums/items/parm-cheese.png","user":"Jamal C. (jamal@yumyums.kitchen)","page":"/inventory.html","ua":"Mozilla/5.0 (X11; Linux x86_64) AppleWebKit/537.36 (KHTML, like Gecko) HeadlessChrome/147.0.7727.15 Safari/537.36"}
[2m[WebServer] [22m{"time":"2026-10-07T08:27:34.174356216-04:00","level":"INFO","msg":"client log","level":"WARN","message":"[inventory] item photo failed to load, showing placeholder Gloves https://nyc3.digitaloceanspaces.com/hq.yumyums/items/gloves.png","user":"Jamal C. (jamal@yumyums.kitchen)","page":"/inventory.html","ua":"Mozilla/5.0 (X11; Linux x86_64) AppleWebKit/537.36 (KHTML, like Gecko) HeadlessChrome/147.0.7727.15 Safari/537.36"}
[2m[WebServer] [22m{"time":"2026-10-07T08:27:34.174550454-04:00","level":"INFO","msg":"client log","level":"WARN","message":"[inventory] item photo failed to load, showing placeholder Mexican Cheese https://nyc3.digitaloceanspaces.com/hq.yumyums/items/mexican-cheese.png","user":"Jamal C. (jamal@yumyums.kitchen)","page":"/inventory.html","ua":"Mozilla/5.0 (X11; Linux x86_64) AppleWebKit/537.36 (KHTML, like Gecko) HeadlessChrome/147.0.7727.15 Safari/537.36"}
[2m[WebServer] [22m{"time":"2026-10-07T08:27:34.175289503-04:00","level":"INFO","msg":"client log","level":"WARN","message":"[inventory] item photo failed to load, showing placeholder Hand Soap https://nyc3.digitaloceanspaces.com/hq.yumyums/items/hand-soap.png","user":"Jamal C. (jamal@yumyums.kitchen)","page":"/inventory.html","ua":"Mozilla/5.0 (X11; Linux x86_64) AppleWebKit/537.36 (KHTML, like Gecko) HeadlessChrome/147.0.7727.15 Safari/537.36"}
[2m[WebServer] [22m{"time":"2026-10-07T08:27:34.176867306-04:00","level":"INFO","msg":"client log","level":"WARN","message":"[inventory] item photo failed to load, showing placeholder Lids https://nyc3.digitaloceanspaces.com/hq.yumyums/items/lids.png","user":"Jamal C. (jamal@yumyums.kitchen)","page":"/inventory.html","ua":"Mozilla/5.0 (X11; Linux x86_64) AppleWebKit/537.36 (KHTML, like Gecko) HeadlessChrome/147.0.7727.15 Safari/537.36"}
[2m[WebServer] [22m{"time":"2026-10-07T08:27:34.183297597-04:00","level":"INFO","msg":"client log","level":"WARN","message":"[inventory] item photo failed to load, showing placeholder Pan Spray https://nyc3.digitaloceanspaces.com/hq.yumyums/items/pan-spray.png","user":"Jamal C. (jamal@yumyums.kitchen)","page":"/inventory.html","ua":"Mozilla/5.0 (X11; Linux x86_64) AppleWebKit/537.36 (KHTML, like Gecko) HeadlessChrome/147.0.7727.15 Safari/537.36"}
[2m[WebServer] [22m{"time":"2026-10-07T08:27:34.184149916-04:00","level":"INFO","msg":"client log","level":"WARN","message":"[inventory] item photo failed to load, showing placeholder Green Peppers https://nyc3.digitaloceanspaces.com/hq.yumyums/items/green-peppers.png","user":"Jamal C. (jamal@yumyums.kitchen)","page":"/inventory.html","ua":"Mozilla/5.0 (X11; Linux x86_64) AppleWebKit/537.36 (KHTML, like Gecko) HeadlessChrome/147.0.7727.15 Safari/537.36"}
[2m[WebServer] [22m{"time":"2026-10-07T08:27:34.185124441-04:00","level":"INFO","msg":"client log","level":"WARN","message":"[inventory] item photo failed to load, showing placeholder Boxes (No 8) https://nyc3.digitaloceanspaces.com/hq.yumyums/items/boxes-no-8.png","user":"Jamal C. (jamal@yumyums.kitchen)","page":"/inventory.html","ua":"Mozilla/5.0 (X11; Linux x86_64) AppleWebKit/537.36 (KHTML, like Gecko) HeadlessChrome/147.0.7727.15 Safari/537.36"}
[2m[WebServer] [22m{"time":"2026-10-07T08:27:34.186943317-04:00","level":"INFO","msg":"client log","level":"WARN","message":"[inventory] item photo failed to load, showing placeholder Hand Towels https://nyc3.digitaloceanspaces.com/hq.yumyums/items/hand-towels.png","user":"Jamal C. (jamal@yumyums.kitchen)","page":"/inventory.html","ua":"Mozilla/5.0 (X11; Linux x86_64) AppleWebKit/537.36 (KHTML, like Gecko) HeadlessChrome/147.0.7727.15 Safari/537.36"}
[2m[WebServer] [22m{"time":"2026-10-07T08:27:34.187058955-04:00","level":"INFO","msg":"client log","level":"WARN","message":"[inventory] item photo failed to load, showing placeholder Dirty Dog Rolls https://nyc3.digitaloceanspaces.com/hq.yumyums/items/dirty-dog-rolls.png","user":"Jamal C. (jamal@yumyums.kitchen)","page":"/inventory.html","ua":"Mozilla/5.0 (X11; Linux x86_64) AppleWebKit/537.36 (KHTML, like Gecko) HeadlessChrome/147.0.7727.15 Safari/537.36"}
[2m[WebServer] [22m{"time":"2026-10-07T08:27:34.188589705-04:00","level":"INFO","msg":"client log","level":"WARN","message":"[inventory] item photo failed to load, showing placeholder Cucumber https://nyc3.digitaloceanspaces.com/hq.yumyums/items/cucumber.png","user":"Jamal C. (jamal@yumyums.kitchen)","page":"/inventory.html","ua":"Mozilla/5.0 (X11; Linux x86_64) AppleWebKit/537.36 (KHTML, like Gecko) HeadlessChrome/147.0.7727.15 Safari/537.36"}
[2m[WebServer] [22m{"time":"2026-10-07T08:27:34.189677283-04:00","level":"INFO","msg":"client log","level":"WARN","message":"[inventory] item photo failed to load, showing placeholder Brisket Rolls https://nyc3.digitaloceanspaces.com/hq.yumyums/items/brisket-rolls.png","user":"Jamal C. (jamal@yumyums.kitchen)","page":"/inventory.html","ua":"Mozilla/5.0 (X11; Linux x86_64) AppleWebKit/537.36 (KHTML, like Gecko) HeadlessChrome/147.0.7727.15 Safari/537.36"}
[2m[WebServer] [22m{"time":"2026-10-07T08:27:34.194419411-04:00","level":"INFO","msg":"client log","level":"WARN","message":"[inventory] item photo failed to load, showing placeholder Red Onions https://nyc3.digitaloceanspaces.com/hq.yumyums/items/red-onions.png","user":"Jamal C. (jamal@yumyums.kitchen)","page":"/inventory.html","ua":"Mozilla/5.0 (X11; Linux x86_64) AppleWebKit/537.36 (KHTML, like Gecko) HeadlessChrome/147.0.7727.15 Safari/537.36"}
[2m[WebServer] [22m{"time":"2026-10-07T08:27:34.195173857-04:00","level":"INFO","msg":"client log","level":"WARN","message":"[inventory] item photo failed to load, showing placeholder Hoagie Containers https://nyc3.digitaloceanspaces.com/hq.yumyums/items/hoagie-containers.png","user":"Jamal C. (jamal@yumyums.kitchen)","page":"/inventory.html","ua":"Mozilla/5.0 (X11; Linux x86_64) AppleWebKit/537.36 (KHTML, like Gecko) HeadlessChrome/147.0.7727.15 Safari/537.36"}
[2m[WebServer] [22m{"time":"2026-10-07T08:27:34.195441311-04:00","level":"INFO","msg":"client log","level":"WARN","message":"[inventory] item photo failed to load, showing placeholder Blast Away https://nyc3.digitaloceanspaces.com/hq.yumyums/items/blast-away.png","user":"Jamal C. (jamal@yumyums.kitchen)","page":"/inventory.html","ua":"Mozilla/5.0 (X11; Linux x86_64) AppleWebKit/537.36 (KHTML, like Gecko) HeadlessChrome/147.0.7727.15 Safari/537.36"}
[2m[WebServer] [22m{"time":"2026-10-07T08:27:34.195841844-04:00","level":"INFO","msg":"client log","level":"WARN","message":"[inventory] item photo failed to load, showing placeholder Sour Cream https://nyc3.digitaloceanspaces.com/hq.yumyums/items/sour-cream.png","user":"Jamal C. (jamal@yumyums.kitchen)","page":"/inventory.html","ua":"Mozilla/5.0 (X11; Linux x86_64) AppleWebKit/537.36 (KHTML, like Gecko) HeadlessChrome/147.0.7727.15 Safari/537.36"}
[2m[WebServer] [22m{"time":"2026-10-07T08:27:34.195999259-04:00","level":"INFO","msg":"client log","level":"WARN","message":"[inventory] item photo failed to load, showing placeholder Boxes (No 2) https://nyc3.digitaloceanspaces.com/hq.yumyums/items/boxes-no-2.png","user":"Jamal C. (jamal@yumyums.kitchen)","page":"/inventory.html","ua":"Mozilla/5.0 (X11; Linux x86_64) AppleWebKit/537.36 (KHTML, like Gecko) HeadlessChrome/147.0.7727.15 Safari/537.36"}
[2m[WebServer] [22m{"time":"2026-10-07T08:27:34.19652792-04:00","level":"INFO","msg":"client log","level":"WARN","message":"[inventory] item photo failed to load, showing placeholder Avocados https://nyc3.digitaloceanspaces.com/hq.yumyums/items/avocados.png","user":"Jamal C. (jamal@yumyums.kitchen)","page":"/inventory.html","ua":"Mozilla/5.0 (X11; Linux x86_64) AppleWebKit/537.36 (KHTML, like Gecko) HeadlessChrome/147.0.7727.15 Safari/537.36"}
[2m[WebServer] [22m{"time":"2026-10-07T08:27:34.202278704-04:00","level":"INFO","msg":"client log","level":"WARN","message":"[inventory] item photo failed to load, showing placeholder Lettuce https://nyc3.digitaloceanspaces.com/hq.yumyums/items/lettuce.png","user":"Jamal C. (jamal@yumyums.kitchen)","page":"/inventory.html","ua":"Mozilla/5.0 (X11; Linux x86_64) AppleWebKit/537.36 (KHTML, like Gecko) HeadlessChrome/147.0.7727.15 Safari/537.36"}
[2m[WebServer] [22m{"time":"2026-10-07T08:27:34.205624131-04:00","level":"INFO","msg":"client log","level":"WARN","message":"[inventory] item photo failed to load, showing placeholder Limes https://nyc3.digitaloceanspaces.com/hq.yumyums/items/limes.png","user":"Jamal C. (jamal@yumyums.kitchen)","page":"/inventory.html","ua":"Mozilla/5.0 (X11; Linux x86_64) AppleWebKit/537.36 (KHTML, like Gecko) HeadlessChrome/147.0.7727.15 Safari/537.36"}
[2m[WebServer] [22m{"time":"2026-10-07T08:27:34.206179495-04:00","level":"INFO","msg":"client log","level":"WARN","message":"[inventory] item photo failed to load, showing placeholder No Rinse Floor Cleaner https://nyc3.digitaloceanspaces.com/hq.yumyums/items/no-rinse-floor-cleaner.png","user":"Jamal C. (jamal@yumyums.kitchen)","page":"/inventory.html","ua":"Mozilla/5.0 (X11; Linux x86_64) AppleWebKit/537.36 (KHTML, like Gecko) HeadlessChrome/147.0.7727.15 Safari/537.36"}
[2m[WebServer] [22m{"time":"2026-10-07T08:27:34.206203613-04:00","level":"INFO","msg":"client log","level":"WARN","message":"[inventory] item photo failed to load, showing placeholder Allspice https://nyc3.digitaloceanspaces.com/hq.yumyums/items/allspice.png","user":"Jamal C. (jamal@yumyums.kitchen)","page":"/inventory.html","ua":"Mozilla/5.0 (X11; Linux x86_64) AppleWebKit/537.36 (KHTML, like Gecko) HeadlessChrome/147.0.7727.15 Safari/537.36"}
[2m[WebServer] [22m{"time":"2026-10-07T08:27:34.206392467-04:00","level":"INFO","msg":"client log","level":"WARN","message":"[inventory] item photo failed to load, showing placeholder Crystal Hot Sauce https://nyc3.digitaloceanspaces.com/hq.yumyums/items/crystal-hot-sauce.png","user":"Jamal C. (jamal@yumyums.kitchen)","page":"/inventory.html","ua":"Mozilla/5.0 (X11; Linux x86_64) AppleWebKit/537.36 (KHTML, like Gecko) HeadlessChrome/147.0.7727.15 Safari/537.36"}
[2m[WebServer] [22m{"time":"2026-10-07T08:27:34.207321878-04:00","level":"INFO","msg":"client log","level":"WARN","message":"[inventory] item photo failed to load, showing placeholder Chicken Party Wings https://nyc3.digitaloceanspaces.com/hq.yumyums/items/chicken-party-wings.png","user":"Jamal C. (jamal@yumyums.kitchen)","page":"/inventory.html","ua":"Mozilla/5.0 (X11; Linux x86_64) AppleWebKit/537.36 (KHTML, like Gecko) HeadlessChrome/147.0.7727.15 Safari/537.36"}
[2m[WebServer] [22m{"time":"2026-10-07T08:27:34.207327261-04:00","level":"INFO","msg":"client log","level":"WARN","message":"[inventory] item photo failed to load, showing placeholder Frying Oil https://nyc3.digitaloceanspaces.com/hq.yumyums/items/frying-oil.png","user":"Jamal C. (jamal@yumyums.kitchen)","page":"/inventory.html","ua":"Mozilla/5.0 (X11; Linux x86_64) AppleWebKit/537.36 (KHTML, like Gecko) HeadlessChrome/147.0.7727.15 Safari/537.36"}
[2m[WebServer] [22m{"time":"2026-10-07T08:27:34.212504808-04:00","level":"INFO","msg":"client log","level":"WARN","message":"[inventory] item photo failed to load, showing placeholder Hot Dogs https://nyc3.digitaloceanspaces.com/hq.yumyums/items/hot-dogs.png","user":"Jamal C. (jamal@yumyums.kitchen)","page":"/inventory.html","ua":"Mozilla/5.0 (X11; Linux x86_64) AppleWebKit/537.36 (KHTML, like Gecko) HeadlessChrome/147.0.7727.15 Safari/537.36"}
[2m[WebServer] [22m{"time":"2026-10-07T08:27:34.218227059-04:00","level":"INFO","msg":"client log","level":"WARN","message":"[inventory] item photo failed to load, showing placeholder Everything Bagel Seasoning https://nyc3.digitaloceanspaces.com/hq.yumyums/items/everything-bagel-seasoning.png","user":"Jamal C. (jamal@yumyums.kitchen)","page":"/inventory.html","ua":"Mozilla/5.0 (X11; Linux x86_64) AppleWebKit/537.36 (KHTML, like Gecko) HeadlessChrome/147.0.7727.15 Safari/537.36"}
[2m[WebServer] [22m{"time":"2026-10-07T08:27:34.218539303-04:00","level":"INFO","msg":"client log","level":"WARN","message":"[inventory] item photo failed to load, showing placeholder Blue Cheese Dressing https://nyc3.digitaloceanspaces.com/hq.yumyums/items/blue-cheese-dressing.png","user":"Jamal C. (jamal@yumyums.kitchen)","page":"/inventory.html","ua":"Mozilla/5.0 (X11; Linux x86_64) AppleWebKit/537.36 (KHTML, like Gecko) HeadlessChrome/147.0.7727.15 Safari/537.36"}
[2m[WebServer] [22m{"time":"2026-10-07T08:27:34.218581294-04:00","level":"INFO","msg":"client log","level":"WARN","message":"[inventory] item photo failed to load, showing placeholder Coarse Sea Salt https://nyc3.digitaloceanspaces.com/hq.yumyums/items/coarse-sea-salt.png","user":"Jamal C. (jamal@yumyums.kitchen)","page":"/inventory.html","ua":"Mozilla/5.0 (X11; Linux x86_64) AppleWebKit/537.36 (KHTML, like Gecko) HeadlessChrome/147.0.7727.15 Safari/537.36"}
[2m[WebServer] [22m{"time":"2026-10-07T08:27:34.218548885-04:00","level":"INFO","msg":"client log","level":"WARN","message":"[inventory] item photo failed to load, showing placeholder Ketchup Packets https://nyc3.digitaloceanspaces.com/hq.yumyums/items/ketchup-packets.png","user":"Jamal C. (jamal@yumyums.kitchen)","page":"/inventory.html","ua":"Mozilla/5.0 (X11; Linux x86_64) AppleWebKit/537.36 (KHTML, like Gecko) HeadlessChrome/147.0.7727.15 Safari/537.36"}
[2m[WebServer] [22m{"time":"2026-10-07T08:27:34.221067727-04:00","level":"INFO","msg":"client log","level":"WARN","message":"[inventory] item photo failed to load, showing placeholder Nacho Cheese Sauce https://nyc3.digitaloceanspaces.com/hq.yumyums/items/nacho-cheese-sauce.png","user":"Jamal C. (jamal@yumyums.kitchen)","page":"/inventory.html","ua":"Mozilla/5.0 (X11; Linux x86_64) AppleWebKit/537.36 (KHTML, like Gecko) HeadlessChrome/147.0.7727.15 Safari/537.36"}
[2m[WebServer] [22m{"time":"2026-10-07T08:27:34.221113917-04:00","level":"INFO","msg":"client log","level":"WARN","message":"[inventory] item photo failed to load, showing placeholder Olive Oil Blend https://nyc3.digitaloceanspaces.com/hq.yumyums/items/olive-oil-blend.png","user":"Jamal C. (jamal@yumyums.kitchen)","page":"/inventory.html","ua":"Mozilla/5.0 (X11; Linux x86_64) AppleWebKit/537.36 (KHTML, like Gecko) HeadlessChrome/147.0.7727.15 Safari/537.36"}
[2m[WebServer] [22m{"time":"2026-10-07T08:27:34.228350768-04:00","level":"INFO","msg":"client log","level":"WARN","message":"[inventory] item photo failed to load, showing placeholder Liquid Butter https://nyc3.digitaloceanspaces.com/hq.yumyums/items/liquid-butter.png","user":"Jamal C. (jamal@yumyums.kitchen)","page":"/inventory.html","ua":"Mozilla/5.0 (X11; Linux x86_64) AppleWebKit/537.36 (KHTML, like Gecko) HeadlessChrome/147.0.7727.15 Safari/537.36"}
[2m[WebServer] [22m{"time":"2026-10-07T08:27:34.228872216-04:00","level":"INFO","msg":"client log","level":"WARN","message":"[inventory] item photo failed to load, showing placeholder Honey Garlic Sauce https://nyc3.digitaloceanspaces.com/hq.yumyums/items/honey-garlic-sauce.png","user":"Jamal C. (jamal@yumyums.kitchen)","page":"/inventory.html","ua":"Mozilla/5.0 (X11; Linux x86_64) AppleWebKit/537.36 (KHTML, like Gecko) HeadlessChrome/147.0.7727.15 Safari/537.36"}
[2m[WebServer] [22m{"time":"2026-10-07T08:27:34.228877491-04:00","level":"INFO","msg":"client log","level":"WARN","message":"[inventory] item photo failed to load, showing placeholder White Cheese Sauce https://nyc3.digitaloceanspaces.com/hq.yumyums/items/white-cheese-sauce.png","user":"Jamal C. (jamal@yumyums.kitchen)","page":"/inventory.html","ua":"Mozilla/5.0 (X11; Linux x86_64) AppleWebKit/537.36 (KHTML, like Gecko) HeadlessChrome/147.0.7727.15 Safari/537.36"}
[2m[WebServer] [22m{"time":"2026-10-07T08:27:34.229674037-04:00","level":"INFO","msg":"client log","level":"WARN","message":"[inventory] item photo failed to load, showing placeholder Jerk Seasoning https://nyc3.digitaloceanspaces.com/hq.yumyums/items/jerk-seasoning.png","user":"Jamal C. (jamal@yumyums.kitchen)","page":"/inventory.html","ua":"Mozilla/5.0 (X11; Linux x86_64) AppleWebKit/537.36 (KHTML, like Gecko) HeadlessChrome/147.0.7727.15 Safari/537.36"}
[2m[WebServer] [22m{"time":"2026-10-07T08:27:34.230288189-04:00","level":"INFO","msg":"client log","level":"WARN","message":"[inventory] item photo failed to load, showing placeholder Egg Roll Wraps https://nyc3.digitaloceanspaces.com/hq.yumyums/items/egg-roll-wraps.png","user":"Jamal C. (jamal@yumyums.kitchen)","page":"/inventory.html","ua":"Mozilla/5.0 (X11; Linux x86_64) AppleWebKit/537.36 (KHTML, like Gecko) HeadlessChrome/147.0.7727.15 Safari/537.36"}
[2m[WebServer] [22m{"time":"2026-10-07T08:27:34.230297126-04:00","level":"INFO","msg":"client log","level":"WARN","message":"[inventory] item photo failed to load, showing placeholder Wings https://nyc3.digitaloceanspaces.com/hq.yumyums/items/wings.png","user":"Jamal C. (jamal@yumyums.kitchen)","page":"/inventory.html","ua":"Mozilla/5.0 (X11; Linux x86_64) AppleWebKit/537.36 (KHTML, like Gecko) HeadlessChrome/147.0.7727.15 Safari/537.36"}
[2m[WebServer] [22m{"time":"2026-10-07T08:27:34.2393044-04:00","level":"INFO","msg":"client log","level":"WARN","message":"[inventory] item photo failed to load, showing placeholder Black Pepper https://nyc3.digitaloceanspaces.com/hq.yumyums/items/black-pepper.png","user":"Jamal C. (jamal@yumyums.kitchen)","page":"/inventory.html","ua":"Mozilla/5.0 (X11; Linux x86_64) AppleWebKit/537.36 (KHTML, like Gecko) HeadlessChrome/147.0.7727.15 Safari/537.36"}
[2m[WebServer] [22m{"time":"2026-10-07T08:27:34.241113586-04:00","level":"INFO","msg":"client log","level":"WARN","message":"[inventory] item photo failed to load, showing placeholder Mumbo Sauce https://nyc3.digitaloceanspaces.com/hq.yumyums/items/mumbo-sauce.png","user":"Jamal C. (jamal@yumyums.kitchen)","page":"/inventory.html","ua":"Mozilla/5.0 (X11; Linux x86_64) AppleWebKit/537.36 (KHTML, like Gecko) HeadlessChrome/147.0.7727.15 Safari/537.36"}
[2m[WebServer] [22m{"time":"2026-10-07T08:27:34.241144272-04:00","level":"INFO","msg":"client log","level":"WARN","message":"[inventory] item photo failed to load, showing placeholder Bbq Sauce https://nyc3.digitaloceanspaces.com/hq.yumyums/items/bbq-sauce.png","user":"Jamal C. (jamal@yumyums.kitchen)","page":"/inventory.html","ua":"Mozilla/5.0 (X11; Linux x86_64) AppleWebKit/537.36 (KHTML, like Gecko) HeadlessChrome/147.0.7727.15 Safari/537.36"}
[2m[WebServer] [22m{"time":"2026-10-07T08:27:34.243244706-04:00","level":"INFO","msg":"client log","level":"WARN","message":"[inventory] item photo failed to load, showing placeholder Ground Turkey https://nyc3.digitaloceanspaces.com/hq.yumyums/items/ground-turkey.png","user":"Jamal C. (jamal@yumyums.kitchen)","page":"/inventory.html","ua":"Mozilla/5.0 (X11; Linux x86_64) AppleWebKit/537.36 (KHTML, like Gecko) HeadlessChrome/147.0.7727.15 Safari/537.36"}
[2m[WebServer] [22m{"time":"2026-10-07T08:27:34.243562442-04:00","level":"INFO","msg":"client log","level":"WARN","message":"[inventory] item photo failed to load, showing placeholder Frank’s Hot Sauce https://nyc3.digitaloceanspaces.com/hq.yumyums/items/frank-s-hot-sauce.png","user":"Jamal C. (jamal@yumyums.kitchen)","page":"/inventory.html","ua":"Mozilla/5.0 (X11; Linux x86_64) AppleWebKit/537.36 (KHTML, like Gecko) HeadlessChrome/147.0.7727.15 Safari/537.36"}
[2m[WebServer] [22m{"time":"2026-10-07T08:27:34.246459206-04:00","level":"INFO","msg":"client log","level":"WARN","message":"[inventory] item photo failed to load, showing placeholder Garlic Powder https://nyc3.digitaloceanspaces.com/hq.yumyums/items/garlic-powder.png","user":"Jamal C. (jamal@yumyums.kitchen)","page":"/inventory.html","ua":"Mozilla/5.0 (X11; Linux x86_64) AppleWebKit/537.36 (KHTML, like Gecko) HeadlessChrome/147.0.7727.15 Safari/537.36"}
[2m[WebServer] [22m{"time":"2026-10-07T08:27:34.252331011-04:00","level":"INFO","msg":"client log","level":"WARN","message":"[inventory] item photo failed to load, showing placeholder Relish https://nyc3.digitaloceanspaces.com/hq.yumyums/items/relish.png","user":"Jamal C. (jamal@yumyums.kitchen)","page":"/inventory.html","ua":"Mozilla/5.0 (X11; Linux x86_64) AppleWebKit/537.36 (KHTML, like Gecko) HeadlessChrome/147.0.7727.15 Safari/537.36"}
[2m[WebServer] [22m{"time":"2026-10-07T08:27:34.252334672-04:00","level":"INFO","msg":"client log","level":"WARN","message":"[inventory] item photo failed to load, showing placeholder Ranch Dressing https://nyc3.digitaloceanspaces.com/hq.yumyums/items/ranch-dressing.png","user":"Jamal C. (jamal@yumyums.kitchen)","page":"/inventory.html","ua":"Mozilla/5.0 (X11; Linux x86_64) AppleWebKit/537.36 (KHTML, like Gecko) HeadlessChrome/147.0.7727.15 Safari/537.36"}
[2m[WebServer] [22m{"time":"2026-10-07T08:27:34.252821342-04:00","level":"INFO","msg":"client log","level":"WARN","message":"[inventory] item photo failed to load, showing placeholder Meatballs https://nyc3.digitaloceanspaces.com/hq.yumyums/items/meatballs.png","user":"Jamal C. (jamal@yumyums.kitchen)","page":"/inventory.html","ua":"Mozilla/5.0 (X11; Linux x86_64) AppleWebKit/537.36 (KHTML, like Gecko) HeadlessChrome/147.0.7727.15 Safari/537.36"}
[2m[WebServer] [22m{"time":"2026-10-07T08:27:34.253033561-04:00","level":"INFO","msg":"client log","level":"WARN","message":"[inventory] item photo failed to load, showing placeholder Sugar https://nyc3.digitaloceanspaces.com/hq.yumyums/items/sugar.png","user":"Jamal C. (jamal@yumyums.kitchen)","page":"/inventory.html","ua":"Mozilla/5.0 (X11; Linux x86_64) AppleWebKit/537.36 (KHTML, like Gecko) HeadlessChrome/147.0.7727.15 Safari/537.36"}
[2m[WebServer] [22m{"time":"2026-10-07T08:27:34.2535956-04:00","level":"INFO","msg":"client log","level":"WARN","message":"[inventory] item photo failed to load, showing placeholder Chicken Breasts https://nyc3.digitaloceanspaces.com/hq.yumyums/items/chicken-breasts.png","user":"Jamal C. (jamal@yumyums.kitchen)","page":"/inventory.html","ua":"Mozilla/5.0 (X11; Linux x86_64) AppleWebKit/537.36 (KHTML, like Gecko) HeadlessChrome/147.0.7727.15 Safari/537.36"}
[2m[WebServer] [22m{"time":"2026-10-07T08:27:34.253959634-04:00","level":"INFO","msg":"client log","level":"WARN","message":"[inventory] item photo failed to load, showing placeholder Chicken Tenders https://nyc3.digitaloceanspaces.com/hq.yumyums/items/chicken-tenders.png","user":"Jamal C. (jamal@yumyums.kitchen)","page":"/inventory.html","ua":"Mozilla/5.0 (X11; Linux x86_64) AppleWebKit/537.36 (KHTML, like Gecko) HeadlessChrome/147.0.7727.15 Safari/537.36"}
[2m[WebServer] [22m{"time":"2026-10-07T08:27:34.262055156-04:00","level":"INFO","msg":"client log","level":"WARN","message":"[inventory] item photo failed to load, showing placeholder Granulated Onion https://nyc3.digitaloceanspaces.com/hq.yumyums/items/granulated-onion.png","user":"Jamal C. (jamal@yumyums.kitchen)","page":"/inventory.html","ua":"Mozilla/5.0 (X11; Linux x86_64) AppleWebKit/537.36 (KHTML, like Gecko) HeadlessChrome/147.0.7727.15 Safari/537.36"}
[2m[WebServer] [22m{"time":"2026-10-07T08:27:34.263300579-04:00","level":"INFO","msg":"client log","level":"WARN","message":"[inventory] item photo failed to load, showing placeholder Fries https://nyc3.digitaloceanspaces.com/hq.yumyums/items/fries.png","user":"Jamal C. (jamal@yumyums.kitchen)","page":"/inventory.html","ua":"Mozilla/5.0 (X11; Linux x86_64) AppleWebKit/537.36 (KHTML, like Gecko) HeadlessChrome/147.0.7727.15 Safari/537.36"}
[2m[WebServer] [22m{"time":"2026-10-07T08:27:34.263636834-04:00","level":"INFO","msg":"client log","level":"WARN","message":"[inventory] item photo failed to load, showing placeholder Ground Beef https://nyc3.digitaloceanspaces.com/hq.yumyums/items/ground-beef.png","user":"Jamal C. (jamal@yumyums.kitchen)","page":"/inventory.html","ua":"Mozilla/5.0 (X11; Linux x86_64) AppleWebKit/537.36 (KHTML, like Gecko) HeadlessChrome/147.0.7727.15 Safari/537.36"}
[2m[WebServer] [22m{"time":"2026-10-07T08:27:34.263799847-04:00","level":"INFO","msg":"client log","level":"WARN","message":"[inventory] item photo failed to load, showing placeholder Fine Sea Salt https://nyc3.digitaloceanspaces.com/hq.yumyums/items/fine-sea-salt.png","user":"Jamal C. (jamal@yumyums.kitchen)","page":"/inventory.html","ua":"Mozilla/5.0 (X11; Linux x86_64) AppleWebKit/537.36 (KHTML, like Gecko) HeadlessChrome/147.0.7727.15 Safari/537.36"}
[2m[WebServer] [22m{"time":"2026-10-07T08:27:34.265356222-04:00","level":"INFO","msg":"client log","level":"WARN","message":"[inventory] item photo failed to load, showing placeholder Honey Mustard https://nyc3.digitaloceanspaces.com/hq.yumyums/items/honey-mustard.png","user":"anonymous","page":"/inventory.html","ua":"Mozilla/5.0 (X11; Linux x86_64) AppleWebKit/537.36 (KHTML, like Gecko) HeadlessChrome/147.0.7727.15 Safari/537.36"}
  ✓  4 [chromium] › tests/inventory.spec.js:2186:3 › Inventory › Setup item editor shows alias chips, adds and removes nicknames (2.7s)
[2m[WebServer] [22m{"time":"2026-10-07T08:27:38.403092602-04:00","level":"INFO","msg":"client log","level":"WARN","message":"[inventory] item photo failed to load, showing placeholder Coke https://nyc3.digitaloceanspaces.com/hq.yumyums/items/coke.png","user":"Jamal C. (jamal@yumyums.kitchen)","page":"/inventory.html","ua":"Mozilla/5.0 (X11; Linux x86_64) AppleWebKit/537.36 (KHTML, like Gecko) HeadlessChrome/147.0.7727.15 Safari/537.36"}
[2m[WebServer] [22m{"time":"2026-10-07T08:27:38.40310904-04:00","level":"INFO","msg":"client log","level":"WARN","message":"[inventory] item photo failed to load, showing placeholder Sprite https://nyc3.digitaloceanspaces.com/hq.yumyums/items/sprite.png","user":"Jamal C. (jamal@yumyums.kitchen)","page":"/inventory.html","ua":"Mozilla/5.0 (X11; Linux x86_64) AppleWebKit/537.36 (KHTML, like Gecko) HeadlessChrome/147.0.7727.15 Safari/537.36"}
[2m[WebServer] [22m{"time":"2026-10-07T08:27:38.404000694-04:00","level":"INFO","msg":"client log","level":"WARN","message":"[inventory] item photo failed to load, showing placeholder Lemonade Mix https://nyc3.digitaloceanspaces.com/hq.yumyums/items/lemonade-mix.png","user":"Jamal C. (jamal@yumyums.kitchen)","page":"/inventory.html","ua":"Mozilla/5.0 (X11; Linux x86_64) AppleWebKit/537.36 (KHTML, like Gecko) HeadlessChrome/147.0.7727.15 Safari/537.36"}
[2m[WebServer] [22m{"time":"2026-10-07T08:27:37.631579352-04:00","level":"INFO","msg":"client log","level":"WARN","message":"[inventory] item photo failed to load, showing placeholder Mango Syrup https://nyc3.digitaloceanspaces.com/hq.yumyums/items/mango-syrup.png","user":"Jamal C. (jamal@yumyums.kitchen)","page":"/inventory.html","ua":"Mozilla/5.0 (X11; Linux x86_64) AppleWebKit/537.36 (KHTML, like Gecko) HeadlessChrome/147.0.7727.15 Safari/537.36"}
[2m[WebServer] [22m{"time":"2026-10-07T08:27:37.631961197-04:00","level":"INFO","msg":"client log","level":"WARN","message":"[inventory] item photo failed to load, showing placeholder Water https://nyc3.digitaloceanspaces.com/hq.yumyums/items/water.png","user":"Jamal C. (jamal@yumyums.kitchen)","page":"/inventory.html","ua":"Mozilla/5.0 (X11; Linux x86_64) AppleWebKit/537.36 (KHTML, like Gecko) HeadlessChrome/147.0.7727.15 Safari/537.36"}
[2m[WebServer] [22m{"time":"2026-10-07T08:27:37.635500738-04:00","level":"INFO","msg":"client log","level":"WARN","message":"[inventory] item photo failed to load, showing placeholder Dr. Pepper https://nyc3.digitaloceanspaces.com/hq.yumyums/items/dr-pepper.png","user":"Jamal C. (jamal@yumyums.kitchen)","page":"/inventory.html","ua":"Mozilla/5.0 (X11; Linux x86_64) AppleWebKit/537.36 (KHTML, like Gecko) HeadlessChrome/147.0.7727.15 Safari/537.36"}
[2m[WebServer] [22m{"time":"2026-10-07T08:27:37.642995293-04:00","level":"INFO","msg":"client log","level":"WARN","message":"[inventory] item photo failed to load, showing placeholder Coke Zero https://nyc3.digitaloceanspaces.com/hq.yumyums/items/coke-zero.png","user":"Jamal C. (jamal@yumyums.kitchen)","page":"/inventory.html","ua":"Mozilla/5.0 (X11; Linux x86_64) AppleWebKit/537.36 (KHTML, like Gecko) HeadlessChrome/147.0.7727.15 Safari/537.36"}
[2m[WebServer] [22m{"time":"2026-10-07T08:27:37.717859839-04:00","level":"INFO","msg":"client log","level":"WARN","message":"[inventory] item photo failed to load, showing placeholder Brisket Rolls https://nyc3.digitaloceanspaces.com/hq.yumyums/items/brisket-rolls.png","user":"Jamal C. (jamal@yumyums.kitchen)","page":"/inventory.html","ua":"Mozilla/5.0 (X11; Linux x86_64) AppleWebKit/537.36 (KHTML, like Gecko) HeadlessChrome/147.0.7727.15 Safari/537.36"}
[2m[WebServer] [22m{"time":"2026-10-07T08:27:37.724555784-04:00","level":"INFO","msg":"client log","level":"WARN","message":"[inventory] item photo failed to load, showing placeholder Dirty Dog Rolls https://nyc3.digitaloceanspaces.com/hq.yumyums/items/dirty-dog-rolls.png","user":"Jamal C. (jamal@yumyums.kitchen)","page":"/inventory.html","ua":"Mozilla/5.0 (X11; Linux x86_64) AppleWebKit/537.36 (KHTML, like Gecko) HeadlessChrome/147.0.7727.15 Safari/537.36"}
[2m[WebServer] [22m{"time":"2026-10-07T08:27:36.510530554-04:00","level":"INFO","msg":"client log","level":"WARN","message":"[inventory] item photo failed to load, showing placeholder Dish Soap https://nyc3.digitaloceanspaces.com/hq.yumyums/items/dish-soap.png","user":"Jamal C. (jamal@yumyums.kitchen)","page":"/inventory.html","ua":"Mozilla/5.0 (X11; Linux x86_64) AppleWebKit/537.36 (KHTML, like Gecko) HeadlessChrome/147.0.7727.15 Safari/537.36"}
[2m[WebServer] [22m{"time":"2026-10-07T08:27:36.513284915-04:00","level":"INFO","msg":"client log","level":"WARN","message":"[inventory] item photo failed to load, showing placeholder Hamburger Rolls https://nyc3.digitaloceanspaces.com/hq.yumyums/items/hamburger-rolls.png","user":"Jamal C. (jamal@yumyums.kitchen)","page":"/inventory.html","ua":"Mozilla/5.0 (X11; Linux x86_64) AppleWebKit/537.36 (KHTML, like Gecko) HeadlessChrome/147.0.7727.15 Safari/537.36"}
[2m[WebServer] [22m{"time":"2026-10-07T08:27:36.513889808-04:00","level":"INFO","msg":"client log","level":"WARN","message":"[inventory] item photo failed to load, showing placeholder Trash Bags (30 Gallon) https://nyc3.digitaloceanspaces.com/hq.yumyums/items/trash-bags-30-gallon.png","user":"Jamal C. (jamal@yumyums.kitchen)","page":"/inventory.html","ua":"Mozilla/5.0 (X11; Linux x86_64) AppleWebKit/537.36 (KHTML, like Gecko) HeadlessChrome/147.0.7727.15 Safari/537.36"}
[2m[WebServer] [22m{"time":"2026-10-07T08:27:36.519752118-04:00","level":"INFO","msg":"client log","level":"WARN","message":"[inventory] item photo failed to load, showing placeholder Mint https://nyc3.digitaloceanspaces.com/hq.yumyums/items/mint.png","user":"Jamal C. (jamal@yumyums.kitchen)","page":"/inventory.html","ua":"Mozilla/5.0 (X11; Linux x86_64) AppleWebKit/537.36 (KHTML, like Gecko) HeadlessChrome/147.0.7727.15 Safari/537.36"}
[2m[WebServer] [22m{"time":"2026-10-07T08:27:36.520895936-04:00","level":"INFO","msg":"client log","level":"WARN","message":"[inventory] item photo failed to load, showing placeholder Hot Dog Rolls https://nyc3.digitaloceanspaces.com/hq.yumyums/items/hot-dog-rolls.png","user":"Jamal C. (jamal@yumyums.kitchen)","page":"/inventory.html","ua":"Mozilla/5.0 (X11; Linux x86_64) AppleWebKit/537.36 (KHTML, like Gecko) HeadlessChrome/147.0.7727.15 Safari/537.36"}
[2m[WebServer] [22m{"time":"2026-10-07T08:27:36.522142683-04:00","level":"INFO","msg":"client log","level":"WARN","message":"[inventory] item photo failed to load, showing placeholder Aluminum Foil https://nyc3.digitaloceanspaces.com/hq.yumyums/items/aluminum-foil.png","user":"Jamal C. (jamal@yumyums.kitchen)","page":"/inventory.html","ua":"Mozilla/5.0 (X11; Linux x86_64) AppleWebKit/537.36 (KHTML, like Gecko) HeadlessChrome/147.0.7727.15 Safari/537.36"}
[2m[WebServer] [22m{"time":"2026-10-07T08:27:36.598575547-04:00","level":"INFO","msg":"client log","level":"WARN","message":"[inventory] item photo failed to load, showing placeholder Limes https://nyc3.digitaloceanspaces.com/hq.yumyums/items/limes.png","user":"Jamal C. (jamal@yumyums.kitchen)","page":"/inventory.html","ua":"Mozilla/5.0 (X11; Linux x86_64) AppleWebKit/537.36 (KHTML, like Gecko) HeadlessChrome/147.0.7727.15 Safari/537.36"}
[2m[WebServer] [22m{"time":"2026-10-07T08:27:36.598789677-04:00","level":"INFO","msg":"client log","level":"WARN","message":"[inventory] item photo failed to load, showing placeholder Green Peppers https://nyc3.digitaloceanspaces.com/hq.yumyums/items/green-peppers.png","user":"Jamal C. (jamal@yumyums.kitchen)","page":"/inventory.html","ua":"Mozilla/5.0 (X11; Linux x86_64) AppleWebKit/537.36 (KHTML, like Gecko) HeadlessChrome/147.0.7727.15 Safari/537.36"}
[2m[WebServer] [22m{"time":"2026-10-07T08:27:36.600241099-04:00","level":"INFO","msg":"client log","level":"WARN","message":"[inventory] item photo failed to load, showing placeholder Red Onions https://nyc3.digitaloceanspaces.com/hq.yumyums/items/red-onions.png","user":"Jamal C. (jamal@yumyums.kitchen)","page":"/inventory.html","ua":"Mozilla/5.0 (X11; Linux x86_64) AppleWebKit/537.36 (KHTML, like Gecko) HeadlessChrome/147.0.7727.15 Safari/537.36"}
[2m[WebServer] [22m{"time":"2026-10-07T08:27:36.60064497-04:00","level":"INFO","msg":"client log","level":"WARN","message":"[inventory] item photo failed to load, showing placeholder Towels https://nyc3.digitaloceanspaces.com/hq.yumyums/items/towels.png","user":"Jamal C. (jamal@yumyums.kitchen)","page":"/inventory.html","ua":"Mozilla/5.0 (X11; Linux x86_64) AppleWebKit/537.36 (KHTML, like Gecko) HeadlessChrome/147.0.7727.15 Safari/537.36"}
[2m[WebServer] [22m{"time":"2026-10-07T08:27:36.602789387-04:00","level":"INFO","msg":"client log","level":"WARN","message":"[inventory] item photo failed to load, showing placeholder Pan Spray https://nyc3.digitaloceanspaces.com/hq.yumyums/items/pan-spray.png","user":"Jamal C. (jamal@yumyums.kitchen)","page":"/inventory.html","ua":"Mozilla/5.0 (X11; Linux x86_64) AppleWebKit/537.36 (KHTML, like Gecko) HeadlessChrome/147.0.7727.15 Safari/537.36"}
[2m[WebServer] [22m{"time":"2026-10-07T08:27:36.604021737-04:00","level":"INFO","msg":"client log","level":"WARN","message":"[inventory] item photo failed to load, showing placeholder Hand Soap https://nyc3.digitaloceanspaces.com/hq.yumyums/items/hand-soap.png","user":"Jamal C. (jamal@yumyums.kitchen)","page":"/inventory.html","ua":"Mozilla/5.0 (X11; Linux x86_64) AppleWebKit/537.36 (KHTML, like Gecko) HeadlessChrome/147.0.7727.15 Safari/537.36"}
[2m[WebServer] [22m{"time":"2026-10-07T08:27:36.612655921-04:00","level":"INFO","msg":"client log","level":"WARN","message":"[inventory] item photo failed to load, showing placeholder Spinach He https://nyc3.digitaloceanspaces.com/hq.yumyums/items/spinach-he.png","user":"Jamal C. (jamal@yumyums.kitchen)","page":"/inventory.html","ua":"Mozilla/5.0 (X11; Linux x86_64) AppleWebKit/537.36 (KHTML, like Gecko) HeadlessChrome/147.0.7727.15 Safari/537.36"}
[2m[WebServer] [22m{"time":"2026-10-07T08:27:36.61847332-04:00","level":"INFO","msg":"client log","level":"WARN","message":"[inventory] item photo failed to load, showing placeholder Parm Cheese https://nyc3.digitaloceanspaces.com/hq.yumyums/items/parm-cheese.png","user":"Jamal C. (jamal@yumyums.kitchen)","page":"/inventory.html","ua":"Mozilla/5.0 (X11; Linux x86_64) AppleWebKit/537.36 (KHTML, like Gecko) HeadlessChrome/147.0.7727.15 Safari/537.36"}
[2m[WebServer] [22m{"time":"2026-10-07T08:27:36.619669462-04:00","level":"INFO","msg":"client log","level":"WARN","message":"[inventory] item photo failed to load, showing placeholder Lids https://nyc3.digitaloceanspaces.com/hq.yumyums/items/lids.png","user":"Jamal C. (jamal@yumyums.kitchen)","page":"/inventory.html","ua":"Mozilla/5.0 (X11; Linux x86_64) AppleWebKit/537.36 (KHTML, like Gecko) HeadlessChrome/147.0.7727.15 Safari/537.36"}
[2m[WebServer] [22m{"time":"2026-10-07T08:27:36.619990282-04:00","level":"INFO","msg":"client log","level":"WARN","message":"[inventory] item photo failed to load, showing placeholder White Onions https://nyc3.digitaloceanspaces.com/hq.yumyums/items/white-onions.png","user":"Jamal C. (jamal@yumyums.kitchen)","page":"/inventory.html","ua":"Mozilla/5.0 (X11; Linux x86_64) AppleWebKit/537.36 (KHTML, like Gecko) HeadlessChrome/147.0.7727.15 Safari/537.36"}
[2m[WebServer] [22m{"time":"2026-10-07T08:27:36.621937437-04:00","level":"INFO","msg":"client log","level":"WARN","message":"[inventory] item photo failed to load, showing placeholder Corn https://nyc3.digitaloceanspaces.com/hq.yumyums/items/corn.png","user":"Jamal C. (jamal@yumyums.kitchen)","page":"/inventory.html","ua":"Mozilla/5.0 (X11; Linux x86_64) AppleWebKit/537.36 (KHTML, like Gecko) HeadlessChrome/147.0.7727.15 Safari/537.36"}
[2m[WebServer] [22m{"time":"2026-10-07T08:27:36.623646288-04:00","level":"INFO","msg":"client log","level":"WARN","message":"[inventory] item photo failed to load, showing placeholder Boxes (No 2) https://nyc3.digitaloceanspaces.com/hq.yumyums/items/boxes-no-2.png","user":"Jamal C. (jamal@yumyums.kitchen)","page":"/inventory.html","ua":"Mozilla/5.0 (X11; Linux x86_64) AppleWebKit/537.36 (KHTML, like Gecko) HeadlessChrome/147.0.7727.15 Safari/537.36"}
[2m[WebServer] [22m{"time":"2026-10-07T08:27:36.625359652-04:00","level":"INFO","msg":"client log","level":"WARN","message":"[inventory] item photo failed to load, showing placeholder Gloves https://nyc3.digitaloceanspaces.com/hq.yumyums/items/gloves.png","user":"Jamal C. (jamal@yumyums.kitchen)","page":"/inventory.html","ua":"Mozilla/5.0 (X11; Linux x86_64) AppleWebKit/537.36 (KHTML, like Gecko) HeadlessChrome/147.0.7727.15 Safari/537.36"}
[2m[WebServer] [22m{"time":"2026-10-07T08:27:36.636900547-04:00","level":"INFO","msg":"client log","level":"WARN","message":"[inventory] item photo failed to load, showing placeholder Plastic Bags https://nyc3.digitaloceanspaces.com/hq.yumyums/items/plastic-bags.png","user":"Jamal C. (jamal@yumyums.kitchen)","page":"/inventory.html","ua":"Mozilla/5.0 (X11; Linux x86_64) AppleWebKit/537.36 (KHTML, like Gecko) HeadlessChrome/147.0.7727.15 Safari/537.36"}
[2m[WebServer] [22m{"time":"2026-10-07T08:27:36.639357189-04:00","level":"INFO","msg":"client log","level":"WARN","message":"[inventory] item photo failed to load, showing placeholder Lettuce https://nyc3.digitaloceanspaces.com/hq.yumyums/items/lettuce.png","user":"Jamal C. (jamal@yumyums.kitchen)","page":"/inventory.html","ua":"Mozilla/5.0 (X11; Linux x86_64) AppleWebKit/537.36 (KHTML, like Gecko) HeadlessChrome/147.0.7727.15 Safari/537.36"}
[2m[WebServer] [22m{"time":"2026-10-07T08:27:36.639637073-04:00","level":"INFO","msg":"client log","level":"WARN","message":"[inventory] item photo failed to load, showing placeholder Blast Away https://nyc3.digitaloceanspaces.com/hq.yumyums/items/blast-away.png","user":"Jamal C. (jamal@yumyums.kitchen)","page":"/inventory.html","ua":"Mozilla/5.0 (X11; Linux x86_64) AppleWebKit/537.36 (KHTML, like Gecko) HeadlessChrome/147.0.7727.15 Safari/537.36"}
[2m[WebServer] [22m{"time":"2026-10-07T08:27:36.641774614-04:00","level":"INFO","msg":"client log","level":"WARN","message":"[inventory] item photo failed to load, showing placeholder Sanitizing Tablets https://nyc3.digitaloceanspaces.com/hq.yumyums/items/sanitizing-tablets.png","user":"Jamal C. (jamal@yumyums.kitchen)","page":"/inventory.html","ua":"Mozilla/5.0 (X11; Linux x86_64) AppleWebKit/537.36 (KHTML, like Gecko) HeadlessChrome/147.0.7727.15 Safari/537.36"}
[2m[WebServer] [22m{"time":"2026-10-07T08:27:36.645995761-04:00","level":"INFO","msg":"client log","level":"WARN","message":"[inventory] item photo failed to load, showing placeholder Charcoal https://nyc3.digitaloceanspaces.com/hq.yumyums/items/charcoal.png","user":"Jamal C. (jamal@yumyums.kitchen)","page":"/inventory.html","ua":"Mozilla/5.0 (X11; Linux x86_64) AppleWebKit/537.36 (KHTML, like Gecko) HeadlessChrome/147.0.7727.15 Safari/537.36"}
[2m[WebServer] [22m{"time":"2026-10-07T08:27:36.646832942-04:00","level":"INFO","msg":"client log","level":"WARN","message":"[inventory] item photo failed to load, showing placeholder Napkins https://nyc3.digitaloceanspaces.com/hq.yumyums/items/napkins.png","user":"Jamal C. (jamal@yumyums.kitchen)","page":"/inventory.html","ua":"Mozilla/5.0 (X11; Linux x86_64) AppleWebKit/537.36 (KHTML, like Gecko) HeadlessChrome/147.0.7727.15 Safari/537.36"}
[2m[WebServer] [22m{"time":"2026-10-07T08:27:36.648543083-04:00","level":"INFO","msg":"client log","level":"WARN","message":"[inventory] item photo failed to load, showing placeholder Lemons https://nyc3.digitaloceanspaces.com/hq.yumyums/items/lemons.png","user":"Jamal C. (jamal@yumyums.kitchen)","page":"/inventory.html","ua":"Mozilla/5.0 (X11; Linux x86_64) AppleWebKit/537.36 (KHTML, like Gecko) HeadlessChrome/147.0.7727.15 Safari/537.36"}
[2m[WebServer] [22m{"time":"2026-10-07T08:27:36.649568286-04:00","level":"INFO","msg":"client log","level":"WARN","message":"[inventory] item photo failed to load, showing placeholder Cup Holders https://nyc3.digitaloceanspaces.com/hq.yumyums/items/cup-holders.png","user":"Jamal C. (jamal@yumyums.kitchen)","page":"/inventory.html","ua":"Mozilla/5.0 (X11; Linux x86_64) AppleWebKit/537.36 (KHTML, like Gecko) HeadlessChrome/147.0.7727.15 Safari/537.36"}
[2m[WebServer] [22m{"time":"2026-10-07T08:27:36.652467477-04:00","level":"INFO","msg":"client log","level":"WARN","message":"[inventory] item photo failed to load, showing placeholder Boxes (No 8) https://nyc3.digitaloceanspaces.com/hq.yumyums/items/boxes-no-8.png","user":"Jamal C. (jamal@yumyums.kitchen)","page":"/inventory.html","ua":"Mozilla/5.0 (X11; Linux x86_64) AppleWebKit/537.36 (KHTML, like Gecko) HeadlessChrome/147.0.7727.15 Safari/537.36"}
[2m[WebServer] [22m{"time":"2026-10-07T08:27:36.653181101-04:00","level":"INFO","msg":"client log","level":"WARN","message":"[inventory] item photo failed to load, showing placeholder Cups https://nyc3.digitaloceanspaces.com/hq.yumyums/items/cups.png","user":"Jamal C. (jamal@yumyums.kitchen)","page":"/inventory.html","ua":"Mozilla/5.0 (X11; Linux x86_64) AppleWebKit/537.36 (KHTML, like Gecko) HeadlessChrome/147.0.7727.15 Safari/537.36"}
[2m[WebServer] [22m{"time":"2026-10-07T08:27:36.662923647-04:00","level":"INFO","msg":"client log","level":"WARN","message":"[inventory] item photo failed to load, showing placeholder Bleach https://nyc3.digitaloceanspaces.com/hq.yumyums/items/bleach.png","user":"Jamal C. (jamal@yumyums.kitchen)","page":"/inventory.html","ua":"Mozilla/5.0 (X11; Linux x86_64) AppleWebKit/537.36 (KHTML, like Gecko) HeadlessChrome/147.0.7727.15 Safari/537.36"}
[2m[WebServer] [22m{"time":"2026-10-07T08:27:36.66388965-04:00","level":"INFO","msg":"client log","level":"WARN","message":"[inventory] item photo failed to load, showing placeholder Hand Towels https://nyc3.digitaloceanspaces.com/hq.yumyums/items/hand-towels.png","user":"Jamal C. (jamal@yumyums.kitchen)","page":"/inventory.html","ua":"Mozilla/5.0 (X11; Linux x86_64) AppleWebKit/537.36 (KHTML, like Gecko) HeadlessChrome/147.0.7727.15 Safari/537.36"}
[2m[WebServer] [22m{"time":"2026-10-07T08:27:36.666080912-04:00","level":"INFO","msg":"client log","level":"WARN","message":"[inventory] item photo failed to load, showing placeholder Avocados https://nyc3.digitaloceanspaces.com/hq.yumyums/items/avocados.png","user":"Jamal C. (jamal@yumyums.kitchen)","page":"/inventory.html","ua":"Mozilla/5.0 (X11; Linux x86_64) AppleWebKit/537.36 (KHTML, like Gecko) HeadlessChrome/147.0.7727.15 Safari/537.36"}
[2m[WebServer] [22m{"time":"2026-10-07T08:27:36.667757746-04:00","level":"INFO","msg":"client log","level":"WARN","message":"[inventory] item photo failed to load, showing placeholder No Rinse Floor Cleaner https://nyc3.digitaloceanspaces.com/hq.yumyums/items/no-rinse-floor-cleaner.png","user":"Jamal C. (jamal@yumyums.kitchen)","page":"/inventory.html","ua":"Mozilla/5.0 (X11; Linux x86_64) AppleWebKit/537.36 (KHTML, like Gecko) HeadlessChrome/147.0.7727.15 Safari/537.36"}
[2m[WebServer] [22m{"time":"2026-10-07T08:27:36.67027262-04:00","level":"INFO","msg":"client log","level":"WARN","message":"[inventory] item photo failed to load, showing placeholder Cucumber https://nyc3.digitaloceanspaces.com/hq.yumyums/items/cucumber.png","user":"Jamal C. (jamal@yumyums.kitchen)","page":"/inventory.html","ua":"Mozilla/5.0 (X11; Linux x86_64) AppleWebKit/537.36 (KHTML, like Gecko) HeadlessChrome/147.0.7727.15 Safari/537.36"}
[2m[WebServer] [22m{"time":"2026-10-07T08:27:36.672459262-04:00","level":"INFO","msg":"client log","level":"WARN","message":"[inventory] item photo failed to load, showing placeholder Mexican Cheese https://nyc3.digitaloceanspaces.com/hq.yumyums/items/mexican-cheese.png","user":"Jamal C. (jamal@yumyums.kitchen)","page":"/inventory.html","ua":"Mozilla/5.0 (X11; Linux x86_64) AppleWebKit/537.36 (KHTML, like Gecko) HeadlessChrome/147.0.7727.15 Safari/537.36"}
[2m[WebServer] [22m{"time":"2026-10-07T08:27:36.6816819-04:00","level":"INFO","msg":"client log","level":"WARN","message":"[inventory] item photo failed to load, showing placeholder Sour Cream https://nyc3.digitaloceanspaces.com/hq.yumyums/items/sour-cream.png","user":"Jamal C. (jamal@yumyums.kitchen)","page":"/inventory.html","ua":"Mozilla/5.0 (X11; Linux x86_64) AppleWebKit/537.36 (KHTML, like Gecko) HeadlessChrome/147.0.7727.15 Safari/537.36"}
[2m[WebServer] [22m{"time":"2026-10-07T08:27:36.683154488-04:00","level":"INFO","msg":"client log","level":"WARN","message":"[inventory] item photo failed to load, showing placeholder Forks https://nyc3.digitaloceanspaces.com/hq.yumyums/items/forks.png","user":"Jamal C. (jamal@yumyums.kitchen)","page":"/inventory.html","ua":"Mozilla/5.0 (X11; Linux x86_64) AppleWebKit/537.36 (KHTML, like Gecko) HeadlessChrome/147.0.7727.15 Safari/537.36"}
[2m[WebServer] [22m{"time":"2026-10-07T08:27:36.686267917-04:00","level":"INFO","msg":"client log","level":"WARN","message":"[inventory] item photo failed to load, showing placeholder Tomaotes https://nyc3.digitaloceanspaces.com/hq.yumyums/items/tomaotes.png","user":"Jamal C. (jamal@yumyums.kitchen)","page":"/inventory.html","ua":"Mozilla/5.0 (X11; Linux x86_64) AppleWebKit/537.36 (KHTML, like Gecko) HeadlessChrome/147.0.7727.15 Safari/537.36"}
[2m[WebServer] [22m{"time":"2026-10-07T08:27:36.69135461-04:00","level":"INFO","msg":"client log","level":"WARN","message":"[inventory] item photo failed to load, showing placeholder Straws https://nyc3.digitaloceanspaces.com/hq.yumyums/items/straws.png","user":"Jamal C. (jamal@yumyums.kitchen)","page":"/inventory.html","ua":"Mozilla/5.0 (X11; Linux x86_64) AppleWebKit/537.36 (KHTML, like Gecko) HeadlessChrome/147.0.7727.15 Safari/537.36"}
[2m[WebServer] [22m{"time":"2026-10-07T08:27:36.693275227-04:00","level":"INFO","msg":"client log","level":"WARN","message":"[inventory] item photo failed to load, showing placeholder Hoagie Containers https://nyc3.digitaloceanspaces.com/hq.yumyums/items/hoagie-containers.png","user":"Jamal C. (jamal@yumyums.kitchen)","page":"/inventory.html","ua":"Mozilla/5.0 (X11; Linux x86_64) AppleWebKit/537.36 (KHTML, like Gecko) HeadlessChrome/147.0.7727.15 Safari/537.36"}
[2m[WebServer] [22m{"time":"2026-10-07T08:27:36.697013856-04:00","level":"INFO","msg":"client log","level":"WARN","message":"[inventory] item photo failed to load, showing placeholder Red Peppers https://nyc3.digitaloceanspaces.com/hq.yumyums/items/red-peppers.png","user":"Jamal C. (jamal@yumyums.kitchen)","page":"/inventory.html","ua":"Mozilla/5.0 (X11; Linux x86_64) AppleWebKit/537.36 (KHTML, like Gecko) HeadlessChrome/147.0.7727.15 Safari/537.36"}
[2m[WebServer] [22m{"time":"2026-10-07T08:27:36.700518048-04:00","level":"INFO","msg":"client log","level":"WARN","message":"[inventory] item photo failed to load, showing placeholder Chicken Breasts https://nyc3.digitaloceanspaces.com/hq.yumyums/items/chicken-breasts.png","user":"Jamal C. (jamal@yumyums.kitchen)","page":"/inventory.html","ua":"Mozilla/5.0 (X11; Linux x86_64) AppleWebKit/537.36 (KHTML, like Gecko) HeadlessChrome/147.0.7727.15 Safari/537.36"}
[2m[WebServer] [22m{"time":"2026-10-07T08:27:36.701237152-04:00","level":"INFO","msg":"client log","level":"WARN","message":"[inventory] item photo failed to load, showing placeholder Mumbo Sauce https://nyc3.digitaloceanspaces.com/hq.yumyums/items/mumbo-sauce.png","user":"Jamal C. (jamal@yumyums.kitchen)","page":"/inventory.html","ua":"Mozilla/5.0 (X11; Linux x86_64) AppleWebKit/537.36 (KHTML, like Gecko) HeadlessChrome/147.0.7727.15 Safari/537.36"}
[2m[WebServer] [22m{"time":"2026-10-07T08:27:36.701642205-04:00","level":"INFO","msg":"client log","level":"WARN","message":"[inventory] item photo failed to load, showing placeholder Allspice https://nyc3.digitaloceanspaces.com/hq.yumyums/items/allspice.png","user":"Jamal C. (jamal@yumyums.kitchen)","page":"/inventory.html","ua":"Mozilla/5.0 (X11; Linux x86_64) AppleWebKit/537.36 (KHTML, like Gecko) HeadlessChrome/147.0.7727.15 Safari/537.36"}
[2m[WebServer] [22m{"time":"2026-10-07T08:27:36.702772271-04:00","level":"INFO","msg":"client log","level":"WARN","message":"[inventory] item photo failed to load, showing placeholder Salt https://nyc3.digitaloceanspaces.com/hq.yumyums/items/salt.png","user":"Jamal C. (jamal@yumyums.kitchen)","page":"/inventory.html","ua":"Mozilla/5.0 (X11; Linux x86_64) AppleWebKit/537.36 (KHTML, like Gecko) HeadlessChrome/147.0.7727.15 Safari/537.36"}
[2m[WebServer] [22m{"time":"2026-10-07T08:27:36.703171629-04:00","level":"INFO","msg":"client log","level":"WARN","message":"[inventory] item photo failed to load, showing placeholder Wings https://nyc3.digitaloceanspaces.com/hq.yumyums/items/wings.png","user":"Jamal C. (jamal@yumyums.kitchen)","page":"/inventory.html","ua":"Mozilla/5.0 (X11; Linux x86_64) AppleWebKit/537.36 (KHTML, like Gecko) HeadlessChrome/147.0.7727.15 Safari/537.36"}
[2m[WebServer] [22m{"time":"2026-10-07T08:27:36.710241255-04:00","level":"INFO","msg":"client log","level":"WARN","message":"[inventory] item photo failed to load, showing placeholder Black Pepper https://nyc3.digitaloceanspaces.com/hq.yumyums/items/black-pepper.png","user":"Jamal C. (jamal@yumyums.kitchen)","page":"/inventory.html","ua":"Mozilla/5.0 (X11; Linux x86_64) AppleWebKit/537.36 (KHTML, like Gecko) HeadlessChrome/147.0.7727.15 Safari/537.36"}
[2m[WebServer] [22m{"time":"2026-10-07T08:27:36.71052866-04:00","level":"INFO","msg":"client log","level":"WARN","message":"[inventory] item photo failed to load, showing placeholder Fries https://nyc3.digitaloceanspaces.com/hq.yumyums/items/fries.png","user":"Jamal C. (jamal@yumyums.kitchen)","page":"/inventory.html","ua":"Mozilla/5.0 (X11; Linux x86_64) AppleWebKit/537.36 (KHTML, like Gecko) HeadlessChrome/147.0.7727.15 Safari/537.36"}
[2m[WebServer] [22m{"time":"2026-10-07T08:27:36.715483415-04:00","level":"INFO","msg":"client log","level":"WARN","message":"[inventory] item photo failed to load, showing placeholder Honey Garlic Sauce https://nyc3.digitaloceanspaces.com/hq.yumyums/items/honey-garlic-sauce.png","user":"Jamal C. (jamal@yumyums.kitchen)","page":"/inventory.html","ua":"Mozilla/5.0 (X11; Linux x86_64) AppleWebKit/537.36 (KHTML, like Gecko) HeadlessChrome/147.0.7727.15 Safari/537.36"}
[2m[WebServer] [22m{"time":"2026-10-07T08:27:36.717242764-04:00","level":"INFO","msg":"client log","level":"WARN","message":"[inventory] item photo failed to load, showing placeholder Ketchup Packets https://nyc3.digitaloceanspaces.com/hq.yumyums/items/ketchup-packets.png","user":"Jamal C. (jamal@yumyums.kitchen)","page":"/inventory.html","ua":"Mozilla/5.0 (X11; Linux x86_64) AppleWebKit/537.36 (KHTML, like Gecko) HeadlessChrome/147.0.7727.15 Safari/537.36"}
[2m[WebServer] [22m{"time":"2026-10-07T08:27:36.717283376-04:00","level":"INFO","msg":"client log","level":"WARN","message":"[inventory] item photo failed to load, showing placeholder White Cheese Sauce https://nyc3.digitaloceanspaces.com/hq.yumyums/items/white-cheese-sauce.png","user":"Jamal C. (jamal@yumyums.kitchen)","page":"/inventory.html","ua":"Mozilla/5.0 (X11; Linux x86_64) AppleWebKit/537.36 (KHTML, like Gecko) HeadlessChrome/147.0.7727.15 Safari/537.36"}
[2m[WebServer] [22m{"time":"2026-10-07T08:27:36.717803284-04:00","level":"INFO","msg":"client log","level":"WARN","message":"[inventory] item photo failed to load, showing placeholder Liquid Butter https://nyc3.digitaloceanspaces.com/hq.yumyums/items/liquid-butter.png","user":"Jamal C. (jamal@yumyums.kitchen)","page":"/inventory.html","ua":"Mozilla/5.0 (X11; Linux x86_64) AppleWebKit/537.36 (KHTML, like Gecko) HeadlessChrome/147.0.7727.15 Safari/537.36"}
[2m[WebServer] [22m{"time":"2026-10-07T08:27:36.720918862-04:00","level":"INFO","msg":"client log","level":"WARN","message":"[inventory] item photo failed to load, showing placeholder Bbq Sauce https://nyc3.digitaloceanspaces.com/hq.yumyums/items/bbq-sauce.png","user":"Jamal C. (jamal@yumyums.kitchen)","page":"/inventory.html","ua":"Mozilla/5.0 (X11; Linux x86_64) AppleWebKit/537.36 (KHTML, like Gecko) HeadlessChrome/147.0.7727.15 Safari/537.36"}
[2m[WebServer] [22m{"time":"2026-10-07T08:27:36.720955177-04:00","level":"INFO","msg":"client log","level":"WARN","message":"[inventory] item photo failed to load, showing placeholder Ranch Dressing https://nyc3.digitaloceanspaces.com/hq.yumyums/items/ranch-dressing.png","user":"Jamal C. (jamal@yumyums.kitchen)","page":"/inventory.html","ua":"Mozilla/5.0 (X11; Linux x86_64) AppleWebKit/537.36 (KHTML, like Gecko) HeadlessChrome/147.0.7727.15 Safari/537.36"}
[2m[WebServer] [22m{"time":"2026-10-07T08:27:36.725240573-04:00","level":"INFO","msg":"client log","level":"WARN","message":"[inventory] item photo failed to load, showing placeholder Ketchup Jug https://nyc3.digitaloceanspaces.com/hq.yumyums/items/ketchup-jug.png","user":"Jamal C. (jamal@yumyums.kitchen)","page":"/inventory.html","ua":"Mozilla/5.0 (X11; Linux x86_64) AppleWebKit/537.36 (KHTML, like Gecko) HeadlessChrome/147.0.7727.15 Safari/537.36"}
[2m[WebServer] [22m{"time":"2026-10-07T08:27:36.728798056-04:00","level":"INFO","msg":"client log","level":"WARN","message":"[inventory] item photo failed to load, showing placeholder Bread Crumbs https://nyc3.digitaloceanspaces.com/hq.yumyums/items/bread-crumbs.png","user":"Jamal C. (jamal@yumyums.kitchen)","page":"/inventory.html","ua":"Mozilla/5.0 (X11; Linux x86_64) AppleWebKit/537.36 (KHTML, like Gecko) HeadlessChrome/147.0.7727.15 Safari/537.36"}
[2m[WebServer] [22m{"time":"2026-10-07T08:27:36.730851901-04:00","level":"INFO","msg":"client log","level":"WARN","message":"[inventory] item photo failed to load, showing placeholder Sugar https://nyc3.digitaloceanspaces.com/hq.yumyums/items/sugar.png","user":"Jamal C. (jamal@yumyums.kitchen)","page":"/inventory.html","ua":"Mozilla/5.0 (X11; Linux x86_64) AppleWebKit/537.36 (KHTML, like Gecko) HeadlessChrome/147.0.7727.15 Safari/537.36"}
[2m[WebServer] [22m{"time":"2026-10-07T08:27:36.731244276-04:00","level":"INFO","msg":"client log","level":"WARN","message":"[inventory] item photo failed to load, showing placeholder Meatballs https://nyc3.digitaloceanspaces.com/hq.yumyums/items/meatballs.png","user":"Jamal C. (jamal@yumyums.kitchen)","page":"/inventory.html","ua":"Mozilla/5.0 (X11; Linux x86_64) AppleWebKit/537.36 (KHTML, like Gecko) HeadlessChrome/147.0.7727.15 Safari/537.36"}
[2m[WebServer] [22m{"time":"2026-10-07T08:27:36.732542272-04:00","level":"INFO","msg":"client log","level":"WARN","message":"[inventory] item photo failed to load, showing placeholder Chicken Party Wings https://nyc3.digitaloceanspaces.com/hq.yumyums/items/chicken-party-wings.png","user":"Jamal C. (jamal@yumyums.kitchen)","page":"/inventory.html","ua":"Mozilla/5.0 (X11; Linux x86_64) AppleWebKit/537.36 (KHTML, like Gecko) HeadlessChrome/147.0.7727.15 Safari/537.36"}
[2m[WebServer] [22m{"time":"2026-10-07T08:27:36.733125248-04:00","level":"INFO","msg":"client log","level":"WARN","message":"[inventory] item photo failed to load, showing placeholder Nacho Cheese Sauce https://nyc3.digitaloceanspaces.com/hq.yumyums/items/nacho-cheese-sauce.png","user":"Jamal C. (jamal@yumyums.kitchen)","page":"/inventory.html","ua":"Mozilla/5.0 (X11; Linux x86_64) AppleWebKit/537.36 (KHTML, like Gecko) HeadlessChrome/147.0.7727.15 Safari/537.36"}
[2m[WebServer] [22m{"time":"2026-10-07T08:27:36.733323262-04:00","level":"INFO","msg":"client log","level":"WARN","message":"[inventory] item photo failed to load, showing placeholder Garlic Powder https://nyc3.digitaloceanspaces.com/hq.yumyums/items/garlic-powder.png","user":"Jamal C. (jamal@yumyums.kitchen)","page":"/inventory.html","ua":"Mozilla/5.0 (X11; Linux x86_64) AppleWebKit/537.36 (KHTML, like Gecko) HeadlessChrome/147.0.7727.15 Safari/537.36"}
[2m[WebServer] [22m{"time":"2026-10-07T08:27:36.744786907-04:00","level":"INFO","msg":"client log","level":"WARN","message":"[inventory] item photo failed to load, showing placeholder Brown Sugar https://nyc3.digitaloceanspaces.com/hq.yumyums/items/brown-sugar.png","user":"Jamal C. (jamal@yumyums.kitchen)","page":"/inventory.html","ua":"Mozilla/5.0 (X11; Linux x86_64) AppleWebKit/537.36 (KHTML, like Gecko) HeadlessChrome/147.0.7727.15 Safari/537.36"}
[2m[WebServer] [22m{"time":"2026-10-07T08:27:36.745005872-04:00","level":"INFO","msg":"client log","level":"WARN","message":"[inventory] item photo failed to load, showing placeholder Blue Cheese Dressing https://nyc3.digitaloceanspaces.com/hq.yumyums/items/blue-cheese-dressing.png","user":"Jamal C. (jamal@yumyums.kitchen)","page":"/inventory.html","ua":"Mozilla/5.0 (X11; Linux x86_64) AppleWebKit/537.36 (KHTML, like Gecko) HeadlessChrome/147.0.7727.15 Safari/537.36"}
[2m[WebServer] [22m{"time":"2026-10-07T08:27:36.745134909-04:00","level":"INFO","msg":"client log","level":"WARN","message":"[inventory] item photo failed to load, showing placeholder Crabmeat https://nyc3.digitaloceanspaces.com/hq.yumyums/items/crabmeat.png","user":"Jamal C. (jamal@yumyums.kitchen)","page":"/inventory.html","ua":"Mozilla/5.0 (X11; Linux x86_64) AppleWebKit/537.36 (KHTML, like Gecko) HeadlessChrome/147.0.7727.15 Safari/537.36"}
[2m[WebServer] [22m{"time":"2026-10-07T08:27:36.74533808-04:00","level":"INFO","msg":"client log","level":"WARN","message":"[inventory] item photo failed to load, showing placeholder Everything Bagel Seasoning https://nyc3.digitaloceanspaces.com/hq.yumyums/items/everything-bagel-seasoning.png","user":"Jamal C. (jamal@yumyums.kitchen)","page":"/inventory.html","ua":"Mozilla/5.0 (X11; Linux x86_64) AppleWebKit/537.36 (KHTML, like Gecko) HeadlessChrome/147.0.7727.15 Safari/537.36"}
[2m[WebServer] [22m{"time":"2026-10-07T08:27:36.745787077-04:00","level":"INFO","msg":"client log","level":"WARN","message":"[inventory] item photo failed to load, showing placeholder Egg Roll Wraps https://nyc3.digitaloceanspaces.com/hq.yumyums/items/egg-roll-wraps.png","user":"Jamal C. (jamal@yumyums.kitchen)","page":"/inventory.html","ua":"Mozilla/5.0 (X11; Linux x86_64) AppleWebKit/537.36 (KHTML, like Gecko) HeadlessChrome/147.0.7727.15 Safari/537.36"}
[2m[WebServer] [22m{"time":"2026-10-07T08:27:36.765794978-04:00","level":"INFO","msg":"client log","level":"WARN","message":"[inventory] item photo failed to load, showing placeholder Crystal Hot Sauce https://nyc3.digitaloceanspaces.com/hq.yumyums/items/crystal-hot-sauce.png","user":"Jamal C. (jamal@yumyums.kitchen)","page":"/inventory.html","ua":"Mozilla/5.0 (X11; Linux x86_64) AppleWebKit/537.36 (KHTML, like Gecko) HeadlessChrome/147.0.7727.15 Safari/537.36"}
[2m[WebServer] [22m{"time":"2026-10-07T08:27:36.76584021-04:00","level":"INFO","msg":"client log","level":"WARN","message":"[inventory] item photo failed to load, showing placeholder Olive Oil Blend https://nyc3.digitaloceanspaces.com/hq.yumyums/items/olive-oil-blend.png","user":"Jamal C. (jamal@yumyums.kitchen)","page":"/inventory.html","ua":"Mozilla/5.0 (X11; Linux x86_64) AppleWebKit/537.36 (KHTML, like Gecko) HeadlessChrome/147.0.7727.15 Safari/537.36"}
[2m[WebServer] [22m{"time":"2026-10-07T08:27:36.765910262-04:00","level":"INFO","msg":"client log","level":"WARN","message":"[inventory] item photo failed to load, showing placeholder Seasoning Salt https://nyc3.digitaloceanspaces.com/hq.yumyums/items/seasoning-salt.png","user":"Jamal C. (jamal@yumyums.kitchen)","page":"/inventory.html","ua":"Mozilla/5.0 (X11; Linux x86_64) AppleWebKit/537.36 (KHTML, like Gecko) HeadlessChrome/147.0.7727.15 Safari/537.36"}
[2m[WebServer] [22m{"time":"2026-10-07T08:27:36.766088722-04:00","level":"INFO","msg":"client log","level":"WARN","message":"[inventory] item photo failed to load, showing placeholder Cayenne Pepper https://nyc3.digitaloceanspaces.com/hq.yumyums/items/cayenne-pepper.png","user":"Jamal C. (jamal@yumyums.kitchen)","page":"/inventory.html","ua":"Mozilla/5.0 (X11; Linux x86_64) AppleWebKit/537.36 (KHTML, like Gecko) HeadlessChrome/147.0.7727.15 Safari/537.36"}
[2m[WebServer] [22m{"time":"2026-10-07T08:27:36.767671544-04:00","level":"INFO","msg":"client log","level":"WARN","message":"[inventory] item photo failed to load, showing placeholder Sriracha https://nyc3.digitaloceanspaces.com/hq.yumyums/items/sriracha.png","user":"Jamal C. (jamal@yumyums.kitchen)","page":"/inventory.html","ua":"Mozilla/5.0 (X11; Linux x86_64) AppleWebKit/537.36 (KHTML, like Gecko) HeadlessChrome/147.0.7727.15 Safari/537.36"}
[2m[WebServer] [22m{"time":"2026-10-07T08:27:36.777696231-04:00","level":"INFO","msg":"client log","level":"WARN","message":"[inventory] item photo failed to load, showing placeholder Hot Dogs https://nyc3.digitaloceanspaces.com/hq.yumyums/items/hot-dogs.png","user":"Jamal C. (jamal@yumyums.kitchen)","page":"/inventory.html","ua":"Mozilla/5.0 (X11; Linux x86_64) AppleWebKit/537.36 (KHTML, like Gecko) HeadlessChrome/147.0.7727.15 Safari/537.36"}
[2m[WebServer] [22m{"time":"2026-10-07T08:27:36.777960536-04:00","level":"INFO","msg":"client log","level":"WARN","message":"[inventory] item photo failed to load, showing placeholder Cheesesteak https://nyc3.digitaloceanspaces.com/hq.yumyums/items/cheesesteak.png","user":"Jamal C. (jamal@yumyums.kitchen)","page":"/inventory.html","ua":"Mozilla/5.0 (X11; Linux x86_64) AppleWebKit/537.36 (KHTML, like Gecko) HeadlessChrome/147.0.7727.15 Safari/537.36"}
[2m[WebServer] [22m{"time":"2026-10-07T08:27:36.779196754-04:00","level":"INFO","msg":"client log","level":"WARN","message":"[inventory] item photo failed to load, showing placeholder Lemon Juice https://nyc3.digitaloceanspaces.com/hq.yumyums/items/lemon-juice.png","user":"Jamal C. (jamal@yumyums.kitchen)","page":"/inventory.html","ua":"Mozilla/5.0 (X11; Linux x86_64) AppleWebKit/537.36 (KHTML, like Gecko) HeadlessChrome/147.0.7727.15 Safari/537.36"}
[2m[WebServer] [22m{"time":"2026-10-07T08:27:36.783279731-04:00","level":"INFO","msg":"client log","level":"WARN","message":"[inventory] item photo failed to load, showing placeholder Frying Oil https://nyc3.digitaloceanspaces.com/hq.yumyums/items/frying-oil.png","user":"Jamal C. (jamal@yumyums.kitchen)","page":"/inventory.html","ua":"Mozilla/5.0 (X11; Linux x86_64) AppleWebKit/537.36 (KHTML, like Gecko) HeadlessChrome/147.0.7727.15 Safari/537.36"}
[2m[WebServer] [22m{"time":"2026-10-07T08:27:36.78330917-04:00","level":"INFO","msg":"client log","level":"WARN","message":"[inventory] item photo failed to load, showing placeholder Jalapeños https://nyc3.digitaloceanspaces.com/hq.yumyums/items/jalape-os.png","user":"Jamal C. (jamal@yumyums.kitchen)","page":"/inventory.html","ua":"Mozilla/5.0 (X11; Linux x86_64) AppleWebKit/537.36 (KHTML, like Gecko) HeadlessChrome/147.0.7727.15 Safari/537.36"}
[2m[WebServer] [22m{"time":"2026-10-07T08:27:36.788135533-04:00","level":"INFO","msg":"client log","level":"WARN","message":"[inventory] item photo failed to load, showing placeholder Frank’s Hot Sauce https://nyc3.digitaloceanspaces.com/hq.yumyums/items/frank-s-hot-sauce.png","user":"Jamal C. (jamal@yumyums.kitchen)","page":"/inventory.html","ua":"Mozilla/5.0 (X11; Linux x86_64) AppleWebKit/537.36 (KHTML, like Gecko) HeadlessChrome/147.0.7727.15 Safari/537.36"}
[2m[WebServer] [22m{"time":"2026-10-07T08:27:36.792747551-04:00","level":"INFO","msg":"client log","level":"WARN","message":"[inventory] item photo failed to load, showing placeholder Honey Mustard https://nyc3.digitaloceanspaces.com/hq.yumyums/items/honey-mustard.png","user":"Jamal C. (jamal@yumyums.kitchen)","page":"/inventory.html","ua":"Mozilla/5.0 (X11; Linux x86_64) AppleWebKit/537.36 (KHTML, like Gecko) HeadlessChrome/147.0.7727.15 Safari/537.36"}
[2m[WebServer] [22m{"time":"2026-10-07T08:27:36.796627679-04:00","level":"INFO","msg":"client log","level":"WARN","message":"[inventory] item photo failed to load, showing placeholder Coarse Sea Salt https://nyc3.digitaloceanspaces.com/hq.yumyums/items/coarse-sea-salt.png","user":"Jamal C. (jamal@yumyums.kitchen)","page":"/inventory.html","ua":"Mozilla/5.0 (X11; Linux x86_64) AppleWebKit/537.36 (KHTML, like Gecko) HeadlessChrome/147.0.7727.15 Safari/537.36"}
[2m[WebServer] [22m{"time":"2026-10-07T08:27:36.797789655-04:00","level":"INFO","msg":"client log","level":"WARN","message":"[inventory] item photo failed to load, showing placeholder Mayonnaise https://nyc3.digitaloceanspaces.com/hq.yumyums/items/mayonnaise.png","user":"Jamal C. (jamal@yumyums.kitchen)","page":"/inventory.html","ua":"Mozilla/5.0 (X11; Linux x86_64) AppleWebKit/537.36 (KHTML, like Gecko) HeadlessChrome/147.0.7727.15 Safari/537.36"}
[2m[WebServer] [22m{"time":"2026-10-07T08:27:36.798204808-04:00","level":"INFO","msg":"client log","level":"WARN","message":"[inventory] item photo failed to load, showing placeholder Jerk Seasoning https://nyc3.digitaloceanspaces.com/hq.yumyums/items/jerk-seasoning.png","user":"Jamal C. (jamal@yumyums.kitchen)","page":"/inventory.html","ua":"Mozilla/5.0 (X11; Linux x86_64) AppleWebKit/537.36 (KHTML, like Gecko) HeadlessChrome/147.0.7727.15 Safari/537.36"}
[2m[WebServer] [22m{"time":"2026-10-07T08:27:36.804625919-04:00","level":"INFO","msg":"client log","level":"WARN","message":"[inventory] item photo failed to load, showing placeholder Brisket https://nyc3.digitaloceanspaces.com/hq.yumyums/items/brisket.png","user":"Jamal C. (jamal@yumyums.kitchen)","page":"/inventory.html","ua":"Mozilla/5.0 (X11; Linux x86_64) AppleWebKit/537.36 (KHTML, like Gecko) HeadlessChrome/147.0.7727.15 Safari/537.36"}
[2m[WebServer] [22m{"time":"2026-10-07T08:27:36.806372589-04:00","level":"INFO","msg":"client log","level":"WARN","message":"[inventory] item photo failed to load, showing placeholder Relish https://nyc3.digitaloceanspaces.com/hq.yumyums/items/relish.png","user":"Jamal C. (jamal@yumyums.kitchen)","page":"/inventory.html","ua":"Mozilla/5.0 (X11; Linux x86_64) AppleWebKit/537.36 (KHTML, like Gecko) HeadlessChrome/147.0.7727.15 Safari/537.36"}
[2m[WebServer] [22m{"time":"2026-10-07T08:27:36.80679999-04:00","level":"INFO","msg":"client log","level":"WARN","message":"[inventory] item photo failed to load, showing placeholder Pickles https://nyc3.digitaloceanspaces.com/hq.yumyums/items/pickles.png","user":"Jamal C. (jamal@yumyums.kitchen)","page":"/inventory.html","ua":"Mozilla/5.0 (X11; Linux x86_64) AppleWebKit/537.36 (KHTML, like Gecko) HeadlessChrome/147.0.7727.15 Safari/537.36"}
[2m[WebServer] [22m{"time":"2026-10-07T08:27:36.807260375-04:00","level":"INFO","msg":"client log","level":"WARN","message":"[inventory] item photo failed to load, showing placeholder Ground Turkey https://nyc3.digitaloceanspaces.com/hq.yumyums/items/ground-turkey.png","user":"Jamal C. (jamal@yumyums.kitchen)","page":"/inventory.html","ua":"Mozilla/5.0 (X11; Linux x86_64) AppleWebKit/537.36 (KHTML, like Gecko) HeadlessChrome/147.0.7727.15 Safari/537.36"}
[2m[WebServer] [22m{"time":"2026-10-07T08:27:36.810678937-04:00","level":"INFO","msg":"client log","level":"WARN","message":"[inventory] item photo failed to load, showing placeholder Chicken Tenders https://nyc3.digitaloceanspaces.com/hq.yumyums/items/chicken-tenders.png","user":"Jamal C. (jamal@yumyums.kitchen)","page":"/inventory.html","ua":"Mozilla/5.0 (X11; Linux x86_64) AppleWebKit/537.36 (KHTML, like Gecko) HeadlessChrome/147.0.7727.15 Safari/537.36"}
[2m[WebServer] [22m{"time":"2026-10-07T08:27:36.818817495-04:00","level":"INFO","msg":"client log","level":"WARN","message":"[inventory] item photo failed to load, showing placeholder Ground Beef https://nyc3.digitaloceanspaces.com/hq.yumyums/items/ground-beef.png","user":"Jamal C. (jamal@yumyums.kitchen)","page":"/inventory.html","ua":"Mozilla/5.0 (X11; Linux x86_64) AppleWebKit/537.36 (KHTML, like Gecko) HeadlessChrome/147.0.7727.15 Safari/537.36"}
[2m[WebServer] [22m{"time":"2026-10-07T08:27:36.822526684-04:00","level":"INFO","msg":"client log","level":"WARN","message":"[inventory] item photo failed to load, showing placeholder Granulated Onion https://nyc3.digitaloceanspaces.com/hq.yumyums/items/granulated-onion.png","user":"Jamal C. (jamal@yumyums.kitchen)","page":"/inventory.html","ua":"Mozilla/5.0 (X11; Linux x86_64) AppleWebKit/537.36 (KHTML, like Gecko) HeadlessChrome/147.0.7727.15 Safari/537.36"}
[2m[WebServer] [22m{"time":"2026-10-07T08:27:36.822566975-04:00","level":"INFO","msg":"client log","level":"WARN","message":"[inventory] item photo failed to load, showing placeholder Fine Sea Salt https://nyc3.digitaloceanspaces.com/hq.yumyums/items/fine-sea-salt.png","user":"Jamal C. (jamal@yumyums.kitchen)","page":"/inventory.html","ua":"Mozilla/5.0 (X11; Linux x86_64) AppleWebKit/537.36 (KHTML, like Gecko) HeadlessChrome/147.0.7727.15 Safari/537.36"}
  ✓  5 [chromium] › tests/inventory.spec.js:2186:3 › Inventory › Setup item editor shows alias chips, adds and removes nicknames (3.3s)

  5 passed (2.7m)
EXIT_PW=0
# git status --porcelain AFTER:
# porcelain_lines=0
# end 2026-10-07T08:27:37-04:00
