# triage-adversarial pw leg xcut-base-touched-specs. WT=/home/jcole/projects/hq-worktrees/triage-adv-base-20261007 SHA=c549c5141f4116e73ea582d25e984315d7676071 start 2026-10-07T08:05:23-04:00
# env: TEST_PORT=8394 TEST_DB_NAME=hq_test_triage_adv_20261007_e2e_base DB_PORT=5434 DB_USER=hqtest
# cmd: npx playwright test --reporter=list tests/inventory.spec.js tests/marketing.spec.js tests/recipes.spec.js tests/states-marketing-stats.spec.js tests/states-marketing-subscribers.spec.js --retries=0
# git status --porcelain BEFORE: 0 lines
[2m[WebServer] [22m── reset hq_test_triage_adv_20261007_e2e_base on localhost:5434 ──
[2m[WebServer] [22m── wrote version.json frontend=1.10.2 ──
[2m[WebServer] [22m{"time":"2026-10-07T08:07:36.26033611-04:00","level":"INFO","msg":"serving static files from disk","dir":"../"}
[2m[WebServer] [22m{"time":"2026-10-07T08:07:36.26093436-04:00","level":"INFO","msg":"loaded superadmins","count":1}
[2m[WebServer] [22m{"time":"2026-10-07T08:07:36.285426174-04:00","level":"INFO","msg":"connected to database"}
[2m[WebServer] [22m{"time":"2026-10-07T08:07:36.363796647-04:00","level":"INFO","msg":"OK   0001_users.sql (44.77ms)","source":"stdlog"}
[2m[WebServer] [22m{"time":"2026-10-07T08:07:36.424480026-04:00","level":"INFO","msg":"OK   0002_sessions.sql (60.55ms)","source":"stdlog"}
[2m[WebServer] [22m{"time":"2026-10-07T08:07:36.469918129-04:00","level":"INFO","msg":"OK   0003_invite_tokens.sql (45.31ms)","source":"stdlog"}
[2m[WebServer] [22m{"time":"2026-10-07T08:07:36.525057263-04:00","level":"INFO","msg":"OK   0004_hq_apps.sql (54.88ms)","source":"stdlog"}
[2m[WebServer] [22m{"time":"2026-10-07T08:07:36.607150887-04:00","level":"INFO","msg":"OK   0005_app_permissions.sql (78.91ms)","source":"stdlog"}
[2m[WebServer] [22m{"time":"2026-10-07T08:07:36.654554807-04:00","level":"INFO","msg":"OK   0006_checklist_templates.sql (47.26ms)","source":"stdlog"}
[2m[WebServer] [22m{"time":"2026-10-07T08:07:36.704820201-04:00","level":"INFO","msg":"OK   0007_checklist_schedules.sql (50.07ms)","source":"stdlog"}
[2m[WebServer] [22m{"time":"2026-10-07T08:07:36.778864433-04:00","level":"INFO","msg":"OK   0008_template_assignments.sql (73.92ms)","source":"stdlog"}
[2m[WebServer] [22m{"time":"2026-10-07T08:07:36.825646771-04:00","level":"INFO","msg":"OK   0009_checklist_sections.sql (46.65ms)","source":"stdlog"}
[2m[WebServer] [22m{"time":"2026-10-07T08:07:36.870317707-04:00","level":"INFO","msg":"OK   0010_checklist_fields.sql (44.51ms)","source":"stdlog"}
[2m[WebServer] [22m{"time":"2026-10-07T08:07:36.965995506-04:00","level":"INFO","msg":"OK   0011_checklist_submissions.sql (95.4ms)","source":"stdlog"}
[2m[WebServer] [22m{"time":"2026-10-07T08:07:37.062135648-04:00","level":"INFO","msg":"OK   0012_submission_responses.sql (96.01ms)","source":"stdlog"}
[2m[WebServer] [22m{"time":"2026-10-07T08:07:37.14605187-04:00","level":"INFO","msg":"OK   0013_submission_fail_notes.sql (83.8ms)","source":"stdlog"}
[2m[WebServer] [22m{"time":"2026-10-07T08:07:37.20951963-04:00","level":"INFO","msg":"OK   0014_submission_rejections.sql (61.15ms)","source":"stdlog"}
[2m[WebServer] [22m{"time":"2026-10-07T08:07:37.311025961-04:00","level":"INFO","msg":"OK   0015_ops.sql (101.33ms)","source":"stdlog"}
[2m[WebServer] [22m{"time":"2026-10-07T08:07:37.349462363-04:00","level":"INFO","msg":"OK   0016_lamport_ts.sql (38.33ms)","source":"stdlog"}
[2m[WebServer] [22m{"time":"2026-10-07T08:07:37.396070516-04:00","level":"INFO","msg":"OK   0017_users_naming.sql (46.44ms)","source":"stdlog"}
[2m[WebServer] [22m{"time":"2026-10-07T08:07:37.471325012-04:00","level":"INFO","msg":"OK   0018_ob_templates.sql (75.08ms)","source":"stdlog"}
[2m[WebServer] [22m{"time":"2026-10-07T08:07:37.54756591-04:00","level":"INFO","msg":"OK   0019_ob_items.sql (76.09ms)","source":"stdlog"}
[2m[WebServer] [22m{"time":"2026-10-07T08:07:37.604165941-04:00","level":"INFO","msg":"OK   0020_ob_progress.sql (56.41ms)","source":"stdlog"}
[2m[WebServer] [22m{"time":"2026-10-07T08:07:37.649662858-04:00","level":"INFO","msg":"OK   0021_ob_signoffs.sql (45.26ms)","source":"stdlog"}
[2m[WebServer] [22m{"time":"2026-10-07T08:07:37.709411982-04:00","level":"INFO","msg":"OK   0022_ob_template_assignments.sql (59.6ms)","source":"stdlog"}
[2m[WebServer] [22m{"time":"2026-10-07T08:07:37.807716749-04:00","level":"INFO","msg":"OK   0023_multi_role.sql (98.17ms)","source":"stdlog"}
[2m[WebServer] [22m{"time":"2026-10-07T08:07:38.08240634-04:00","level":"INFO","msg":"OK   0024_inventory.sql (274.46ms)","source":"stdlog"}
[2m[WebServer] [22m{"time":"2026-10-07T08:07:38.116755845-04:00","level":"INFO","msg":"OK   0025_pending_purchases.sql (34.22ms)","source":"stdlog"}
[2m[WebServer] [22m{"time":"2026-10-07T08:07:38.126003887-04:00","level":"INFO","msg":"OK   0026_ob_progress_faq.sql (9.1ms)","source":"stdlog"}
[2m[WebServer] [22m{"time":"2026-10-07T08:07:38.13400812-04:00","level":"INFO","msg":"OK   0027_ob_section_signoff_roles.sql (7.89ms)","source":"stdlog"}
[2m[WebServer] [22m{"time":"2026-10-07T08:07:38.151834453-04:00","level":"INFO","msg":"OK   0028_ob_video_upgrade.sql (17.69ms)","source":"stdlog"}
[2m[WebServer] [22m{"time":"2026-10-07T08:07:38.160233936-04:00","level":"INFO","msg":"OK   0029_ob_templates_archived_at.sql (8.27ms)","source":"stdlog"}
[2m[WebServer] [22m{"time":"2026-10-07T08:07:38.19790016-04:00","level":"INFO","msg":"OK   0030_item_groups_unique_name.sql (37.46ms)","source":"stdlog"}
[2m[WebServer] [22m{"time":"2026-10-07T08:07:38.213919055-04:00","level":"INFO","msg":"OK   0031_remove_placeholder_items.sql (15.84ms)","source":"stdlog"}
[2m[WebServer] [22m{"time":"2026-10-07T08:07:38.257632296-04:00","level":"INFO","msg":"OK   0032_item_group_thresholds.sql (43.61ms)","source":"stdlog"}
[2m[WebServer] [22m{"time":"2026-10-07T08:07:38.405040148-04:00","level":"INFO","msg":"OK   0033_stock_count_overrides.sql (147.29ms)","source":"stdlog"}
[2m[WebServer] [22m{"time":"2026-10-07T08:07:38.536443835-04:00","level":"INFO","msg":"OK   0034_purchase_orders.sql (131.23ms)","source":"stdlog"}
[2m[WebServer] [22m{"time":"2026-10-07T08:07:38.550627766-04:00","level":"INFO","msg":"OK   0035_purchase_items_photo_store.sql (14.01ms)","source":"stdlog"}
[2m[WebServer] [22m{"time":"2026-10-07T08:07:38.569572217-04:00","level":"INFO","msg":"OK   0036_purchase_items_full_name.sql (18.84ms)","source":"stdlog"}
[2m[WebServer] [22m{"time":"2026-10-07T08:07:38.612181318-04:00","level":"INFO","msg":"OK   0037_cutoff_config.sql (42.47ms)","source":"stdlog"}
[2m[WebServer] [22m{"time":"2026-10-07T08:07:38.636667756-04:00","level":"INFO","msg":"OK   0038_po_status_extend.sql (24.37ms)","source":"stdlog"}
[2m[WebServer] [22m{"time":"2026-10-07T08:07:38.665366462-04:00","level":"INFO","msg":"OK   0039_purchase_items_vendor.sql (28.6ms)","source":"stdlog"}
[2m[WebServer] [22m{"time":"2026-10-07T08:07:38.846394177-04:00","level":"INFO","msg":"OK   0040_shopping_lists.sql (180.87ms)","source":"stdlog"}
[2m[WebServer] [22m{"time":"2026-10-07T08:07:38.865194549-04:00","level":"INFO","msg":"OK   0041_notification_channel.sql (18.63ms)","source":"stdlog"}
[2m[WebServer] [22m{"time":"2026-10-07T08:07:38.955412722-04:00","level":"INFO","msg":"OK   0042_repurchase_tracking.sql (90.09ms)","source":"stdlog"}
[2m[WebServer] [22m{"time":"2026-10-07T08:07:39.030830758-04:00","level":"INFO","msg":"OK   0043_alert_log.sql (75.28ms)","source":"stdlog"}
[2m[WebServer] [22m{"time":"2026-10-07T08:07:39.115538985-04:00","level":"INFO","msg":"OK   0044_low_stock_alert_log.sql (84.55ms)","source":"stdlog"}
[2m[WebServer] [22m{"time":"2026-10-07T08:07:39.184410244-04:00","level":"INFO","msg":"OK   0045_notification_channel_array.sql (68.7ms)","source":"stdlog"}
[2m[WebServer] [22m{"time":"2026-10-07T08:07:39.194914892-04:00","level":"INFO","msg":"OK   0046_user_timezone.sql (10.38ms)","source":"stdlog"}
[2m[WebServer] [22m{"time":"2026-10-07T08:07:39.288349682-04:00","level":"INFO","msg":"OK   0047_employee_fields.sql (93.29ms)","source":"stdlog"}
[2m[WebServer] [22m{"time":"2026-10-07T08:07:39.300464036-04:00","level":"INFO","msg":"OK   0048_notification_default_both.sql (12.01ms)","source":"stdlog"}
[2m[WebServer] [22m{"time":"2026-10-07T08:07:39.371245417-04:00","level":"INFO","msg":"OK   0049_ob_sub_items.sql (70.63ms)","source":"stdlog"}
[2m[WebServer] [22m{"time":"2026-10-07T08:07:39.387242807-04:00","level":"INFO","msg":"OK   0050_ob_progress_sub_item.sql (15.86ms)","source":"stdlog"}
[2m[WebServer] [22m{"time":"2026-10-07T08:07:39.397743907-04:00","level":"INFO","msg":"OK   0051_rejection_field_fk.sql (10.39ms)","source":"stdlog"}
[2m[WebServer] [22m{"time":"2026-10-07T08:07:39.425102141-04:00","level":"INFO","msg":"OK   0052_template_name_unique.sql (27.22ms)","source":"stdlog"}
[2m[WebServer] [22m{"time":"2026-10-07T08:07:39.440930292-04:00","level":"INFO","msg":"OK   0053_response_field_fk.sql (15.72ms)","source":"stdlog"}
[2m[WebServer] [22m{"time":"2026-10-07T08:07:39.452509511-04:00","level":"INFO","msg":"OK   0054_failnote_field_fk.sql (11.41ms)","source":"stdlog"}
[2m[WebServer] [22m{"time":"2026-10-07T08:07:39.465067715-04:00","level":"INFO","msg":"OK   0055_item_location_in_store.sql (12.43ms)","source":"stdlog"}
[2m[WebServer] [22m{"time":"2026-10-07T08:07:39.488593877-04:00","level":"INFO","msg":"OK   0056_ob_progress_photo.sql (23.32ms)","source":"stdlog"}
[2m[WebServer] [22m{"time":"2026-10-07T08:07:39.50733694-04:00","level":"INFO","msg":"OK   0057_ob_items_photo_type.sql (18.61ms)","source":"stdlog"}
[2m[WebServer] [22m{"time":"2026-10-07T08:07:39.525285633-04:00","level":"INFO","msg":"OK   0058_ob_sub_items_photos.sql (17.83ms)","source":"stdlog"}
[2m[WebServer] [22m{"time":"2026-10-07T08:07:39.534309278-04:00","level":"INFO","msg":"OK   0059_cleanup_photo_items.sql (8.93ms)","source":"stdlog"}
[2m[WebServer] [22m{"time":"2026-10-07T08:07:39.617817887-04:00","level":"INFO","msg":"OK   0060_menu_items.sql (83.37ms)","source":"stdlog"}
[2m[WebServer] [22m{"time":"2026-10-07T08:07:39.660686868-04:00","level":"INFO","msg":"OK   0061_daily_menu_sales.sql (42.74ms)","source":"stdlog"}
[2m[WebServer] [22m{"time":"2026-10-07T08:07:39.730322175-04:00","level":"INFO","msg":"OK   0062_recipes.sql (69.51ms)","source":"stdlog"}
[2m[WebServer] [22m{"time":"2026-10-07T08:07:39.780045875-04:00","level":"INFO","msg":"OK   0063_drift_check_results.sql (49.58ms)","source":"stdlog"}
[2m[WebServer] [22m{"time":"2026-10-07T08:07:39.80219017-04:00","level":"INFO","msg":"OK   0064_no_itemized_receipt_seed.sql (21.99ms)","source":"stdlog"}
[2m[WebServer] [22m{"time":"2026-10-07T08:07:39.819678563-04:00","level":"INFO","msg":"OK   0065_mercury_category_on_purchase_events.sql (17.38ms)","source":"stdlog"}
[2m[WebServer] [22m{"time":"2026-10-07T08:07:39.837110937-04:00","level":"INFO","msg":"OK   0066_mercury_category_on_pending_purchases.sql (17.35ms)","source":"stdlog"}
[2m[WebServer] [22m{"time":"2026-10-07T08:07:39.914483071-04:00","level":"INFO","msg":"OK   0067_receipt_sync_runs.sql (77.22ms)","source":"stdlog"}
[2m[WebServer] [22m{"time":"2026-10-07T08:07:39.947765961-04:00","level":"INFO","msg":"OK   0068_pending_purchases_bank_tx_uniq.sql (33.1ms)","source":"stdlog"}
[2m[WebServer] [22m{"time":"2026-10-07T08:07:39.962995862-04:00","level":"INFO","msg":"OK   0069_pending_purchases_parse_error.sql (15.11ms)","source":"stdlog"}
[2m[WebServer] [22m{"time":"2026-10-07T08:07:39.984404816-04:00","level":"INFO","msg":"OK   0070_receipt_urls.sql (21.29ms)","source":"stdlog"}
[2m[WebServer] [22m{"time":"2026-10-07T08:07:40.016237884-04:00","level":"INFO","msg":"OK   0071_submission_fail_notes_unique.sql (31.72ms)","source":"stdlog"}
[2m[WebServer] [22m{"time":"2026-10-07T08:07:40.036857737-04:00","level":"INFO","msg":"OK   0072_app_timezone_new_york.sql (20.47ms)","source":"stdlog"}
[2m[WebServer] [22m{"time":"2026-10-07T08:07:40.065563002-04:00","level":"INFO","msg":"OK   0073_sync_fdw_views.sql (28.37ms)","source":"stdlog"}
[2m[WebServer] [22m{"time":"2026-10-07T08:07:40.082985484-04:00","level":"INFO","msg":"OK   0074_sync_fdw_approver_view.sql (17.25ms)","source":"stdlog"}
[2m[WebServer] [22m{"time":"2026-10-07T08:07:40.169158048-04:00","level":"INFO","msg":"OK   0075_item_aliases.sql (86.04ms)","source":"stdlog"}
[2m[WebServer] [22m{"time":"2026-10-07T08:07:40.198433499-04:00","level":"INFO","msg":"OK   0076_checklist_template_app.sql (29.15ms)","source":"stdlog"}
[2m[WebServer] [22m{"time":"2026-10-07T08:07:40.264383181-04:00","level":"INFO","msg":"OK   0077_race_lost_notifications.sql (65.74ms)","source":"stdlog"}
[2m[WebServer] [22m{"time":"2026-10-07T08:07:40.283128071-04:00","level":"INFO","msg":"OK   0078_card_holder_on_purchases.sql (18.6ms)","source":"stdlog"}
[2m[WebServer] [22m{"time":"2026-10-07T08:07:40.318755041-04:00","level":"INFO","msg":"OK   0079_pending_purchases_retry_requested.sql (35.52ms)","source":"stdlog"}
[2m[WebServer] [22m{"time":"2026-10-07T08:07:40.339722941-04:00","level":"INFO","msg":"OK   0080_receipt_sync_runs_cancelled.sql (20.82ms)","source":"stdlog"}
[2m[WebServer] [22m{"time":"2026-10-07T08:07:40.37313905-04:00","level":"INFO","msg":"OK   0081_item_alias_display.sql (33.27ms)","source":"stdlog"}
[2m[WebServer] [22m{"time":"2026-10-07T08:07:40.397870853-04:00","level":"INFO","msg":"OK   0082_bi_grants.sql (24.57ms)","source":"stdlog"}
[2m[WebServer] [22m{"time":"2026-10-07T08:07:40.562675919-04:00","level":"INFO","msg":"OK   0083_campaigns_admin.sql (164.52ms)","source":"stdlog"}
[2m[WebServer] [22m{"time":"2026-10-07T08:07:38.634308969-04:00","level":"INFO","msg":"OK   0084_toast_orders_reconciliation.sql (200.79ms)","source":"stdlog"}
[2m[WebServer] [22m{"time":"2026-10-07T08:07:38.815148199-04:00","level":"INFO","msg":"OK   0085_subscribers.sql (180.66ms)","source":"stdlog"}
[2m[WebServer] [22m{"time":"2026-10-07T08:07:38.848913431-04:00","level":"INFO","msg":"OK   0086_merge_repoint_and_erasure_backstop.sql (33.6ms)","source":"stdlog"}
[2m[WebServer] [22m{"time":"2026-10-07T08:07:38.932691059-04:00","level":"INFO","msg":"OK   0087_qr_scans_dedupe_bucket.sql (83.62ms)","source":"stdlog"}
[2m[WebServer] [22m{"time":"2026-10-07T08:07:38.932771485-04:00","level":"INFO","msg":"goose: successfully migrated database to version: 87","source":"stdlog"}
[2m[WebServer] [22m{"time":"2026-10-07T08:07:38.932792989-04:00","level":"INFO","msg":"database migrations applied successfully"}
[2m[WebServer] [22m{"time":"2026-10-07T08:07:39.025109877-04:00","level":"INFO","msg":"upserted superadmin","email":"jamal@yumyums.kitchen"}
[2m[WebServer] [22m{"time":"2026-10-07T08:07:39.064775143-04:00","level":"INFO","msg":"seeded template","name":"Setup Checklist","id":"a37c196a-0252-4352-aae3-b21eef19e697"}
[2m[WebServer] [22m{"time":"2026-10-07T08:07:39.064861806-04:00","level":"INFO","msg":"seeded templates","count":1}
[2m[WebServer] [22m{"time":"2026-10-07T08:07:39.114711844-04:00","level":"INFO","msg":"seeded onboarding template","name":"Kitchen Basics Training","id":"9d917a4c-2d28-4ced-a0f4-306bde3a6339"}
[2m[WebServer] [22m{"time":"2026-10-07T08:07:39.153824449-04:00","level":"INFO","msg":"inventory: seeded vendors","count":5}
[2m[WebServer] [22m{"time":"2026-10-07T08:07:39.290360036-04:00","level":"INFO","msg":"inventory: seeded unique tags","count":19}
[2m[WebServer] [22m{"time":"2026-10-07T08:07:39.49787592-04:00","level":"INFO","msg":"inventory: seeded item groups","count":10}
[2m[WebServer] [22m{"time":"2026-10-07T08:07:40.178847275-04:00","level":"INFO","msg":"inventory: seeded purchase items from YAML","count":106}
[2m[WebServer] [22m{"time":"2026-10-07T08:07:40.179073178-04:00","level":"WARN","msg":"object storage env vars not set, photo and video upload endpoints will return 503","required":"STORAGE_KEY, STORAGE_SECRET, STORAGE_BUCKET, STORAGE_ENDPOINT, STORAGE_REGION"}
[2m[WebServer] [22m{"time":"2026-10-07T08:07:40.1791364-04:00","level":"WARN","msg":"HQ_INVENTORY_SERVICE_TOKEN not set, /api/v1/inventory/period-summary AND /api/v1/inventory/menu-cogs will return 503"}
[2m[WebServer] [22m{"time":"2026-10-07T08:07:40.179876687-04:00","level":"INFO","msg":"marketing campaign projection not configured; campaigns will save with projected_at NULL and warnings:[\"not_projected\"]","missing":"HQ_SYNC_REST_URL and/or HQ_SYNC_SERVICE_KEY"}
[2m[WebServer] [22m{"time":"2026-10-07T08:07:40.180018078-04:00","level":"INFO","msg":"inventory COGS category allowlist","allowlist":["COGS"]}
[2m[WebServer] [22m{"time":"2026-10-07T08:07:40.180823845-04:00","level":"INFO","msg":"redemption arbiter not configured; POST /api/v1/marketing/redeem answers 503","missing":"HQ_SYNC_REST_URL and/or HQ_SYNC_SERVICE_KEY"}
[2m[WebServer] [22m{"time":"2026-10-07T08:07:40.181061253-04:00","level":"INFO","msg":"receipt worker disabled","reason":"E2E_DISABLE_SCHEDULERS=1"}
[2m[WebServer] [22m{"time":"2026-10-07T08:07:40.181102003-04:00","level":"INFO","msg":"alert queue started","delivery_enabled":false}
[2m[WebServer] [22m{"time":"2026-10-07T08:07:40.181169957-04:00","level":"INFO","msg":"cutoff scheduler disabled","reason":"E2E_DISABLE_SCHEDULERS=1"}
[2m[WebServer] [22m{"time":"2026-10-07T08:07:40.181191354-04:00","level":"INFO","msg":"scan-attempts mirror disabled","reason":"E2E_DISABLE_SCHEDULERS=1"}
[2m[WebServer] [22m{"time":"2026-10-07T08:07:40.18121189-04:00","level":"INFO","msg":"toast worker disabled, cmd/sync-toast remains available","reason":"TOAST_SYNC_INTERVAL=0"}
[2m[WebServer] [22m{"time":"2026-10-07T08:07:40.181280382-04:00","level":"INFO","msg":"alerts queue started"}
[2m[WebServer] [22m{"time":"2026-10-07T08:07:40.205526724-04:00","level":"INFO","msg":"server listening","port":"8394"}
[2m[WebServer] [22m{"time":"2026-10-07T08:07:40.215959225-04:00","level":"INFO","msg":"reachable at","url":"http://10.255.255.254:8394"}
[2m[WebServer] [22m{"time":"2026-10-07T08:07:40.215997395-04:00","level":"INFO","msg":"reachable at","url":"http://192.168.8.164:8394"}
[2m[WebServer] [22m{"time":"2026-10-07T08:07:40.216005889-04:00","level":"INFO","msg":"reachable at","url":"http://100.70.200.55:8394"}
[2m[WebServer] [22m{"time":"2026-10-07T08:07:40.216020405-04:00","level":"INFO","msg":"Yumyums HQ ready, accepting connections"}

Running 333 tests using 1 worker

  ✓    1 [chromium] › tests/inventory.spec.js:133:3 › Inventory › the hub lists 4 rows: Receipts, Stock, Recipes, Setup — no Menu, no Trends, no Cost (1.3s)
[2m[WebServer] [22m{"time":"2026-10-07T08:07:54.252453458-04:00","level":"ERROR","msg":"GetStock rows iteration failed","error":"context canceled"}
  ✓    2 [chromium] › tests/inventory.spec.js:147:3 › Inventory › legacy #tab=5 and #tab=6 deep links redirect to the matching bi.html section (1.4s)
  ✓    3 [chromium] › tests/inventory.spec.js:156:3 › Inventory › the pending count is the Receipts row badge, and the row stays one line at phone width (1.2s)
  ✓    4 [chromium] › tests/inventory.spec.js:171:3 › Inventory › legacy #tab=3 (the old Menu tab) lands on Recipes › By dish (1.8s)
[2m[WebServer] [22m{"time":"2026-10-07T08:07:57.776198391-04:00","level":"ERROR","msg":"GetMyTrainings failed","error":"context canceled"}
  ✓    5 [chromium] › tests/inventory.spec.js:183:3 › Inventory › a bare /inventory.html lands on the hub; #tab=1 opens Receipts (1.8s)
  ✓    6 [chromium] › tests/inventory.spec.js:199:3 › Inventory › Recipes tab activates on #tab=4 hash (1.7s)
  ✓    7 [chromium] › tests/inventory.spec.js:214:3 › Inventory › Recipes tab loads /api/v1/inventory/recipes and /api/v1/inventory/recipes/drift (1.2s)
  ✓    8 [chromium] › tests/inventory.spec.js:227:3 › Inventory › Recipes tab shows empty state when no ingredients (1.2s)
  ✓    9 [chromium] › tests/inventory.spec.js:233:3 › Inventory › menu-item picker uses YYYY-MM-DD since format (contract + source) (1.1s)
  ✓   10 [chromium] › tests/inventory.spec.js:269:3 › Inventory › tapping a menu item name triggers renderRecipeSummary (1.8s)
  ✓   11 [chromium] › tests/inventory.spec.js:320:3 › Inventory › tapping a dish in Recipes › By dish selects it in the summary card (1.8s)
  ✓   12 [chromium] › tests/inventory.spec.js:354:3 › Inventory › Setup tab (now tab 7) renders catalog content when activated (1.3s)
  ✓   13 [chromium] › tests/inventory.spec.js:377:3 › Inventory › Purchases tab loads purchase events from API (1.1s)
  ✓   14 [chromium] › tests/inventory.spec.js:387:3 › Inventory › Purchases tab shows empty state when no purchases exist (1.1s)
  ✓   15 [chromium] › tests/inventory.spec.js:398:3 › Inventory › vendor filter dropdown is present with All Vendors default (1.1s)
  ✓   16 [chromium] › tests/inventory.spec.js:405:3 › Inventory › each event card shows vendor name and total (1.1s)
  ✓   17 [chromium] › tests/inventory.spec.js:415:3 › Inventory › tapping an event card expands line items (1.1s)
  ✓   18 [chromium] › tests/inventory.spec.js:428:3 › Inventory › vendor filter has options from API (1.2s)
  ✓   19 [chromium] › tests/inventory.spec.js:440:3 › Inventory › selecting a vendor filters history events (1.4s)
  ✓   20 [chromium] › tests/inventory.spec.js:466:3 › Inventory › selecting All Vendors resets filter (1.5s)
  ✓   21 [chromium] › tests/inventory.spec.js:485:3 › Inventory › Stock tab loads stock levels from API (2.8s)
  ✓   22 [chromium] › tests/inventory.spec.js:495:3 › Inventory › Stock tab groups items by tag category (1.3s)
  ✓   23 [chromium] › tests/inventory.spec.js:506:3 › Inventory › stock item badges are right-aligned in a single container (1.6s)
  ✓   24 [chromium] › tests/inventory.spec.js:523:3 › Inventory › tapping tag header collapses and expands section (1.4s)
  ✓   25 [chromium] › tests/inventory.spec.js:543:3 › Inventory › tapping stock item expands detail with purchase info (1.6s)
  ✓   26 [chromium] › tests/inventory.spec.js:557:3 › Inventory › reorder suggestions section shows Low/Medium items if any exist (1.2s)
  ✓   27 [chromium] › tests/inventory.spec.js:569:3 › Inventory › Override Level button shows override form (1.2s)
  ✓   28 [chromium] › tests/inventory.spec.js:586:3 › Inventory › Trends renders the spend-by-group surface on bi.html (1.2s)
  ✓   29 [chromium] › tests/inventory.spec.js:594:3 › Inventory › Food cost renders the cost surface on bi.html (1.2s)
  ✓   30 [chromium] › tests/inventory.spec.js:604:3 › Inventory › By dish renders empty state when API returns [] (1.4s)
  ✓   31 [chromium] › tests/inventory.spec.js:622:3 › Inventory › By dish renders rows when API returns data (1.3s)
  ✓   32 [chromium] › tests/inventory.spec.js:655:3 › Inventory › pending review items show Needs Review badge (1.2s)
  ✓   33 [chromium] › tests/inventory.spec.js:690:3 › Inventory › tapping pending card opens review form (1.3s)
  ✓   34 [chromium] › tests/inventory.spec.js:696:3 › Inventory › review form has confirm and discard buttons (1.3s)
  ✓   35 [chromium] › tests/inventory.spec.js:702:3 › Inventory › review form shows pre-filled vendor and date fields (1.2s)
[2m[WebServer] [22m{"time":"2026-10-07T08:08:37.029840023-04:00","level":"ERROR","msg":"GetMyTrainings failed","error":"context canceled"}
  ✓   36 [chromium] › tests/inventory.spec.js:708:3 › Inventory › review form allows adding a new line item (1.3s)
  ✓   37 [chromium] › tests/inventory.spec.js:716:3 › Inventory › All caught up shows when no pending items in review queue (1.1s)
  ✓   38 [chromium] › tests/inventory.spec.js:750:3 › Inventory › double-tapping a line price negates it and flips back (1.3s)
  ✓   39 [chromium] › tests/inventory.spec.js:761:3 › Inventory › a negated line price makes a refund receipt balance (1.3s)
  ✓   40 [chromium] › tests/inventory.spec.js:779:3 › Inventory › a negative line total renders as -$X.XX, not $-X.XX (1.3s)
  ✓   41 [chromium] › tests/inventory.spec.js:786:3 › Inventory › tapping the Review Receipt title collapses the form back to the card (1.4s)
  ✓   42 [chromium] › tests/inventory.spec.js:797:3 › Inventory › edits survive collapsing and reopening the review form (1.4s)
  ✓   43 [chromium] › tests/inventory.spec.js:808:3 › Inventory › a negative line price round-trips through confirm and persists (1.2s)
  ✓   44 [chromium] › tests/inventory.spec.js:841:3 › Inventory › a malformed price never reads as $0.00 or as a matching total (1.4s)
  ✓   45 [chromium] › tests/inventory.spec.js:866:3 › Inventory › a malformed price survives re-render as typed, not as "NaN" (1.3s)
  ✓   46 [chromium] › tests/inventory.spec.js:876:3 › Inventory › tapping a number box selects it so the next keystroke replaces the value (1.3s)
  ✓   47 [chromium] › tests/inventory.spec.js:890:3 › Inventory › the review Date field is boxed and aligned like the Vendor field (1.3s)
  ✓   48 [chromium] › tests/inventory.spec.js:908:3 › Inventory › Deep Sync date inputs line up with the Cancel/Run buttons below them (1.2s)
  ✘   49 [chromium] › tests/inventory.spec.js:949:3 › Inventory › a parse failure states its cause instead of only that it failed (6.3s)
  ✘   50 [chromium] › tests/inventory.spec.js:955:3 › Inventory › a parse failure with no recorded cause says so rather than standing bare (6.3s)
  ✘   51 [chromium] › tests/inventory.spec.js:961:3 › Inventory › Retry parse is offered on a pending row with no parse_error and no items (6.2s)
  ✘   52 [chromium] › tests/inventory.spec.js:969:3 › Inventory › a stale re-parse flag on a row with a stored receipt is not a nag — the button is the truth (6.3s)
  ✘   53 [chromium] › tests/inventory.spec.js:982:3 › Inventory › a queued re-parse on a row with no stored receipt says when it will run, and survives a reload (6.2s)
  ✘   54 [chromium] › tests/inventory.spec.js:993:3 › Inventory › line items from a failed parse pre-fill the review form (30.1s)
  ✘   55 [chromium] › tests/inventory.spec.js:1008:3 › Inventory › a transient failure is still described in words (6.4s)
  ✓   56 [chromium] › tests/inventory.spec.js:1017:3 › Inventory › formatElapsed reads as a duration at every scale (1.5s)
  ✘   57 [chromium] › tests/inventory.spec.js:1025:3 › Inventory › a running sync shows elapsed time that actually advances (6.2s)
  ✓   58 [chromium] › tests/inventory.spec.js:1047:3 › Inventory › the elapsed ticker stops when no run is in flight (1.2s)
  ✓   59 [chromium] › tests/inventory.spec.js:1058:3 › Inventory › POST /items stores nickname and location alongside the new item (1.2s)
  ✓   60 [chromium] › tests/inventory.spec.js:1087:3 › Inventory › an alias equal to the description is not stored as a nickname (1.1s)
  ✓   61 [chromium] › tests/inventory.spec.js:1108:3 › Inventory › the finished-sync chip is amber and a failed sync stays a distinct red (1.1s)
  ✓   62 [chromium] › tests/inventory.spec.js:1144:3 › Inventory › Sync Receipts runs a normal sync straight from the primary button (1.6s)
  ✓   63 [chromium] › tests/inventory.spec.js:1158:3 › Inventory › the Receipts tab has exactly one control row above the queue (1.2s)
  ✓   64 [chromium] › tests/inventory.spec.js:1172:3 › Inventory › More opens the sheet; Deep sync… routes to the range picker (1.2s)
  ✓   65 [chromium] › tests/inventory.spec.js:1190:3 › Inventory › Retry parse (all) in the sheet fires reprocess-all after confirmation (1.7s)
  ✓   66 [chromium] › tests/inventory.spec.js:1206:3 › Inventory › Close and the backdrop both dismiss the sheet without starting anything (1.5s)
  ✓   67 [chromium] › tests/inventory.spec.js:1220:3 › Inventory › a non-admin gets no More button, so no deep sync and no retry-all (1.1s)
  ✓   68 [chromium] › tests/inventory.spec.js:1245:3 › Inventory › the button paints Cancel before the server answers (1.2s)
  ✓   69 [chromium] › tests/inventory.spec.js:1271:3 › Inventory › a failed start rolls the button back instead of leaving a fake Cancel (1.1s)
  ✘   70 [chromium] › tests/inventory.spec.js:1288:3 › Inventory › a run in flight turns the primary button into a red, ENABLED Cancel (6.1s)
  ✘   71 [chromium] › tests/inventory.spec.js:1296:3 › Inventory › cancelling asks first, and backing out does not cancel (6.2s)
  ✘   72 [chromium] › tests/inventory.spec.js:1313:3 › Inventory › confirming posts the cancel (6.3s)
  ✘   73 [chromium] › tests/inventory.spec.js:1325:3 › Inventory › a cancelled run reports what it finished, not just that it stopped (6.5s)
  ✘   74 [chromium] › tests/inventory.spec.js:1346:3 › Inventory › back link navigates to HQ (6.4s)
  ✓   75 [chromium] › tests/inventory.spec.js:1355:3 › Inventory › HQ launcher has Inventory tile linking to inventory.html (2.0s)
  ✓   76 [chromium] › tests/inventory.spec.js:1365:3 › Inventory › Trends and Cost containers live on bi.html, not inventory.html (1.3s)
  ✓   77 [chromium] › tests/inventory.spec.js:1375:3 › Inventory › Setup tab exists as 7th tab (1.2s)
[2m[WebServer] [22m{"time":"2026-10-07T08:11:11.010417627-04:00","level":"ERROR","msg":"GetMyTrainings failed","error":"context canceled"}
  ✓   78 [chromium] › tests/inventory.spec.js:1379:3 › Inventory › Setup tab has Items and Vendors sub-tabs (1.3s)
  ✓   79 [chromium] › tests/inventory.spec.js:1386:3 › Inventory › Vendors sub-tab shows vendor list (1.5s)
[2m[WebServer] [22m{"time":"2026-10-07T08:11:14.979773638-04:00","level":"INFO","msg":"client log","level":"WARN","message":"[inventory] item photo failed to load, showing placeholder Lemonade Mix https://nyc3.digitaloceanspaces.com/hq.yumyums/items/lemonade-mix.png","user":"Jamal C. (jamal@yumyums.kitchen)","page":"/inventory.html","ua":"Mozilla/5.0 (X11; Linux x86_64) AppleWebKit/537.36 (KHTML, like Gecko) HeadlessChrome/147.0.7727.15 Safari/537.36"}
  ✓   80 [chromium] › tests/inventory.spec.js:1399:3 › Inventory › Vendors sub-tab has add vendor form (1.5s)
[2m[WebServer] [22m{"time":"2026-10-07T08:11:16.585371765-04:00","level":"INFO","msg":"client log","level":"WARN","message":"[inventory] item photo failed to load, showing placeholder Coke Zero https://nyc3.digitaloceanspaces.com/hq.yumyums/items/coke-zero.png","user":"Jamal C. (jamal@yumyums.kitchen)","page":"/inventory.html","ua":"Mozilla/5.0 (X11; Linux x86_64) AppleWebKit/537.36 (KHTML, like Gecko) HeadlessChrome/147.0.7727.15 Safari/537.36"}
[2m[WebServer] [22m{"time":"2026-10-07T08:11:16.586531209-04:00","level":"INFO","msg":"client log","level":"WARN","message":"[inventory] item photo failed to load, showing placeholder Coke https://nyc3.digitaloceanspaces.com/hq.yumyums/items/coke.png","user":"Jamal C. (jamal@yumyums.kitchen)","page":"/inventory.html","ua":"Mozilla/5.0 (X11; Linux x86_64) AppleWebKit/537.36 (KHTML, like Gecko) HeadlessChrome/147.0.7727.15 Safari/537.36"}
  ✓   81 [chromium] › tests/inventory.spec.js:1406:3 › Inventory › tapping vendor expands inline edit form (1.6s)
  ✓   82 [chromium] › tests/inventory.spec.js:1419:3 › Inventory › Items sub-tab shows item list or empty state (1.3s)
  ✓   83 [chromium] › tests/inventory.spec.js:1430:3 › Inventory › Items tab has search filter (1.3s)
[2m[WebServer] [22m{"time":"2026-10-07T08:11:19.797885447-04:00","level":"ERROR","msg":"GetMyTrainings failed","error":"context canceled"}
  ✓   84 [chromium] › tests/inventory.spec.js:1437:3 › Inventory › Items search filters items by name (2.5s)
  ✓   85 [chromium] › tests/inventory.spec.js:1461:3 › Inventory › Items tab has add item form (1.3s)
[2m[WebServer] [22m{"time":"2026-10-07T08:11:22.570734191-04:00","level":"INFO","msg":"client log","level":"WARN","message":"[inventory] item photo failed to load, showing placeholder Mango Syrup https://nyc3.digitaloceanspaces.com/hq.yumyums/items/mango-syrup.png","user":"Jamal C. (jamal@yumyums.kitchen)","page":"/inventory.html","ua":"Mozilla/5.0 (X11; Linux x86_64) AppleWebKit/537.36 (KHTML, like Gecko) HeadlessChrome/147.0.7727.15 Safari/537.36"}
[2m[WebServer] [22m{"time":"2026-10-07T08:11:22.608481549-04:00","level":"INFO","msg":"client log","level":"WARN","message":"[inventory] item photo failed to load, showing placeholder Coke https://nyc3.digitaloceanspaces.com/hq.yumyums/items/coke.png","user":"Jamal C. (jamal@yumyums.kitchen)","page":"/inventory.html","ua":"Mozilla/5.0 (X11; Linux x86_64) AppleWebKit/537.36 (KHTML, like Gecko) HeadlessChrome/147.0.7727.15 Safari/537.36"}
[2m[WebServer] [22m{"time":"2026-10-07T08:11:22.652119135-04:00","level":"INFO","msg":"client log","level":"WARN","message":"[inventory] item photo failed to load, showing placeholder Brisket Rolls https://nyc3.digitaloceanspaces.com/hq.yumyums/items/brisket-rolls.png","user":"Jamal C. (jamal@yumyums.kitchen)","page":"/inventory.html","ua":"Mozilla/5.0 (X11; Linux x86_64) AppleWebKit/537.36 (KHTML, like Gecko) HeadlessChrome/147.0.7727.15 Safari/537.36"}
[2m[WebServer] [22m{"time":"2026-10-07T08:11:22.709558807-04:00","level":"INFO","msg":"client log","level":"WARN","message":"[inventory] item photo failed to load, showing placeholder Mexican Cheese https://nyc3.digitaloceanspaces.com/hq.yumyums/items/mexican-cheese.png","user":"Jamal C. (jamal@yumyums.kitchen)","page":"/inventory.html","ua":"Mozilla/5.0 (X11; Linux x86_64) AppleWebKit/537.36 (KHTML, like Gecko) HeadlessChrome/147.0.7727.15 Safari/537.36"}
[2m[WebServer] [22m{"time":"2026-10-07T08:11:22.819109092-04:00","level":"INFO","msg":"client log","level":"WARN","message":"[inventory] item photo failed to load, showing placeholder Hamburger Rolls https://nyc3.digitaloceanspaces.com/hq.yumyums/items/hamburger-rolls.png","user":"Jamal C. (jamal@yumyums.kitchen)","page":"/inventory.html","ua":"Mozilla/5.0 (X11; Linux x86_64) AppleWebKit/537.36 (KHTML, like Gecko) HeadlessChrome/147.0.7727.15 Safari/537.36"}
[2m[WebServer] [22m{"time":"2026-10-07T08:11:22.844626933-04:00","level":"INFO","msg":"client log","level":"WARN","message":"[inventory] item photo failed to load, showing placeholder Plastic Bags https://nyc3.digitaloceanspaces.com/hq.yumyums/items/plastic-bags.png","user":"Jamal C. (jamal@yumyums.kitchen)","page":"/inventory.html","ua":"Mozilla/5.0 (X11; Linux x86_64) AppleWebKit/537.36 (KHTML, like Gecko) HeadlessChrome/147.0.7727.15 Safari/537.36"}
[2m[WebServer] [22m{"time":"2026-10-07T08:11:22.868889088-04:00","level":"INFO","msg":"client log","level":"WARN","message":"[inventory] item photo failed to load, showing placeholder Lemonade Mix https://nyc3.digitaloceanspaces.com/hq.yumyums/items/lemonade-mix.png","user":"Jamal C. (jamal@yumyums.kitchen)","page":"/inventory.html","ua":"Mozilla/5.0 (X11; Linux x86_64) AppleWebKit/537.36 (KHTML, like Gecko) HeadlessChrome/147.0.7727.15 Safari/537.36"}
[2m[WebServer] [22m{"time":"2026-10-07T08:11:22.876157784-04:00","level":"INFO","msg":"client log","level":"WARN","message":"[inventory] item photo failed to load, showing placeholder Crabmeat https://nyc3.digitaloceanspaces.com/hq.yumyums/items/crabmeat.png","user":"Jamal C. (jamal@yumyums.kitchen)","page":"/inventory.html","ua":"Mozilla/5.0 (X11; Linux x86_64) AppleWebKit/537.36 (KHTML, like Gecko) HeadlessChrome/147.0.7727.15 Safari/537.36"}
[2m[WebServer] [22m{"time":"2026-10-07T08:11:22.884588318-04:00","level":"INFO","msg":"client log","level":"WARN","message":"[inventory] item photo failed to load, showing placeholder Dirty Dog Rolls https://nyc3.digitaloceanspaces.com/hq.yumyums/items/dirty-dog-rolls.png","user":"Jamal C. (jamal@yumyums.kitchen)","page":"/inventory.html","ua":"Mozilla/5.0 (X11; Linux x86_64) AppleWebKit/537.36 (KHTML, like Gecko) HeadlessChrome/147.0.7727.15 Safari/537.36"}
[2m[WebServer] [22m{"time":"2026-10-07T08:11:22.93961527-04:00","level":"INFO","msg":"client log","level":"WARN","message":"[inventory] item photo failed to load, showing placeholder Sprite https://nyc3.digitaloceanspaces.com/hq.yumyums/items/sprite.png","user":"Jamal C. (jamal@yumyums.kitchen)","page":"/inventory.html","ua":"Mozilla/5.0 (X11; Linux x86_64) AppleWebKit/537.36 (KHTML, like Gecko) HeadlessChrome/147.0.7727.15 Safari/537.36"}
[2m[WebServer] [22m{"time":"2026-10-07T08:11:23.015637415-04:00","level":"INFO","msg":"client log","level":"WARN","message":"[inventory] item photo failed to load, showing placeholder Sour Cream https://nyc3.digitaloceanspaces.com/hq.yumyums/items/sour-cream.png","user":"Jamal C. (jamal@yumyums.kitchen)","page":"/inventory.html","ua":"Mozilla/5.0 (X11; Linux x86_64) AppleWebKit/537.36 (KHTML, like Gecko) HeadlessChrome/147.0.7727.15 Safari/537.36"}
[2m[WebServer] [22m{"time":"2026-10-07T08:11:23.076064427-04:00","level":"INFO","msg":"client log","level":"WARN","message":"[inventory] item photo failed to load, showing placeholder Relish https://nyc3.digitaloceanspaces.com/hq.yumyums/items/relish.png","user":"Jamal C. (jamal@yumyums.kitchen)","page":"/inventory.html","ua":"Mozilla/5.0 (X11; Linux x86_64) AppleWebKit/537.36 (KHTML, like Gecko) HeadlessChrome/147.0.7727.15 Safari/537.36"}
[2m[WebServer] [22m{"time":"2026-10-07T08:11:23.11250784-04:00","level":"INFO","msg":"client log","level":"WARN","message":"[inventory] item photo failed to load, showing placeholder Chicken Breasts https://nyc3.digitaloceanspaces.com/hq.yumyums/items/chicken-breasts.png","user":"Jamal C. (jamal@yumyums.kitchen)","page":"/inventory.html","ua":"Mozilla/5.0 (X11; Linux x86_64) AppleWebKit/537.36 (KHTML, like Gecko) HeadlessChrome/147.0.7727.15 Safari/537.36"}
[2m[WebServer] [22m{"time":"2026-10-07T08:11:23.131347514-04:00","level":"INFO","msg":"client log","level":"WARN","message":"[inventory] item photo failed to load, showing placeholder Cup Holders https://nyc3.digitaloceanspaces.com/hq.yumyums/items/cup-holders.png","user":"Jamal C. (jamal@yumyums.kitchen)","page":"/inventory.html","ua":"Mozilla/5.0 (X11; Linux x86_64) AppleWebKit/537.36 (KHTML, like Gecko) HeadlessChrome/147.0.7727.15 Safari/537.36"}
[2m[WebServer] [22m{"time":"2026-10-07T08:11:23.153791534-04:00","level":"INFO","msg":"client log","level":"WARN","message":"[inventory] item photo failed to load, showing placeholder Olive Oil Blend https://nyc3.digitaloceanspaces.com/hq.yumyums/items/olive-oil-blend.png","user":"Jamal C. (jamal@yumyums.kitchen)","page":"/inventory.html","ua":"Mozilla/5.0 (X11; Linux x86_64) AppleWebKit/537.36 (KHTML, like Gecko) HeadlessChrome/147.0.7727.15 Safari/537.36"}
[2m[WebServer] [22m{"time":"2026-10-07T08:11:23.338870807-04:00","level":"INFO","msg":"client log","level":"WARN","message":"[inventory] item photo failed to load, showing placeholder Tomaotes https://nyc3.digitaloceanspaces.com/hq.yumyums/items/tomaotes.png","user":"Jamal C. (jamal@yumyums.kitchen)","page":"/inventory.html","ua":"Mozilla/5.0 (X11; Linux x86_64) AppleWebKit/537.36 (KHTML, like Gecko) HeadlessChrome/147.0.7727.15 Safari/537.36"}
[2m[WebServer] [22m{"time":"2026-10-07T08:11:23.360254737-04:00","level":"INFO","msg":"client log","level":"WARN","message":"[inventory] item photo failed to load, showing placeholder Fine Sea Salt https://nyc3.digitaloceanspaces.com/hq.yumyums/items/fine-sea-salt.png","user":"Jamal C. (jamal@yumyums.kitchen)","page":"/inventory.html","ua":"Mozilla/5.0 (X11; Linux x86_64) AppleWebKit/537.36 (KHTML, like Gecko) HeadlessChrome/147.0.7727.15 Safari/537.36"}
[2m[WebServer] [22m{"time":"2026-10-07T08:11:23.395336337-04:00","level":"INFO","msg":"client log","level":"WARN","message":"[inventory] item photo failed to load, showing placeholder Egg Roll Wraps https://nyc3.digitaloceanspaces.com/hq.yumyums/items/egg-roll-wraps.png","user":"Jamal C. (jamal@yumyums.kitchen)","page":"/inventory.html","ua":"Mozilla/5.0 (X11; Linux x86_64) AppleWebKit/537.36 (KHTML, like Gecko) HeadlessChrome/147.0.7727.15 Safari/537.36"}
[2m[WebServer] [22m{"time":"2026-10-07T08:11:23.548032973-04:00","level":"INFO","msg":"client log","level":"WARN","message":"[inventory] item photo failed to load, showing placeholder Hot Dog Rolls https://nyc3.digitaloceanspaces.com/hq.yumyums/items/hot-dog-rolls.png","user":"Jamal C. (jamal@yumyums.kitchen)","page":"/inventory.html","ua":"Mozilla/5.0 (X11; Linux x86_64) AppleWebKit/537.36 (KHTML, like Gecko) HeadlessChrome/147.0.7727.15 Safari/537.36"}
[2m[WebServer] [22m{"time":"2026-10-07T08:11:23.565941532-04:00","level":"INFO","msg":"client log","level":"WARN","message":"[inventory] item photo failed to load, showing placeholder Honey Garlic Sauce https://nyc3.digitaloceanspaces.com/hq.yumyums/items/honey-garlic-sauce.png","user":"Jamal C. (jamal@yumyums.kitchen)","page":"/inventory.html","ua":"Mozilla/5.0 (X11; Linux x86_64) AppleWebKit/537.36 (KHTML, like Gecko) HeadlessChrome/147.0.7727.15 Safari/537.36"}
[2m[WebServer] [22m{"time":"2026-10-07T08:11:23.607675568-04:00","level":"INFO","msg":"client log","level":"WARN","message":"[inventory] item photo failed to load, showing placeholder Coke Zero https://nyc3.digitaloceanspaces.com/hq.yumyums/items/coke-zero.png","user":"Jamal C. (jamal@yumyums.kitchen)","page":"/inventory.html","ua":"Mozilla/5.0 (X11; Linux x86_64) AppleWebKit/537.36 (KHTML, like Gecko) HeadlessChrome/147.0.7727.15 Safari/537.36"}
[2m[WebServer] [22m{"time":"2026-10-07T08:11:23.667907197-04:00","level":"INFO","msg":"client log","level":"WARN","message":"[inventory] item photo failed to load, showing placeholder Lemon Juice https://nyc3.digitaloceanspaces.com/hq.yumyums/items/lemon-juice.png","user":"Jamal C. (jamal@yumyums.kitchen)","page":"/inventory.html","ua":"Mozilla/5.0 (X11; Linux x86_64) AppleWebKit/537.36 (KHTML, like Gecko) HeadlessChrome/147.0.7727.15 Safari/537.36"}
[2m[WebServer] [22m{"time":"2026-10-07T08:11:23.741105889-04:00","level":"INFO","msg":"client log","level":"WARN","message":"[inventory] item photo failed to load, showing placeholder Coarse Sea Salt https://nyc3.digitaloceanspaces.com/hq.yumyums/items/coarse-sea-salt.png","user":"Jamal C. (jamal@yumyums.kitchen)","page":"/inventory.html","ua":"Mozilla/5.0 (X11; Linux x86_64) AppleWebKit/537.36 (KHTML, like Gecko) HeadlessChrome/147.0.7727.15 Safari/537.36"}
[2m[WebServer] [22m{"time":"2026-10-07T08:11:23.754204062-04:00","level":"INFO","msg":"client log","level":"WARN","message":"[inventory] item photo failed to load, showing placeholder Corn https://nyc3.digitaloceanspaces.com/hq.yumyums/items/corn.png","user":"Jamal C. (jamal@yumyums.kitchen)","page":"/inventory.html","ua":"Mozilla/5.0 (X11; Linux x86_64) AppleWebKit/537.36 (KHTML, like Gecko) HeadlessChrome/147.0.7727.15 Safari/537.36"}
[2m[WebServer] [22m{"time":"2026-10-07T08:11:23.78078338-04:00","level":"INFO","msg":"client log","level":"WARN","message":"[inventory] item photo failed to load, showing placeholder Cayenne Pepper https://nyc3.digitaloceanspaces.com/hq.yumyums/items/cayenne-pepper.png","user":"Jamal C. (jamal@yumyums.kitchen)","page":"/inventory.html","ua":"Mozilla/5.0 (X11; Linux x86_64) AppleWebKit/537.36 (KHTML, like Gecko) HeadlessChrome/147.0.7727.15 Safari/537.36"}
[2m[WebServer] [22m{"time":"2026-10-07T08:11:23.9165614-04:00","level":"INFO","msg":"client log","level":"WARN","message":"[inventory] item photo failed to load, showing placeholder Limes https://nyc3.digitaloceanspaces.com/hq.yumyums/items/limes.png","user":"Jamal C. (jamal@yumyums.kitchen)","page":"/inventory.html","ua":"Mozilla/5.0 (X11; Linux x86_64) AppleWebKit/537.36 (KHTML, like Gecko) HeadlessChrome/147.0.7727.15 Safari/537.36"}
[2m[WebServer] [22m{"time":"2026-10-07T08:11:23.954082626-04:00","level":"INFO","msg":"client log","level":"WARN","message":"[inventory] item photo failed to load, showing placeholder Salt https://nyc3.digitaloceanspaces.com/hq.yumyums/items/salt.png","user":"Jamal C. (jamal@yumyums.kitchen)","page":"/inventory.html","ua":"Mozilla/5.0 (X11; Linux x86_64) AppleWebKit/537.36 (KHTML, like Gecko) HeadlessChrome/147.0.7727.15 Safari/537.36"}
[2m[WebServer] [22m{"time":"2026-10-07T08:11:24.154262166-04:00","level":"INFO","msg":"client log","level":"WARN","message":"[inventory] item photo failed to load, showing placeholder Dr. Pepper https://nyc3.digitaloceanspaces.com/hq.yumyums/items/dr-pepper.png","user":"Jamal C. (jamal@yumyums.kitchen)","page":"/inventory.html","ua":"Mozilla/5.0 (X11; Linux x86_64) AppleWebKit/537.36 (KHTML, like Gecko) HeadlessChrome/147.0.7727.15 Safari/537.36"}
[2m[WebServer] [22m{"time":"2026-10-07T08:11:24.155836124-04:00","level":"INFO","msg":"client log","level":"WARN","message":"[inventory] item photo failed to load, showing placeholder White Onions https://nyc3.digitaloceanspaces.com/hq.yumyums/items/white-onions.png","user":"Jamal C. (jamal@yumyums.kitchen)","page":"/inventory.html","ua":"Mozilla/5.0 (X11; Linux x86_64) AppleWebKit/537.36 (KHTML, like Gecko) HeadlessChrome/147.0.7727.15 Safari/537.36"}
[2m[WebServer] [22m{"time":"2026-10-07T08:11:24.183500729-04:00","level":"INFO","msg":"client log","level":"WARN","message":"[inventory] item photo failed to load, showing placeholder Napkins https://nyc3.digitaloceanspaces.com/hq.yumyums/items/napkins.png","user":"Jamal C. (jamal@yumyums.kitchen)","page":"/inventory.html","ua":"Mozilla/5.0 (X11; Linux x86_64) AppleWebKit/537.36 (KHTML, like Gecko) HeadlessChrome/147.0.7727.15 Safari/537.36"}
[2m[WebServer] [22m{"time":"2026-10-07T08:11:24.193446927-04:00","level":"INFO","msg":"client log","level":"WARN","message":"[inventory] item photo failed to load, showing placeholder Dish Soap https://nyc3.digitaloceanspaces.com/hq.yumyums/items/dish-soap.png","user":"Jamal C. (jamal@yumyums.kitchen)","page":"/inventory.html","ua":"Mozilla/5.0 (X11; Linux x86_64) AppleWebKit/537.36 (KHTML, like Gecko) HeadlessChrome/147.0.7727.15 Safari/537.36"}
[2m[WebServer] [22m{"time":"2026-10-07T08:11:24.201827815-04:00","level":"INFO","msg":"client log","level":"WARN","message":"[inventory] item photo failed to load, showing placeholder Spinach He https://nyc3.digitaloceanspaces.com/hq.yumyums/items/spinach-he.png","user":"Jamal C. (jamal@yumyums.kitchen)","page":"/inventory.html","ua":"Mozilla/5.0 (X11; Linux x86_64) AppleWebKit/537.36 (KHTML, like Gecko) HeadlessChrome/147.0.7727.15 Safari/537.36"}
[2m[WebServer] [22m{"time":"2026-10-07T08:11:24.228526819-04:00","level":"INFO","msg":"client log","level":"WARN","message":"[inventory] item photo failed to load, showing placeholder Water https://nyc3.digitaloceanspaces.com/hq.yumyums/items/water.png","user":"Jamal C. (jamal@yumyums.kitchen)","page":"/inventory.html","ua":"Mozilla/5.0 (X11; Linux x86_64) AppleWebKit/537.36 (KHTML, like Gecko) HeadlessChrome/147.0.7727.15 Safari/537.36"}
[2m[WebServer] [22m{"time":"2026-10-07T08:11:24.304999947-04:00","level":"INFO","msg":"client log","level":"WARN","message":"[inventory] item photo failed to load, showing placeholder Blast Away https://nyc3.digitaloceanspaces.com/hq.yumyums/items/blast-away.png","user":"Jamal C. (jamal@yumyums.kitchen)","page":"/inventory.html","ua":"Mozilla/5.0 (X11; Linux x86_64) AppleWebKit/537.36 (KHTML, like Gecko) HeadlessChrome/147.0.7727.15 Safari/537.36"}
[2m[WebServer] [22m{"time":"2026-10-07T08:11:24.333570363-04:00","level":"INFO","msg":"client log","level":"WARN","message":"[inventory] item photo failed to load, showing placeholder Towels https://nyc3.digitaloceanspaces.com/hq.yumyums/items/towels.png","user":"Jamal C. (jamal@yumyums.kitchen)","page":"/inventory.html","ua":"Mozilla/5.0 (X11; Linux x86_64) AppleWebKit/537.36 (KHTML, like Gecko) HeadlessChrome/147.0.7727.15 Safari/537.36"}
[2m[WebServer] [22m{"time":"2026-10-07T08:11:24.343094618-04:00","level":"INFO","msg":"client log","level":"WARN","message":"[inventory] item photo failed to load, showing placeholder Allspice https://nyc3.digitaloceanspaces.com/hq.yumyums/items/allspice.png","user":"Jamal C. (jamal@yumyums.kitchen)","page":"/inventory.html","ua":"Mozilla/5.0 (X11; Linux x86_64) AppleWebKit/537.36 (KHTML, like Gecko) HeadlessChrome/147.0.7727.15 Safari/537.36"}
[2m[WebServer] [22m{"time":"2026-10-07T08:11:24.349779405-04:00","level":"INFO","msg":"client log","level":"WARN","message":"[inventory] item photo failed to load, showing placeholder Bbq Sauce https://nyc3.digitaloceanspaces.com/hq.yumyums/items/bbq-sauce.png","user":"Jamal C. (jamal@yumyums.kitchen)","page":"/inventory.html","ua":"Mozilla/5.0 (X11; Linux x86_64) AppleWebKit/537.36 (KHTML, like Gecko) HeadlessChrome/147.0.7727.15 Safari/537.36"}
[2m[WebServer] [22m{"time":"2026-10-07T08:11:24.390576562-04:00","level":"INFO","msg":"client log","level":"WARN","message":"[inventory] item photo failed to load, showing placeholder Cups https://nyc3.digitaloceanspaces.com/hq.yumyums/items/cups.png","user":"Jamal C. (jamal@yumyums.kitchen)","page":"/inventory.html","ua":"Mozilla/5.0 (X11; Linux x86_64) AppleWebKit/537.36 (KHTML, like Gecko) HeadlessChrome/147.0.7727.15 Safari/537.36"}
[2m[WebServer] [22m{"time":"2026-10-07T08:11:24.482086324-04:00","level":"INFO","msg":"client log","level":"WARN","message":"[inventory] item photo failed to load, showing placeholder Lids https://nyc3.digitaloceanspaces.com/hq.yumyums/items/lids.png","user":"Jamal C. (jamal@yumyums.kitchen)","page":"/inventory.html","ua":"Mozilla/5.0 (X11; Linux x86_64) AppleWebKit/537.36 (KHTML, like Gecko) HeadlessChrome/147.0.7727.15 Safari/537.36"}
[2m[WebServer] [22m{"time":"2026-10-07T08:11:24.502249267-04:00","level":"INFO","msg":"client log","level":"WARN","message":"[inventory] item photo failed to load, showing placeholder Chicken Party Wings https://nyc3.digitaloceanspaces.com/hq.yumyums/items/chicken-party-wings.png","user":"Jamal C. (jamal@yumyums.kitchen)","page":"/inventory.html","ua":"Mozilla/5.0 (X11; Linux x86_64) AppleWebKit/537.36 (KHTML, like Gecko) HeadlessChrome/147.0.7727.15 Safari/537.36"}
[2m[WebServer] [22m{"time":"2026-10-07T08:11:24.509825238-04:00","level":"INFO","msg":"client log","level":"WARN","message":"[inventory] item photo failed to load, showing placeholder Hoagie Containers https://nyc3.digitaloceanspaces.com/hq.yumyums/items/hoagie-containers.png","user":"Jamal C. (jamal@yumyums.kitchen)","page":"/inventory.html","ua":"Mozilla/5.0 (X11; Linux x86_64) AppleWebKit/537.36 (KHTML, like Gecko) HeadlessChrome/147.0.7727.15 Safari/537.36"}
[2m[WebServer] [22m{"time":"2026-10-07T08:11:24.520365915-04:00","level":"INFO","msg":"client log","level":"WARN","message":"[inventory] item photo failed to load, showing placeholder Boxes (No 8) https://nyc3.digitaloceanspaces.com/hq.yumyums/items/boxes-no-8.png","user":"Jamal C. (jamal@yumyums.kitchen)","page":"/inventory.html","ua":"Mozilla/5.0 (X11; Linux x86_64) AppleWebKit/537.36 (KHTML, like Gecko) HeadlessChrome/147.0.7727.15 Safari/537.36"}
[2m[WebServer] [22m{"time":"2026-10-07T08:11:24.553761344-04:00","level":"INFO","msg":"client log","level":"WARN","message":"[inventory] item photo failed to load, showing placeholder Green Peppers https://nyc3.digitaloceanspaces.com/hq.yumyums/items/green-peppers.png","user":"Jamal C. (jamal@yumyums.kitchen)","page":"/inventory.html","ua":"Mozilla/5.0 (X11; Linux x86_64) AppleWebKit/537.36 (KHTML, like Gecko) HeadlessChrome/147.0.7727.15 Safari/537.36"}
[2m[WebServer] [22m{"time":"2026-10-07T08:11:24.642189171-04:00","level":"INFO","msg":"client log","level":"WARN","message":"[inventory] item photo failed to load, showing placeholder Charcoal https://nyc3.digitaloceanspaces.com/hq.yumyums/items/charcoal.png","user":"Jamal C. (jamal@yumyums.kitchen)","page":"/inventory.html","ua":"Mozilla/5.0 (X11; Linux x86_64) AppleWebKit/537.36 (KHTML, like Gecko) HeadlessChrome/147.0.7727.15 Safari/537.36"}
[2m[WebServer] [22m{"time":"2026-10-07T08:11:24.644390279-04:00","level":"INFO","msg":"client log","level":"WARN","message":"[inventory] item photo failed to load, showing placeholder Seasoning Salt https://nyc3.digitaloceanspaces.com/hq.yumyums/items/seasoning-salt.png","user":"Jamal C. (jamal@yumyums.kitchen)","page":"/inventory.html","ua":"Mozilla/5.0 (X11; Linux x86_64) AppleWebKit/537.36 (KHTML, like Gecko) HeadlessChrome/147.0.7727.15 Safari/537.36"}
[2m[WebServer] [22m{"time":"2026-10-07T08:11:24.655383754-04:00","level":"INFO","msg":"client log","level":"WARN","message":"[inventory] item photo failed to load, showing placeholder Sanitizing Tablets https://nyc3.digitaloceanspaces.com/hq.yumyums/items/sanitizing-tablets.png","user":"Jamal C. (jamal@yumyums.kitchen)","page":"/inventory.html","ua":"Mozilla/5.0 (X11; Linux x86_64) AppleWebKit/537.36 (KHTML, like Gecko) HeadlessChrome/147.0.7727.15 Safari/537.36"}
[2m[WebServer] [22m{"time":"2026-10-07T08:11:24.660378634-04:00","level":"INFO","msg":"client log","level":"WARN","message":"[inventory] item photo failed to load, showing placeholder Honey Mustard https://nyc3.digitaloceanspaces.com/hq.yumyums/items/honey-mustard.png","user":"Jamal C. (jamal@yumyums.kitchen)","page":"/inventory.html","ua":"Mozilla/5.0 (X11; Linux x86_64) AppleWebKit/537.36 (KHTML, like Gecko) HeadlessChrome/147.0.7727.15 Safari/537.36"}
[2m[WebServer] [22m{"time":"2026-10-07T08:11:24.686388884-04:00","level":"INFO","msg":"client log","level":"WARN","message":"[inventory] item photo failed to load, showing placeholder Avocados https://nyc3.digitaloceanspaces.com/hq.yumyums/items/avocados.png","user":"Jamal C. (jamal@yumyums.kitchen)","page":"/inventory.html","ua":"Mozilla/5.0 (X11; Linux x86_64) AppleWebKit/537.36 (KHTML, like Gecko) HeadlessChrome/147.0.7727.15 Safari/537.36"}
[2m[WebServer] [22m{"time":"2026-10-07T08:11:24.783716059-04:00","level":"INFO","msg":"client log","level":"WARN","message":"[inventory] item photo failed to load, showing placeholder Chicken Tenders https://nyc3.digitaloceanspaces.com/hq.yumyums/items/chicken-tenders.png","user":"Jamal C. (jamal@yumyums.kitchen)","page":"/inventory.html","ua":"Mozilla/5.0 (X11; Linux x86_64) AppleWebKit/537.36 (KHTML, like Gecko) HeadlessChrome/147.0.7727.15 Safari/537.36"}
[2m[WebServer] [22m{"time":"2026-10-07T08:11:24.786556274-04:00","level":"INFO","msg":"client log","level":"WARN","message":"[inventory] item photo failed to load, showing placeholder Sugar https://nyc3.digitaloceanspaces.com/hq.yumyums/items/sugar.png","user":"Jamal C. (jamal@yumyums.kitchen)","page":"/inventory.html","ua":"Mozilla/5.0 (X11; Linux x86_64) AppleWebKit/537.36 (KHTML, like Gecko) HeadlessChrome/147.0.7727.15 Safari/537.36"}
[2m[WebServer] [22m{"time":"2026-10-07T08:11:24.801751777-04:00","level":"INFO","msg":"client log","level":"WARN","message":"[inventory] item photo failed to load, showing placeholder Ketchup Packets https://nyc3.digitaloceanspaces.com/hq.yumyums/items/ketchup-packets.png","user":"Jamal C. (jamal@yumyums.kitchen)","page":"/inventory.html","ua":"Mozilla/5.0 (X11; Linux x86_64) AppleWebKit/537.36 (KHTML, like Gecko) HeadlessChrome/147.0.7727.15 Safari/537.36"}
[2m[WebServer] [22m{"time":"2026-10-07T08:11:24.818301192-04:00","level":"INFO","msg":"client log","level":"WARN","message":"[inventory] item photo failed to load, showing placeholder Brisket https://nyc3.digitaloceanspaces.com/hq.yumyums/items/brisket.png","user":"Jamal C. (jamal@yumyums.kitchen)","page":"/inventory.html","ua":"Mozilla/5.0 (X11; Linux x86_64) AppleWebKit/537.36 (KHTML, like Gecko) HeadlessChrome/147.0.7727.15 Safari/537.36"}
[2m[WebServer] [22m{"time":"2026-10-07T08:11:24.934417539-04:00","level":"INFO","msg":"client log","level":"WARN","message":"[inventory] item photo failed to load, showing placeholder Trash Bags (30 Gallon) https://nyc3.digitaloceanspaces.com/hq.yumyums/items/trash-bags-30-gallon.png","user":"Jamal C. (jamal@yumyums.kitchen)","page":"/inventory.html","ua":"Mozilla/5.0 (X11; Linux x86_64) AppleWebKit/537.36 (KHTML, like Gecko) HeadlessChrome/147.0.7727.15 Safari/537.36"}
[2m[WebServer] [22m{"time":"2026-10-07T08:11:24.934682215-04:00","level":"INFO","msg":"client log","level":"WARN","message":"[inventory] item photo failed to load, showing placeholder Parm Cheese https://nyc3.digitaloceanspaces.com/hq.yumyums/items/parm-cheese.png","user":"Jamal C. (jamal@yumyums.kitchen)","page":"/inventory.html","ua":"Mozilla/5.0 (X11; Linux x86_64) AppleWebKit/537.36 (KHTML, like Gecko) HeadlessChrome/147.0.7727.15 Safari/537.36"}
[2m[WebServer] [22m{"time":"2026-10-07T08:11:24.949107394-04:00","level":"INFO","msg":"client log","level":"WARN","message":"[inventory] item photo failed to load, showing placeholder Lemons https://nyc3.digitaloceanspaces.com/hq.yumyums/items/lemons.png","user":"Jamal C. (jamal@yumyums.kitchen)","page":"/inventory.html","ua":"Mozilla/5.0 (X11; Linux x86_64) AppleWebKit/537.36 (KHTML, like Gecko) HeadlessChrome/147.0.7727.15 Safari/537.36"}
[2m[WebServer] [22m{"time":"2026-10-07T08:11:25.014350131-04:00","level":"INFO","msg":"client log","level":"WARN","message":"[inventory] item photo failed to load, showing placeholder Bleach https://nyc3.digitaloceanspaces.com/hq.yumyums/items/bleach.png","user":"Jamal C. (jamal@yumyums.kitchen)","page":"/inventory.html","ua":"Mozilla/5.0 (X11; Linux x86_64) AppleWebKit/537.36 (KHTML, like Gecko) HeadlessChrome/147.0.7727.15 Safari/537.36"}
[2m[WebServer] [22m{"time":"2026-10-07T08:11:25.08991542-04:00","level":"INFO","msg":"client log","level":"WARN","message":"[inventory] item photo failed to load, showing placeholder Bread Crumbs https://nyc3.digitaloceanspaces.com/hq.yumyums/items/bread-crumbs.png","user":"Jamal C. (jamal@yumyums.kitchen)","page":"/inventory.html","ua":"Mozilla/5.0 (X11; Linux x86_64) AppleWebKit/537.36 (KHTML, like Gecko) HeadlessChrome/147.0.7727.15 Safari/537.36"}
[2m[WebServer] [22m{"time":"2026-10-07T08:11:25.107194267-04:00","level":"INFO","msg":"client log","level":"WARN","message":"[inventory] item photo failed to load, showing placeholder Granulated Onion https://nyc3.digitaloceanspaces.com/hq.yumyums/items/granulated-onion.png","user":"Jamal C. (jamal@yumyums.kitchen)","page":"/inventory.html","ua":"Mozilla/5.0 (X11; Linux x86_64) AppleWebKit/537.36 (KHTML, like Gecko) HeadlessChrome/147.0.7727.15 Safari/537.36"}
[2m[WebServer] [22m{"time":"2026-10-07T08:11:25.115230511-04:00","level":"INFO","msg":"client log","level":"WARN","message":"[inventory] item photo failed to load, showing placeholder Jalapeños https://nyc3.digitaloceanspaces.com/hq.yumyums/items/jalape-os.png","user":"Jamal C. (jamal@yumyums.kitchen)","page":"/inventory.html","ua":"Mozilla/5.0 (X11; Linux x86_64) AppleWebKit/537.36 (KHTML, like Gecko) HeadlessChrome/147.0.7727.15 Safari/537.36"}
[2m[WebServer] [22m{"time":"2026-10-07T08:11:25.154668417-04:00","level":"INFO","msg":"client log","level":"WARN","message":"[inventory] item photo failed to load, showing placeholder Gloves https://nyc3.digitaloceanspaces.com/hq.yumyums/items/gloves.png","user":"Jamal C. (jamal@yumyums.kitchen)","page":"/inventory.html","ua":"Mozilla/5.0 (X11; Linux x86_64) AppleWebKit/537.36 (KHTML, like Gecko) HeadlessChrome/147.0.7727.15 Safari/537.36"}
[2m[WebServer] [22m{"time":"2026-10-07T08:11:25.182263196-04:00","level":"INFO","msg":"client log","level":"WARN","message":"[inventory] item photo failed to load, showing placeholder Ground Beef https://nyc3.digitaloceanspaces.com/hq.yumyums/items/ground-beef.png","user":"Jamal C. (jamal@yumyums.kitchen)","page":"/inventory.html","ua":"Mozilla/5.0 (X11; Linux x86_64) AppleWebKit/537.36 (KHTML, like Gecko) HeadlessChrome/147.0.7727.15 Safari/537.36"}
[2m[WebServer] [22m{"time":"2026-10-07T08:11:25.24630032-04:00","level":"INFO","msg":"client log","level":"WARN","message":"[inventory] item photo failed to load, showing placeholder Sriracha https://nyc3.digitaloceanspaces.com/hq.yumyums/items/sriracha.png","user":"Jamal C. (jamal@yumyums.kitchen)","page":"/inventory.html","ua":"Mozilla/5.0 (X11; Linux x86_64) AppleWebKit/537.36 (KHTML, like Gecko) HeadlessChrome/147.0.7727.15 Safari/537.36"}
[2m[WebServer] [22m{"time":"2026-10-07T08:11:25.254763952-04:00","level":"INFO","msg":"client log","level":"WARN","message":"[inventory] item photo failed to load, showing placeholder No Rinse Floor Cleaner https://nyc3.digitaloceanspaces.com/hq.yumyums/items/no-rinse-floor-cleaner.png","user":"Jamal C. (jamal@yumyums.kitchen)","page":"/inventory.html","ua":"Mozilla/5.0 (X11; Linux x86_64) AppleWebKit/537.36 (KHTML, like Gecko) HeadlessChrome/147.0.7727.15 Safari/537.36"}
[2m[WebServer] [22m{"time":"2026-10-07T08:11:25.298857326-04:00","level":"INFO","msg":"client log","level":"WARN","message":"[inventory] item photo failed to load, showing placeholder Aluminum Foil https://nyc3.digitaloceanspaces.com/hq.yumyums/items/aluminum-foil.png","user":"Jamal C. (jamal@yumyums.kitchen)","page":"/inventory.html","ua":"Mozilla/5.0 (X11; Linux x86_64) AppleWebKit/537.36 (KHTML, like Gecko) HeadlessChrome/147.0.7727.15 Safari/537.36"}
[2m[WebServer] [22m{"time":"2026-10-07T08:11:25.364194978-04:00","level":"INFO","msg":"client log","level":"WARN","message":"[inventory] item photo failed to load, showing placeholder White Cheese Sauce https://nyc3.digitaloceanspaces.com/hq.yumyums/items/white-cheese-sauce.png","user":"Jamal C. (jamal@yumyums.kitchen)","page":"/inventory.html","ua":"Mozilla/5.0 (X11; Linux x86_64) AppleWebKit/537.36 (KHTML, like Gecko) HeadlessChrome/147.0.7727.15 Safari/537.36"}
[2m[WebServer] [22m{"time":"2026-10-07T08:11:25.372152214-04:00","level":"INFO","msg":"client log","level":"WARN","message":"[inventory] item photo failed to load, showing placeholder Cucumber https://nyc3.digitaloceanspaces.com/hq.yumyums/items/cucumber.png","user":"Jamal C. (jamal@yumyums.kitchen)","page":"/inventory.html","ua":"Mozilla/5.0 (X11; Linux x86_64) AppleWebKit/537.36 (KHTML, like Gecko) HeadlessChrome/147.0.7727.15 Safari/537.36"}
[2m[WebServer] [22m{"time":"2026-10-07T08:11:25.381043768-04:00","level":"INFO","msg":"client log","level":"WARN","message":"[inventory] item photo failed to load, showing placeholder Mumbo Sauce https://nyc3.digitaloceanspaces.com/hq.yumyums/items/mumbo-sauce.png","user":"Jamal C. (jamal@yumyums.kitchen)","page":"/inventory.html","ua":"Mozilla/5.0 (X11; Linux x86_64) AppleWebKit/537.36 (KHTML, like Gecko) HeadlessChrome/147.0.7727.15 Safari/537.36"}
[2m[WebServer] [22m{"time":"2026-10-07T08:11:25.434107062-04:00","level":"INFO","msg":"client log","level":"WARN","message":"[inventory] item photo failed to load, showing placeholder Pan Spray https://nyc3.digitaloceanspaces.com/hq.yumyums/items/pan-spray.png","user":"Jamal C. (jamal@yumyums.kitchen)","page":"/inventory.html","ua":"Mozilla/5.0 (X11; Linux x86_64) AppleWebKit/537.36 (KHTML, like Gecko) HeadlessChrome/147.0.7727.15 Safari/537.36"}
[2m[WebServer] [22m{"time":"2026-10-07T08:11:25.490547289-04:00","level":"INFO","msg":"client log","level":"WARN","message":"[inventory] item photo failed to load, showing placeholder Wings https://nyc3.digitaloceanspaces.com/hq.yumyums/items/wings.png","user":"Jamal C. (jamal@yumyums.kitchen)","page":"/inventory.html","ua":"Mozilla/5.0 (X11; Linux x86_64) AppleWebKit/537.36 (KHTML, like Gecko) HeadlessChrome/147.0.7727.15 Safari/537.36"}
[2m[WebServer] [22m{"time":"2026-10-07T08:11:25.49866553-04:00","level":"INFO","msg":"client log","level":"WARN","message":"[inventory] item photo failed to load, showing placeholder Boxes (No 2) https://nyc3.digitaloceanspaces.com/hq.yumyums/items/boxes-no-2.png","user":"Jamal C. (jamal@yumyums.kitchen)","page":"/inventory.html","ua":"Mozilla/5.0 (X11; Linux x86_64) AppleWebKit/537.36 (KHTML, like Gecko) HeadlessChrome/147.0.7727.15 Safari/537.36"}
[2m[WebServer] [22m{"time":"2026-10-07T08:11:25.534431079-04:00","level":"INFO","msg":"client log","level":"WARN","message":"[inventory] item photo failed to load, showing placeholder Hand Soap https://nyc3.digitaloceanspaces.com/hq.yumyums/items/hand-soap.png","user":"Jamal C. (jamal@yumyums.kitchen)","page":"/inventory.html","ua":"Mozilla/5.0 (X11; Linux x86_64) AppleWebKit/537.36 (KHTML, like Gecko) HeadlessChrome/147.0.7727.15 Safari/537.36"}
[2m[WebServer] [22m{"time":"2026-10-07T08:11:25.58616758-04:00","level":"INFO","msg":"client log","level":"WARN","message":"[inventory] item photo failed to load, showing placeholder Ketchup Jug https://nyc3.digitaloceanspaces.com/hq.yumyums/items/ketchup-jug.png","user":"Jamal C. (jamal@yumyums.kitchen)","page":"/inventory.html","ua":"Mozilla/5.0 (X11; Linux x86_64) AppleWebKit/537.36 (KHTML, like Gecko) HeadlessChrome/147.0.7727.15 Safari/537.36"}
[2m[WebServer] [22m{"time":"2026-10-07T08:11:25.595183304-04:00","level":"INFO","msg":"client log","level":"WARN","message":"[inventory] item photo failed to load, showing placeholder Liquid Butter https://nyc3.digitaloceanspaces.com/hq.yumyums/items/liquid-butter.png","user":"Jamal C. (jamal@yumyums.kitchen)","page":"/inventory.html","ua":"Mozilla/5.0 (X11; Linux x86_64) AppleWebKit/537.36 (KHTML, like Gecko) HeadlessChrome/147.0.7727.15 Safari/537.36"}
[2m[WebServer] [22m{"time":"2026-10-07T08:11:25.628521186-04:00","level":"INFO","msg":"client log","level":"WARN","message":"[inventory] item photo failed to load, showing placeholder Forks https://nyc3.digitaloceanspaces.com/hq.yumyums/items/forks.png","user":"Jamal C. (jamal@yumyums.kitchen)","page":"/inventory.html","ua":"Mozilla/5.0 (X11; Linux x86_64) AppleWebKit/537.36 (KHTML, like Gecko) HeadlessChrome/147.0.7727.15 Safari/537.36"}
[2m[WebServer] [22m{"time":"2026-10-07T08:11:25.675627203-04:00","level":"INFO","msg":"client log","level":"WARN","message":"[inventory] item photo failed to load, showing placeholder Hand Towels https://nyc3.digitaloceanspaces.com/hq.yumyums/items/hand-towels.png","user":"Jamal C. (jamal@yumyums.kitchen)","page":"/inventory.html","ua":"Mozilla/5.0 (X11; Linux x86_64) AppleWebKit/537.36 (KHTML, like Gecko) HeadlessChrome/147.0.7727.15 Safari/537.36"}
[2m[WebServer] [22m{"time":"2026-10-07T08:11:25.686999914-04:00","level":"INFO","msg":"client log","level":"WARN","message":"[inventory] item photo failed to load, showing placeholder Lettuce https://nyc3.digitaloceanspaces.com/hq.yumyums/items/lettuce.png","user":"Jamal C. (jamal@yumyums.kitchen)","page":"/inventory.html","ua":"Mozilla/5.0 (X11; Linux x86_64) AppleWebKit/537.36 (KHTML, like Gecko) HeadlessChrome/147.0.7727.15 Safari/537.36"}
[2m[WebServer] [22m{"time":"2026-10-07T08:11:25.746915727-04:00","level":"INFO","msg":"client log","level":"WARN","message":"[inventory] item photo failed to load, showing placeholder Straws https://nyc3.digitaloceanspaces.com/hq.yumyums/items/straws.png","user":"Jamal C. (jamal@yumyums.kitchen)","page":"/inventory.html","ua":"Mozilla/5.0 (X11; Linux x86_64) AppleWebKit/537.36 (KHTML, like Gecko) HeadlessChrome/147.0.7727.15 Safari/537.36"}
[2m[WebServer] [22m{"time":"2026-10-07T08:11:25.754037191-04:00","level":"INFO","msg":"client log","level":"WARN","message":"[inventory] item photo failed to load, showing placeholder Hot Dogs https://nyc3.digitaloceanspaces.com/hq.yumyums/items/hot-dogs.png","user":"Jamal C. (jamal@yumyums.kitchen)","page":"/inventory.html","ua":"Mozilla/5.0 (X11; Linux x86_64) AppleWebKit/537.36 (KHTML, like Gecko) HeadlessChrome/147.0.7727.15 Safari/537.36"}
[2m[WebServer] [22m{"time":"2026-10-07T08:11:25.773670143-04:00","level":"INFO","msg":"client log","level":"WARN","message":"[inventory] item photo failed to load, showing placeholder Crystal Hot Sauce https://nyc3.digitaloceanspaces.com/hq.yumyums/items/crystal-hot-sauce.png","user":"Jamal C. (jamal@yumyums.kitchen)","page":"/inventory.html","ua":"Mozilla/5.0 (X11; Linux x86_64) AppleWebKit/537.36 (KHTML, like Gecko) HeadlessChrome/147.0.7727.15 Safari/537.36"}
[2m[WebServer] [22m{"time":"2026-10-07T08:11:25.827461054-04:00","level":"INFO","msg":"client log","level":"WARN","message":"[inventory] item photo failed to load, showing placeholder Mint https://nyc3.digitaloceanspaces.com/hq.yumyums/items/mint.png","user":"Jamal C. (jamal@yumyums.kitchen)","page":"/inventory.html","ua":"Mozilla/5.0 (X11; Linux x86_64) AppleWebKit/537.36 (KHTML, like Gecko) HeadlessChrome/147.0.7727.15 Safari/537.36"}
[2m[WebServer] [22m{"time":"2026-10-07T08:11:25.833656849-04:00","level":"INFO","msg":"client log","level":"WARN","message":"[inventory] item photo failed to load, showing placeholder Red Onions https://nyc3.digitaloceanspaces.com/hq.yumyums/items/red-onions.png","user":"Jamal C. (jamal@yumyums.kitchen)","page":"/inventory.html","ua":"Mozilla/5.0 (X11; Linux x86_64) AppleWebKit/537.36 (KHTML, like Gecko) HeadlessChrome/147.0.7727.15 Safari/537.36"}
[2m[WebServer] [22m{"time":"2026-10-07T08:11:25.855948299-04:00","level":"INFO","msg":"client log","level":"WARN","message":"[inventory] item photo failed to load, showing placeholder Black Pepper https://nyc3.digitaloceanspaces.com/hq.yumyums/items/black-pepper.png","user":"Jamal C. (jamal@yumyums.kitchen)","page":"/inventory.html","ua":"Mozilla/5.0 (X11; Linux x86_64) AppleWebKit/537.36 (KHTML, like Gecko) HeadlessChrome/147.0.7727.15 Safari/537.36"}
[2m[WebServer] [22m{"time":"2026-10-07T08:11:25.876817506-04:00","level":"INFO","msg":"client log","level":"WARN","message":"[inventory] item photo failed to load, showing placeholder Red Peppers https://nyc3.digitaloceanspaces.com/hq.yumyums/items/red-peppers.png","user":"Jamal C. (jamal@yumyums.kitchen)","page":"/inventory.html","ua":"Mozilla/5.0 (X11; Linux x86_64) AppleWebKit/537.36 (KHTML, like Gecko) HeadlessChrome/147.0.7727.15 Safari/537.36"}
[2m[WebServer] [22m{"time":"2026-10-07T08:11:25.909421151-04:00","level":"INFO","msg":"client log","level":"WARN","message":"[inventory] item photo failed to load, showing placeholder Cheesesteak https://nyc3.digitaloceanspaces.com/hq.yumyums/items/cheesesteak.png","user":"Jamal C. (jamal@yumyums.kitchen)","page":"/inventory.html","ua":"Mozilla/5.0 (X11; Linux x86_64) AppleWebKit/537.36 (KHTML, like Gecko) HeadlessChrome/147.0.7727.15 Safari/537.36"}
[2m[WebServer] [22m{"time":"2026-10-07T08:11:25.916870603-04:00","level":"INFO","msg":"client log","level":"WARN","message":"[inventory] item photo failed to load, showing placeholder Mayonnaise https://nyc3.digitaloceanspaces.com/hq.yumyums/items/mayonnaise.png","user":"Jamal C. (jamal@yumyums.kitchen)","page":"/inventory.html","ua":"Mozilla/5.0 (X11; Linux x86_64) AppleWebKit/537.36 (KHTML, like Gecko) HeadlessChrome/147.0.7727.15 Safari/537.36"}
[2m[WebServer] [22m{"time":"2026-10-07T08:11:25.955015775-04:00","level":"INFO","msg":"client log","level":"WARN","message":"[inventory] item photo failed to load, showing placeholder Fries https://nyc3.digitaloceanspaces.com/hq.yumyums/items/fries.png","user":"Jamal C. (jamal@yumyums.kitchen)","page":"/inventory.html","ua":"Mozilla/5.0 (X11; Linux x86_64) AppleWebKit/537.36 (KHTML, like Gecko) HeadlessChrome/147.0.7727.15 Safari/537.36"}
[2m[WebServer] [22m{"time":"2026-10-07T08:11:25.97861448-04:00","level":"INFO","msg":"client log","level":"WARN","message":"[inventory] item photo failed to load, showing placeholder Pickles https://nyc3.digitaloceanspaces.com/hq.yumyums/items/pickles.png","user":"Jamal C. (jamal@yumyums.kitchen)","page":"/inventory.html","ua":"Mozilla/5.0 (X11; Linux x86_64) AppleWebKit/537.36 (KHTML, like Gecko) HeadlessChrome/147.0.7727.15 Safari/537.36"}
[2m[WebServer] [22m{"time":"2026-10-07T08:11:26.014684528-04:00","level":"INFO","msg":"client log","level":"WARN","message":"[inventory] item photo failed to load, showing placeholder Ground Turkey https://nyc3.digitaloceanspaces.com/hq.yumyums/items/ground-turkey.png","user":"Jamal C. (jamal@yumyums.kitchen)","page":"/inventory.html","ua":"Mozilla/5.0 (X11; Linux x86_64) AppleWebKit/537.36 (KHTML, like Gecko) HeadlessChrome/147.0.7727.15 Safari/537.36"}
[2m[WebServer] [22m{"time":"2026-10-07T08:11:26.049267633-04:00","level":"INFO","msg":"client log","level":"WARN","message":"[inventory] item photo failed to load, showing placeholder Blue Cheese Dressing https://nyc3.digitaloceanspaces.com/hq.yumyums/items/blue-cheese-dressing.png","user":"Jamal C. (jamal@yumyums.kitchen)","page":"/inventory.html","ua":"Mozilla/5.0 (X11; Linux x86_64) AppleWebKit/537.36 (KHTML, like Gecko) HeadlessChrome/147.0.7727.15 Safari/537.36"}
[2m[WebServer] [22m{"time":"2026-10-07T08:11:26.058871109-04:00","level":"INFO","msg":"client log","level":"WARN","message":"[inventory] item photo failed to load, showing placeholder Nacho Cheese Sauce https://nyc3.digitaloceanspaces.com/hq.yumyums/items/nacho-cheese-sauce.png","user":"Jamal C. (jamal@yumyums.kitchen)","page":"/inventory.html","ua":"Mozilla/5.0 (X11; Linux x86_64) AppleWebKit/537.36 (KHTML, like Gecko) HeadlessChrome/147.0.7727.15 Safari/537.36"}
[2m[WebServer] [22m{"time":"2026-10-07T08:11:26.122898197-04:00","level":"INFO","msg":"client log","level":"WARN","message":"[inventory] item photo failed to load, showing placeholder Frying Oil https://nyc3.digitaloceanspaces.com/hq.yumyums/items/frying-oil.png","user":"Jamal C. (jamal@yumyums.kitchen)","page":"/inventory.html","ua":"Mozilla/5.0 (X11; Linux x86_64) AppleWebKit/537.36 (KHTML, like Gecko) HeadlessChrome/147.0.7727.15 Safari/537.36"}
[2m[WebServer] [22m{"time":"2026-10-07T08:11:26.138857298-04:00","level":"INFO","msg":"client log","level":"WARN","message":"[inventory] item photo failed to load, showing placeholder Brown Sugar https://nyc3.digitaloceanspaces.com/hq.yumyums/items/brown-sugar.png","user":"Jamal C. (jamal@yumyums.kitchen)","page":"/inventory.html","ua":"Mozilla/5.0 (X11; Linux x86_64) AppleWebKit/537.36 (KHTML, like Gecko) HeadlessChrome/147.0.7727.15 Safari/537.36"}
[2m[WebServer] [22m{"time":"2026-10-07T08:11:26.174667156-04:00","level":"INFO","msg":"client log","level":"WARN","message":"[inventory] item photo failed to load, showing placeholder Meatballs https://nyc3.digitaloceanspaces.com/hq.yumyums/items/meatballs.png","user":"Jamal C. (jamal@yumyums.kitchen)","page":"/inventory.html","ua":"Mozilla/5.0 (X11; Linux x86_64) AppleWebKit/537.36 (KHTML, like Gecko) HeadlessChrome/147.0.7727.15 Safari/537.36"}
[2m[WebServer] [22m{"time":"2026-10-07T08:11:26.189059237-04:00","level":"INFO","msg":"client log","level":"WARN","message":"[inventory] item photo failed to load, showing placeholder Frank’s Hot Sauce https://nyc3.digitaloceanspaces.com/hq.yumyums/items/frank-s-hot-sauce.png","user":"Jamal C. (jamal@yumyums.kitchen)","page":"/inventory.html","ua":"Mozilla/5.0 (X11; Linux x86_64) AppleWebKit/537.36 (KHTML, like Gecko) HeadlessChrome/147.0.7727.15 Safari/537.36"}
[2m[WebServer] [22m{"time":"2026-10-07T08:11:26.203408826-04:00","level":"INFO","msg":"client log","level":"WARN","message":"[inventory] item photo failed to load, showing placeholder Garlic Powder https://nyc3.digitaloceanspaces.com/hq.yumyums/items/garlic-powder.png","user":"Jamal C. (jamal@yumyums.kitchen)","page":"/inventory.html","ua":"Mozilla/5.0 (X11; Linux x86_64) AppleWebKit/537.36 (KHTML, like Gecko) HeadlessChrome/147.0.7727.15 Safari/537.36"}
[2m[WebServer] [22m{"time":"2026-10-07T08:11:26.23199152-04:00","level":"INFO","msg":"client log","level":"WARN","message":"[inventory] item photo failed to load, showing placeholder Ranch Dressing https://nyc3.digitaloceanspaces.com/hq.yumyums/items/ranch-dressing.png","user":"Jamal C. (jamal@yumyums.kitchen)","page":"/inventory.html","ua":"Mozilla/5.0 (X11; Linux x86_64) AppleWebKit/537.36 (KHTML, like Gecko) HeadlessChrome/147.0.7727.15 Safari/537.36"}
[2m[WebServer] [22m{"time":"2026-10-07T08:11:26.282130466-04:00","level":"INFO","msg":"client log","level":"WARN","message":"[inventory] item photo failed to load, showing placeholder Everything Bagel Seasoning https://nyc3.digitaloceanspaces.com/hq.yumyums/items/everything-bagel-seasoning.png","user":"Jamal C. (jamal@yumyums.kitchen)","page":"/inventory.html","ua":"Mozilla/5.0 (X11; Linux x86_64) AppleWebKit/537.36 (KHTML, like Gecko) HeadlessChrome/147.0.7727.15 Safari/537.36"}
[2m[WebServer] [22m{"time":"2026-10-07T08:11:26.291993066-04:00","level":"INFO","msg":"client log","level":"WARN","message":"[inventory] item photo failed to load, showing placeholder Jerk Seasoning https://nyc3.digitaloceanspaces.com/hq.yumyums/items/jerk-seasoning.png","user":"Jamal C. (jamal@yumyums.kitchen)","page":"/inventory.html","ua":"Mozilla/5.0 (X11; Linux x86_64) AppleWebKit/537.36 (KHTML, like Gecko) HeadlessChrome/147.0.7727.15 Safari/537.36"}
  ✘   86 [chromium] › tests/inventory.spec.js:1469:3 › Inventory › create new item via Items tab (10.4s)
  ✓   87 [chromium] › tests/inventory.spec.js:1493:3 › Inventory › review form line item name is readonly (dropdown-only) (1.5s)
  ✓   88 [chromium] › tests/inventory.spec.js:1511:3 › Inventory › clicking line item name opens item picker modal (1.6s)
  ✓   89 [chromium] › tests/inventory.spec.js:1533:3 › Inventory › item modal shows create option when searching (1.7s)
  ✓   90 [chromium] › tests/inventory.spec.js:1556:3 › Inventory › item modal create option shows title-cased name (1.8s)
  ✓   91 [chromium] › tests/inventory.spec.js:1579:3 › Inventory › item modal pre-fills search with current line item text (1.5s)
  ✓   92 [chromium] › tests/inventory.spec.js:1600:3 › Inventory › create item form pre-fills name with title case (1.7s)
  ✓   93 [chromium] › tests/inventory.spec.js:1626:3 › Inventory › confirm receipt blocked when line items not linked to catalog items (1.4s)
  ✓   94 [chromium] › tests/inventory.spec.js:1646:3 › Inventory › selecting item from modal fills name and sets item id (1.5s)
  ✓   95 [chromium] › tests/inventory.spec.js:1677:3 › Inventory › pending review form shows vendor search with + button (1.4s)
  ✓   96 [chromium] › tests/inventory.spec.js:1694:3 › Inventory › vendor search filters known vendors as you type (1.5s)
  ✓   97 [chromium] › tests/inventory.spec.js:1719:3 › Inventory › vendor dropdown item click fills the vendor field (1.5s)
  ✓   98 [chromium] › tests/inventory.spec.js:1748:3 › Inventory › review form has tax field and grand total (1.5s)
  ✓   99 [chromium] › tests/inventory.spec.js:1766:3 › Inventory › editing tax updates grand total in real-time (1.5s)
  ✓  100 [chromium] › tests/inventory.spec.js:1785:3 › Inventory › green match banner shows when total equals bank transaction (1.5s)
  ✓  101 [chromium] › tests/inventory.spec.js:1803:3 › Inventory › yellow mismatch banner shows when total differs from bank transaction (1.4s)
  ✓  102 [chromium] › tests/inventory.spec.js:1820:3 › Inventory › bank total displays as positive in mismatch banner (1.4s)
  ✓  103 [chromium] › tests/inventory.spec.js:1837:3 › Inventory › banner switches from mismatch to match when amounts are corrected (1.3s)
  ✓  104 [chromium] › tests/inventory.spec.js:1860:3 › Inventory › price input is text type, not number (no spinner arrows) (1.3s)
  ✓  105 [chromium] › tests/inventory.spec.js:1879:3 › Inventory › typing in price field does not lose focus (1.3s)
[2m[WebServer] [22m{"time":"2026-10-07T08:12:00.19444054-04:00","level":"ERROR","msg":"GetMyTrainings failed","error":"context canceled"}
  ✓  106 [chromium] › tests/inventory.spec.js:1901:3 › Inventory › view receipt button appears on pending review with receipt_url (1.3s)
  ✓  107 [chromium] › tests/inventory.spec.js:1944:3 › Inventory › view receipt button opens fullscreen overlay (1.8s)
  ✓  108 [chromium] › tests/inventory.spec.js:1974:3 › Inventory › confirmed event shows view receipt button when expanded (1.3s)
  ✓  109 [chromium] › tests/inventory.spec.js:1989:3 › Inventory › pending reason shows friendly message not raw API error (1.6s)
  ✓  110 [chromium] › tests/inventory.spec.js:2019:3 › Inventory › merge vendors: source deleted, events migrated (positive) (1.1s)
  ✓  111 [chromium] › tests/inventory.spec.js:2045:3 › Inventory › merge vendors: cannot merge into self (negative) (1.1s)
  ✓  112 [chromium] › tests/inventory.spec.js:2058:3 › Inventory › merge vendors: invalid source returns error (negative) (1.1s)
  ✓  113 [chromium] › tests/inventory.spec.js:2073:3 › Inventory › merge items: source deleted, line items migrated (positive) (1.2s)
  ✓  114 [chromium] › tests/inventory.spec.js:2094:3 › Inventory › merge items: cannot merge into self (negative) (1.2s)
  ✓  115 [chromium] › tests/inventory.spec.js:2112:3 › Inventory › alias auto-matches receipt line in review form (1.4s)
  ✓  116 [chromium] › tests/inventory.spec.js:2145:3 › Inventory › linking a receipt line learns the raw name as an alias and future receipts auto-match (2.1s)
[2m[WebServer] [22m{"time":"2026-10-07T08:12:17.617637436-04:00","level":"INFO","msg":"client log","level":"WARN","message":"[inventory] item photo failed to load, showing placeholder Coke https://nyc3.digitaloceanspaces.com/hq.yumyums/items/coke.png","user":"Jamal C. (jamal@yumyums.kitchen)","page":"/inventory.html","ua":"Mozilla/5.0 (X11; Linux x86_64) AppleWebKit/537.36 (KHTML, like Gecko) HeadlessChrome/147.0.7727.15 Safari/537.36"}
[2m[WebServer] [22m{"time":"2026-10-07T08:12:17.666504758-04:00","level":"INFO","msg":"client log","level":"WARN","message":"[inventory] item photo failed to load, showing placeholder Dr. Pepper https://nyc3.digitaloceanspaces.com/hq.yumyums/items/dr-pepper.png","user":"Jamal C. (jamal@yumyums.kitchen)","page":"/inventory.html","ua":"Mozilla/5.0 (X11; Linux x86_64) AppleWebKit/537.36 (KHTML, like Gecko) HeadlessChrome/147.0.7727.15 Safari/537.36"}
[2m[WebServer] [22m{"time":"2026-10-07T08:12:17.823661541-04:00","level":"INFO","msg":"client log","level":"WARN","message":"[inventory] item photo failed to load, showing placeholder Plastic Bags https://nyc3.digitaloceanspaces.com/hq.yumyums/items/plastic-bags.png","user":"Jamal C. (jamal@yumyums.kitchen)","page":"/inventory.html","ua":"Mozilla/5.0 (X11; Linux x86_64) AppleWebKit/537.36 (KHTML, like Gecko) HeadlessChrome/147.0.7727.15 Safari/537.36"}
[2m[WebServer] [22m{"time":"2026-10-07T08:12:17.876221115-04:00","level":"INFO","msg":"client log","level":"WARN","message":"[inventory] item photo failed to load, showing placeholder Pan Spray https://nyc3.digitaloceanspaces.com/hq.yumyums/items/pan-spray.png","user":"Jamal C. (jamal@yumyums.kitchen)","page":"/inventory.html","ua":"Mozilla/5.0 (X11; Linux x86_64) AppleWebKit/537.36 (KHTML, like Gecko) HeadlessChrome/147.0.7727.15 Safari/537.36"}
[2m[WebServer] [22m{"time":"2026-10-07T08:12:17.904245163-04:00","level":"INFO","msg":"client log","level":"WARN","message":"[inventory] item photo failed to load, showing placeholder Ground Beef https://nyc3.digitaloceanspaces.com/hq.yumyums/items/ground-beef.png","user":"Jamal C. (jamal@yumyums.kitchen)","page":"/inventory.html","ua":"Mozilla/5.0 (X11; Linux x86_64) AppleWebKit/537.36 (KHTML, like Gecko) HeadlessChrome/147.0.7727.15 Safari/537.36"}
[2m[WebServer] [22m{"time":"2026-10-07T08:12:17.924942213-04:00","level":"INFO","msg":"client log","level":"WARN","message":"[inventory] item photo failed to load, showing placeholder Hot Dogs https://nyc3.digitaloceanspaces.com/hq.yumyums/items/hot-dogs.png","user":"Jamal C. (jamal@yumyums.kitchen)","page":"/inventory.html","ua":"Mozilla/5.0 (X11; Linux x86_64) AppleWebKit/537.36 (KHTML, like Gecko) HeadlessChrome/147.0.7727.15 Safari/537.36"}
[2m[WebServer] [22m{"time":"2026-10-07T08:12:17.969078218-04:00","level":"INFO","msg":"client log","level":"WARN","message":"[inventory] item photo failed to load, showing placeholder Hot Dog Rolls https://nyc3.digitaloceanspaces.com/hq.yumyums/items/hot-dog-rolls.png","user":"Jamal C. (jamal@yumyums.kitchen)","page":"/inventory.html","ua":"Mozilla/5.0 (X11; Linux x86_64) AppleWebKit/537.36 (KHTML, like Gecko) HeadlessChrome/147.0.7727.15 Safari/537.36"}
[2m[WebServer] [22m{"time":"2026-10-07T08:12:18.102986842-04:00","level":"INFO","msg":"client log","level":"WARN","message":"[inventory] item photo failed to load, showing placeholder Blast Away https://nyc3.digitaloceanspaces.com/hq.yumyums/items/blast-away.png","user":"Jamal C. (jamal@yumyums.kitchen)","page":"/inventory.html","ua":"Mozilla/5.0 (X11; Linux x86_64) AppleWebKit/537.36 (KHTML, like Gecko) HeadlessChrome/147.0.7727.15 Safari/537.36"}
[2m[WebServer] [22m{"time":"2026-10-07T08:12:18.128752762-04:00","level":"INFO","msg":"client log","level":"WARN","message":"[inventory] item photo failed to load, showing placeholder Jalapeños https://nyc3.digitaloceanspaces.com/hq.yumyums/items/jalape-os.png","user":"Jamal C. (jamal@yumyums.kitchen)","page":"/inventory.html","ua":"Mozilla/5.0 (X11; Linux x86_64) AppleWebKit/537.36 (KHTML, like Gecko) HeadlessChrome/147.0.7727.15 Safari/537.36"}
[2m[WebServer] [22m{"time":"2026-10-07T08:12:18.142014535-04:00","level":"INFO","msg":"client log","level":"WARN","message":"[inventory] item photo failed to load, showing placeholder Hand Towels https://nyc3.digitaloceanspaces.com/hq.yumyums/items/hand-towels.png","user":"Jamal C. (jamal@yumyums.kitchen)","page":"/inventory.html","ua":"Mozilla/5.0 (X11; Linux x86_64) AppleWebKit/537.36 (KHTML, like Gecko) HeadlessChrome/147.0.7727.15 Safari/537.36"}
[2m[WebServer] [22m{"time":"2026-10-07T08:12:18.18899709-04:00","level":"INFO","msg":"client log","level":"WARN","message":"[inventory] item photo failed to load, showing placeholder Dirty Dog Rolls https://nyc3.digitaloceanspaces.com/hq.yumyums/items/dirty-dog-rolls.png","user":"Jamal C. (jamal@yumyums.kitchen)","page":"/inventory.html","ua":"Mozilla/5.0 (X11; Linux x86_64) AppleWebKit/537.36 (KHTML, like Gecko) HeadlessChrome/147.0.7727.15 Safari/537.36"}
[2m[WebServer] [22m{"time":"2026-10-07T08:12:18.236450276-04:00","level":"INFO","msg":"client log","level":"WARN","message":"[inventory] item photo failed to load, showing placeholder Ketchup Jug https://nyc3.digitaloceanspaces.com/hq.yumyums/items/ketchup-jug.png","user":"Jamal C. (jamal@yumyums.kitchen)","page":"/inventory.html","ua":"Mozilla/5.0 (X11; Linux x86_64) AppleWebKit/537.36 (KHTML, like Gecko) HeadlessChrome/147.0.7727.15 Safari/537.36"}
[2m[WebServer] [22m{"time":"2026-10-07T08:12:18.342755245-04:00","level":"INFO","msg":"client log","level":"WARN","message":"[inventory] item photo failed to load, showing placeholder Limes https://nyc3.digitaloceanspaces.com/hq.yumyums/items/limes.png","user":"Jamal C. (jamal@yumyums.kitchen)","page":"/inventory.html","ua":"Mozilla/5.0 (X11; Linux x86_64) AppleWebKit/537.36 (KHTML, like Gecko) HeadlessChrome/147.0.7727.15 Safari/537.36"}
[2m[WebServer] [22m{"time":"2026-10-07T08:12:18.403303991-04:00","level":"INFO","msg":"client log","level":"WARN","message":"[inventory] item photo failed to load, showing placeholder Granulated Onion https://nyc3.digitaloceanspaces.com/hq.yumyums/items/granulated-onion.png","user":"Jamal C. (jamal@yumyums.kitchen)","page":"/inventory.html","ua":"Mozilla/5.0 (X11; Linux x86_64) AppleWebKit/537.36 (KHTML, like Gecko) HeadlessChrome/147.0.7727.15 Safari/537.36"}
[2m[WebServer] [22m{"time":"2026-10-07T08:12:18.432209015-04:00","level":"INFO","msg":"client log","level":"WARN","message":"[inventory] item photo failed to load, showing placeholder Cups https://nyc3.digitaloceanspaces.com/hq.yumyums/items/cups.png","user":"Jamal C. (jamal@yumyums.kitchen)","page":"/inventory.html","ua":"Mozilla/5.0 (X11; Linux x86_64) AppleWebKit/537.36 (KHTML, like Gecko) HeadlessChrome/147.0.7727.15 Safari/537.36"}
[2m[WebServer] [22m{"time":"2026-10-07T08:12:18.453819428-04:00","level":"INFO","msg":"client log","level":"WARN","message":"[inventory] item photo failed to load, showing placeholder Mexican Cheese https://nyc3.digitaloceanspaces.com/hq.yumyums/items/mexican-cheese.png","user":"Jamal C. (jamal@yumyums.kitchen)","page":"/inventory.html","ua":"Mozilla/5.0 (X11; Linux x86_64) AppleWebKit/537.36 (KHTML, like Gecko) HeadlessChrome/147.0.7727.15 Safari/537.36"}
[2m[WebServer] [22m{"time":"2026-10-07T08:12:18.595545883-04:00","level":"INFO","msg":"client log","level":"WARN","message":"[inventory] item photo failed to load, showing placeholder Lemonade Mix https://nyc3.digitaloceanspaces.com/hq.yumyums/items/lemonade-mix.png","user":"Jamal C. (jamal@yumyums.kitchen)","page":"/inventory.html","ua":"Mozilla/5.0 (X11; Linux x86_64) AppleWebKit/537.36 (KHTML, like Gecko) HeadlessChrome/147.0.7727.15 Safari/537.36"}
[2m[WebServer] [22m{"time":"2026-10-07T08:12:18.604671816-04:00","level":"INFO","msg":"client log","level":"WARN","message":"[inventory] item photo failed to load, showing placeholder Tomaotes https://nyc3.digitaloceanspaces.com/hq.yumyums/items/tomaotes.png","user":"Jamal C. (jamal@yumyums.kitchen)","page":"/inventory.html","ua":"Mozilla/5.0 (X11; Linux x86_64) AppleWebKit/537.36 (KHTML, like Gecko) HeadlessChrome/147.0.7727.15 Safari/537.36"}
[2m[WebServer] [22m{"time":"2026-10-07T08:12:18.656117825-04:00","level":"INFO","msg":"client log","level":"WARN","message":"[inventory] item photo failed to load, showing placeholder Aluminum Foil https://nyc3.digitaloceanspaces.com/hq.yumyums/items/aluminum-foil.png","user":"Jamal C. (jamal@yumyums.kitchen)","page":"/inventory.html","ua":"Mozilla/5.0 (X11; Linux x86_64) AppleWebKit/537.36 (KHTML, like Gecko) HeadlessChrome/147.0.7727.15 Safari/537.36"}
[2m[WebServer] [22m{"time":"2026-10-07T08:12:18.672232454-04:00","level":"INFO","msg":"client log","level":"WARN","message":"[inventory] item photo failed to load, showing placeholder Lettuce https://nyc3.digitaloceanspaces.com/hq.yumyums/items/lettuce.png","user":"Jamal C. (jamal@yumyums.kitchen)","page":"/inventory.html","ua":"Mozilla/5.0 (X11; Linux x86_64) AppleWebKit/537.36 (KHTML, like Gecko) HeadlessChrome/147.0.7727.15 Safari/537.36"}
[2m[WebServer] [22m{"time":"2026-10-07T08:12:18.787001288-04:00","level":"INFO","msg":"client log","level":"WARN","message":"[inventory] item photo failed to load, showing placeholder Sprite https://nyc3.digitaloceanspaces.com/hq.yumyums/items/sprite.png","user":"Jamal C. (jamal@yumyums.kitchen)","page":"/inventory.html","ua":"Mozilla/5.0 (X11; Linux x86_64) AppleWebKit/537.36 (KHTML, like Gecko) HeadlessChrome/147.0.7727.15 Safari/537.36"}
[2m[WebServer] [22m{"time":"2026-10-07T08:12:18.824247683-04:00","level":"INFO","msg":"client log","level":"WARN","message":"[inventory] item photo failed to load, showing placeholder Blue Cheese Dressing https://nyc3.digitaloceanspaces.com/hq.yumyums/items/blue-cheese-dressing.png","user":"Jamal C. (jamal@yumyums.kitchen)","page":"/inventory.html","ua":"Mozilla/5.0 (X11; Linux x86_64) AppleWebKit/537.36 (KHTML, like Gecko) HeadlessChrome/147.0.7727.15 Safari/537.36"}
[2m[WebServer] [22m{"time":"2026-10-07T08:12:18.835922695-04:00","level":"INFO","msg":"client log","level":"WARN","message":"[inventory] item photo failed to load, showing placeholder Brisket https://nyc3.digitaloceanspaces.com/hq.yumyums/items/brisket.png","user":"Jamal C. (jamal@yumyums.kitchen)","page":"/inventory.html","ua":"Mozilla/5.0 (X11; Linux x86_64) AppleWebKit/537.36 (KHTML, like Gecko) HeadlessChrome/147.0.7727.15 Safari/537.36"}
[2m[WebServer] [22m{"time":"2026-10-07T08:12:19.003584168-04:00","level":"INFO","msg":"client log","level":"WARN","message":"[inventory] item photo failed to load, showing placeholder Water https://nyc3.digitaloceanspaces.com/hq.yumyums/items/water.png","user":"Jamal C. (jamal@yumyums.kitchen)","page":"/inventory.html","ua":"Mozilla/5.0 (X11; Linux x86_64) AppleWebKit/537.36 (KHTML, like Gecko) HeadlessChrome/147.0.7727.15 Safari/537.36"}
[2m[WebServer] [22m{"time":"2026-10-07T08:12:19.006301383-04:00","level":"INFO","msg":"client log","level":"WARN","message":"[inventory] item photo failed to load, showing placeholder Coke Zero https://nyc3.digitaloceanspaces.com/hq.yumyums/items/coke-zero.png","user":"Jamal C. (jamal@yumyums.kitchen)","page":"/inventory.html","ua":"Mozilla/5.0 (X11; Linux x86_64) AppleWebKit/537.36 (KHTML, like Gecko) HeadlessChrome/147.0.7727.15 Safari/537.36"}
[2m[WebServer] [22m{"time":"2026-10-07T08:12:19.068189016-04:00","level":"INFO","msg":"client log","level":"WARN","message":"[inventory] item photo failed to load, showing placeholder Sanitizing Tablets https://nyc3.digitaloceanspaces.com/hq.yumyums/items/sanitizing-tablets.png","user":"Jamal C. (jamal@yumyums.kitchen)","page":"/inventory.html","ua":"Mozilla/5.0 (X11; Linux x86_64) AppleWebKit/537.36 (KHTML, like Gecko) HeadlessChrome/147.0.7727.15 Safari/537.36"}
[2m[WebServer] [22m{"time":"2026-10-07T08:12:19.087619863-04:00","level":"INFO","msg":"client log","level":"WARN","message":"[inventory] item photo failed to load, showing placeholder Hamburger Rolls https://nyc3.digitaloceanspaces.com/hq.yumyums/items/hamburger-rolls.png","user":"Jamal C. (jamal@yumyums.kitchen)","page":"/inventory.html","ua":"Mozilla/5.0 (X11; Linux x86_64) AppleWebKit/537.36 (KHTML, like Gecko) HeadlessChrome/147.0.7727.15 Safari/537.36"}
[2m[WebServer] [22m{"time":"2026-10-07T08:12:19.115616655-04:00","level":"INFO","msg":"client log","level":"WARN","message":"[inventory] item photo failed to load, showing placeholder Jerk Seasoning https://nyc3.digitaloceanspaces.com/hq.yumyums/items/jerk-seasoning.png","user":"Jamal C. (jamal@yumyums.kitchen)","page":"/inventory.html","ua":"Mozilla/5.0 (X11; Linux x86_64) AppleWebKit/537.36 (KHTML, like Gecko) HeadlessChrome/147.0.7727.15 Safari/537.36"}
[2m[WebServer] [22m{"time":"2026-10-07T08:12:17.102189474-04:00","level":"INFO","msg":"client log","level":"WARN","message":"[inventory] item photo failed to load, showing placeholder Gloves https://nyc3.digitaloceanspaces.com/hq.yumyums/items/gloves.png","user":"Jamal C. (jamal@yumyums.kitchen)","page":"/inventory.html","ua":"Mozilla/5.0 (X11; Linux x86_64) AppleWebKit/537.36 (KHTML, like Gecko) HeadlessChrome/147.0.7727.15 Safari/537.36"}
[2m[WebServer] [22m{"time":"2026-10-07T08:12:17.121632079-04:00","level":"INFO","msg":"client log","level":"WARN","message":"[inventory] item photo failed to load, showing placeholder Boxes (No 2) https://nyc3.digitaloceanspaces.com/hq.yumyums/items/boxes-no-2.png","user":"Jamal C. (jamal@yumyums.kitchen)","page":"/inventory.html","ua":"Mozilla/5.0 (X11; Linux x86_64) AppleWebKit/537.36 (KHTML, like Gecko) HeadlessChrome/147.0.7727.15 Safari/537.36"}
[2m[WebServer] [22m{"time":"2026-10-07T08:12:17.135361597-04:00","level":"INFO","msg":"client log","level":"WARN","message":"[inventory] item photo failed to load, showing placeholder Honey Garlic Sauce https://nyc3.digitaloceanspaces.com/hq.yumyums/items/honey-garlic-sauce.png","user":"Jamal C. (jamal@yumyums.kitchen)","page":"/inventory.html","ua":"Mozilla/5.0 (X11; Linux x86_64) AppleWebKit/537.36 (KHTML, like Gecko) HeadlessChrome/147.0.7727.15 Safari/537.36"}
[2m[WebServer] [22m{"time":"2026-10-07T08:12:17.161009405-04:00","level":"INFO","msg":"client log","level":"WARN","message":"[inventory] item photo failed to load, showing placeholder Lemon Juice https://nyc3.digitaloceanspaces.com/hq.yumyums/items/lemon-juice.png","user":"Jamal C. (jamal@yumyums.kitchen)","page":"/inventory.html","ua":"Mozilla/5.0 (X11; Linux x86_64) AppleWebKit/537.36 (KHTML, like Gecko) HeadlessChrome/147.0.7727.15 Safari/537.36"}
[2m[WebServer] [22m{"time":"2026-10-07T08:12:17.368161719-04:00","level":"INFO","msg":"client log","level":"WARN","message":"[inventory] item photo failed to load, showing placeholder Mango Syrup https://nyc3.digitaloceanspaces.com/hq.yumyums/items/mango-syrup.png","user":"Jamal C. (jamal@yumyums.kitchen)","page":"/inventory.html","ua":"Mozilla/5.0 (X11; Linux x86_64) AppleWebKit/537.36 (KHTML, like Gecko) HeadlessChrome/147.0.7727.15 Safari/537.36"}
[2m[WebServer] [22m{"time":"2026-10-07T08:12:17.369485855-04:00","level":"INFO","msg":"client log","level":"WARN","message":"[inventory] item photo failed to load, showing placeholder Charcoal https://nyc3.digitaloceanspaces.com/hq.yumyums/items/charcoal.png","user":"Jamal C. (jamal@yumyums.kitchen)","page":"/inventory.html","ua":"Mozilla/5.0 (X11; Linux x86_64) AppleWebKit/537.36 (KHTML, like Gecko) HeadlessChrome/147.0.7727.15 Safari/537.36"}
[2m[WebServer] [22m{"time":"2026-10-07T08:12:17.39856639-04:00","level":"INFO","msg":"client log","level":"WARN","message":"[inventory] item photo failed to load, showing placeholder Ranch Dressing https://nyc3.digitaloceanspaces.com/hq.yumyums/items/ranch-dressing.png","user":"Jamal C. (jamal@yumyums.kitchen)","page":"/inventory.html","ua":"Mozilla/5.0 (X11; Linux x86_64) AppleWebKit/537.36 (KHTML, like Gecko) HeadlessChrome/147.0.7727.15 Safari/537.36"}
[2m[WebServer] [22m{"time":"2026-10-07T08:12:17.423671417-04:00","level":"INFO","msg":"client log","level":"WARN","message":"[inventory] item photo failed to load, showing placeholder Relish https://nyc3.digitaloceanspaces.com/hq.yumyums/items/relish.png","user":"Jamal C. (jamal@yumyums.kitchen)","page":"/inventory.html","ua":"Mozilla/5.0 (X11; Linux x86_64) AppleWebKit/537.36 (KHTML, like Gecko) HeadlessChrome/147.0.7727.15 Safari/537.36"}
[2m[WebServer] [22m{"time":"2026-10-07T08:12:17.443744986-04:00","level":"INFO","msg":"client log","level":"WARN","message":"[inventory] item photo failed to load, showing placeholder Mayonnaise https://nyc3.digitaloceanspaces.com/hq.yumyums/items/mayonnaise.png","user":"Jamal C. (jamal@yumyums.kitchen)","page":"/inventory.html","ua":"Mozilla/5.0 (X11; Linux x86_64) AppleWebKit/537.36 (KHTML, like Gecko) HeadlessChrome/147.0.7727.15 Safari/537.36"}
[2m[WebServer] [22m{"time":"2026-10-07T08:12:17.478858205-04:00","level":"INFO","msg":"client log","level":"WARN","message":"[inventory] item photo failed to load, showing placeholder Cheesesteak https://nyc3.digitaloceanspaces.com/hq.yumyums/items/cheesesteak.png","user":"Jamal C. (jamal@yumyums.kitchen)","page":"/inventory.html","ua":"Mozilla/5.0 (X11; Linux x86_64) AppleWebKit/537.36 (KHTML, like Gecko) HeadlessChrome/147.0.7727.15 Safari/537.36"}
[2m[WebServer] [22m{"time":"2026-10-07T08:12:17.584274182-04:00","level":"INFO","msg":"client log","level":"WARN","message":"[inventory] item photo failed to load, showing placeholder No Rinse Floor Cleaner https://nyc3.digitaloceanspaces.com/hq.yumyums/items/no-rinse-floor-cleaner.png","user":"Jamal C. (jamal@yumyums.kitchen)","page":"/inventory.html","ua":"Mozilla/5.0 (X11; Linux x86_64) AppleWebKit/537.36 (KHTML, like Gecko) HeadlessChrome/147.0.7727.15 Safari/537.36"}
[2m[WebServer] [22m{"time":"2026-10-07T08:12:17.63019683-04:00","level":"INFO","msg":"client log","level":"WARN","message":"[inventory] item photo failed to load, showing placeholder Mumbo Sauce https://nyc3.digitaloceanspaces.com/hq.yumyums/items/mumbo-sauce.png","user":"Jamal C. (jamal@yumyums.kitchen)","page":"/inventory.html","ua":"Mozilla/5.0 (X11; Linux x86_64) AppleWebKit/537.36 (KHTML, like Gecko) HeadlessChrome/147.0.7727.15 Safari/537.36"}
[2m[WebServer] [22m{"time":"2026-10-07T08:12:17.646080901-04:00","level":"INFO","msg":"client log","level":"WARN","message":"[inventory] item photo failed to load, showing placeholder Lemons https://nyc3.digitaloceanspaces.com/hq.yumyums/items/lemons.png","user":"Jamal C. (jamal@yumyums.kitchen)","page":"/inventory.html","ua":"Mozilla/5.0 (X11; Linux x86_64) AppleWebKit/537.36 (KHTML, like Gecko) HeadlessChrome/147.0.7727.15 Safari/537.36"}
[2m[WebServer] [22m{"time":"2026-10-07T08:12:17.676481189-04:00","level":"INFO","msg":"client log","level":"WARN","message":"[inventory] item photo failed to load, showing placeholder Brisket Rolls https://nyc3.digitaloceanspaces.com/hq.yumyums/items/brisket-rolls.png","user":"Jamal C. (jamal@yumyums.kitchen)","page":"/inventory.html","ua":"Mozilla/5.0 (X11; Linux x86_64) AppleWebKit/537.36 (KHTML, like Gecko) HeadlessChrome/147.0.7727.15 Safari/537.36"}
[2m[WebServer] [22m{"time":"2026-10-07T08:12:17.76936822-04:00","level":"INFO","msg":"client log","level":"WARN","message":"[inventory] item photo failed to load, showing placeholder Chicken Breasts https://nyc3.digitaloceanspaces.com/hq.yumyums/items/chicken-breasts.png","user":"Jamal C. (jamal@yumyums.kitchen)","page":"/inventory.html","ua":"Mozilla/5.0 (X11; Linux x86_64) AppleWebKit/537.36 (KHTML, like Gecko) HeadlessChrome/147.0.7727.15 Safari/537.36"}
[2m[WebServer] [22m{"time":"2026-10-07T08:12:17.804654599-04:00","level":"INFO","msg":"client log","level":"WARN","message":"[inventory] item photo failed to load, showing placeholder Honey Mustard https://nyc3.digitaloceanspaces.com/hq.yumyums/items/honey-mustard.png","user":"Jamal C. (jamal@yumyums.kitchen)","page":"/inventory.html","ua":"Mozilla/5.0 (X11; Linux x86_64) AppleWebKit/537.36 (KHTML, like Gecko) HeadlessChrome/147.0.7727.15 Safari/537.36"}
[2m[WebServer] [22m{"time":"2026-10-07T08:12:17.819717979-04:00","level":"INFO","msg":"client log","level":"WARN","message":"[inventory] item photo failed to load, showing placeholder Forks https://nyc3.digitaloceanspaces.com/hq.yumyums/items/forks.png","user":"Jamal C. (jamal@yumyums.kitchen)","page":"/inventory.html","ua":"Mozilla/5.0 (X11; Linux x86_64) AppleWebKit/537.36 (KHTML, like Gecko) HeadlessChrome/147.0.7727.15 Safari/537.36"}
[2m[WebServer] [22m{"time":"2026-10-07T08:12:17.925475465-04:00","level":"INFO","msg":"client log","level":"WARN","message":"[inventory] item photo failed to load, showing placeholder Trash Bags (30 Gallon) https://nyc3.digitaloceanspaces.com/hq.yumyums/items/trash-bags-30-gallon.png","user":"Jamal C. (jamal@yumyums.kitchen)","page":"/inventory.html","ua":"Mozilla/5.0 (X11; Linux x86_64) AppleWebKit/537.36 (KHTML, like Gecko) HeadlessChrome/147.0.7727.15 Safari/537.36"}
[2m[WebServer] [22m{"time":"2026-10-07T08:12:17.925825312-04:00","level":"INFO","msg":"client log","level":"WARN","message":"[inventory] item photo failed to load, showing placeholder Fries https://nyc3.digitaloceanspaces.com/hq.yumyums/items/fries.png","user":"Jamal C. (jamal@yumyums.kitchen)","page":"/inventory.html","ua":"Mozilla/5.0 (X11; Linux x86_64) AppleWebKit/537.36 (KHTML, like Gecko) HeadlessChrome/147.0.7727.15 Safari/537.36"}
[2m[WebServer] [22m{"time":"2026-10-07T08:12:17.945274437-04:00","level":"INFO","msg":"client log","level":"WARN","message":"[inventory] item photo failed to load, showing placeholder Boxes (No 8) https://nyc3.digitaloceanspaces.com/hq.yumyums/items/boxes-no-8.png","user":"Jamal C. (jamal@yumyums.kitchen)","page":"/inventory.html","ua":"Mozilla/5.0 (X11; Linux x86_64) AppleWebKit/537.36 (KHTML, like Gecko) HeadlessChrome/147.0.7727.15 Safari/537.36"}
[2m[WebServer] [22m{"time":"2026-10-07T08:12:17.991370458-04:00","level":"INFO","msg":"client log","level":"WARN","message":"[inventory] item photo failed to load, showing placeholder Parm Cheese https://nyc3.digitaloceanspaces.com/hq.yumyums/items/parm-cheese.png","user":"Jamal C. (jamal@yumyums.kitchen)","page":"/inventory.html","ua":"Mozilla/5.0 (X11; Linux x86_64) AppleWebKit/537.36 (KHTML, like Gecko) HeadlessChrome/147.0.7727.15 Safari/537.36"}
[2m[WebServer] [22m{"time":"2026-10-07T08:12:18.066611895-04:00","level":"INFO","msg":"client log","level":"WARN","message":"[inventory] item photo failed to load, showing placeholder Hand Soap https://nyc3.digitaloceanspaces.com/hq.yumyums/items/hand-soap.png","user":"Jamal C. (jamal@yumyums.kitchen)","page":"/inventory.html","ua":"Mozilla/5.0 (X11; Linux x86_64) AppleWebKit/537.36 (KHTML, like Gecko) HeadlessChrome/147.0.7727.15 Safari/537.36"}
[2m[WebServer] [22m{"time":"2026-10-07T08:12:18.07584942-04:00","level":"INFO","msg":"client log","level":"WARN","message":"[inventory] item photo failed to load, showing placeholder Corn https://nyc3.digitaloceanspaces.com/hq.yumyums/items/corn.png","user":"Jamal C. (jamal@yumyums.kitchen)","page":"/inventory.html","ua":"Mozilla/5.0 (X11; Linux x86_64) AppleWebKit/537.36 (KHTML, like Gecko) HeadlessChrome/147.0.7727.15 Safari/537.36"}
[2m[WebServer] [22m{"time":"2026-10-07T08:12:18.089580114-04:00","level":"INFO","msg":"client log","level":"WARN","message":"[inventory] item photo failed to load, showing placeholder Everything Bagel Seasoning https://nyc3.digitaloceanspaces.com/hq.yumyums/items/everything-bagel-seasoning.png","user":"Jamal C. (jamal@yumyums.kitchen)","page":"/inventory.html","ua":"Mozilla/5.0 (X11; Linux x86_64) AppleWebKit/537.36 (KHTML, like Gecko) HeadlessChrome/147.0.7727.15 Safari/537.36"}
[2m[WebServer] [22m{"time":"2026-10-07T08:12:18.112926717-04:00","level":"INFO","msg":"client log","level":"WARN","message":"[inventory] item photo failed to load, showing placeholder Bleach https://nyc3.digitaloceanspaces.com/hq.yumyums/items/bleach.png","user":"Jamal C. (jamal@yumyums.kitchen)","page":"/inventory.html","ua":"Mozilla/5.0 (X11; Linux x86_64) AppleWebKit/537.36 (KHTML, like Gecko) HeadlessChrome/147.0.7727.15 Safari/537.36"}
[2m[WebServer] [22m{"time":"2026-10-07T08:12:18.136860246-04:00","level":"INFO","msg":"client log","level":"WARN","message":"[inventory] item photo failed to load, showing placeholder Avocados https://nyc3.digitaloceanspaces.com/hq.yumyums/items/avocados.png","user":"Jamal C. (jamal@yumyums.kitchen)","page":"/inventory.html","ua":"Mozilla/5.0 (X11; Linux x86_64) AppleWebKit/537.36 (KHTML, like Gecko) HeadlessChrome/147.0.7727.15 Safari/537.36"}
[2m[WebServer] [22m{"time":"2026-10-07T08:12:18.19589994-04:00","level":"INFO","msg":"client log","level":"WARN","message":"[inventory] item photo failed to load, showing placeholder Ground Turkey https://nyc3.digitaloceanspaces.com/hq.yumyums/items/ground-turkey.png","user":"Jamal C. (jamal@yumyums.kitchen)","page":"/inventory.html","ua":"Mozilla/5.0 (X11; Linux x86_64) AppleWebKit/537.36 (KHTML, like Gecko) HeadlessChrome/147.0.7727.15 Safari/537.36"}
[2m[WebServer] [22m{"time":"2026-10-07T08:12:18.20166861-04:00","level":"INFO","msg":"client log","level":"WARN","message":"[inventory] item photo failed to load, showing placeholder Pickles https://nyc3.digitaloceanspaces.com/hq.yumyums/items/pickles.png","user":"Jamal C. (jamal@yumyums.kitchen)","page":"/inventory.html","ua":"Mozilla/5.0 (X11; Linux x86_64) AppleWebKit/537.36 (KHTML, like Gecko) HeadlessChrome/147.0.7727.15 Safari/537.36"}
[2m[WebServer] [22m{"time":"2026-10-07T08:12:18.237983257-04:00","level":"INFO","msg":"client log","level":"WARN","message":"[inventory] item photo failed to load, showing placeholder Straws https://nyc3.digitaloceanspaces.com/hq.yumyums/items/straws.png","user":"Jamal C. (jamal@yumyums.kitchen)","page":"/inventory.html","ua":"Mozilla/5.0 (X11; Linux x86_64) AppleWebKit/537.36 (KHTML, like Gecko) HeadlessChrome/147.0.7727.15 Safari/537.36"}
[2m[WebServer] [22m{"time":"2026-10-07T08:12:18.254031829-04:00","level":"INFO","msg":"client log","level":"WARN","message":"[inventory] item photo failed to load, showing placeholder Black Pepper https://nyc3.digitaloceanspaces.com/hq.yumyums/items/black-pepper.png","user":"Jamal C. (jamal@yumyums.kitchen)","page":"/inventory.html","ua":"Mozilla/5.0 (X11; Linux x86_64) AppleWebKit/537.36 (KHTML, like Gecko) HeadlessChrome/147.0.7727.15 Safari/537.36"}
[2m[WebServer] [22m{"time":"2026-10-07T08:12:18.309580863-04:00","level":"INFO","msg":"client log","level":"WARN","message":"[inventory] item photo failed to load, showing placeholder Red Peppers https://nyc3.digitaloceanspaces.com/hq.yumyums/items/red-peppers.png","user":"Jamal C. (jamal@yumyums.kitchen)","page":"/inventory.html","ua":"Mozilla/5.0 (X11; Linux x86_64) AppleWebKit/537.36 (KHTML, like Gecko) HeadlessChrome/147.0.7727.15 Safari/537.36"}
[2m[WebServer] [22m{"time":"2026-10-07T08:12:18.340372042-04:00","level":"INFO","msg":"client log","level":"WARN","message":"[inventory] item photo failed to load, showing placeholder Crystal Hot Sauce https://nyc3.digitaloceanspaces.com/hq.yumyums/items/crystal-hot-sauce.png","user":"Jamal C. (jamal@yumyums.kitchen)","page":"/inventory.html","ua":"Mozilla/5.0 (X11; Linux x86_64) AppleWebKit/537.36 (KHTML, like Gecko) HeadlessChrome/147.0.7727.15 Safari/537.36"}
[2m[WebServer] [22m{"time":"2026-10-07T08:12:18.414934951-04:00","level":"INFO","msg":"client log","level":"WARN","message":"[inventory] item photo failed to load, showing placeholder Allspice https://nyc3.digitaloceanspaces.com/hq.yumyums/items/allspice.png","user":"Jamal C. (jamal@yumyums.kitchen)","page":"/inventory.html","ua":"Mozilla/5.0 (X11; Linux x86_64) AppleWebKit/537.36 (KHTML, like Gecko) HeadlessChrome/147.0.7727.15 Safari/537.36"}
[2m[WebServer] [22m{"time":"2026-10-07T08:12:18.414934737-04:00","level":"INFO","msg":"client log","level":"WARN","message":"[inventory] item photo failed to load, showing placeholder Chicken Party Wings https://nyc3.digitaloceanspaces.com/hq.yumyums/items/chicken-party-wings.png","user":"Jamal C. (jamal@yumyums.kitchen)","page":"/inventory.html","ua":"Mozilla/5.0 (X11; Linux x86_64) AppleWebKit/537.36 (KHTML, like Gecko) HeadlessChrome/147.0.7727.15 Safari/537.36"}
[2m[WebServer] [22m{"time":"2026-10-07T08:12:18.446260573-04:00","level":"INFO","msg":"client log","level":"WARN","message":"[inventory] item photo failed to load, showing placeholder Napkins https://nyc3.digitaloceanspaces.com/hq.yumyums/items/napkins.png","user":"Jamal C. (jamal@yumyums.kitchen)","page":"/inventory.html","ua":"Mozilla/5.0 (X11; Linux x86_64) AppleWebKit/537.36 (KHTML, like Gecko) HeadlessChrome/147.0.7727.15 Safari/537.36"}
[2m[WebServer] [22m{"time":"2026-10-07T08:12:18.488805114-04:00","level":"INFO","msg":"client log","level":"WARN","message":"[inventory] item photo failed to load, showing placeholder Mint https://nyc3.digitaloceanspaces.com/hq.yumyums/items/mint.png","user":"Jamal C. (jamal@yumyums.kitchen)","page":"/inventory.html","ua":"Mozilla/5.0 (X11; Linux x86_64) AppleWebKit/537.36 (KHTML, like Gecko) HeadlessChrome/147.0.7727.15 Safari/537.36"}
[2m[WebServer] [22m{"time":"2026-10-07T08:12:18.517004139-04:00","level":"INFO","msg":"client log","level":"WARN","message":"[inventory] item photo failed to load, showing placeholder Dish Soap https://nyc3.digitaloceanspaces.com/hq.yumyums/items/dish-soap.png","user":"Jamal C. (jamal@yumyums.kitchen)","page":"/inventory.html","ua":"Mozilla/5.0 (X11; Linux x86_64) AppleWebKit/537.36 (KHTML, like Gecko) HeadlessChrome/147.0.7727.15 Safari/537.36"}
[2m[WebServer] [22m{"time":"2026-10-07T08:12:18.549187222-04:00","level":"INFO","msg":"client log","level":"WARN","message":"[inventory] item photo failed to load, showing placeholder Olive Oil Blend https://nyc3.digitaloceanspaces.com/hq.yumyums/items/olive-oil-blend.png","user":"Jamal C. (jamal@yumyums.kitchen)","page":"/inventory.html","ua":"Mozilla/5.0 (X11; Linux x86_64) AppleWebKit/537.36 (KHTML, like Gecko) HeadlessChrome/147.0.7727.15 Safari/537.36"}
[2m[WebServer] [22m{"time":"2026-10-07T08:12:18.609845636-04:00","level":"INFO","msg":"client log","level":"WARN","message":"[inventory] item photo failed to load, showing placeholder Towels https://nyc3.digitaloceanspaces.com/hq.yumyums/items/towels.png","user":"Jamal C. (jamal@yumyums.kitchen)","page":"/inventory.html","ua":"Mozilla/5.0 (X11; Linux x86_64) AppleWebKit/537.36 (KHTML, like Gecko) HeadlessChrome/147.0.7727.15 Safari/537.36"}
[2m[WebServer] [22m{"time":"2026-10-07T08:12:18.665438387-04:00","level":"INFO","msg":"client log","level":"WARN","message":"[inventory] item photo failed to load, showing placeholder Green Peppers https://nyc3.digitaloceanspaces.com/hq.yumyums/items/green-peppers.png","user":"Jamal C. (jamal@yumyums.kitchen)","page":"/inventory.html","ua":"Mozilla/5.0 (X11; Linux x86_64) AppleWebKit/537.36 (KHTML, like Gecko) HeadlessChrome/147.0.7727.15 Safari/537.36"}
[2m[WebServer] [22m{"time":"2026-10-07T08:12:18.670380808-04:00","level":"INFO","msg":"client log","level":"WARN","message":"[inventory] item photo failed to load, showing placeholder Nacho Cheese Sauce https://nyc3.digitaloceanspaces.com/hq.yumyums/items/nacho-cheese-sauce.png","user":"Jamal C. (jamal@yumyums.kitchen)","page":"/inventory.html","ua":"Mozilla/5.0 (X11; Linux x86_64) AppleWebKit/537.36 (KHTML, like Gecko) HeadlessChrome/147.0.7727.15 Safari/537.36"}
[2m[WebServer] [22m{"time":"2026-10-07T08:12:18.693833552-04:00","level":"INFO","msg":"client log","level":"WARN","message":"[inventory] item photo failed to load, showing placeholder White Cheese Sauce https://nyc3.digitaloceanspaces.com/hq.yumyums/items/white-cheese-sauce.png","user":"Jamal C. (jamal@yumyums.kitchen)","page":"/inventory.html","ua":"Mozilla/5.0 (X11; Linux x86_64) AppleWebKit/537.36 (KHTML, like Gecko) HeadlessChrome/147.0.7727.15 Safari/537.36"}
[2m[WebServer] [22m{"time":"2026-10-07T08:12:18.734668624-04:00","level":"INFO","msg":"client log","level":"WARN","message":"[inventory] item photo failed to load, showing placeholder Hoagie Containers https://nyc3.digitaloceanspaces.com/hq.yumyums/items/hoagie-containers.png","user":"Jamal C. (jamal@yumyums.kitchen)","page":"/inventory.html","ua":"Mozilla/5.0 (X11; Linux x86_64) AppleWebKit/537.36 (KHTML, like Gecko) HeadlessChrome/147.0.7727.15 Safari/537.36"}
[2m[WebServer] [22m{"time":"2026-10-07T08:12:18.782351513-04:00","level":"INFO","msg":"client log","level":"WARN","message":"[inventory] item photo failed to load, showing placeholder Spinach He https://nyc3.digitaloceanspaces.com/hq.yumyums/items/spinach-he.png","user":"Jamal C. (jamal@yumyums.kitchen)","page":"/inventory.html","ua":"Mozilla/5.0 (X11; Linux x86_64) AppleWebKit/537.36 (KHTML, like Gecko) HeadlessChrome/147.0.7727.15 Safari/537.36"}
[2m[WebServer] [22m{"time":"2026-10-07T08:12:18.796949394-04:00","level":"INFO","msg":"client log","level":"WARN","message":"[inventory] item photo failed to load, showing placeholder Coarse Sea Salt https://nyc3.digitaloceanspaces.com/hq.yumyums/items/coarse-sea-salt.png","user":"Jamal C. (jamal@yumyums.kitchen)","page":"/inventory.html","ua":"Mozilla/5.0 (X11; Linux x86_64) AppleWebKit/537.36 (KHTML, like Gecko) HeadlessChrome/147.0.7727.15 Safari/537.36"}
[2m[WebServer] [22m{"time":"2026-10-07T08:12:18.822544826-04:00","level":"INFO","msg":"client log","level":"WARN","message":"[inventory] item photo failed to load, showing placeholder Sour Cream https://nyc3.digitaloceanspaces.com/hq.yumyums/items/sour-cream.png","user":"Jamal C. (jamal@yumyums.kitchen)","page":"/inventory.html","ua":"Mozilla/5.0 (X11; Linux x86_64) AppleWebKit/537.36 (KHTML, like Gecko) HeadlessChrome/147.0.7727.15 Safari/537.36"}
[2m[WebServer] [22m{"time":"2026-10-07T08:12:18.866638076-04:00","level":"INFO","msg":"client log","level":"WARN","message":"[inventory] item photo failed to load, showing placeholder Fine Sea Salt https://nyc3.digitaloceanspaces.com/hq.yumyums/items/fine-sea-salt.png","user":"Jamal C. (jamal@yumyums.kitchen)","page":"/inventory.html","ua":"Mozilla/5.0 (X11; Linux x86_64) AppleWebKit/537.36 (KHTML, like Gecko) HeadlessChrome/147.0.7727.15 Safari/537.36"}
[2m[WebServer] [22m{"time":"2026-10-07T08:12:18.894571376-04:00","level":"INFO","msg":"client log","level":"WARN","message":"[inventory] item photo failed to load, showing placeholder Bread Crumbs https://nyc3.digitaloceanspaces.com/hq.yumyums/items/bread-crumbs.png","user":"Jamal C. (jamal@yumyums.kitchen)","page":"/inventory.html","ua":"Mozilla/5.0 (X11; Linux x86_64) AppleWebKit/537.36 (KHTML, like Gecko) HeadlessChrome/147.0.7727.15 Safari/537.36"}
[2m[WebServer] [22m{"time":"2026-10-07T08:12:18.917511375-04:00","level":"INFO","msg":"client log","level":"WARN","message":"[inventory] item photo failed to load, showing placeholder Cup Holders https://nyc3.digitaloceanspaces.com/hq.yumyums/items/cup-holders.png","user":"Jamal C. (jamal@yumyums.kitchen)","page":"/inventory.html","ua":"Mozilla/5.0 (X11; Linux x86_64) AppleWebKit/537.36 (KHTML, like Gecko) HeadlessChrome/147.0.7727.15 Safari/537.36"}
[2m[WebServer] [22m{"time":"2026-10-07T08:12:18.964353051-04:00","level":"INFO","msg":"client log","level":"WARN","message":"[inventory] item photo failed to load, showing placeholder Frying Oil https://nyc3.digitaloceanspaces.com/hq.yumyums/items/frying-oil.png","user":"Jamal C. (jamal@yumyums.kitchen)","page":"/inventory.html","ua":"Mozilla/5.0 (X11; Linux x86_64) AppleWebKit/537.36 (KHTML, like Gecko) HeadlessChrome/147.0.7727.15 Safari/537.36"}
[2m[WebServer] [22m{"time":"2026-10-07T08:12:18.979053117-04:00","level":"INFO","msg":"client log","level":"WARN","message":"[inventory] item photo failed to load, showing placeholder Salt https://nyc3.digitaloceanspaces.com/hq.yumyums/items/salt.png","user":"Jamal C. (jamal@yumyums.kitchen)","page":"/inventory.html","ua":"Mozilla/5.0 (X11; Linux x86_64) AppleWebKit/537.36 (KHTML, like Gecko) HeadlessChrome/147.0.7727.15 Safari/537.36"}
[2m[WebServer] [22m{"time":"2026-10-07T08:12:19.052715489-04:00","level":"INFO","msg":"client log","level":"WARN","message":"[inventory] item photo failed to load, showing placeholder Cucumber https://nyc3.digitaloceanspaces.com/hq.yumyums/items/cucumber.png","user":"Jamal C. (jamal@yumyums.kitchen)","page":"/inventory.html","ua":"Mozilla/5.0 (X11; Linux x86_64) AppleWebKit/537.36 (KHTML, like Gecko) HeadlessChrome/147.0.7727.15 Safari/537.36"}
[2m[WebServer] [22m{"time":"2026-10-07T08:12:19.064419041-04:00","level":"INFO","msg":"client log","level":"WARN","message":"[inventory] item photo failed to load, showing placeholder Lids https://nyc3.digitaloceanspaces.com/hq.yumyums/items/lids.png","user":"Jamal C. (jamal@yumyums.kitchen)","page":"/inventory.html","ua":"Mozilla/5.0 (X11; Linux x86_64) AppleWebKit/537.36 (KHTML, like Gecko) HeadlessChrome/147.0.7727.15 Safari/537.36"}
[2m[WebServer] [22m{"time":"2026-10-07T08:12:19.111524518-04:00","level":"INFO","msg":"client log","level":"WARN","message":"[inventory] item photo failed to load, showing placeholder Red Onions https://nyc3.digitaloceanspaces.com/hq.yumyums/items/red-onions.png","user":"Jamal C. (jamal@yumyums.kitchen)","page":"/inventory.html","ua":"Mozilla/5.0 (X11; Linux x86_64) AppleWebKit/537.36 (KHTML, like Gecko) HeadlessChrome/147.0.7727.15 Safari/537.36"}
[2m[WebServer] [22m{"time":"2026-10-07T08:12:19.16569052-04:00","level":"INFO","msg":"client log","level":"WARN","message":"[inventory] item photo failed to load, showing placeholder Bbq Sauce https://nyc3.digitaloceanspaces.com/hq.yumyums/items/bbq-sauce.png","user":"Jamal C. (jamal@yumyums.kitchen)","page":"/inventory.html","ua":"Mozilla/5.0 (X11; Linux x86_64) AppleWebKit/537.36 (KHTML, like Gecko) HeadlessChrome/147.0.7727.15 Safari/537.36"}
[2m[WebServer] [22m{"time":"2026-10-07T08:12:19.173636617-04:00","level":"INFO","msg":"client log","level":"WARN","message":"[inventory] item photo failed to load, showing placeholder Liquid Butter https://nyc3.digitaloceanspaces.com/hq.yumyums/items/liquid-butter.png","user":"Jamal C. (jamal@yumyums.kitchen)","page":"/inventory.html","ua":"Mozilla/5.0 (X11; Linux x86_64) AppleWebKit/537.36 (KHTML, like Gecko) HeadlessChrome/147.0.7727.15 Safari/537.36"}
[2m[WebServer] [22m{"time":"2026-10-07T08:12:19.210880553-04:00","level":"INFO","msg":"client log","level":"WARN","message":"[inventory] item photo failed to load, showing placeholder White Onions https://nyc3.digitaloceanspaces.com/hq.yumyums/items/white-onions.png","user":"Jamal C. (jamal@yumyums.kitchen)","page":"/inventory.html","ua":"Mozilla/5.0 (X11; Linux x86_64) AppleWebKit/537.36 (KHTML, like Gecko) HeadlessChrome/147.0.7727.15 Safari/537.36"}
[2m[WebServer] [22m{"time":"2026-10-07T08:12:19.235027432-04:00","level":"INFO","msg":"client log","level":"WARN","message":"[inventory] item photo failed to load, showing placeholder Cayenne Pepper https://nyc3.digitaloceanspaces.com/hq.yumyums/items/cayenne-pepper.png","user":"Jamal C. (jamal@yumyums.kitchen)","page":"/inventory.html","ua":"Mozilla/5.0 (X11; Linux x86_64) AppleWebKit/537.36 (KHTML, like Gecko) HeadlessChrome/147.0.7727.15 Safari/537.36"}
[2m[WebServer] [22m{"time":"2026-10-07T08:12:19.306983007-04:00","level":"INFO","msg":"client log","level":"WARN","message":"[inventory] item photo failed to load, showing placeholder Chicken Tenders https://nyc3.digitaloceanspaces.com/hq.yumyums/items/chicken-tenders.png","user":"Jamal C. (jamal@yumyums.kitchen)","page":"/inventory.html","ua":"Mozilla/5.0 (X11; Linux x86_64) AppleWebKit/537.36 (KHTML, like Gecko) HeadlessChrome/147.0.7727.15 Safari/537.36"}
[2m[WebServer] [22m{"time":"2026-10-07T08:12:19.316494167-04:00","level":"INFO","msg":"client log","level":"WARN","message":"[inventory] item photo failed to load, showing placeholder Egg Roll Wraps https://nyc3.digitaloceanspaces.com/hq.yumyums/items/egg-roll-wraps.png","user":"Jamal C. (jamal@yumyums.kitchen)","page":"/inventory.html","ua":"Mozilla/5.0 (X11; Linux x86_64) AppleWebKit/537.36 (KHTML, like Gecko) HeadlessChrome/147.0.7727.15 Safari/537.36"}
[2m[WebServer] [22m{"time":"2026-10-07T08:12:19.363993635-04:00","level":"INFO","msg":"client log","level":"WARN","message":"[inventory] item photo failed to load, showing placeholder Meatballs https://nyc3.digitaloceanspaces.com/hq.yumyums/items/meatballs.png","user":"Jamal C. (jamal@yumyums.kitchen)","page":"/inventory.html","ua":"Mozilla/5.0 (X11; Linux x86_64) AppleWebKit/537.36 (KHTML, like Gecko) HeadlessChrome/147.0.7727.15 Safari/537.36"}
[2m[WebServer] [22m{"time":"2026-10-07T08:12:19.384201776-04:00","level":"INFO","msg":"client log","level":"WARN","message":"[inventory] item photo failed to load, showing placeholder Crabmeat https://nyc3.digitaloceanspaces.com/hq.yumyums/items/crabmeat.png","user":"Jamal C. (jamal@yumyums.kitchen)","page":"/inventory.html","ua":"Mozilla/5.0 (X11; Linux x86_64) AppleWebKit/537.36 (KHTML, like Gecko) HeadlessChrome/147.0.7727.15 Safari/537.36"}
[2m[WebServer] [22m{"time":"2026-10-07T08:12:19.413549105-04:00","level":"INFO","msg":"client log","level":"WARN","message":"[inventory] item photo failed to load, showing placeholder Wings https://nyc3.digitaloceanspaces.com/hq.yumyums/items/wings.png","user":"Jamal C. (jamal@yumyums.kitchen)","page":"/inventory.html","ua":"Mozilla/5.0 (X11; Linux x86_64) AppleWebKit/537.36 (KHTML, like Gecko) HeadlessChrome/147.0.7727.15 Safari/537.36"}
[2m[WebServer] [22m{"time":"2026-10-07T08:12:19.440879232-04:00","level":"INFO","msg":"client log","level":"WARN","message":"[inventory] item photo failed to load, showing placeholder Frank’s Hot Sauce https://nyc3.digitaloceanspaces.com/hq.yumyums/items/frank-s-hot-sauce.png","user":"Jamal C. (jamal@yumyums.kitchen)","page":"/inventory.html","ua":"Mozilla/5.0 (X11; Linux x86_64) AppleWebKit/537.36 (KHTML, like Gecko) HeadlessChrome/147.0.7727.15 Safari/537.36"}
[2m[WebServer] [22m{"time":"2026-10-07T08:12:19.454815472-04:00","level":"INFO","msg":"client log","level":"WARN","message":"[inventory] item photo failed to load, showing placeholder Ketchup Packets https://nyc3.digitaloceanspaces.com/hq.yumyums/items/ketchup-packets.png","user":"Jamal C. (jamal@yumyums.kitchen)","page":"/inventory.html","ua":"Mozilla/5.0 (X11; Linux x86_64) AppleWebKit/537.36 (KHTML, like Gecko) HeadlessChrome/147.0.7727.15 Safari/537.36"}
[2m[WebServer] [22m{"time":"2026-10-07T08:12:19.489037776-04:00","level":"INFO","msg":"client log","level":"WARN","message":"[inventory] item photo failed to load, showing placeholder Sriracha https://nyc3.digitaloceanspaces.com/hq.yumyums/items/sriracha.png","user":"Jamal C. (jamal@yumyums.kitchen)","page":"/inventory.html","ua":"Mozilla/5.0 (X11; Linux x86_64) AppleWebKit/537.36 (KHTML, like Gecko) HeadlessChrome/147.0.7727.15 Safari/537.36"}
[2m[WebServer] [22m{"time":"2026-10-07T08:12:19.517728808-04:00","level":"INFO","msg":"client log","level":"WARN","message":"[inventory] item photo failed to load, showing placeholder Brown Sugar https://nyc3.digitaloceanspaces.com/hq.yumyums/items/brown-sugar.png","user":"Jamal C. (jamal@yumyums.kitchen)","page":"/inventory.html","ua":"Mozilla/5.0 (X11; Linux x86_64) AppleWebKit/537.36 (KHTML, like Gecko) HeadlessChrome/147.0.7727.15 Safari/537.36"}
[2m[WebServer] [22m{"time":"2026-10-07T08:12:19.582371495-04:00","level":"INFO","msg":"client log","level":"WARN","message":"[inventory] item photo failed to load, showing placeholder Sugar https://nyc3.digitaloceanspaces.com/hq.yumyums/items/sugar.png","user":"Jamal C. (jamal@yumyums.kitchen)","page":"/inventory.html","ua":"Mozilla/5.0 (X11; Linux x86_64) AppleWebKit/537.36 (KHTML, like Gecko) HeadlessChrome/147.0.7727.15 Safari/537.36"}
[2m[WebServer] [22m{"time":"2026-10-07T08:12:19.601321237-04:00","level":"INFO","msg":"client log","level":"WARN","message":"[inventory] item photo failed to load, showing placeholder Seasoning Salt https://nyc3.digitaloceanspaces.com/hq.yumyums/items/seasoning-salt.png","user":"Jamal C. (jamal@yumyums.kitchen)","page":"/inventory.html","ua":"Mozilla/5.0 (X11; Linux x86_64) AppleWebKit/537.36 (KHTML, like Gecko) HeadlessChrome/147.0.7727.15 Safari/537.36"}
[2m[WebServer] [22m{"time":"2026-10-07T08:12:19.655048782-04:00","level":"INFO","msg":"client log","level":"WARN","message":"[inventory] item photo failed to load, showing placeholder Garlic Powder https://nyc3.digitaloceanspaces.com/hq.yumyums/items/garlic-powder.png","user":"Jamal C. (jamal@yumyums.kitchen)","page":"/inventory.html","ua":"Mozilla/5.0 (X11; Linux x86_64) AppleWebKit/537.36 (KHTML, like Gecko) HeadlessChrome/147.0.7727.15 Safari/537.36"}
  ✘  117 [chromium] › tests/inventory.spec.js:2186:3 › Inventory › Setup item editor shows alias chips, adds and removes nicknames (12.1s)
  ✓  118 [chromium] › tests/inventory.spec.js:2228:3 › Inventory › selecting item in modal changes border from orange to no highlight (1.9s)
  ✓  119 [chromium] › tests/inventory.spec.js:2266:3 › Inventory › creating item without group is rejected (negative) (1.1s)
  ✓  120 [chromium] › tests/inventory.spec.js:2277:3 › Inventory › creating item with group succeeds (positive) (1.1s)
  ✓  121 [chromium] › tests/inventory.spec.js:2289:3 › Inventory › backend rejects confirm when total does not match bank transaction (negative) (1.1s)
  ✓  122 [chromium] › tests/inventory.spec.js:2315:3 › Inventory › backend allows confirm when total matches bank transaction (positive) (1.1s)
  ✓  123 [chromium] › tests/inventory.spec.js:2338:3 › Inventory › create item modal shows error when no group selected (1.9s)
  ✓  124 [chromium] › tests/inventory.spec.js:2365:3 › Inventory › create item modal error clears when group is selected and item created (1.8s)
  ✓  125 [chromium] › tests/inventory.spec.js:2394:3 › Inventory › creating duplicate group via API returns existing group (case-insensitive) (1.1s)
  ✓  126 [chromium] › tests/inventory.spec.js:2406:3 › Inventory › duplicate group shows toast warning in items tab (1.4s)
  ✓  127 [chromium] › tests/inventory.spec.js:2433:3 › Inventory › unlinked line items show orange border (1.3s)
  ✓  128 [chromium] › tests/inventory.spec.js:2450:3 › Inventory › auto-matched line items do not show orange border (1.4s)
  ✓  129 [chromium] › tests/inventory.spec.js:2475:3 › Inventory › item selection in review form persists after navigating away and back (3.2s)
  ✓  130 [chromium] › tests/inventory.spec.js:2535:3 › Inventory › reorder suggestions show item name not group name (1.4s)
  ✓  131 [chromium] › tests/inventory.spec.js:2562:3 › Inventory › collapsing a stock group also collapses expanded items within it (1.6s)
  ✓  132 [chromium] › tests/inventory.spec.js:2590:3 › Inventory › expand all button expands all items in a stock group (1.6s)
[2m[WebServer] [22m{"time":"2026-10-07T08:12:49.951844885-04:00","level":"INFO","msg":"client log","level":"WARN","message":"[inventory] item photo failed to load, showing placeholder Dr. Pepper https://nyc3.digitaloceanspaces.com/hq.yumyums/items/dr-pepper.png","user":"Jamal C. (jamal@yumyums.kitchen)","page":"/inventory.html","ua":"Mozilla/5.0 (X11; Linux x86_64) AppleWebKit/537.36 (KHTML, like Gecko) HeadlessChrome/147.0.7727.15 Safari/537.36"}
[2m[WebServer] [22m{"time":"2026-10-07T08:12:49.981372427-04:00","level":"INFO","msg":"client log","level":"WARN","message":"[inventory] item photo failed to load, showing placeholder Water https://nyc3.digitaloceanspaces.com/hq.yumyums/items/water.png","user":"Jamal C. (jamal@yumyums.kitchen)","page":"/inventory.html","ua":"Mozilla/5.0 (X11; Linux x86_64) AppleWebKit/537.36 (KHTML, like Gecko) HeadlessChrome/147.0.7727.15 Safari/537.36"}
  ✓  133 [chromium] › tests/inventory.spec.js:2610:3 › Inventory › stock tab reflects threshold changes from Setup without page refresh (1.7s)
  ✓  134 [chromium] › tests/inventory.spec.js:2667:3 › Inventory › backend rejects negative threshold values (1.0s)
[2m[WebServer] [22m{"time":"2026-10-07T08:12:52.528570554-04:00","level":"INFO","msg":"client log","level":"WARN","message":"[inventory] item photo failed to load, showing placeholder Lemonade Mix https://nyc3.digitaloceanspaces.com/hq.yumyums/items/lemonade-mix.png","user":"Jamal C. (jamal@yumyums.kitchen)","page":"/inventory.html","ua":"Mozilla/5.0 (X11; Linux x86_64) AppleWebKit/537.36 (KHTML, like Gecko) HeadlessChrome/147.0.7727.15 Safari/537.36"}
[2m[WebServer] [22m{"time":"2026-10-07T08:12:52.586591008-04:00","level":"INFO","msg":"client log","level":"WARN","message":"[inventory] item photo failed to load, showing placeholder Dirty Dog Rolls https://nyc3.digitaloceanspaces.com/hq.yumyums/items/dirty-dog-rolls.png","user":"Jamal C. (jamal@yumyums.kitchen)","page":"/inventory.html","ua":"Mozilla/5.0 (X11; Linux x86_64) AppleWebKit/537.36 (KHTML, like Gecko) HeadlessChrome/147.0.7727.15 Safari/537.36"}
  ✓  135 [chromium] › tests/inventory.spec.js:2680:3 › Inventory › frontend shows error for negative threshold values (1.5s)
[2m[WebServer] [22m{"time":"2026-10-07T08:12:53.040203816-04:00","level":"ERROR","msg":"GetMyTrainings failed","error":"context canceled"}
[2m[WebServer] [22m{"time":"2026-10-07T08:12:54.034708165-04:00","level":"INFO","msg":"client log","level":"WARN","message":"[inventory] item photo failed to load, showing placeholder Coke Zero https://nyc3.digitaloceanspaces.com/hq.yumyums/items/coke-zero.png","user":"Jamal C. (jamal@yumyums.kitchen)","page":"/inventory.html","ua":"Mozilla/5.0 (X11; Linux x86_64) AppleWebKit/537.36 (KHTML, like Gecko) HeadlessChrome/147.0.7727.15 Safari/537.36"}
  ✓  136 [chromium] › tests/inventory.spec.js:2700:3 › Inventory › medium shows n/a when low=0 and high=1 (no medium range) (1.5s)
  ✓  137 [chromium] › tests/inventory.spec.js:2718:3 › Inventory › items with different store_locations appear under separate group headers (2.1s)
  ✓  138 [chromium] › tests/inventory.spec.js:2746:3 › Inventory › items with null store_location appear under "Category, Unassigned" (2.0s)
[2m[WebServer] [22m{"time":"2026-10-07T08:13:00.399171421-04:00","level":"INFO","msg":"client log","level":"WARN","message":"[inventory] item photo failed to load, showing placeholder Sprite https://nyc3.digitaloceanspaces.com/hq.yumyums/items/sprite.png","user":"Jamal C. (jamal@yumyums.kitchen)","page":"/inventory.html","ua":"Mozilla/5.0 (X11; Linux x86_64) AppleWebKit/537.36 (KHTML, like Gecko) HeadlessChrome/147.0.7727.15 Safari/537.36"}
[2m[WebServer] [22m{"time":"2026-10-07T08:13:00.443601932-04:00","level":"INFO","msg":"client log","level":"WARN","message":"[inventory] item photo failed to load, showing placeholder Lemonade Mix https://nyc3.digitaloceanspaces.com/hq.yumyums/items/lemonade-mix.png","user":"Jamal C. (jamal@yumyums.kitchen)","page":"/inventory.html","ua":"Mozilla/5.0 (X11; Linux x86_64) AppleWebKit/537.36 (KHTML, like Gecko) HeadlessChrome/147.0.7727.15 Safari/537.36"}
[2m[WebServer] [22m{"time":"2026-10-07T08:13:00.486055733-04:00","level":"INFO","msg":"client log","level":"WARN","message":"[inventory] item photo failed to load, showing placeholder Water https://nyc3.digitaloceanspaces.com/hq.yumyums/items/water.png","user":"Jamal C. (jamal@yumyums.kitchen)","page":"/inventory.html","ua":"Mozilla/5.0 (X11; Linux x86_64) AppleWebKit/537.36 (KHTML, like Gecko) HeadlessChrome/147.0.7727.15 Safari/537.36"}
[2m[WebServer] [22m{"time":"2026-10-07T08:13:00.563879749-04:00","level":"INFO","msg":"client log","level":"WARN","message":"[inventory] item photo failed to load, showing placeholder Chicken Breasts https://nyc3.digitaloceanspaces.com/hq.yumyums/items/chicken-breasts.png","user":"Jamal C. (jamal@yumyums.kitchen)","page":"/inventory.html","ua":"Mozilla/5.0 (X11; Linux x86_64) AppleWebKit/537.36 (KHTML, like Gecko) HeadlessChrome/147.0.7727.15 Safari/537.36"}
[2m[WebServer] [22m{"time":"2026-10-07T08:13:00.634326423-04:00","level":"INFO","msg":"client log","level":"WARN","message":"[inventory] item photo failed to load, showing placeholder Limes https://nyc3.digitaloceanspaces.com/hq.yumyums/items/limes.png","user":"Jamal C. (jamal@yumyums.kitchen)","page":"/inventory.html","ua":"Mozilla/5.0 (X11; Linux x86_64) AppleWebKit/537.36 (KHTML, like Gecko) HeadlessChrome/147.0.7727.15 Safari/537.36"}
[2m[WebServer] [22m{"time":"2026-10-07T08:13:00.6459586-04:00","level":"INFO","msg":"client log","level":"WARN","message":"[inventory] item photo failed to load, showing placeholder Hot Dogs https://nyc3.digitaloceanspaces.com/hq.yumyums/items/hot-dogs.png","user":"Jamal C. (jamal@yumyums.kitchen)","page":"/inventory.html","ua":"Mozilla/5.0 (X11; Linux x86_64) AppleWebKit/537.36 (KHTML, like Gecko) HeadlessChrome/147.0.7727.15 Safari/537.36"}
[2m[WebServer] [22m{"time":"2026-10-07T08:13:00.723873784-04:00","level":"INFO","msg":"client log","level":"WARN","message":"[inventory] item photo failed to load, showing placeholder Dirty Dog Rolls https://nyc3.digitaloceanspaces.com/hq.yumyums/items/dirty-dog-rolls.png","user":"Jamal C. (jamal@yumyums.kitchen)","page":"/inventory.html","ua":"Mozilla/5.0 (X11; Linux x86_64) AppleWebKit/537.36 (KHTML, like Gecko) HeadlessChrome/147.0.7727.15 Safari/537.36"}
[2m[WebServer] [22m{"time":"2026-10-07T08:13:00.770223328-04:00","level":"INFO","msg":"client log","level":"WARN","message":"[inventory] item photo failed to load, showing placeholder Cheesesteak https://nyc3.digitaloceanspaces.com/hq.yumyums/items/cheesesteak.png","user":"Jamal C. (jamal@yumyums.kitchen)","page":"/inventory.html","ua":"Mozilla/5.0 (X11; Linux x86_64) AppleWebKit/537.36 (KHTML, like Gecko) HeadlessChrome/147.0.7727.15 Safari/537.36"}
[2m[WebServer] [22m{"time":"2026-10-07T08:13:00.825955926-04:00","level":"INFO","msg":"client log","level":"WARN","message":"[inventory] item photo failed to load, showing placeholder Hand Soap https://nyc3.digitaloceanspaces.com/hq.yumyums/items/hand-soap.png","user":"Jamal C. (jamal@yumyums.kitchen)","page":"/inventory.html","ua":"Mozilla/5.0 (X11; Linux x86_64) AppleWebKit/537.36 (KHTML, like Gecko) HeadlessChrome/147.0.7727.15 Safari/537.36"}
[2m[WebServer] [22m{"time":"2026-10-07T08:13:00.8374166-04:00","level":"INFO","msg":"client log","level":"WARN","message":"[inventory] item photo failed to load, showing placeholder Ground Beef https://nyc3.digitaloceanspaces.com/hq.yumyums/items/ground-beef.png","user":"Jamal C. (jamal@yumyums.kitchen)","page":"/inventory.html","ua":"Mozilla/5.0 (X11; Linux x86_64) AppleWebKit/537.36 (KHTML, like Gecko) HeadlessChrome/147.0.7727.15 Safari/537.36"}
[2m[WebServer] [22m{"time":"2026-10-07T08:13:00.869428891-04:00","level":"INFO","msg":"client log","level":"WARN","message":"[inventory] item photo failed to load, showing placeholder Hot Dog Rolls https://nyc3.digitaloceanspaces.com/hq.yumyums/items/hot-dog-rolls.png","user":"Jamal C. (jamal@yumyums.kitchen)","page":"/inventory.html","ua":"Mozilla/5.0 (X11; Linux x86_64) AppleWebKit/537.36 (KHTML, like Gecko) HeadlessChrome/147.0.7727.15 Safari/537.36"}
[2m[WebServer] [22m{"time":"2026-10-07T08:13:00.973035293-04:00","level":"INFO","msg":"client log","level":"WARN","message":"[inventory] item photo failed to load, showing placeholder Honey Mustard https://nyc3.digitaloceanspaces.com/hq.yumyums/items/honey-mustard.png","user":"Jamal C. (jamal@yumyums.kitchen)","page":"/inventory.html","ua":"Mozilla/5.0 (X11; Linux x86_64) AppleWebKit/537.36 (KHTML, like Gecko) HeadlessChrome/147.0.7727.15 Safari/537.36"}
[2m[WebServer] [22m{"time":"2026-10-07T08:13:01.030052681-04:00","level":"INFO","msg":"client log","level":"WARN","message":"[inventory] item photo failed to load, showing placeholder Coke https://nyc3.digitaloceanspaces.com/hq.yumyums/items/coke.png","user":"Jamal C. (jamal@yumyums.kitchen)","page":"/inventory.html","ua":"Mozilla/5.0 (X11; Linux x86_64) AppleWebKit/537.36 (KHTML, like Gecko) HeadlessChrome/147.0.7727.15 Safari/537.36"}
[2m[WebServer] [22m{"time":"2026-10-07T08:13:01.046400901-04:00","level":"INFO","msg":"client log","level":"WARN","message":"[inventory] item photo failed to load, showing placeholder Garlic Powder https://nyc3.digitaloceanspaces.com/hq.yumyums/items/garlic-powder.png","user":"Jamal C. (jamal@yumyums.kitchen)","page":"/inventory.html","ua":"Mozilla/5.0 (X11; Linux x86_64) AppleWebKit/537.36 (KHTML, like Gecko) HeadlessChrome/147.0.7727.15 Safari/537.36"}
[2m[WebServer] [22m{"time":"2026-10-07T08:13:01.088068768-04:00","level":"INFO","msg":"client log","level":"WARN","message":"[inventory] item photo failed to load, showing placeholder Coke Zero https://nyc3.digitaloceanspaces.com/hq.yumyums/items/coke-zero.png","user":"Jamal C. (jamal@yumyums.kitchen)","page":"/inventory.html","ua":"Mozilla/5.0 (X11; Linux x86_64) AppleWebKit/537.36 (KHTML, like Gecko) HeadlessChrome/147.0.7727.15 Safari/537.36"}
[2m[WebServer] [22m{"time":"2026-10-07T08:13:01.198000074-04:00","level":"INFO","msg":"client log","level":"WARN","message":"[inventory] item photo failed to load, showing placeholder Granulated Onion https://nyc3.digitaloceanspaces.com/hq.yumyums/items/granulated-onion.png","user":"Jamal C. (jamal@yumyums.kitchen)","page":"/inventory.html","ua":"Mozilla/5.0 (X11; Linux x86_64) AppleWebKit/537.36 (KHTML, like Gecko) HeadlessChrome/147.0.7727.15 Safari/537.36"}
[2m[WebServer] [22m{"time":"2026-10-07T08:13:01.254731589-04:00","level":"INFO","msg":"client log","level":"WARN","message":"[inventory] item photo failed to load, showing placeholder Coarse Sea Salt https://nyc3.digitaloceanspaces.com/hq.yumyums/items/coarse-sea-salt.png","user":"Jamal C. (jamal@yumyums.kitchen)","page":"/inventory.html","ua":"Mozilla/5.0 (X11; Linux x86_64) AppleWebKit/537.36 (KHTML, like Gecko) HeadlessChrome/147.0.7727.15 Safari/537.36"}
[2m[WebServer] [22m{"time":"2026-10-07T08:13:01.278110861-04:00","level":"INFO","msg":"client log","level":"WARN","message":"[inventory] item photo failed to load, showing placeholder Sanitizing Tablets https://nyc3.digitaloceanspaces.com/hq.yumyums/items/sanitizing-tablets.png","user":"Jamal C. (jamal@yumyums.kitchen)","page":"/inventory.html","ua":"Mozilla/5.0 (X11; Linux x86_64) AppleWebKit/537.36 (KHTML, like Gecko) HeadlessChrome/147.0.7727.15 Safari/537.36"}
[2m[WebServer] [22m{"time":"2026-10-07T08:13:01.295187884-04:00","level":"INFO","msg":"client log","level":"WARN","message":"[inventory] item photo failed to load, showing placeholder Salt https://nyc3.digitaloceanspaces.com/hq.yumyums/items/salt.png","user":"Jamal C. (jamal@yumyums.kitchen)","page":"/inventory.html","ua":"Mozilla/5.0 (X11; Linux x86_64) AppleWebKit/537.36 (KHTML, like Gecko) HeadlessChrome/147.0.7727.15 Safari/537.36"}
[2m[WebServer] [22m{"time":"2026-10-07T08:13:01.368836631-04:00","level":"INFO","msg":"client log","level":"WARN","message":"[inventory] item photo failed to load, showing placeholder Mango Syrup https://nyc3.digitaloceanspaces.com/hq.yumyums/items/mango-syrup.png","user":"Jamal C. (jamal@yumyums.kitchen)","page":"/inventory.html","ua":"Mozilla/5.0 (X11; Linux x86_64) AppleWebKit/537.36 (KHTML, like Gecko) HeadlessChrome/147.0.7727.15 Safari/537.36"}
[2m[WebServer] [22m{"time":"2026-10-07T08:13:01.380923557-04:00","level":"INFO","msg":"client log","level":"WARN","message":"[inventory] item photo failed to load, showing placeholder Towels https://nyc3.digitaloceanspaces.com/hq.yumyums/items/towels.png","user":"Jamal C. (jamal@yumyums.kitchen)","page":"/inventory.html","ua":"Mozilla/5.0 (X11; Linux x86_64) AppleWebKit/537.36 (KHTML, like Gecko) HeadlessChrome/147.0.7727.15 Safari/537.36"}
[2m[WebServer] [22m{"time":"2026-10-07T08:13:01.523633388-04:00","level":"INFO","msg":"client log","level":"WARN","message":"[inventory] item photo failed to load, showing placeholder Frank’s Hot Sauce https://nyc3.digitaloceanspaces.com/hq.yumyums/items/frank-s-hot-sauce.png","user":"Jamal C. (jamal@yumyums.kitchen)","page":"/inventory.html","ua":"Mozilla/5.0 (X11; Linux x86_64) AppleWebKit/537.36 (KHTML, like Gecko) HeadlessChrome/147.0.7727.15 Safari/537.36"}
[2m[WebServer] [22m{"time":"2026-10-07T08:13:01.535117921-04:00","level":"INFO","msg":"client log","level":"WARN","message":"[inventory] item photo failed to load, showing placeholder Mumbo Sauce https://nyc3.digitaloceanspaces.com/hq.yumyums/items/mumbo-sauce.png","user":"Jamal C. (jamal@yumyums.kitchen)","page":"/inventory.html","ua":"Mozilla/5.0 (X11; Linux x86_64) AppleWebKit/537.36 (KHTML, like Gecko) HeadlessChrome/147.0.7727.15 Safari/537.36"}
[2m[WebServer] [22m{"time":"2026-10-07T08:13:01.694278085-04:00","level":"INFO","msg":"client log","level":"WARN","message":"[inventory] item photo failed to load, showing placeholder Brisket Rolls https://nyc3.digitaloceanspaces.com/hq.yumyums/items/brisket-rolls.png","user":"Jamal C. (jamal@yumyums.kitchen)","page":"/inventory.html","ua":"Mozilla/5.0 (X11; Linux x86_64) AppleWebKit/537.36 (KHTML, like Gecko) HeadlessChrome/147.0.7727.15 Safari/537.36"}
[2m[WebServer] [22m{"time":"2026-10-07T08:13:01.70064644-04:00","level":"INFO","msg":"client log","level":"WARN","message":"[inventory] item photo failed to load, showing placeholder Sour Cream https://nyc3.digitaloceanspaces.com/hq.yumyums/items/sour-cream.png","user":"Jamal C. (jamal@yumyums.kitchen)","page":"/inventory.html","ua":"Mozilla/5.0 (X11; Linux x86_64) AppleWebKit/537.36 (KHTML, like Gecko) HeadlessChrome/147.0.7727.15 Safari/537.36"}
[2m[WebServer] [22m{"time":"2026-10-07T08:13:01.746334162-04:00","level":"INFO","msg":"client log","level":"WARN","message":"[inventory] item photo failed to load, showing placeholder Chicken Tenders https://nyc3.digitaloceanspaces.com/hq.yumyums/items/chicken-tenders.png","user":"Jamal C. (jamal@yumyums.kitchen)","page":"/inventory.html","ua":"Mozilla/5.0 (X11; Linux x86_64) AppleWebKit/537.36 (KHTML, like Gecko) HeadlessChrome/147.0.7727.15 Safari/537.36"}
[2m[WebServer] [22m{"time":"2026-10-07T08:13:01.76587723-04:00","level":"INFO","msg":"client log","level":"WARN","message":"[inventory] item photo failed to load, showing placeholder Bbq Sauce https://nyc3.digitaloceanspaces.com/hq.yumyums/items/bbq-sauce.png","user":"Jamal C. (jamal@yumyums.kitchen)","page":"/inventory.html","ua":"Mozilla/5.0 (X11; Linux x86_64) AppleWebKit/537.36 (KHTML, like Gecko) HeadlessChrome/147.0.7727.15 Safari/537.36"}
[2m[WebServer] [22m{"time":"2026-10-07T08:13:01.803456728-04:00","level":"INFO","msg":"client log","level":"WARN","message":"[inventory] item photo failed to load, showing placeholder Hamburger Rolls https://nyc3.digitaloceanspaces.com/hq.yumyums/items/hamburger-rolls.png","user":"Jamal C. (jamal@yumyums.kitchen)","page":"/inventory.html","ua":"Mozilla/5.0 (X11; Linux x86_64) AppleWebKit/537.36 (KHTML, like Gecko) HeadlessChrome/147.0.7727.15 Safari/537.36"}
[2m[WebServer] [22m{"time":"2026-10-07T08:13:01.918947361-04:00","level":"INFO","msg":"client log","level":"WARN","message":"[inventory] item photo failed to load, showing placeholder Chicken Party Wings https://nyc3.digitaloceanspaces.com/hq.yumyums/items/chicken-party-wings.png","user":"Jamal C. (jamal@yumyums.kitchen)","page":"/inventory.html","ua":"Mozilla/5.0 (X11; Linux x86_64) AppleWebKit/537.36 (KHTML, like Gecko) HeadlessChrome/147.0.7727.15 Safari/537.36"}
[2m[WebServer] [22m{"time":"2026-10-07T08:13:01.935282229-04:00","level":"INFO","msg":"client log","level":"WARN","message":"[inventory] item photo failed to load, showing placeholder Mayonnaise https://nyc3.digitaloceanspaces.com/hq.yumyums/items/mayonnaise.png","user":"Jamal C. (jamal@yumyums.kitchen)","page":"/inventory.html","ua":"Mozilla/5.0 (X11; Linux x86_64) AppleWebKit/537.36 (KHTML, like Gecko) HeadlessChrome/147.0.7727.15 Safari/537.36"}
[2m[WebServer] [22m{"time":"2026-10-07T08:13:01.968596603-04:00","level":"INFO","msg":"client log","level":"WARN","message":"[inventory] item photo failed to load, showing placeholder Ketchup Jug https://nyc3.digitaloceanspaces.com/hq.yumyums/items/ketchup-jug.png","user":"Jamal C. (jamal@yumyums.kitchen)","page":"/inventory.html","ua":"Mozilla/5.0 (X11; Linux x86_64) AppleWebKit/537.36 (KHTML, like Gecko) HeadlessChrome/147.0.7727.15 Safari/537.36"}
[2m[WebServer] [22m{"time":"2026-10-07T08:13:01.98016552-04:00","level":"INFO","msg":"client log","level":"WARN","message":"[inventory] item photo failed to load, showing placeholder Mexican Cheese https://nyc3.digitaloceanspaces.com/hq.yumyums/items/mexican-cheese.png","user":"Jamal C. (jamal@yumyums.kitchen)","page":"/inventory.html","ua":"Mozilla/5.0 (X11; Linux x86_64) AppleWebKit/537.36 (KHTML, like Gecko) HeadlessChrome/147.0.7727.15 Safari/537.36"}
[2m[WebServer] [22m{"time":"2026-10-07T08:13:02.002550144-04:00","level":"INFO","msg":"client log","level":"WARN","message":"[inventory] item photo failed to load, showing placeholder Trash Bags (30 Gallon) https://nyc3.digitaloceanspaces.com/hq.yumyums/items/trash-bags-30-gallon.png","user":"Jamal C. (jamal@yumyums.kitchen)","page":"/inventory.html","ua":"Mozilla/5.0 (X11; Linux x86_64) AppleWebKit/537.36 (KHTML, like Gecko) HeadlessChrome/147.0.7727.15 Safari/537.36"}
[2m[WebServer] [22m{"time":"2026-10-07T08:13:02.099244023-04:00","level":"INFO","msg":"client log","level":"WARN","message":"[inventory] item photo failed to load, showing placeholder Boxes (No 2) https://nyc3.digitaloceanspaces.com/hq.yumyums/items/boxes-no-2.png","user":"Jamal C. (jamal@yumyums.kitchen)","page":"/inventory.html","ua":"Mozilla/5.0 (X11; Linux x86_64) AppleWebKit/537.36 (KHTML, like Gecko) HeadlessChrome/147.0.7727.15 Safari/537.36"}
[2m[WebServer] [22m{"time":"2026-10-07T08:13:02.130557937-04:00","level":"INFO","msg":"client log","level":"WARN","message":"[inventory] item photo failed to load, showing placeholder Olive Oil Blend https://nyc3.digitaloceanspaces.com/hq.yumyums/items/olive-oil-blend.png","user":"Jamal C. (jamal@yumyums.kitchen)","page":"/inventory.html","ua":"Mozilla/5.0 (X11; Linux x86_64) AppleWebKit/537.36 (KHTML, like Gecko) HeadlessChrome/147.0.7727.15 Safari/537.36"}
[2m[WebServer] [22m{"time":"2026-10-07T08:13:02.157428329-04:00","level":"INFO","msg":"client log","level":"WARN","message":"[inventory] item photo failed to load, showing placeholder Fries https://nyc3.digitaloceanspaces.com/hq.yumyums/items/fries.png","user":"Jamal C. (jamal@yumyums.kitchen)","page":"/inventory.html","ua":"Mozilla/5.0 (X11; Linux x86_64) AppleWebKit/537.36 (KHTML, like Gecko) HeadlessChrome/147.0.7727.15 Safari/537.36"}
[2m[WebServer] [22m{"time":"2026-10-07T08:13:02.255377317-04:00","level":"INFO","msg":"client log","level":"WARN","message":"[inventory] item photo failed to load, showing placeholder Forks https://nyc3.digitaloceanspaces.com/hq.yumyums/items/forks.png","user":"Jamal C. (jamal@yumyums.kitchen)","page":"/inventory.html","ua":"Mozilla/5.0 (X11; Linux x86_64) AppleWebKit/537.36 (KHTML, like Gecko) HeadlessChrome/147.0.7727.15 Safari/537.36"}
[2m[WebServer] [22m{"time":"2026-10-07T08:13:02.287106118-04:00","level":"INFO","msg":"client log","level":"WARN","message":"[inventory] item photo failed to load, showing placeholder Straws https://nyc3.digitaloceanspaces.com/hq.yumyums/items/straws.png","user":"Jamal C. (jamal@yumyums.kitchen)","page":"/inventory.html","ua":"Mozilla/5.0 (X11; Linux x86_64) AppleWebKit/537.36 (KHTML, like Gecko) HeadlessChrome/147.0.7727.15 Safari/537.36"}
[2m[WebServer] [22m{"time":"2026-10-07T08:13:02.306369889-04:00","level":"INFO","msg":"client log","level":"WARN","message":"[inventory] item photo failed to load, showing placeholder Everything Bagel Seasoning https://nyc3.digitaloceanspaces.com/hq.yumyums/items/everything-bagel-seasoning.png","user":"Jamal C. (jamal@yumyums.kitchen)","page":"/inventory.html","ua":"Mozilla/5.0 (X11; Linux x86_64) AppleWebKit/537.36 (KHTML, like Gecko) HeadlessChrome/147.0.7727.15 Safari/537.36"}
[2m[WebServer] [22m{"time":"2026-10-07T08:13:02.321687583-04:00","level":"INFO","msg":"client log","level":"WARN","message":"[inventory] item photo failed to load, showing placeholder Mint https://nyc3.digitaloceanspaces.com/hq.yumyums/items/mint.png","user":"Jamal C. (jamal@yumyums.kitchen)","page":"/inventory.html","ua":"Mozilla/5.0 (X11; Linux x86_64) AppleWebKit/537.36 (KHTML, like Gecko) HeadlessChrome/147.0.7727.15 Safari/537.36"}
[2m[WebServer] [22m{"time":"2026-10-07T08:13:02.445228057-04:00","level":"INFO","msg":"client log","level":"WARN","message":"[inventory] item photo failed to load, showing placeholder Parm Cheese https://nyc3.digitaloceanspaces.com/hq.yumyums/items/parm-cheese.png","user":"Jamal C. (jamal@yumyums.kitchen)","page":"/inventory.html","ua":"Mozilla/5.0 (X11; Linux x86_64) AppleWebKit/537.36 (KHTML, like Gecko) HeadlessChrome/147.0.7727.15 Safari/537.36"}
[2m[WebServer] [22m{"time":"2026-10-07T08:13:02.44620511-04:00","level":"INFO","msg":"client log","level":"WARN","message":"[inventory] item photo failed to load, showing placeholder Tomaotes https://nyc3.digitaloceanspaces.com/hq.yumyums/items/tomaotes.png","user":"Jamal C. (jamal@yumyums.kitchen)","page":"/inventory.html","ua":"Mozilla/5.0 (X11; Linux x86_64) AppleWebKit/537.36 (KHTML, like Gecko) HeadlessChrome/147.0.7727.15 Safari/537.36"}
[2m[WebServer] [22m{"time":"2026-10-07T08:13:02.454385867-04:00","level":"INFO","msg":"client log","level":"WARN","message":"[inventory] item photo failed to load, showing placeholder Red Peppers https://nyc3.digitaloceanspaces.com/hq.yumyums/items/red-peppers.png","user":"Jamal C. (jamal@yumyums.kitchen)","page":"/inventory.html","ua":"Mozilla/5.0 (X11; Linux x86_64) AppleWebKit/537.36 (KHTML, like Gecko) HeadlessChrome/147.0.7727.15 Safari/537.36"}
[2m[WebServer] [22m{"time":"2026-10-07T08:13:02.476436816-04:00","level":"INFO","msg":"client log","level":"WARN","message":"[inventory] item photo failed to load, showing placeholder Lemon Juice https://nyc3.digitaloceanspaces.com/hq.yumyums/items/lemon-juice.png","user":"Jamal C. (jamal@yumyums.kitchen)","page":"/inventory.html","ua":"Mozilla/5.0 (X11; Linux x86_64) AppleWebKit/537.36 (KHTML, like Gecko) HeadlessChrome/147.0.7727.15 Safari/537.36"}
[2m[WebServer] [22m{"time":"2026-10-07T08:13:02.495294236-04:00","level":"INFO","msg":"client log","level":"WARN","message":"[inventory] item photo failed to load, showing placeholder Avocados https://nyc3.digitaloceanspaces.com/hq.yumyums/items/avocados.png","user":"Jamal C. (jamal@yumyums.kitchen)","page":"/inventory.html","ua":"Mozilla/5.0 (X11; Linux x86_64) AppleWebKit/537.36 (KHTML, like Gecko) HeadlessChrome/147.0.7727.15 Safari/537.36"}
[2m[WebServer] [22m{"time":"2026-10-07T08:13:02.522880292-04:00","level":"INFO","msg":"client log","level":"WARN","message":"[inventory] item photo failed to load, showing placeholder Dr. Pepper https://nyc3.digitaloceanspaces.com/hq.yumyums/items/dr-pepper.png","user":"Jamal C. (jamal@yumyums.kitchen)","page":"/inventory.html","ua":"Mozilla/5.0 (X11; Linux x86_64) AppleWebKit/537.36 (KHTML, like Gecko) HeadlessChrome/147.0.7727.15 Safari/537.36"}
[2m[WebServer] [22m{"time":"2026-10-07T08:13:02.60806611-04:00","level":"INFO","msg":"client log","level":"WARN","message":"[inventory] item photo failed to load, showing placeholder Frying Oil https://nyc3.digitaloceanspaces.com/hq.yumyums/items/frying-oil.png","user":"Jamal C. (jamal@yumyums.kitchen)","page":"/inventory.html","ua":"Mozilla/5.0 (X11; Linux x86_64) AppleWebKit/537.36 (KHTML, like Gecko) HeadlessChrome/147.0.7727.15 Safari/537.36"}
[2m[WebServer] [22m{"time":"2026-10-07T08:13:02.619157123-04:00","level":"INFO","msg":"client log","level":"WARN","message":"[inventory] item photo failed to load, showing placeholder Boxes (No 8) https://nyc3.digitaloceanspaces.com/hq.yumyums/items/boxes-no-8.png","user":"Jamal C. (jamal@yumyums.kitchen)","page":"/inventory.html","ua":"Mozilla/5.0 (X11; Linux x86_64) AppleWebKit/537.36 (KHTML, like Gecko) HeadlessChrome/147.0.7727.15 Safari/537.36"}
[2m[WebServer] [22m{"time":"2026-10-07T08:13:02.652823501-04:00","level":"INFO","msg":"client log","level":"WARN","message":"[inventory] item photo failed to load, showing placeholder Bleach https://nyc3.digitaloceanspaces.com/hq.yumyums/items/bleach.png","user":"Jamal C. (jamal@yumyums.kitchen)","page":"/inventory.html","ua":"Mozilla/5.0 (X11; Linux x86_64) AppleWebKit/537.36 (KHTML, like Gecko) HeadlessChrome/147.0.7727.15 Safari/537.36"}
[2m[WebServer] [22m{"time":"2026-10-07T08:13:02.738882385-04:00","level":"INFO","msg":"client log","level":"WARN","message":"[inventory] item photo failed to load, showing placeholder Gloves https://nyc3.digitaloceanspaces.com/hq.yumyums/items/gloves.png","user":"Jamal C. (jamal@yumyums.kitchen)","page":"/inventory.html","ua":"Mozilla/5.0 (X11; Linux x86_64) AppleWebKit/537.36 (KHTML, like Gecko) HeadlessChrome/147.0.7727.15 Safari/537.36"}
[2m[WebServer] [22m{"time":"2026-10-07T08:13:02.75256732-04:00","level":"INFO","msg":"client log","level":"WARN","message":"[inventory] item photo failed to load, showing placeholder Sugar https://nyc3.digitaloceanspaces.com/hq.yumyums/items/sugar.png","user":"Jamal C. (jamal@yumyums.kitchen)","page":"/inventory.html","ua":"Mozilla/5.0 (X11; Linux x86_64) AppleWebKit/537.36 (KHTML, like Gecko) HeadlessChrome/147.0.7727.15 Safari/537.36"}
[2m[WebServer] [22m{"time":"2026-10-07T08:13:02.834756492-04:00","level":"INFO","msg":"client log","level":"WARN","message":"[inventory] item photo failed to load, showing placeholder No Rinse Floor Cleaner https://nyc3.digitaloceanspaces.com/hq.yumyums/items/no-rinse-floor-cleaner.png","user":"Jamal C. (jamal@yumyums.kitchen)","page":"/inventory.html","ua":"Mozilla/5.0 (X11; Linux x86_64) AppleWebKit/537.36 (KHTML, like Gecko) HeadlessChrome/147.0.7727.15 Safari/537.36"}
[2m[WebServer] [22m{"time":"2026-10-07T08:13:02.877083993-04:00","level":"INFO","msg":"client log","level":"WARN","message":"[inventory] item photo failed to load, showing placeholder Relish https://nyc3.digitaloceanspaces.com/hq.yumyums/items/relish.png","user":"Jamal C. (jamal@yumyums.kitchen)","page":"/inventory.html","ua":"Mozilla/5.0 (X11; Linux x86_64) AppleWebKit/537.36 (KHTML, like Gecko) HeadlessChrome/147.0.7727.15 Safari/537.36"}
[2m[WebServer] [22m{"time":"2026-10-07T08:13:02.891091449-04:00","level":"INFO","msg":"client log","level":"WARN","message":"[inventory] item photo failed to load, showing placeholder Cup Holders https://nyc3.digitaloceanspaces.com/hq.yumyums/items/cup-holders.png","user":"Jamal C. (jamal@yumyums.kitchen)","page":"/inventory.html","ua":"Mozilla/5.0 (X11; Linux x86_64) AppleWebKit/537.36 (KHTML, like Gecko) HeadlessChrome/147.0.7727.15 Safari/537.36"}
[2m[WebServer] [22m{"time":"2026-10-07T08:13:02.948004041-04:00","level":"INFO","msg":"client log","level":"WARN","message":"[inventory] item photo failed to load, showing placeholder Blast Away https://nyc3.digitaloceanspaces.com/hq.yumyums/items/blast-away.png","user":"Jamal C. (jamal@yumyums.kitchen)","page":"/inventory.html","ua":"Mozilla/5.0 (X11; Linux x86_64) AppleWebKit/537.36 (KHTML, like Gecko) HeadlessChrome/147.0.7727.15 Safari/537.36"}
[2m[WebServer] [22m{"time":"2026-10-07T08:13:03.007621155-04:00","level":"INFO","msg":"client log","level":"WARN","message":"[inventory] item photo failed to load, showing placeholder Blue Cheese Dressing https://nyc3.digitaloceanspaces.com/hq.yumyums/items/blue-cheese-dressing.png","user":"Jamal C. (jamal@yumyums.kitchen)","page":"/inventory.html","ua":"Mozilla/5.0 (X11; Linux x86_64) AppleWebKit/537.36 (KHTML, like Gecko) HeadlessChrome/147.0.7727.15 Safari/537.36"}
[2m[WebServer] [22m{"time":"2026-10-07T08:13:03.049386912-04:00","level":"INFO","msg":"client log","level":"WARN","message":"[inventory] item photo failed to load, showing placeholder Hand Towels https://nyc3.digitaloceanspaces.com/hq.yumyums/items/hand-towels.png","user":"Jamal C. (jamal@yumyums.kitchen)","page":"/inventory.html","ua":"Mozilla/5.0 (X11; Linux x86_64) AppleWebKit/537.36 (KHTML, like Gecko) HeadlessChrome/147.0.7727.15 Safari/537.36"}
[2m[WebServer] [22m{"time":"2026-10-07T08:13:03.121919882-04:00","level":"INFO","msg":"client log","level":"WARN","message":"[inventory] item photo failed to load, showing placeholder Sriracha https://nyc3.digitaloceanspaces.com/hq.yumyums/items/sriracha.png","user":"Jamal C. (jamal@yumyums.kitchen)","page":"/inventory.html","ua":"Mozilla/5.0 (X11; Linux x86_64) AppleWebKit/537.36 (KHTML, like Gecko) HeadlessChrome/147.0.7727.15 Safari/537.36"}
[2m[WebServer] [22m{"time":"2026-10-07T08:13:03.157577589-04:00","level":"INFO","msg":"client log","level":"WARN","message":"[inventory] item photo failed to load, showing placeholder Allspice https://nyc3.digitaloceanspaces.com/hq.yumyums/items/allspice.png","user":"Jamal C. (jamal@yumyums.kitchen)","page":"/inventory.html","ua":"Mozilla/5.0 (X11; Linux x86_64) AppleWebKit/537.36 (KHTML, like Gecko) HeadlessChrome/147.0.7727.15 Safari/537.36"}
[2m[WebServer] [22m{"time":"2026-10-07T08:13:03.285390078-04:00","level":"INFO","msg":"client log","level":"WARN","message":"[inventory] item photo failed to load, showing placeholder Honey Garlic Sauce https://nyc3.digitaloceanspaces.com/hq.yumyums/items/honey-garlic-sauce.png","user":"Jamal C. (jamal@yumyums.kitchen)","page":"/inventory.html","ua":"Mozilla/5.0 (X11; Linux x86_64) AppleWebKit/537.36 (KHTML, like Gecko) HeadlessChrome/147.0.7727.15 Safari/537.36"}
[2m[WebServer] [22m{"time":"2026-10-07T08:13:03.285513503-04:00","level":"INFO","msg":"client log","level":"WARN","message":"[inventory] item photo failed to load, showing placeholder Hoagie Containers https://nyc3.digitaloceanspaces.com/hq.yumyums/items/hoagie-containers.png","user":"Jamal C. (jamal@yumyums.kitchen)","page":"/inventory.html","ua":"Mozilla/5.0 (X11; Linux x86_64) AppleWebKit/537.36 (KHTML, like Gecko) HeadlessChrome/147.0.7727.15 Safari/537.36"}
[2m[WebServer] [22m{"time":"2026-10-07T08:13:03.298867304-04:00","level":"INFO","msg":"client log","level":"WARN","message":"[inventory] item photo failed to load, showing placeholder Aluminum Foil https://nyc3.digitaloceanspaces.com/hq.yumyums/items/aluminum-foil.png","user":"Jamal C. (jamal@yumyums.kitchen)","page":"/inventory.html","ua":"Mozilla/5.0 (X11; Linux x86_64) AppleWebKit/537.36 (KHTML, like Gecko) HeadlessChrome/147.0.7727.15 Safari/537.36"}
[2m[WebServer] [22m{"time":"2026-10-07T08:13:03.34552867-04:00","level":"INFO","msg":"client log","level":"WARN","message":"[inventory] item photo failed to load, showing placeholder Dish Soap https://nyc3.digitaloceanspaces.com/hq.yumyums/items/dish-soap.png","user":"Jamal C. (jamal@yumyums.kitchen)","page":"/inventory.html","ua":"Mozilla/5.0 (X11; Linux x86_64) AppleWebKit/537.36 (KHTML, like Gecko) HeadlessChrome/147.0.7727.15 Safari/537.36"}
[2m[WebServer] [22m{"time":"2026-10-07T08:13:03.408368348-04:00","level":"INFO","msg":"client log","level":"WARN","message":"[inventory] item photo failed to load, showing placeholder Cucumber https://nyc3.digitaloceanspaces.com/hq.yumyums/items/cucumber.png","user":"Jamal C. (jamal@yumyums.kitchen)","page":"/inventory.html","ua":"Mozilla/5.0 (X11; Linux x86_64) AppleWebKit/537.36 (KHTML, like Gecko) HeadlessChrome/147.0.7727.15 Safari/537.36"}
[2m[WebServer] [22m{"time":"2026-10-07T08:13:03.449096525-04:00","level":"INFO","msg":"client log","level":"WARN","message":"[inventory] item photo failed to load, showing placeholder Red Onions https://nyc3.digitaloceanspaces.com/hq.yumyums/items/red-onions.png","user":"Jamal C. (jamal@yumyums.kitchen)","page":"/inventory.html","ua":"Mozilla/5.0 (X11; Linux x86_64) AppleWebKit/537.36 (KHTML, like Gecko) HeadlessChrome/147.0.7727.15 Safari/537.36"}
[2m[WebServer] [22m{"time":"2026-10-07T08:13:03.50430906-04:00","level":"INFO","msg":"client log","level":"WARN","message":"[inventory] item photo failed to load, showing placeholder Charcoal https://nyc3.digitaloceanspaces.com/hq.yumyums/items/charcoal.png","user":"Jamal C. (jamal@yumyums.kitchen)","page":"/inventory.html","ua":"Mozilla/5.0 (X11; Linux x86_64) AppleWebKit/537.36 (KHTML, like Gecko) HeadlessChrome/147.0.7727.15 Safari/537.36"}
[2m[WebServer] [22m{"time":"2026-10-07T08:13:03.534758978-04:00","level":"INFO","msg":"client log","level":"WARN","message":"[inventory] item photo failed to load, showing placeholder Plastic Bags https://nyc3.digitaloceanspaces.com/hq.yumyums/items/plastic-bags.png","user":"Jamal C. (jamal@yumyums.kitchen)","page":"/inventory.html","ua":"Mozilla/5.0 (X11; Linux x86_64) AppleWebKit/537.36 (KHTML, like Gecko) HeadlessChrome/147.0.7727.15 Safari/537.36"}
[2m[WebServer] [22m{"time":"2026-10-07T08:13:03.574302127-04:00","level":"INFO","msg":"client log","level":"WARN","message":"[inventory] item photo failed to load, showing placeholder Brisket https://nyc3.digitaloceanspaces.com/hq.yumyums/items/brisket.png","user":"Jamal C. (jamal@yumyums.kitchen)","page":"/inventory.html","ua":"Mozilla/5.0 (X11; Linux x86_64) AppleWebKit/537.36 (KHTML, like Gecko) HeadlessChrome/147.0.7727.15 Safari/537.36"}
[2m[WebServer] [22m{"time":"2026-10-07T08:13:03.609346862-04:00","level":"INFO","msg":"client log","level":"WARN","message":"[inventory] item photo failed to load, showing placeholder Cups https://nyc3.digitaloceanspaces.com/hq.yumyums/items/cups.png","user":"Jamal C. (jamal@yumyums.kitchen)","page":"/inventory.html","ua":"Mozilla/5.0 (X11; Linux x86_64) AppleWebKit/537.36 (KHTML, like Gecko) HeadlessChrome/147.0.7727.15 Safari/537.36"}
[2m[WebServer] [22m{"time":"2026-10-07T08:13:03.656541389-04:00","level":"INFO","msg":"client log","level":"WARN","message":"[inventory] item photo failed to load, showing placeholder Cayenne Pepper https://nyc3.digitaloceanspaces.com/hq.yumyums/items/cayenne-pepper.png","user":"Jamal C. (jamal@yumyums.kitchen)","page":"/inventory.html","ua":"Mozilla/5.0 (X11; Linux x86_64) AppleWebKit/537.36 (KHTML, like Gecko) HeadlessChrome/147.0.7727.15 Safari/537.36"}
[2m[WebServer] [22m{"time":"2026-10-07T08:13:03.681441798-04:00","level":"INFO","msg":"client log","level":"WARN","message":"[inventory] item photo failed to load, showing placeholder Lettuce https://nyc3.digitaloceanspaces.com/hq.yumyums/items/lettuce.png","user":"Jamal C. (jamal@yumyums.kitchen)","page":"/inventory.html","ua":"Mozilla/5.0 (X11; Linux x86_64) AppleWebKit/537.36 (KHTML, like Gecko) HeadlessChrome/147.0.7727.15 Safari/537.36"}
[2m[WebServer] [22m{"time":"2026-10-07T08:13:03.70933679-04:00","level":"INFO","msg":"client log","level":"WARN","message":"[inventory] item photo failed to load, showing placeholder Lids https://nyc3.digitaloceanspaces.com/hq.yumyums/items/lids.png","user":"Jamal C. (jamal@yumyums.kitchen)","page":"/inventory.html","ua":"Mozilla/5.0 (X11; Linux x86_64) AppleWebKit/537.36 (KHTML, like Gecko) HeadlessChrome/147.0.7727.15 Safari/537.36"}
[2m[WebServer] [22m{"time":"2026-10-07T08:13:03.745589072-04:00","level":"INFO","msg":"client log","level":"WARN","message":"[inventory] item photo failed to load, showing placeholder Bread Crumbs https://nyc3.digitaloceanspaces.com/hq.yumyums/items/bread-crumbs.png","user":"Jamal C. (jamal@yumyums.kitchen)","page":"/inventory.html","ua":"Mozilla/5.0 (X11; Linux x86_64) AppleWebKit/537.36 (KHTML, like Gecko) HeadlessChrome/147.0.7727.15 Safari/537.36"}
[2m[WebServer] [22m{"time":"2026-10-07T08:13:03.799699468-04:00","level":"INFO","msg":"client log","level":"WARN","message":"[inventory] item photo failed to load, showing placeholder Ranch Dressing https://nyc3.digitaloceanspaces.com/hq.yumyums/items/ranch-dressing.png","user":"Jamal C. (jamal@yumyums.kitchen)","page":"/inventory.html","ua":"Mozilla/5.0 (X11; Linux x86_64) AppleWebKit/537.36 (KHTML, like Gecko) HeadlessChrome/147.0.7727.15 Safari/537.36"}
[2m[WebServer] [22m{"time":"2026-10-07T08:13:03.824423373-04:00","level":"INFO","msg":"client log","level":"WARN","message":"[inventory] item photo failed to load, showing placeholder Napkins https://nyc3.digitaloceanspaces.com/hq.yumyums/items/napkins.png","user":"Jamal C. (jamal@yumyums.kitchen)","page":"/inventory.html","ua":"Mozilla/5.0 (X11; Linux x86_64) AppleWebKit/537.36 (KHTML, like Gecko) HeadlessChrome/147.0.7727.15 Safari/537.36"}
[2m[WebServer] [22m{"time":"2026-10-07T08:13:03.900345232-04:00","level":"INFO","msg":"client log","level":"WARN","message":"[inventory] item photo failed to load, showing placeholder Brown Sugar https://nyc3.digitaloceanspaces.com/hq.yumyums/items/brown-sugar.png","user":"Jamal C. (jamal@yumyums.kitchen)","page":"/inventory.html","ua":"Mozilla/5.0 (X11; Linux x86_64) AppleWebKit/537.36 (KHTML, like Gecko) HeadlessChrome/147.0.7727.15 Safari/537.36"}
[2m[WebServer] [22m{"time":"2026-10-07T08:13:03.942586678-04:00","level":"INFO","msg":"client log","level":"WARN","message":"[inventory] item photo failed to load, showing placeholder Corn https://nyc3.digitaloceanspaces.com/hq.yumyums/items/corn.png","user":"Jamal C. (jamal@yumyums.kitchen)","page":"/inventory.html","ua":"Mozilla/5.0 (X11; Linux x86_64) AppleWebKit/537.36 (KHTML, like Gecko) HeadlessChrome/147.0.7727.15 Safari/537.36"}
[2m[WebServer] [22m{"time":"2026-10-07T08:13:03.988533659-04:00","level":"INFO","msg":"client log","level":"WARN","message":"[inventory] item photo failed to load, showing placeholder Spinach He https://nyc3.digitaloceanspaces.com/hq.yumyums/items/spinach-he.png","user":"Jamal C. (jamal@yumyums.kitchen)","page":"/inventory.html","ua":"Mozilla/5.0 (X11; Linux x86_64) AppleWebKit/537.36 (KHTML, like Gecko) HeadlessChrome/147.0.7727.15 Safari/537.36"}
[2m[WebServer] [22m{"time":"2026-10-07T08:13:04.043107301-04:00","level":"INFO","msg":"client log","level":"WARN","message":"[inventory] item photo failed to load, showing placeholder Green Peppers https://nyc3.digitaloceanspaces.com/hq.yumyums/items/green-peppers.png","user":"Jamal C. (jamal@yumyums.kitchen)","page":"/inventory.html","ua":"Mozilla/5.0 (X11; Linux x86_64) AppleWebKit/537.36 (KHTML, like Gecko) HeadlessChrome/147.0.7727.15 Safari/537.36"}
[2m[WebServer] [22m{"time":"2026-10-07T08:13:04.076611637-04:00","level":"INFO","msg":"client log","level":"WARN","message":"[inventory] item photo failed to load, showing placeholder Ketchup Packets https://nyc3.digitaloceanspaces.com/hq.yumyums/items/ketchup-packets.png","user":"Jamal C. (jamal@yumyums.kitchen)","page":"/inventory.html","ua":"Mozilla/5.0 (X11; Linux x86_64) AppleWebKit/537.36 (KHTML, like Gecko) HeadlessChrome/147.0.7727.15 Safari/537.36"}
[2m[WebServer] [22m{"time":"2026-10-07T08:13:04.130910012-04:00","level":"INFO","msg":"client log","level":"WARN","message":"[inventory] item photo failed to load, showing placeholder Pan Spray https://nyc3.digitaloceanspaces.com/hq.yumyums/items/pan-spray.png","user":"Jamal C. (jamal@yumyums.kitchen)","page":"/inventory.html","ua":"Mozilla/5.0 (X11; Linux x86_64) AppleWebKit/537.36 (KHTML, like Gecko) HeadlessChrome/147.0.7727.15 Safari/537.36"}
[2m[WebServer] [22m{"time":"2026-10-07T08:13:04.180474061-04:00","level":"INFO","msg":"client log","level":"WARN","message":"[inventory] item photo failed to load, showing placeholder White Onions https://nyc3.digitaloceanspaces.com/hq.yumyums/items/white-onions.png","user":"Jamal C. (jamal@yumyums.kitchen)","page":"/inventory.html","ua":"Mozilla/5.0 (X11; Linux x86_64) AppleWebKit/537.36 (KHTML, like Gecko) HeadlessChrome/147.0.7727.15 Safari/537.36"}
[2m[WebServer] [22m{"time":"2026-10-07T08:13:04.211105096-04:00","level":"INFO","msg":"client log","level":"WARN","message":"[inventory] item photo failed to load, showing placeholder Black Pepper https://nyc3.digitaloceanspaces.com/hq.yumyums/items/black-pepper.png","user":"Jamal C. (jamal@yumyums.kitchen)","page":"/inventory.html","ua":"Mozilla/5.0 (X11; Linux x86_64) AppleWebKit/537.36 (KHTML, like Gecko) HeadlessChrome/147.0.7727.15 Safari/537.36"}
[2m[WebServer] [22m{"time":"2026-10-07T08:13:04.262084724-04:00","level":"INFO","msg":"client log","level":"WARN","message":"[inventory] item photo failed to load, showing placeholder Lemons https://nyc3.digitaloceanspaces.com/hq.yumyums/items/lemons.png","user":"Jamal C. (jamal@yumyums.kitchen)","page":"/inventory.html","ua":"Mozilla/5.0 (X11; Linux x86_64) AppleWebKit/537.36 (KHTML, like Gecko) HeadlessChrome/147.0.7727.15 Safari/537.36"}
[2m[WebServer] [22m{"time":"2026-10-07T08:13:04.304399947-04:00","level":"INFO","msg":"client log","level":"WARN","message":"[inventory] item photo failed to load, showing placeholder Crabmeat https://nyc3.digitaloceanspaces.com/hq.yumyums/items/crabmeat.png","user":"Jamal C. (jamal@yumyums.kitchen)","page":"/inventory.html","ua":"Mozilla/5.0 (X11; Linux x86_64) AppleWebKit/537.36 (KHTML, like Gecko) HeadlessChrome/147.0.7727.15 Safari/537.36"}
[2m[WebServer] [22m{"time":"2026-10-07T08:13:04.322484428-04:00","level":"INFO","msg":"client log","level":"WARN","message":"[inventory] item photo failed to load, showing placeholder Crystal Hot Sauce https://nyc3.digitaloceanspaces.com/hq.yumyums/items/crystal-hot-sauce.png","user":"Jamal C. (jamal@yumyums.kitchen)","page":"/inventory.html","ua":"Mozilla/5.0 (X11; Linux x86_64) AppleWebKit/537.36 (KHTML, like Gecko) HeadlessChrome/147.0.7727.15 Safari/537.36"}
[2m[WebServer] [22m{"time":"2026-10-07T08:13:04.352710123-04:00","level":"INFO","msg":"client log","level":"WARN","message":"[inventory] item photo failed to load, showing placeholder Nacho Cheese Sauce https://nyc3.digitaloceanspaces.com/hq.yumyums/items/nacho-cheese-sauce.png","user":"Jamal C. (jamal@yumyums.kitchen)","page":"/inventory.html","ua":"Mozilla/5.0 (X11; Linux x86_64) AppleWebKit/537.36 (KHTML, like Gecko) HeadlessChrome/147.0.7727.15 Safari/537.36"}
[2m[WebServer] [22m{"time":"2026-10-07T08:13:04.381181812-04:00","level":"INFO","msg":"client log","level":"WARN","message":"[inventory] item photo failed to load, showing placeholder Egg Roll Wraps https://nyc3.digitaloceanspaces.com/hq.yumyums/items/egg-roll-wraps.png","user":"Jamal C. (jamal@yumyums.kitchen)","page":"/inventory.html","ua":"Mozilla/5.0 (X11; Linux x86_64) AppleWebKit/537.36 (KHTML, like Gecko) HeadlessChrome/147.0.7727.15 Safari/537.36"}
[2m[WebServer] [22m{"time":"2026-10-07T08:13:04.407194011-04:00","level":"INFO","msg":"client log","level":"WARN","message":"[inventory] item photo failed to load, showing placeholder Ground Turkey https://nyc3.digitaloceanspaces.com/hq.yumyums/items/ground-turkey.png","user":"Jamal C. (jamal@yumyums.kitchen)","page":"/inventory.html","ua":"Mozilla/5.0 (X11; Linux x86_64) AppleWebKit/537.36 (KHTML, like Gecko) HeadlessChrome/147.0.7727.15 Safari/537.36"}
[2m[WebServer] [22m{"time":"2026-10-07T08:13:04.493186526-04:00","level":"INFO","msg":"client log","level":"WARN","message":"[inventory] item photo failed to load, showing placeholder Meatballs https://nyc3.digitaloceanspaces.com/hq.yumyums/items/meatballs.png","user":"Jamal C. (jamal@yumyums.kitchen)","page":"/inventory.html","ua":"Mozilla/5.0 (X11; Linux x86_64) AppleWebKit/537.36 (KHTML, like Gecko) HeadlessChrome/147.0.7727.15 Safari/537.36"}
[2m[WebServer] [22m{"time":"2026-10-07T08:13:04.515277974-04:00","level":"INFO","msg":"client log","level":"WARN","message":"[inventory] item photo failed to load, showing placeholder Seasoning Salt https://nyc3.digitaloceanspaces.com/hq.yumyums/items/seasoning-salt.png","user":"Jamal C. (jamal@yumyums.kitchen)","page":"/inventory.html","ua":"Mozilla/5.0 (X11; Linux x86_64) AppleWebKit/537.36 (KHTML, like Gecko) HeadlessChrome/147.0.7727.15 Safari/537.36"}
[2m[WebServer] [22m{"time":"2026-10-07T08:13:04.548013237-04:00","level":"INFO","msg":"client log","level":"WARN","message":"[inventory] item photo failed to load, showing placeholder Wings https://nyc3.digitaloceanspaces.com/hq.yumyums/items/wings.png","user":"Jamal C. (jamal@yumyums.kitchen)","page":"/inventory.html","ua":"Mozilla/5.0 (X11; Linux x86_64) AppleWebKit/537.36 (KHTML, like Gecko) HeadlessChrome/147.0.7727.15 Safari/537.36"}
[2m[WebServer] [22m{"time":"2026-10-07T08:13:04.621230793-04:00","level":"INFO","msg":"client log","level":"WARN","message":"[inventory] item photo failed to load, showing placeholder Jalapeños https://nyc3.digitaloceanspaces.com/hq.yumyums/items/jalape-os.png","user":"Jamal C. (jamal@yumyums.kitchen)","page":"/inventory.html","ua":"Mozilla/5.0 (X11; Linux x86_64) AppleWebKit/537.36 (KHTML, like Gecko) HeadlessChrome/147.0.7727.15 Safari/537.36"}
[2m[WebServer] [22m{"time":"2026-10-07T08:13:04.771606494-04:00","level":"INFO","msg":"client log","level":"WARN","message":"[inventory] item photo failed to load, showing placeholder Coke https://nyc3.digitaloceanspaces.com/hq.yumyums/items/coke.png","user":"Jamal C. (jamal@yumyums.kitchen)","page":"/inventory.html","ua":"Mozilla/5.0 (X11; Linux x86_64) AppleWebKit/537.36 (KHTML, like Gecko) HeadlessChrome/147.0.7727.15 Safari/537.36"}
[2m[WebServer] [22m{"time":"2026-10-07T08:13:04.773110219-04:00","level":"INFO","msg":"client log","level":"WARN","message":"[inventory] item photo failed to load, showing placeholder Blast Away https://nyc3.digitaloceanspaces.com/hq.yumyums/items/blast-away.png","user":"Jamal C. (jamal@yumyums.kitchen)","page":"/inventory.html","ua":"Mozilla/5.0 (X11; Linux x86_64) AppleWebKit/537.36 (KHTML, like Gecko) HeadlessChrome/147.0.7727.15 Safari/537.36"}
[2m[WebServer] [22m{"time":"2026-10-07T08:13:04.810134149-04:00","level":"INFO","msg":"client log","level":"WARN","message":"[inventory] item photo failed to load, showing placeholder Ground Turkey https://nyc3.digitaloceanspaces.com/hq.yumyums/items/ground-turkey.png","user":"Jamal C. (jamal@yumyums.kitchen)","page":"/inventory.html","ua":"Mozilla/5.0 (X11; Linux x86_64) AppleWebKit/537.36 (KHTML, like Gecko) HeadlessChrome/147.0.7727.15 Safari/537.36"}
[2m[WebServer] [22m{"time":"2026-10-07T08:13:04.822017253-04:00","level":"INFO","msg":"client log","level":"WARN","message":"[inventory] item photo failed to load, showing placeholder Garlic Powder https://nyc3.digitaloceanspaces.com/hq.yumyums/items/garlic-powder.png","user":"Jamal C. (jamal@yumyums.kitchen)","page":"/inventory.html","ua":"Mozilla/5.0 (X11; Linux x86_64) AppleWebKit/537.36 (KHTML, like Gecko) HeadlessChrome/147.0.7727.15 Safari/537.36"}
[2m[WebServer] [22m{"time":"2026-10-07T08:13:04.828376263-04:00","level":"INFO","msg":"client log","level":"WARN","message":"[inventory] item photo failed to load, showing placeholder Trash Bags (30 Gallon) https://nyc3.digitaloceanspaces.com/hq.yumyums/items/trash-bags-30-gallon.png","user":"Jamal C. (jamal@yumyums.kitchen)","page":"/inventory.html","ua":"Mozilla/5.0 (X11; Linux x86_64) AppleWebKit/537.36 (KHTML, like Gecko) HeadlessChrome/147.0.7727.15 Safari/537.36"}
[2m[WebServer] [22m{"time":"2026-10-07T08:13:04.857132226-04:00","level":"INFO","msg":"client log","level":"WARN","message":"[inventory] item photo failed to load, showing placeholder Hamburger Rolls https://nyc3.digitaloceanspaces.com/hq.yumyums/items/hamburger-rolls.png","user":"Jamal C. (jamal@yumyums.kitchen)","page":"/inventory.html","ua":"Mozilla/5.0 (X11; Linux x86_64) AppleWebKit/537.36 (KHTML, like Gecko) HeadlessChrome/147.0.7727.15 Safari/537.36"}
[2m[WebServer] [22m{"time":"2026-10-07T08:13:04.946002761-04:00","level":"INFO","msg":"client log","level":"WARN","message":"[inventory] item photo failed to load, showing placeholder Mango Syrup https://nyc3.digitaloceanspaces.com/hq.yumyums/items/mango-syrup.png","user":"Jamal C. (jamal@yumyums.kitchen)","page":"/inventory.html","ua":"Mozilla/5.0 (X11; Linux x86_64) AppleWebKit/537.36 (KHTML, like Gecko) HeadlessChrome/147.0.7727.15 Safari/537.36"}
[2m[WebServer] [22m{"time":"2026-10-07T08:13:04.982464362-04:00","level":"INFO","msg":"client log","level":"WARN","message":"[inventory] item photo failed to load, showing placeholder Coarse Sea Salt https://nyc3.digitaloceanspaces.com/hq.yumyums/items/coarse-sea-salt.png","user":"Jamal C. (jamal@yumyums.kitchen)","page":"/inventory.html","ua":"Mozilla/5.0 (X11; Linux x86_64) AppleWebKit/537.36 (KHTML, like Gecko) HeadlessChrome/147.0.7727.15 Safari/537.36"}
[2m[WebServer] [22m{"time":"2026-10-07T08:13:05.003422145-04:00","level":"INFO","msg":"client log","level":"WARN","message":"[inventory] item photo failed to load, showing placeholder Lettuce https://nyc3.digitaloceanspaces.com/hq.yumyums/items/lettuce.png","user":"Jamal C. (jamal@yumyums.kitchen)","page":"/inventory.html","ua":"Mozilla/5.0 (X11; Linux x86_64) AppleWebKit/537.36 (KHTML, like Gecko) HeadlessChrome/147.0.7727.15 Safari/537.36"}
[2m[WebServer] [22m{"time":"2026-10-07T08:13:05.012525133-04:00","level":"INFO","msg":"client log","level":"WARN","message":"[inventory] item photo failed to load, showing placeholder Meatballs https://nyc3.digitaloceanspaces.com/hq.yumyums/items/meatballs.png","user":"Jamal C. (jamal@yumyums.kitchen)","page":"/inventory.html","ua":"Mozilla/5.0 (X11; Linux x86_64) AppleWebKit/537.36 (KHTML, like Gecko) HeadlessChrome/147.0.7727.15 Safari/537.36"}
[2m[WebServer] [22m{"time":"2026-10-07T08:13:05.090116284-04:00","level":"INFO","msg":"client log","level":"WARN","message":"[inventory] item photo failed to load, showing placeholder Dish Soap https://nyc3.digitaloceanspaces.com/hq.yumyums/items/dish-soap.png","user":"Jamal C. (jamal@yumyums.kitchen)","page":"/inventory.html","ua":"Mozilla/5.0 (X11; Linux x86_64) AppleWebKit/537.36 (KHTML, like Gecko) HeadlessChrome/147.0.7727.15 Safari/537.36"}
[2m[WebServer] [22m{"time":"2026-10-07T08:13:05.155881486-04:00","level":"INFO","msg":"client log","level":"WARN","message":"[inventory] item photo failed to load, showing placeholder Gloves https://nyc3.digitaloceanspaces.com/hq.yumyums/items/gloves.png","user":"Jamal C. (jamal@yumyums.kitchen)","page":"/inventory.html","ua":"Mozilla/5.0 (X11; Linux x86_64) AppleWebKit/537.36 (KHTML, like Gecko) HeadlessChrome/147.0.7727.15 Safari/537.36"}
[2m[WebServer] [22m{"time":"2026-10-07T08:13:05.203653568-04:00","level":"INFO","msg":"client log","level":"WARN","message":"[inventory] item photo failed to load, showing placeholder Granulated Onion https://nyc3.digitaloceanspaces.com/hq.yumyums/items/granulated-onion.png","user":"Jamal C. (jamal@yumyums.kitchen)","page":"/inventory.html","ua":"Mozilla/5.0 (X11; Linux x86_64) AppleWebKit/537.36 (KHTML, like Gecko) HeadlessChrome/147.0.7727.15 Safari/537.36"}
[2m[WebServer] [22m{"time":"2026-10-07T08:13:05.223988972-04:00","level":"INFO","msg":"client log","level":"WARN","message":"[inventory] item photo failed to load, showing placeholder Black Pepper https://nyc3.digitaloceanspaces.com/hq.yumyums/items/black-pepper.png","user":"Jamal C. (jamal@yumyums.kitchen)","page":"/inventory.html","ua":"Mozilla/5.0 (X11; Linux x86_64) AppleWebKit/537.36 (KHTML, like Gecko) HeadlessChrome/147.0.7727.15 Safari/537.36"}
[2m[WebServer] [22m{"time":"2026-10-07T08:13:05.232064242-04:00","level":"INFO","msg":"client log","level":"WARN","message":"[inventory] item photo failed to load, showing placeholder Mint https://nyc3.digitaloceanspaces.com/hq.yumyums/items/mint.png","user":"Jamal C. (jamal@yumyums.kitchen)","page":"/inventory.html","ua":"Mozilla/5.0 (X11; Linux x86_64) AppleWebKit/537.36 (KHTML, like Gecko) HeadlessChrome/147.0.7727.15 Safari/537.36"}
[2m[WebServer] [22m{"time":"2026-10-07T08:13:05.283582715-04:00","level":"INFO","msg":"client log","level":"WARN","message":"[inventory] item photo failed to load, showing placeholder Brisket Rolls https://nyc3.digitaloceanspaces.com/hq.yumyums/items/brisket-rolls.png","user":"Jamal C. (jamal@yumyums.kitchen)","page":"/inventory.html","ua":"Mozilla/5.0 (X11; Linux x86_64) AppleWebKit/537.36 (KHTML, like Gecko) HeadlessChrome/147.0.7727.15 Safari/537.36"}
[2m[WebServer] [22m{"time":"2026-10-07T08:13:05.390221824-04:00","level":"INFO","msg":"client log","level":"WARN","message":"[inventory] item photo failed to load, showing placeholder Bleach https://nyc3.digitaloceanspaces.com/hq.yumyums/items/bleach.png","user":"Jamal C. (jamal@yumyums.kitchen)","page":"/inventory.html","ua":"Mozilla/5.0 (X11; Linux x86_64) AppleWebKit/537.36 (KHTML, like Gecko) HeadlessChrome/147.0.7727.15 Safari/537.36"}
[2m[WebServer] [22m{"time":"2026-10-07T08:13:05.435442732-04:00","level":"INFO","msg":"client log","level":"WARN","message":"[inventory] item photo failed to load, showing placeholder Corn https://nyc3.digitaloceanspaces.com/hq.yumyums/items/corn.png","user":"Jamal C. (jamal@yumyums.kitchen)","page":"/inventory.html","ua":"Mozilla/5.0 (X11; Linux x86_64) AppleWebKit/537.36 (KHTML, like Gecko) HeadlessChrome/147.0.7727.15 Safari/537.36"}
[2m[WebServer] [22m{"time":"2026-10-07T08:13:05.456967991-04:00","level":"INFO","msg":"client log","level":"WARN","message":"[inventory] item photo failed to load, showing placeholder Green Peppers https://nyc3.digitaloceanspaces.com/hq.yumyums/items/green-peppers.png","user":"Jamal C. (jamal@yumyums.kitchen)","page":"/inventory.html","ua":"Mozilla/5.0 (X11; Linux x86_64) AppleWebKit/537.36 (KHTML, like Gecko) HeadlessChrome/147.0.7727.15 Safari/537.36"}
[2m[WebServer] [22m{"time":"2026-10-07T08:13:05.463117467-04:00","level":"INFO","msg":"client log","level":"WARN","message":"[inventory] item photo failed to load, showing placeholder Relish https://nyc3.digitaloceanspaces.com/hq.yumyums/items/relish.png","user":"Jamal C. (jamal@yumyums.kitchen)","page":"/inventory.html","ua":"Mozilla/5.0 (X11; Linux x86_64) AppleWebKit/537.36 (KHTML, like Gecko) HeadlessChrome/147.0.7727.15 Safari/537.36"}
[2m[WebServer] [22m{"time":"2026-10-07T08:13:05.500534941-04:00","level":"INFO","msg":"client log","level":"WARN","message":"[inventory] item photo failed to load, showing placeholder Water https://nyc3.digitaloceanspaces.com/hq.yumyums/items/water.png","user":"Jamal C. (jamal@yumyums.kitchen)","page":"/inventory.html","ua":"Mozilla/5.0 (X11; Linux x86_64) AppleWebKit/537.36 (KHTML, like Gecko) HeadlessChrome/147.0.7727.15 Safari/537.36"}
[2m[WebServer] [22m{"time":"2026-10-07T08:13:05.597145322-04:00","level":"INFO","msg":"client log","level":"WARN","message":"[inventory] item photo failed to load, showing placeholder Ground Beef https://nyc3.digitaloceanspaces.com/hq.yumyums/items/ground-beef.png","user":"Jamal C. (jamal@yumyums.kitchen)","page":"/inventory.html","ua":"Mozilla/5.0 (X11; Linux x86_64) AppleWebKit/537.36 (KHTML, like Gecko) HeadlessChrome/147.0.7727.15 Safari/537.36"}
[2m[WebServer] [22m{"time":"2026-10-07T08:13:05.629201587-04:00","level":"INFO","msg":"client log","level":"WARN","message":"[inventory] item photo failed to load, showing placeholder Mayonnaise https://nyc3.digitaloceanspaces.com/hq.yumyums/items/mayonnaise.png","user":"Jamal C. (jamal@yumyums.kitchen)","page":"/inventory.html","ua":"Mozilla/5.0 (X11; Linux x86_64) AppleWebKit/537.36 (KHTML, like Gecko) HeadlessChrome/147.0.7727.15 Safari/537.36"}
[2m[WebServer] [22m{"time":"2026-10-07T08:13:05.64019734-04:00","level":"INFO","msg":"client log","level":"WARN","message":"[inventory] item photo failed to load, showing placeholder Limes https://nyc3.digitaloceanspaces.com/hq.yumyums/items/limes.png","user":"Jamal C. (jamal@yumyums.kitchen)","page":"/inventory.html","ua":"Mozilla/5.0 (X11; Linux x86_64) AppleWebKit/537.36 (KHTML, like Gecko) HeadlessChrome/147.0.7727.15 Safari/537.36"}
[2m[WebServer] [22m{"time":"2026-10-07T08:13:05.647223337-04:00","level":"INFO","msg":"client log","level":"WARN","message":"[inventory] item photo failed to load, showing placeholder Allspice https://nyc3.digitaloceanspaces.com/hq.yumyums/items/allspice.png","user":"Jamal C. (jamal@yumyums.kitchen)","page":"/inventory.html","ua":"Mozilla/5.0 (X11; Linux x86_64) AppleWebKit/537.36 (KHTML, like Gecko) HeadlessChrome/147.0.7727.15 Safari/537.36"}
[2m[WebServer] [22m{"time":"2026-10-07T08:13:05.670783445-04:00","level":"INFO","msg":"client log","level":"WARN","message":"[inventory] item photo failed to load, showing placeholder No Rinse Floor Cleaner https://nyc3.digitaloceanspaces.com/hq.yumyums/items/no-rinse-floor-cleaner.png","user":"Jamal C. (jamal@yumyums.kitchen)","page":"/inventory.html","ua":"Mozilla/5.0 (X11; Linux x86_64) AppleWebKit/537.36 (KHTML, like Gecko) HeadlessChrome/147.0.7727.15 Safari/537.36"}
[2m[WebServer] [22m{"time":"2026-10-07T08:13:05.750944-04:00","level":"INFO","msg":"client log","level":"WARN","message":"[inventory] item photo failed to load, showing placeholder Sprite https://nyc3.digitaloceanspaces.com/hq.yumyums/items/sprite.png","user":"Jamal C. (jamal@yumyums.kitchen)","page":"/inventory.html","ua":"Mozilla/5.0 (X11; Linux x86_64) AppleWebKit/537.36 (KHTML, like Gecko) HeadlessChrome/147.0.7727.15 Safari/537.36"}
[2m[WebServer] [22m{"time":"2026-10-07T08:13:05.781793575-04:00","level":"INFO","msg":"client log","level":"WARN","message":"[inventory] item photo failed to load, showing placeholder Ketchup Jug https://nyc3.digitaloceanspaces.com/hq.yumyums/items/ketchup-jug.png","user":"Jamal C. (jamal@yumyums.kitchen)","page":"/inventory.html","ua":"Mozilla/5.0 (X11; Linux x86_64) AppleWebKit/537.36 (KHTML, like Gecko) HeadlessChrome/147.0.7727.15 Safari/537.36"}
[2m[WebServer] [22m{"time":"2026-10-07T08:13:05.801495126-04:00","level":"INFO","msg":"client log","level":"WARN","message":"[inventory] item photo failed to load, showing placeholder Olive Oil Blend https://nyc3.digitaloceanspaces.com/hq.yumyums/items/olive-oil-blend.png","user":"Jamal C. (jamal@yumyums.kitchen)","page":"/inventory.html","ua":"Mozilla/5.0 (X11; Linux x86_64) AppleWebKit/537.36 (KHTML, like Gecko) HeadlessChrome/147.0.7727.15 Safari/537.36"}
[2m[WebServer] [22m{"time":"2026-10-07T08:13:05.821944519-04:00","level":"INFO","msg":"client log","level":"WARN","message":"[inventory] item photo failed to load, showing placeholder Ranch Dressing https://nyc3.digitaloceanspaces.com/hq.yumyums/items/ranch-dressing.png","user":"Jamal C. (jamal@yumyums.kitchen)","page":"/inventory.html","ua":"Mozilla/5.0 (X11; Linux x86_64) AppleWebKit/537.36 (KHTML, like Gecko) HeadlessChrome/147.0.7727.15 Safari/537.36"}
[2m[WebServer] [22m{"time":"2026-10-07T08:13:05.847433743-04:00","level":"INFO","msg":"client log","level":"WARN","message":"[inventory] item photo failed to load, showing placeholder Dirty Dog Rolls https://nyc3.digitaloceanspaces.com/hq.yumyums/items/dirty-dog-rolls.png","user":"Jamal C. (jamal@yumyums.kitchen)","page":"/inventory.html","ua":"Mozilla/5.0 (X11; Linux x86_64) AppleWebKit/537.36 (KHTML, like Gecko) HeadlessChrome/147.0.7727.15 Safari/537.36"}
[2m[WebServer] [22m{"time":"2026-10-07T08:13:05.960475183-04:00","level":"INFO","msg":"client log","level":"WARN","message":"[inventory] item photo failed to load, showing placeholder Coke Zero https://nyc3.digitaloceanspaces.com/hq.yumyums/items/coke-zero.png","user":"Jamal C. (jamal@yumyums.kitchen)","page":"/inventory.html","ua":"Mozilla/5.0 (X11; Linux x86_64) AppleWebKit/537.36 (KHTML, like Gecko) HeadlessChrome/147.0.7727.15 Safari/537.36"}
[2m[WebServer] [22m{"time":"2026-10-07T08:13:05.961607454-04:00","level":"INFO","msg":"client log","level":"WARN","message":"[inventory] item photo failed to load, showing placeholder Hand Towels https://nyc3.digitaloceanspaces.com/hq.yumyums/items/hand-towels.png","user":"Jamal C. (jamal@yumyums.kitchen)","page":"/inventory.html","ua":"Mozilla/5.0 (X11; Linux x86_64) AppleWebKit/537.36 (KHTML, like Gecko) HeadlessChrome/147.0.7727.15 Safari/537.36"}
[2m[WebServer] [22m{"time":"2026-10-07T08:13:05.985697613-04:00","level":"INFO","msg":"client log","level":"WARN","message":"[inventory] item photo failed to load, showing placeholder Pickles https://nyc3.digitaloceanspaces.com/hq.yumyums/items/pickles.png","user":"Jamal C. (jamal@yumyums.kitchen)","page":"/inventory.html","ua":"Mozilla/5.0 (X11; Linux x86_64) AppleWebKit/537.36 (KHTML, like Gecko) HeadlessChrome/147.0.7727.15 Safari/537.36"}
[2m[WebServer] [22m{"time":"2026-10-07T08:13:05.986799536-04:00","level":"INFO","msg":"client log","level":"WARN","message":"[inventory] item photo failed to load, showing placeholder Spinach He https://nyc3.digitaloceanspaces.com/hq.yumyums/items/spinach-he.png","user":"Jamal C. (jamal@yumyums.kitchen)","page":"/inventory.html","ua":"Mozilla/5.0 (X11; Linux x86_64) AppleWebKit/537.36 (KHTML, like Gecko) HeadlessChrome/147.0.7727.15 Safari/537.36"}
[2m[WebServer] [22m{"time":"2026-10-07T08:13:06.026511148-04:00","level":"INFO","msg":"client log","level":"WARN","message":"[inventory] item photo failed to load, showing placeholder Hot Dog Rolls https://nyc3.digitaloceanspaces.com/hq.yumyums/items/hot-dog-rolls.png","user":"Jamal C. (jamal@yumyums.kitchen)","page":"/inventory.html","ua":"Mozilla/5.0 (X11; Linux x86_64) AppleWebKit/537.36 (KHTML, like Gecko) HeadlessChrome/147.0.7727.15 Safari/537.36"}
[2m[WebServer] [22m{"time":"2026-10-07T08:13:06.126239428-04:00","level":"INFO","msg":"client log","level":"WARN","message":"[inventory] item photo failed to load, showing placeholder Pan Spray https://nyc3.digitaloceanspaces.com/hq.yumyums/items/pan-spray.png","user":"Jamal C. (jamal@yumyums.kitchen)","page":"/inventory.html","ua":"Mozilla/5.0 (X11; Linux x86_64) AppleWebKit/537.36 (KHTML, like Gecko) HeadlessChrome/147.0.7727.15 Safari/537.36"}
[2m[WebServer] [22m{"time":"2026-10-07T08:13:06.127953221-04:00","level":"INFO","msg":"client log","level":"WARN","message":"[inventory] item photo failed to load, showing placeholder Jerk Seasoning https://nyc3.digitaloceanspaces.com/hq.yumyums/items/jerk-seasoning.png","user":"Jamal C. (jamal@yumyums.kitchen)","page":"/inventory.html","ua":"Mozilla/5.0 (X11; Linux x86_64) AppleWebKit/537.36 (KHTML, like Gecko) HeadlessChrome/147.0.7727.15 Safari/537.36"}
[2m[WebServer] [22m{"time":"2026-10-07T08:13:06.144024086-04:00","level":"INFO","msg":"client log","level":"WARN","message":"[inventory] item photo failed to load, showing placeholder Lemon Juice https://nyc3.digitaloceanspaces.com/hq.yumyums/items/lemon-juice.png","user":"Jamal C. (jamal@yumyums.kitchen)","page":"/inventory.html","ua":"Mozilla/5.0 (X11; Linux x86_64) AppleWebKit/537.36 (KHTML, like Gecko) HeadlessChrome/147.0.7727.15 Safari/537.36"}
[2m[WebServer] [22m{"time":"2026-10-07T08:13:06.147904303-04:00","level":"INFO","msg":"client log","level":"WARN","message":"[inventory] item photo failed to load, showing placeholder Cheesesteak https://nyc3.digitaloceanspaces.com/hq.yumyums/items/cheesesteak.png","user":"Jamal C. (jamal@yumyums.kitchen)","page":"/inventory.html","ua":"Mozilla/5.0 (X11; Linux x86_64) AppleWebKit/537.36 (KHTML, like Gecko) HeadlessChrome/147.0.7727.15 Safari/537.36"}
[2m[WebServer] [22m{"time":"2026-10-07T08:13:06.271858713-04:00","level":"INFO","msg":"client log","level":"WARN","message":"[inventory] item photo failed to load, showing placeholder Sanitizing Tablets https://nyc3.digitaloceanspaces.com/hq.yumyums/items/sanitizing-tablets.png","user":"Jamal C. (jamal@yumyums.kitchen)","page":"/inventory.html","ua":"Mozilla/5.0 (X11; Linux x86_64) AppleWebKit/537.36 (KHTML, like Gecko) HeadlessChrome/147.0.7727.15 Safari/537.36"}
[2m[WebServer] [22m{"time":"2026-10-07T08:13:06.272912275-04:00","level":"INFO","msg":"client log","level":"WARN","message":"[inventory] item photo failed to load, showing placeholder Honey Mustard https://nyc3.digitaloceanspaces.com/hq.yumyums/items/honey-mustard.png","user":"Jamal C. (jamal@yumyums.kitchen)","page":"/inventory.html","ua":"Mozilla/5.0 (X11; Linux x86_64) AppleWebKit/537.36 (KHTML, like Gecko) HeadlessChrome/147.0.7727.15 Safari/537.36"}
[2m[WebServer] [22m{"time":"2026-10-07T08:13:06.289384405-04:00","level":"INFO","msg":"client log","level":"WARN","message":"[inventory] item photo failed to load, showing placeholder Hot Dogs https://nyc3.digitaloceanspaces.com/hq.yumyums/items/hot-dogs.png","user":"Jamal C. (jamal@yumyums.kitchen)","page":"/inventory.html","ua":"Mozilla/5.0 (X11; Linux x86_64) AppleWebKit/537.36 (KHTML, like Gecko) HeadlessChrome/147.0.7727.15 Safari/537.36"}
[2m[WebServer] [22m{"time":"2026-10-07T08:13:06.298826677-04:00","level":"INFO","msg":"client log","level":"WARN","message":"[inventory] item photo failed to load, showing placeholder Parm Cheese https://nyc3.digitaloceanspaces.com/hq.yumyums/items/parm-cheese.png","user":"Jamal C. (jamal@yumyums.kitchen)","page":"/inventory.html","ua":"Mozilla/5.0 (X11; Linux x86_64) AppleWebKit/537.36 (KHTML, like Gecko) HeadlessChrome/147.0.7727.15 Safari/537.36"}
[2m[WebServer] [22m{"time":"2026-10-07T08:13:06.410250833-04:00","level":"INFO","msg":"client log","level":"WARN","message":"[inventory] item photo failed to load, showing placeholder Towels https://nyc3.digitaloceanspaces.com/hq.yumyums/items/towels.png","user":"Jamal C. (jamal@yumyums.kitchen)","page":"/inventory.html","ua":"Mozilla/5.0 (X11; Linux x86_64) AppleWebKit/537.36 (KHTML, like Gecko) HeadlessChrome/147.0.7727.15 Safari/537.36"}
[2m[WebServer] [22m{"time":"2026-10-07T08:13:06.448336045-04:00","level":"INFO","msg":"client log","level":"WARN","message":"[inventory] item photo failed to load, showing placeholder Chicken Tenders https://nyc3.digitaloceanspaces.com/hq.yumyums/items/chicken-tenders.png","user":"Jamal C. (jamal@yumyums.kitchen)","page":"/inventory.html","ua":"Mozilla/5.0 (X11; Linux x86_64) AppleWebKit/537.36 (KHTML, like Gecko) HeadlessChrome/147.0.7727.15 Safari/537.36"}
[2m[WebServer] [22m{"time":"2026-10-07T08:13:06.462808499-04:00","level":"INFO","msg":"client log","level":"WARN","message":"[inventory] item photo failed to load, showing placeholder Mexican Cheese https://nyc3.digitaloceanspaces.com/hq.yumyums/items/mexican-cheese.png","user":"Jamal C. (jamal@yumyums.kitchen)","page":"/inventory.html","ua":"Mozilla/5.0 (X11; Linux x86_64) AppleWebKit/537.36 (KHTML, like Gecko) HeadlessChrome/147.0.7727.15 Safari/537.36"}
[2m[WebServer] [22m{"time":"2026-10-07T08:13:06.507518872-04:00","level":"INFO","msg":"client log","level":"WARN","message":"[inventory] item photo failed to load, showing placeholder Dr. Pepper https://nyc3.digitaloceanspaces.com/hq.yumyums/items/dr-pepper.png","user":"Jamal C. (jamal@yumyums.kitchen)","page":"/inventory.html","ua":"Mozilla/5.0 (X11; Linux x86_64) AppleWebKit/537.36 (KHTML, like Gecko) HeadlessChrome/147.0.7727.15 Safari/537.36"}
[2m[WebServer] [22m{"time":"2026-10-07T08:13:06.648613364-04:00","level":"INFO","msg":"client log","level":"WARN","message":"[inventory] item photo failed to load, showing placeholder Lemonade Mix https://nyc3.digitaloceanspaces.com/hq.yumyums/items/lemonade-mix.png","user":"Jamal C. (jamal@yumyums.kitchen)","page":"/inventory.html","ua":"Mozilla/5.0 (X11; Linux x86_64) AppleWebKit/537.36 (KHTML, like Gecko) HeadlessChrome/147.0.7727.15 Safari/537.36"}
[2m[WebServer] [22m{"time":"2026-10-07T08:13:06.648640065-04:00","level":"INFO","msg":"client log","level":"WARN","message":"[inventory] item photo failed to load, showing placeholder Bread Crumbs https://nyc3.digitaloceanspaces.com/hq.yumyums/items/bread-crumbs.png","user":"Jamal C. (jamal@yumyums.kitchen)","page":"/inventory.html","ua":"Mozilla/5.0 (X11; Linux x86_64) AppleWebKit/537.36 (KHTML, like Gecko) HeadlessChrome/147.0.7727.15 Safari/537.36"}
[2m[WebServer] [22m{"time":"2026-10-07T08:13:06.661138686-04:00","level":"INFO","msg":"client log","level":"WARN","message":"[inventory] item photo failed to load, showing placeholder Brown Sugar https://nyc3.digitaloceanspaces.com/hq.yumyums/items/brown-sugar.png","user":"Jamal C. (jamal@yumyums.kitchen)","page":"/inventory.html","ua":"Mozilla/5.0 (X11; Linux x86_64) AppleWebKit/537.36 (KHTML, like Gecko) HeadlessChrome/147.0.7727.15 Safari/537.36"}
[2m[WebServer] [22m{"time":"2026-10-07T08:13:06.68064443-04:00","level":"INFO","msg":"client log","level":"WARN","message":"[inventory] item photo failed to load, showing placeholder Liquid Butter https://nyc3.digitaloceanspaces.com/hq.yumyums/items/liquid-butter.png","user":"Jamal C. (jamal@yumyums.kitchen)","page":"/inventory.html","ua":"Mozilla/5.0 (X11; Linux x86_64) AppleWebKit/537.36 (KHTML, like Gecko) HeadlessChrome/147.0.7727.15 Safari/537.36"}
[2m[WebServer] [22m{"time":"2026-10-07T08:13:06.726121196-04:00","level":"INFO","msg":"client log","level":"WARN","message":"[inventory] item photo failed to load, showing placeholder Sour Cream https://nyc3.digitaloceanspaces.com/hq.yumyums/items/sour-cream.png","user":"Jamal C. (jamal@yumyums.kitchen)","page":"/inventory.html","ua":"Mozilla/5.0 (X11; Linux x86_64) AppleWebKit/537.36 (KHTML, like Gecko) HeadlessChrome/147.0.7727.15 Safari/537.36"}
[2m[WebServer] [22m{"time":"2026-10-07T08:13:06.786520363-04:00","level":"INFO","msg":"client log","level":"WARN","message":"[inventory] item photo failed to load, showing placeholder Blue Cheese Dressing https://nyc3.digitaloceanspaces.com/hq.yumyums/items/blue-cheese-dressing.png","user":"Jamal C. (jamal@yumyums.kitchen)","page":"/inventory.html","ua":"Mozilla/5.0 (X11; Linux x86_64) AppleWebKit/537.36 (KHTML, like Gecko) HeadlessChrome/147.0.7727.15 Safari/537.36"}
[2m[WebServer] [22m{"time":"2026-10-07T08:13:06.813908036-04:00","level":"INFO","msg":"client log","level":"WARN","message":"[inventory] item photo failed to load, showing placeholder Frank’s Hot Sauce https://nyc3.digitaloceanspaces.com/hq.yumyums/items/frank-s-hot-sauce.png","user":"Jamal C. (jamal@yumyums.kitchen)","page":"/inventory.html","ua":"Mozilla/5.0 (X11; Linux x86_64) AppleWebKit/537.36 (KHTML, like Gecko) HeadlessChrome/147.0.7727.15 Safari/537.36"}
[2m[WebServer] [22m{"time":"2026-10-07T08:13:06.867176977-04:00","level":"INFO","msg":"client log","level":"WARN","message":"[inventory] item photo failed to load, showing placeholder Hand Soap https://nyc3.digitaloceanspaces.com/hq.yumyums/items/hand-soap.png","user":"Jamal C. (jamal@yumyums.kitchen)","page":"/inventory.html","ua":"Mozilla/5.0 (X11; Linux x86_64) AppleWebKit/537.36 (KHTML, like Gecko) HeadlessChrome/147.0.7727.15 Safari/537.36"}
[2m[WebServer] [22m{"time":"2026-10-07T08:13:06.889871394-04:00","level":"INFO","msg":"client log","level":"WARN","message":"[inventory] item photo failed to load, showing placeholder Tomaotes https://nyc3.digitaloceanspaces.com/hq.yumyums/items/tomaotes.png","user":"Jamal C. (jamal@yumyums.kitchen)","page":"/inventory.html","ua":"Mozilla/5.0 (X11; Linux x86_64) AppleWebKit/537.36 (KHTML, like Gecko) HeadlessChrome/147.0.7727.15 Safari/537.36"}
[2m[WebServer] [22m{"time":"2026-10-07T08:13:06.969380725-04:00","level":"INFO","msg":"client log","level":"WARN","message":"[inventory] item photo failed to load, showing placeholder Sriracha https://nyc3.digitaloceanspaces.com/hq.yumyums/items/sriracha.png","user":"Jamal C. (jamal@yumyums.kitchen)","page":"/inventory.html","ua":"Mozilla/5.0 (X11; Linux x86_64) AppleWebKit/537.36 (KHTML, like Gecko) HeadlessChrome/147.0.7727.15 Safari/537.36"}
[2m[WebServer] [22m{"time":"2026-10-07T08:13:06.970012004-04:00","level":"INFO","msg":"client log","level":"WARN","message":"[inventory] item photo failed to load, showing placeholder Forks https://nyc3.digitaloceanspaces.com/hq.yumyums/items/forks.png","user":"Jamal C. (jamal@yumyums.kitchen)","page":"/inventory.html","ua":"Mozilla/5.0 (X11; Linux x86_64) AppleWebKit/537.36 (KHTML, like Gecko) HeadlessChrome/147.0.7727.15 Safari/537.36"}
[2m[WebServer] [22m{"time":"2026-10-07T08:13:06.978341844-04:00","level":"INFO","msg":"client log","level":"WARN","message":"[inventory] item photo failed to load, showing placeholder Cups https://nyc3.digitaloceanspaces.com/hq.yumyums/items/cups.png","user":"Jamal C. (jamal@yumyums.kitchen)","page":"/inventory.html","ua":"Mozilla/5.0 (X11; Linux x86_64) AppleWebKit/537.36 (KHTML, like Gecko) HeadlessChrome/147.0.7727.15 Safari/537.36"}
[2m[WebServer] [22m{"time":"2026-10-07T08:13:07.019807032-04:00","level":"INFO","msg":"client log","level":"WARN","message":"[inventory] item photo failed to load, showing placeholder White Onions https://nyc3.digitaloceanspaces.com/hq.yumyums/items/white-onions.png","user":"Jamal C. (jamal@yumyums.kitchen)","page":"/inventory.html","ua":"Mozilla/5.0 (X11; Linux x86_64) AppleWebKit/537.36 (KHTML, like Gecko) HeadlessChrome/147.0.7727.15 Safari/537.36"}
[2m[WebServer] [22m{"time":"2026-10-07T08:13:07.083910556-04:00","level":"INFO","msg":"client log","level":"WARN","message":"[inventory] item photo failed to load, showing placeholder Lids https://nyc3.digitaloceanspaces.com/hq.yumyums/items/lids.png","user":"Jamal C. (jamal@yumyums.kitchen)","page":"/inventory.html","ua":"Mozilla/5.0 (X11; Linux x86_64) AppleWebKit/537.36 (KHTML, like Gecko) HeadlessChrome/147.0.7727.15 Safari/537.36"}
[2m[WebServer] [22m{"time":"2026-10-07T08:13:07.096723582-04:00","level":"INFO","msg":"client log","level":"WARN","message":"[inventory] item photo failed to load, showing placeholder Seasoning Salt https://nyc3.digitaloceanspaces.com/hq.yumyums/items/seasoning-salt.png","user":"Jamal C. (jamal@yumyums.kitchen)","page":"/inventory.html","ua":"Mozilla/5.0 (X11; Linux x86_64) AppleWebKit/537.36 (KHTML, like Gecko) HeadlessChrome/147.0.7727.15 Safari/537.36"}
[2m[WebServer] [22m{"time":"2026-10-07T08:13:07.103533934-04:00","level":"INFO","msg":"client log","level":"WARN","message":"[inventory] item photo failed to load, showing placeholder Avocados https://nyc3.digitaloceanspaces.com/hq.yumyums/items/avocados.png","user":"Jamal C. (jamal@yumyums.kitchen)","page":"/inventory.html","ua":"Mozilla/5.0 (X11; Linux x86_64) AppleWebKit/537.36 (KHTML, like Gecko) HeadlessChrome/147.0.7727.15 Safari/537.36"}
[2m[WebServer] [22m{"time":"2026-10-07T08:13:07.144394973-04:00","level":"INFO","msg":"client log","level":"WARN","message":"[inventory] item photo failed to load, showing placeholder Aluminum Foil https://nyc3.digitaloceanspaces.com/hq.yumyums/items/aluminum-foil.png","user":"Jamal C. (jamal@yumyums.kitchen)","page":"/inventory.html","ua":"Mozilla/5.0 (X11; Linux x86_64) AppleWebKit/537.36 (KHTML, like Gecko) HeadlessChrome/147.0.7727.15 Safari/537.36"}
[2m[WebServer] [22m{"time":"2026-10-07T08:13:07.193846857-04:00","level":"INFO","msg":"client log","level":"WARN","message":"[inventory] item photo failed to load, showing placeholder Bbq Sauce https://nyc3.digitaloceanspaces.com/hq.yumyums/items/bbq-sauce.png","user":"Jamal C. (jamal@yumyums.kitchen)","page":"/inventory.html","ua":"Mozilla/5.0 (X11; Linux x86_64) AppleWebKit/537.36 (KHTML, like Gecko) HeadlessChrome/147.0.7727.15 Safari/537.36"}
[2m[WebServer] [22m{"time":"2026-10-07T08:13:07.197629385-04:00","level":"INFO","msg":"client log","level":"WARN","message":"[inventory] item photo failed to load, showing placeholder Everything Bagel Seasoning https://nyc3.digitaloceanspaces.com/hq.yumyums/items/everything-bagel-seasoning.png","user":"Jamal C. (jamal@yumyums.kitchen)","page":"/inventory.html","ua":"Mozilla/5.0 (X11; Linux x86_64) AppleWebKit/537.36 (KHTML, like Gecko) HeadlessChrome/147.0.7727.15 Safari/537.36"}
[2m[WebServer] [22m{"time":"2026-10-07T08:13:07.237203953-04:00","level":"INFO","msg":"client log","level":"WARN","message":"[inventory] item photo failed to load, showing placeholder Hoagie Containers https://nyc3.digitaloceanspaces.com/hq.yumyums/items/hoagie-containers.png","user":"Jamal C. (jamal@yumyums.kitchen)","page":"/inventory.html","ua":"Mozilla/5.0 (X11; Linux x86_64) AppleWebKit/537.36 (KHTML, like Gecko) HeadlessChrome/147.0.7727.15 Safari/537.36"}
[2m[WebServer] [22m{"time":"2026-10-07T08:13:07.278860766-04:00","level":"INFO","msg":"client log","level":"WARN","message":"[inventory] item photo failed to load, showing placeholder Boxes (No 2) https://nyc3.digitaloceanspaces.com/hq.yumyums/items/boxes-no-2.png","user":"Jamal C. (jamal@yumyums.kitchen)","page":"/inventory.html","ua":"Mozilla/5.0 (X11; Linux x86_64) AppleWebKit/537.36 (KHTML, like Gecko) HeadlessChrome/147.0.7727.15 Safari/537.36"}
[2m[WebServer] [22m{"time":"2026-10-07T08:13:07.281057751-04:00","level":"INFO","msg":"client log","level":"WARN","message":"[inventory] item photo failed to load, showing placeholder Nacho Cheese Sauce https://nyc3.digitaloceanspaces.com/hq.yumyums/items/nacho-cheese-sauce.png","user":"Jamal C. (jamal@yumyums.kitchen)","page":"/inventory.html","ua":"Mozilla/5.0 (X11; Linux x86_64) AppleWebKit/537.36 (KHTML, like Gecko) HeadlessChrome/147.0.7727.15 Safari/537.36"}
[2m[WebServer] [22m{"time":"2026-10-07T08:13:07.305842885-04:00","level":"INFO","msg":"client log","level":"WARN","message":"[inventory] item photo failed to load, showing placeholder Boxes (No 8) https://nyc3.digitaloceanspaces.com/hq.yumyums/items/boxes-no-8.png","user":"Jamal C. (jamal@yumyums.kitchen)","page":"/inventory.html","ua":"Mozilla/5.0 (X11; Linux x86_64) AppleWebKit/537.36 (KHTML, like Gecko) HeadlessChrome/147.0.7727.15 Safari/537.36"}
[2m[WebServer] [22m{"time":"2026-10-07T08:13:07.324281449-04:00","level":"INFO","msg":"client log","level":"WARN","message":"[inventory] item photo failed to load, showing placeholder Frying Oil https://nyc3.digitaloceanspaces.com/hq.yumyums/items/frying-oil.png","user":"Jamal C. (jamal@yumyums.kitchen)","page":"/inventory.html","ua":"Mozilla/5.0 (X11; Linux x86_64) AppleWebKit/537.36 (KHTML, like Gecko) HeadlessChrome/147.0.7727.15 Safari/537.36"}
[2m[WebServer] [22m{"time":"2026-10-07T08:13:07.362756238-04:00","level":"INFO","msg":"client log","level":"WARN","message":"[inventory] item photo failed to load, showing placeholder Cup Holders https://nyc3.digitaloceanspaces.com/hq.yumyums/items/cup-holders.png","user":"Jamal C. (jamal@yumyums.kitchen)","page":"/inventory.html","ua":"Mozilla/5.0 (X11; Linux x86_64) AppleWebKit/537.36 (KHTML, like Gecko) HeadlessChrome/147.0.7727.15 Safari/537.36"}
[2m[WebServer] [22m{"time":"2026-10-07T08:13:07.384643514-04:00","level":"INFO","msg":"client log","level":"WARN","message":"[inventory] item photo failed to load, showing placeholder Sugar https://nyc3.digitaloceanspaces.com/hq.yumyums/items/sugar.png","user":"Jamal C. (jamal@yumyums.kitchen)","page":"/inventory.html","ua":"Mozilla/5.0 (X11; Linux x86_64) AppleWebKit/537.36 (KHTML, like Gecko) HeadlessChrome/147.0.7727.15 Safari/537.36"}
[2m[WebServer] [22m{"time":"2026-10-07T08:13:07.41246548-04:00","level":"INFO","msg":"client log","level":"WARN","message":"[inventory] item photo failed to load, showing placeholder Cucumber https://nyc3.digitaloceanspaces.com/hq.yumyums/items/cucumber.png","user":"Jamal C. (jamal@yumyums.kitchen)","page":"/inventory.html","ua":"Mozilla/5.0 (X11; Linux x86_64) AppleWebKit/537.36 (KHTML, like Gecko) HeadlessChrome/147.0.7727.15 Safari/537.36"}
[2m[WebServer] [22m{"time":"2026-10-07T08:13:07.442317362-04:00","level":"INFO","msg":"client log","level":"WARN","message":"[inventory] item photo failed to load, showing placeholder Cayenne Pepper https://nyc3.digitaloceanspaces.com/hq.yumyums/items/cayenne-pepper.png","user":"Jamal C. (jamal@yumyums.kitchen)","page":"/inventory.html","ua":"Mozilla/5.0 (X11; Linux x86_64) AppleWebKit/537.36 (KHTML, like Gecko) HeadlessChrome/147.0.7727.15 Safari/537.36"}
[2m[WebServer] [22m{"time":"2026-10-07T08:13:07.466513788-04:00","level":"INFO","msg":"client log","level":"WARN","message":"[inventory] item photo failed to load, showing placeholder Salt https://nyc3.digitaloceanspaces.com/hq.yumyums/items/salt.png","user":"Jamal C. (jamal@yumyums.kitchen)","page":"/inventory.html","ua":"Mozilla/5.0 (X11; Linux x86_64) AppleWebKit/537.36 (KHTML, like Gecko) HeadlessChrome/147.0.7727.15 Safari/537.36"}
[2m[WebServer] [22m{"time":"2026-10-07T08:13:07.495495691-04:00","level":"INFO","msg":"client log","level":"WARN","message":"[inventory] item photo failed to load, showing placeholder Charcoal https://nyc3.digitaloceanspaces.com/hq.yumyums/items/charcoal.png","user":"Jamal C. (jamal@yumyums.kitchen)","page":"/inventory.html","ua":"Mozilla/5.0 (X11; Linux x86_64) AppleWebKit/537.36 (KHTML, like Gecko) HeadlessChrome/147.0.7727.15 Safari/537.36"}
[2m[WebServer] [22m{"time":"2026-10-07T08:13:07.510306463-04:00","level":"INFO","msg":"client log","level":"WARN","message":"[inventory] item photo failed to load, showing placeholder Red Onions https://nyc3.digitaloceanspaces.com/hq.yumyums/items/red-onions.png","user":"Jamal C. (jamal@yumyums.kitchen)","page":"/inventory.html","ua":"Mozilla/5.0 (X11; Linux x86_64) AppleWebKit/537.36 (KHTML, like Gecko) HeadlessChrome/147.0.7727.15 Safari/537.36"}
[2m[WebServer] [22m{"time":"2026-10-07T08:13:07.535551841-04:00","level":"INFO","msg":"client log","level":"WARN","message":"[inventory] item photo failed to load, showing placeholder Ketchup Packets https://nyc3.digitaloceanspaces.com/hq.yumyums/items/ketchup-packets.png","user":"Jamal C. (jamal@yumyums.kitchen)","page":"/inventory.html","ua":"Mozilla/5.0 (X11; Linux x86_64) AppleWebKit/537.36 (KHTML, like Gecko) HeadlessChrome/147.0.7727.15 Safari/537.36"}
[2m[WebServer] [22m{"time":"2026-10-07T08:13:07.549276346-04:00","level":"INFO","msg":"client log","level":"WARN","message":"[inventory] item photo failed to load, showing placeholder Brisket https://nyc3.digitaloceanspaces.com/hq.yumyums/items/brisket.png","user":"Jamal C. (jamal@yumyums.kitchen)","page":"/inventory.html","ua":"Mozilla/5.0 (X11; Linux x86_64) AppleWebKit/537.36 (KHTML, like Gecko) HeadlessChrome/147.0.7727.15 Safari/537.36"}
[2m[WebServer] [22m{"time":"2026-10-07T08:13:07.572648581-04:00","level":"INFO","msg":"client log","level":"WARN","message":"[inventory] item photo failed to load, showing placeholder Plastic Bags https://nyc3.digitaloceanspaces.com/hq.yumyums/items/plastic-bags.png","user":"Jamal C. (jamal@yumyums.kitchen)","page":"/inventory.html","ua":"Mozilla/5.0 (X11; Linux x86_64) AppleWebKit/537.36 (KHTML, like Gecko) HeadlessChrome/147.0.7727.15 Safari/537.36"}
[2m[WebServer] [22m{"time":"2026-10-07T08:13:07.582800628-04:00","level":"INFO","msg":"client log","level":"WARN","message":"[inventory] item photo failed to load, showing placeholder Lemons https://nyc3.digitaloceanspaces.com/hq.yumyums/items/lemons.png","user":"Jamal C. (jamal@yumyums.kitchen)","page":"/inventory.html","ua":"Mozilla/5.0 (X11; Linux x86_64) AppleWebKit/537.36 (KHTML, like Gecko) HeadlessChrome/147.0.7727.15 Safari/537.36"}
[2m[WebServer] [22m{"time":"2026-10-07T08:13:07.60655429-04:00","level":"INFO","msg":"client log","level":"WARN","message":"[inventory] item photo failed to load, showing placeholder Egg Roll Wraps https://nyc3.digitaloceanspaces.com/hq.yumyums/items/egg-roll-wraps.png","user":"Jamal C. (jamal@yumyums.kitchen)","page":"/inventory.html","ua":"Mozilla/5.0 (X11; Linux x86_64) AppleWebKit/537.36 (KHTML, like Gecko) HeadlessChrome/147.0.7727.15 Safari/537.36"}
[2m[WebServer] [22m{"time":"2026-10-07T08:13:07.626236754-04:00","level":"INFO","msg":"client log","level":"WARN","message":"[inventory] item photo failed to load, showing placeholder Napkins https://nyc3.digitaloceanspaces.com/hq.yumyums/items/napkins.png","user":"Jamal C. (jamal@yumyums.kitchen)","page":"/inventory.html","ua":"Mozilla/5.0 (X11; Linux x86_64) AppleWebKit/537.36 (KHTML, like Gecko) HeadlessChrome/147.0.7727.15 Safari/537.36"}
[2m[WebServer] [22m{"time":"2026-10-07T08:13:07.669749766-04:00","level":"INFO","msg":"client log","level":"WARN","message":"[inventory] item photo failed to load, showing placeholder Chicken Party Wings https://nyc3.digitaloceanspaces.com/hq.yumyums/items/chicken-party-wings.png","user":"Jamal C. (jamal@yumyums.kitchen)","page":"/inventory.html","ua":"Mozilla/5.0 (X11; Linux x86_64) AppleWebKit/537.36 (KHTML, like Gecko) HeadlessChrome/147.0.7727.15 Safari/537.36"}
[2m[WebServer] [22m{"time":"2026-10-07T08:13:07.68610512-04:00","level":"INFO","msg":"client log","level":"WARN","message":"[inventory] item photo failed to load, showing placeholder Crabmeat https://nyc3.digitaloceanspaces.com/hq.yumyums/items/crabmeat.png","user":"Jamal C. (jamal@yumyums.kitchen)","page":"/inventory.html","ua":"Mozilla/5.0 (X11; Linux x86_64) AppleWebKit/537.36 (KHTML, like Gecko) HeadlessChrome/147.0.7727.15 Safari/537.36"}
[2m[WebServer] [22m{"time":"2026-10-07T08:13:07.702744104-04:00","level":"INFO","msg":"client log","level":"WARN","message":"[inventory] item photo failed to load, showing placeholder Fries https://nyc3.digitaloceanspaces.com/hq.yumyums/items/fries.png","user":"Jamal C. (jamal@yumyums.kitchen)","page":"/inventory.html","ua":"Mozilla/5.0 (X11; Linux x86_64) AppleWebKit/537.36 (KHTML, like Gecko) HeadlessChrome/147.0.7727.15 Safari/537.36"}
[2m[WebServer] [22m{"time":"2026-10-07T08:13:07.725371822-04:00","level":"INFO","msg":"client log","level":"WARN","message":"[inventory] item photo failed to load, showing placeholder Straws https://nyc3.digitaloceanspaces.com/hq.yumyums/items/straws.png","user":"Jamal C. (jamal@yumyums.kitchen)","page":"/inventory.html","ua":"Mozilla/5.0 (X11; Linux x86_64) AppleWebKit/537.36 (KHTML, like Gecko) HeadlessChrome/147.0.7727.15 Safari/537.36"}
[2m[WebServer] [22m{"time":"2026-10-07T08:13:07.740010808-04:00","level":"INFO","msg":"client log","level":"WARN","message":"[inventory] item photo failed to load, showing placeholder Honey Garlic Sauce https://nyc3.digitaloceanspaces.com/hq.yumyums/items/honey-garlic-sauce.png","user":"Jamal C. (jamal@yumyums.kitchen)","page":"/inventory.html","ua":"Mozilla/5.0 (X11; Linux x86_64) AppleWebKit/537.36 (KHTML, like Gecko) HeadlessChrome/147.0.7727.15 Safari/537.36"}
[2m[WebServer] [22m{"time":"2026-10-07T08:13:07.78504985-04:00","level":"INFO","msg":"client log","level":"WARN","message":"[inventory] item photo failed to load, showing placeholder Red Peppers https://nyc3.digitaloceanspaces.com/hq.yumyums/items/red-peppers.png","user":"Jamal C. (jamal@yumyums.kitchen)","page":"/inventory.html","ua":"Mozilla/5.0 (X11; Linux x86_64) AppleWebKit/537.36 (KHTML, like Gecko) HeadlessChrome/147.0.7727.15 Safari/537.36"}
[2m[WebServer] [22m{"time":"2026-10-07T08:13:07.799631359-04:00","level":"INFO","msg":"client log","level":"WARN","message":"[inventory] item photo failed to load, showing placeholder Mumbo Sauce https://nyc3.digitaloceanspaces.com/hq.yumyums/items/mumbo-sauce.png","user":"Jamal C. (jamal@yumyums.kitchen)","page":"/inventory.html","ua":"Mozilla/5.0 (X11; Linux x86_64) AppleWebKit/537.36 (KHTML, like Gecko) HeadlessChrome/147.0.7727.15 Safari/537.36"}
[2m[WebServer] [22m{"time":"2026-10-07T08:13:07.834694216-04:00","level":"INFO","msg":"client log","level":"WARN","message":"[inventory] item photo failed to load, showing placeholder Chicken Breasts https://nyc3.digitaloceanspaces.com/hq.yumyums/items/chicken-breasts.png","user":"Jamal C. (jamal@yumyums.kitchen)","page":"/inventory.html","ua":"Mozilla/5.0 (X11; Linux x86_64) AppleWebKit/537.36 (KHTML, like Gecko) HeadlessChrome/147.0.7727.15 Safari/537.36"}
[2m[WebServer] [22m{"time":"2026-10-07T08:13:07.845403658-04:00","level":"INFO","msg":"client log","level":"WARN","message":"[inventory] item photo failed to load, showing placeholder White Cheese Sauce https://nyc3.digitaloceanspaces.com/hq.yumyums/items/white-cheese-sauce.png","user":"Jamal C. (jamal@yumyums.kitchen)","page":"/inventory.html","ua":"Mozilla/5.0 (X11; Linux x86_64) AppleWebKit/537.36 (KHTML, like Gecko) HeadlessChrome/147.0.7727.15 Safari/537.36"}
[2m[WebServer] [22m{"time":"2026-10-07T08:13:07.895521564-04:00","level":"INFO","msg":"client log","level":"WARN","message":"[inventory] item photo failed to load, showing placeholder Crystal Hot Sauce https://nyc3.digitaloceanspaces.com/hq.yumyums/items/crystal-hot-sauce.png","user":"Jamal C. (jamal@yumyums.kitchen)","page":"/inventory.html","ua":"Mozilla/5.0 (X11; Linux x86_64) AppleWebKit/537.36 (KHTML, like Gecko) HeadlessChrome/147.0.7727.15 Safari/537.36"}
[2m[WebServer] [22m{"time":"2026-10-07T08:13:07.905566378-04:00","level":"INFO","msg":"client log","level":"WARN","message":"[inventory] item photo failed to load, showing placeholder Fine Sea Salt https://nyc3.digitaloceanspaces.com/hq.yumyums/items/fine-sea-salt.png","user":"Jamal C. (jamal@yumyums.kitchen)","page":"/inventory.html","ua":"Mozilla/5.0 (X11; Linux x86_64) AppleWebKit/537.36 (KHTML, like Gecko) HeadlessChrome/147.0.7727.15 Safari/537.36"}
  ✘  139 [chromium] › tests/inventory.spec.js:2767:3 › Inventory › user can set store_location from Setup tab edit form (11.4s)
[2m[WebServer] [22m{"time":"2026-10-07T08:13:13.674826659-04:00","level":"INFO","msg":"client log","level":"WARN","message":"[inventory] item photo failed to load, showing placeholder Coke https://nyc3.digitaloceanspaces.com/hq.yumyums/items/coke.png","user":"Jamal C. (jamal@yumyums.kitchen)","page":"/inventory.html","ua":"Mozilla/5.0 (X11; Linux x86_64) AppleWebKit/537.36 (KHTML, like Gecko) HeadlessChrome/147.0.7727.15 Safari/537.36"}
[2m[WebServer] [22m{"time":"2026-10-07T08:13:13.701785284-04:00","level":"INFO","msg":"client log","level":"WARN","message":"[inventory] item photo failed to load, showing placeholder Coke Zero https://nyc3.digitaloceanspaces.com/hq.yumyums/items/coke-zero.png","user":"Jamal C. (jamal@yumyums.kitchen)","page":"/inventory.html","ua":"Mozilla/5.0 (X11; Linux x86_64) AppleWebKit/537.36 (KHTML, like Gecko) HeadlessChrome/147.0.7727.15 Safari/537.36"}
[2m[WebServer] [22m{"time":"2026-10-07T08:13:13.787195711-04:00","level":"INFO","msg":"client log","level":"WARN","message":"[inventory] item photo failed to load, showing placeholder Brisket Rolls https://nyc3.digitaloceanspaces.com/hq.yumyums/items/brisket-rolls.png","user":"Jamal C. (jamal@yumyums.kitchen)","page":"/inventory.html","ua":"Mozilla/5.0 (X11; Linux x86_64) AppleWebKit/537.36 (KHTML, like Gecko) HeadlessChrome/147.0.7727.15 Safari/537.36"}
[2m[WebServer] [22m{"time":"2026-10-07T08:13:13.933333851-04:00","level":"INFO","msg":"client log","level":"WARN","message":"[inventory] item photo failed to load, showing placeholder Blast Away https://nyc3.digitaloceanspaces.com/hq.yumyums/items/blast-away.png","user":"Jamal C. (jamal@yumyums.kitchen)","page":"/inventory.html","ua":"Mozilla/5.0 (X11; Linux x86_64) AppleWebKit/537.36 (KHTML, like Gecko) HeadlessChrome/147.0.7727.15 Safari/537.36"}
[2m[WebServer] [22m{"time":"2026-10-07T08:13:13.969747657-04:00","level":"INFO","msg":"client log","level":"WARN","message":"[inventory] item photo failed to load, showing placeholder Frank’s Hot Sauce https://nyc3.digitaloceanspaces.com/hq.yumyums/items/frank-s-hot-sauce.png","user":"Jamal C. (jamal@yumyums.kitchen)","page":"/inventory.html","ua":"Mozilla/5.0 (X11; Linux x86_64) AppleWebKit/537.36 (KHTML, like Gecko) HeadlessChrome/147.0.7727.15 Safari/537.36"}
  ✓  140 [chromium] › tests/inventory.spec.js:2815:3 › Inventory › item edit form shows photo thumbnail area and change photo link (2.8s)
  ✓  141 [chromium] › tests/inventory.spec.js:2843:3 › Inventory › Setup tab no longer links out to Purchase Orders (that is an HQ tile) (1.4s)
[2m[WebServer] [22m{"time":"2026-10-07T08:13:15.947455281-04:00","level":"INFO","msg":"client log","level":"WARN","message":"[inventory] item photo failed to load, showing placeholder Coke Zero https://nyc3.digitaloceanspaces.com/hq.yumyums/items/coke-zero.png","user":"Jamal C. (jamal@yumyums.kitchen)","page":"/inventory.html","ua":"Mozilla/5.0 (X11; Linux x86_64) AppleWebKit/537.36 (KHTML, like Gecko) HeadlessChrome/147.0.7727.15 Safari/537.36"}
[2m[WebServer] [22m{"time":"2026-10-07T08:13:15.99244241-04:00","level":"INFO","msg":"client log","level":"WARN","message":"[inventory] item photo failed to load, showing placeholder Water https://nyc3.digitaloceanspaces.com/hq.yumyums/items/water.png","user":"Jamal C. (jamal@yumyums.kitchen)","page":"/inventory.html","ua":"Mozilla/5.0 (X11; Linux x86_64) AppleWebKit/537.36 (KHTML, like Gecko) HeadlessChrome/147.0.7727.15 Safari/537.36"}
[2m[WebServer] [22m{"time":"2026-10-07T08:13:16.051778216-04:00","level":"INFO","msg":"client log","level":"WARN","message":"[inventory] item photo failed to load, showing placeholder Forks https://nyc3.digitaloceanspaces.com/hq.yumyums/items/forks.png","user":"Jamal C. (jamal@yumyums.kitchen)","page":"/inventory.html","ua":"Mozilla/5.0 (X11; Linux x86_64) AppleWebKit/537.36 (KHTML, like Gecko) HeadlessChrome/147.0.7727.15 Safari/537.36"}
[2m[WebServer] [22m{"time":"2026-10-07T08:13:16.066067159-04:00","level":"INFO","msg":"client log","level":"WARN","message":"[inventory] item photo failed to load, showing placeholder Gloves https://nyc3.digitaloceanspaces.com/hq.yumyums/items/gloves.png","user":"Jamal C. (jamal@yumyums.kitchen)","page":"/inventory.html","ua":"Mozilla/5.0 (X11; Linux x86_64) AppleWebKit/537.36 (KHTML, like Gecko) HeadlessChrome/147.0.7727.15 Safari/537.36"}
[2m[WebServer] [22m{"time":"2026-10-07T08:13:16.193905148-04:00","level":"INFO","msg":"client log","level":"WARN","message":"[inventory] item photo failed to load, showing placeholder Dr. Pepper https://nyc3.digitaloceanspaces.com/hq.yumyums/items/dr-pepper.png","user":"Jamal C. (jamal@yumyums.kitchen)","page":"/inventory.html","ua":"Mozilla/5.0 (X11; Linux x86_64) AppleWebKit/537.36 (KHTML, like Gecko) HeadlessChrome/147.0.7727.15 Safari/537.36"}
[2m[WebServer] [22m{"time":"2026-10-07T08:13:16.222614835-04:00","level":"INFO","msg":"client log","level":"WARN","message":"[inventory] item photo failed to load, showing placeholder Ranch Dressing https://nyc3.digitaloceanspaces.com/hq.yumyums/items/ranch-dressing.png","user":"Jamal C. (jamal@yumyums.kitchen)","page":"/inventory.html","ua":"Mozilla/5.0 (X11; Linux x86_64) AppleWebKit/537.36 (KHTML, like Gecko) HeadlessChrome/147.0.7727.15 Safari/537.36"}
  ✓  142 [chromium] › tests/inventory.spec.js:2876:5 › Inventory › badge reset saves the app timezone, not the device's (device=Asia/Tokyo) (2.8s)
[2m[WebServer] [22m{"time":"2026-10-07T08:13:18.805849037-04:00","level":"INFO","msg":"client log","level":"WARN","message":"[inventory] item photo failed to load, showing placeholder Lemonade Mix https://nyc3.digitaloceanspaces.com/hq.yumyums/items/lemonade-mix.png","user":"Jamal C. (jamal@yumyums.kitchen)","page":"/inventory.html","ua":"Mozilla/5.0 (X11; Linux x86_64) AppleWebKit/537.36 (KHTML, like Gecko) HeadlessChrome/147.0.7727.15 Safari/537.36"}
[2m[WebServer] [22m{"time":"2026-10-07T08:13:18.848680368-04:00","level":"INFO","msg":"client log","level":"WARN","message":"[inventory] item photo failed to load, showing placeholder Water https://nyc3.digitaloceanspaces.com/hq.yumyums/items/water.png","user":"Jamal C. (jamal@yumyums.kitchen)","page":"/inventory.html","ua":"Mozilla/5.0 (X11; Linux x86_64) AppleWebKit/537.36 (KHTML, like Gecko) HeadlessChrome/147.0.7727.15 Safari/537.36"}
[2m[WebServer] [22m{"time":"2026-10-07T08:13:18.946469098-04:00","level":"INFO","msg":"client log","level":"WARN","message":"[inventory] item photo failed to load, showing placeholder Meatballs https://nyc3.digitaloceanspaces.com/hq.yumyums/items/meatballs.png","user":"Jamal C. (jamal@yumyums.kitchen)","page":"/inventory.html","ua":"Mozilla/5.0 (X11; Linux x86_64) AppleWebKit/537.36 (KHTML, like Gecko) HeadlessChrome/147.0.7727.15 Safari/537.36"}
[2m[WebServer] [22m{"time":"2026-10-07T08:13:18.999686694-04:00","level":"INFO","msg":"client log","level":"WARN","message":"[inventory] item photo failed to load, showing placeholder Crabmeat https://nyc3.digitaloceanspaces.com/hq.yumyums/items/crabmeat.png","user":"Jamal C. (jamal@yumyums.kitchen)","page":"/inventory.html","ua":"Mozilla/5.0 (X11; Linux x86_64) AppleWebKit/537.36 (KHTML, like Gecko) HeadlessChrome/147.0.7727.15 Safari/537.36"}
[2m[WebServer] [22m{"time":"2026-10-07T08:13:19.052086992-04:00","level":"INFO","msg":"client log","level":"WARN","message":"[inventory] item photo failed to load, showing placeholder Tomaotes https://nyc3.digitaloceanspaces.com/hq.yumyums/items/tomaotes.png","user":"Jamal C. (jamal@yumyums.kitchen)","page":"/inventory.html","ua":"Mozilla/5.0 (X11; Linux x86_64) AppleWebKit/537.36 (KHTML, like Gecko) HeadlessChrome/147.0.7727.15 Safari/537.36"}
[2m[WebServer] [22m{"time":"2026-10-07T08:13:19.118640999-04:00","level":"INFO","msg":"client log","level":"WARN","message":"[inventory] item photo failed to load, showing placeholder White Onions https://nyc3.digitaloceanspaces.com/hq.yumyums/items/white-onions.png","user":"Jamal C. (jamal@yumyums.kitchen)","page":"/inventory.html","ua":"Mozilla/5.0 (X11; Linux x86_64) AppleWebKit/537.36 (KHTML, like Gecko) HeadlessChrome/147.0.7727.15 Safari/537.36"}
[2m[WebServer] [22m{"time":"2026-10-07T08:13:19.196761909-04:00","level":"INFO","msg":"client log","level":"WARN","message":"[inventory] item photo failed to load, showing placeholder Mango Syrup https://nyc3.digitaloceanspaces.com/hq.yumyums/items/mango-syrup.png","user":"Jamal C. (jamal@yumyums.kitchen)","page":"/inventory.html","ua":"Mozilla/5.0 (X11; Linux x86_64) AppleWebKit/537.36 (KHTML, like Gecko) HeadlessChrome/147.0.7727.15 Safari/537.36"}
[2m[WebServer] [22m{"time":"2026-10-07T08:13:19.237673914-04:00","level":"INFO","msg":"client log","level":"WARN","message":"[inventory] item photo failed to load, showing placeholder Gloves https://nyc3.digitaloceanspaces.com/hq.yumyums/items/gloves.png","user":"Jamal C. (jamal@yumyums.kitchen)","page":"/inventory.html","ua":"Mozilla/5.0 (X11; Linux x86_64) AppleWebKit/537.36 (KHTML, like Gecko) HeadlessChrome/147.0.7727.15 Safari/537.36"}
[2m[WebServer] [22m{"time":"2026-10-07T08:13:19.293320311-04:00","level":"INFO","msg":"client log","level":"WARN","message":"[inventory] item photo failed to load, showing placeholder Napkins https://nyc3.digitaloceanspaces.com/hq.yumyums/items/napkins.png","user":"Jamal C. (jamal@yumyums.kitchen)","page":"/inventory.html","ua":"Mozilla/5.0 (X11; Linux x86_64) AppleWebKit/537.36 (KHTML, like Gecko) HeadlessChrome/147.0.7727.15 Safari/537.36"}
[2m[WebServer] [22m{"time":"2026-10-07T08:13:19.349771979-04:00","level":"INFO","msg":"client log","level":"WARN","message":"[inventory] item photo failed to load, showing placeholder Hand Soap https://nyc3.digitaloceanspaces.com/hq.yumyums/items/hand-soap.png","user":"Jamal C. (jamal@yumyums.kitchen)","page":"/inventory.html","ua":"Mozilla/5.0 (X11; Linux x86_64) AppleWebKit/537.36 (KHTML, like Gecko) HeadlessChrome/147.0.7727.15 Safari/537.36"}
[2m[WebServer] [22m{"time":"2026-10-07T08:13:19.35953028-04:00","level":"INFO","msg":"client log","level":"WARN","message":"[inventory] item photo failed to load, showing placeholder Blue Cheese Dressing https://nyc3.digitaloceanspaces.com/hq.yumyums/items/blue-cheese-dressing.png","user":"Jamal C. (jamal@yumyums.kitchen)","page":"/inventory.html","ua":"Mozilla/5.0 (X11; Linux x86_64) AppleWebKit/537.36 (KHTML, like Gecko) HeadlessChrome/147.0.7727.15 Safari/537.36"}
[2m[WebServer] [22m{"time":"2026-10-07T08:13:19.532709132-04:00","level":"INFO","msg":"client log","level":"WARN","message":"[inventory] item photo failed to load, showing placeholder Dirty Dog Rolls https://nyc3.digitaloceanspaces.com/hq.yumyums/items/dirty-dog-rolls.png","user":"Jamal C. (jamal@yumyums.kitchen)","page":"/inventory.html","ua":"Mozilla/5.0 (X11; Linux x86_64) AppleWebKit/537.36 (KHTML, like Gecko) HeadlessChrome/147.0.7727.15 Safari/537.36"}
[2m[WebServer] [22m{"time":"2026-10-07T08:13:19.546126353-04:00","level":"INFO","msg":"client log","level":"WARN","message":"[inventory] item photo failed to load, showing placeholder Straws https://nyc3.digitaloceanspaces.com/hq.yumyums/items/straws.png","user":"Jamal C. (jamal@yumyums.kitchen)","page":"/inventory.html","ua":"Mozilla/5.0 (X11; Linux x86_64) AppleWebKit/537.36 (KHTML, like Gecko) HeadlessChrome/147.0.7727.15 Safari/537.36"}
[2m[WebServer] [22m{"time":"2026-10-07T08:13:19.553235614-04:00","level":"INFO","msg":"client log","level":"WARN","message":"[inventory] item photo failed to load, showing placeholder Hot Dogs https://nyc3.digitaloceanspaces.com/hq.yumyums/items/hot-dogs.png","user":"Jamal C. (jamal@yumyums.kitchen)","page":"/inventory.html","ua":"Mozilla/5.0 (X11; Linux x86_64) AppleWebKit/537.36 (KHTML, like Gecko) HeadlessChrome/147.0.7727.15 Safari/537.36"}
[2m[WebServer] [22m{"time":"2026-10-07T08:13:19.707043116-04:00","level":"INFO","msg":"client log","level":"WARN","message":"[inventory] item photo failed to load, showing placeholder Coke Zero https://nyc3.digitaloceanspaces.com/hq.yumyums/items/coke-zero.png","user":"Jamal C. (jamal@yumyums.kitchen)","page":"/inventory.html","ua":"Mozilla/5.0 (X11; Linux x86_64) AppleWebKit/537.36 (KHTML, like Gecko) HeadlessChrome/147.0.7727.15 Safari/537.36"}
[2m[WebServer] [22m{"time":"2026-10-07T08:13:19.707910109-04:00","level":"INFO","msg":"client log","level":"WARN","message":"[inventory] item photo failed to load, showing placeholder Granulated Onion https://nyc3.digitaloceanspaces.com/hq.yumyums/items/granulated-onion.png","user":"Jamal C. (jamal@yumyums.kitchen)","page":"/inventory.html","ua":"Mozilla/5.0 (X11; Linux x86_64) AppleWebKit/537.36 (KHTML, like Gecko) HeadlessChrome/147.0.7727.15 Safari/537.36"}
[2m[WebServer] [22m{"time":"2026-10-07T08:13:19.750384947-04:00","level":"INFO","msg":"client log","level":"WARN","message":"[inventory] item photo failed to load, showing placeholder Red Onions https://nyc3.digitaloceanspaces.com/hq.yumyums/items/red-onions.png","user":"Jamal C. (jamal@yumyums.kitchen)","page":"/inventory.html","ua":"Mozilla/5.0 (X11; Linux x86_64) AppleWebKit/537.36 (KHTML, like Gecko) HeadlessChrome/147.0.7727.15 Safari/537.36"}
[2m[WebServer] [22m{"time":"2026-10-07T08:13:19.767412705-04:00","level":"INFO","msg":"client log","level":"WARN","message":"[inventory] item photo failed to load, showing placeholder Cups https://nyc3.digitaloceanspaces.com/hq.yumyums/items/cups.png","user":"Jamal C. (jamal@yumyums.kitchen)","page":"/inventory.html","ua":"Mozilla/5.0 (X11; Linux x86_64) AppleWebKit/537.36 (KHTML, like Gecko) HeadlessChrome/147.0.7727.15 Safari/537.36"}
[2m[WebServer] [22m{"time":"2026-10-07T08:13:19.780308052-04:00","level":"INFO","msg":"client log","level":"WARN","message":"[inventory] item photo failed to load, showing placeholder Sriracha https://nyc3.digitaloceanspaces.com/hq.yumyums/items/sriracha.png","user":"Jamal C. (jamal@yumyums.kitchen)","page":"/inventory.html","ua":"Mozilla/5.0 (X11; Linux x86_64) AppleWebKit/537.36 (KHTML, like Gecko) HeadlessChrome/147.0.7727.15 Safari/537.36"}
[2m[WebServer] [22m{"time":"2026-10-07T08:13:19.925408418-04:00","level":"INFO","msg":"client log","level":"WARN","message":"[inventory] item photo failed to load, showing placeholder Coke https://nyc3.digitaloceanspaces.com/hq.yumyums/items/coke.png","user":"Jamal C. (jamal@yumyums.kitchen)","page":"/inventory.html","ua":"Mozilla/5.0 (X11; Linux x86_64) AppleWebKit/537.36 (KHTML, like Gecko) HeadlessChrome/147.0.7727.15 Safari/537.36"}
[2m[WebServer] [22m{"time":"2026-10-07T08:13:19.929388589-04:00","level":"INFO","msg":"client log","level":"WARN","message":"[inventory] item photo failed to load, showing placeholder Lemons https://nyc3.digitaloceanspaces.com/hq.yumyums/items/lemons.png","user":"Jamal C. (jamal@yumyums.kitchen)","page":"/inventory.html","ua":"Mozilla/5.0 (X11; Linux x86_64) AppleWebKit/537.36 (KHTML, like Gecko) HeadlessChrome/147.0.7727.15 Safari/537.36"}
[2m[WebServer] [22m{"time":"2026-10-07T08:13:19.969478012-04:00","level":"INFO","msg":"client log","level":"WARN","message":"[inventory] item photo failed to load, showing placeholder Brisket https://nyc3.digitaloceanspaces.com/hq.yumyums/items/brisket.png","user":"Jamal C. (jamal@yumyums.kitchen)","page":"/inventory.html","ua":"Mozilla/5.0 (X11; Linux x86_64) AppleWebKit/537.36 (KHTML, like Gecko) HeadlessChrome/147.0.7727.15 Safari/537.36"}
[2m[WebServer] [22m{"time":"2026-10-07T08:13:19.983361628-04:00","level":"INFO","msg":"client log","level":"WARN","message":"[inventory] item photo failed to load, showing placeholder Chicken Tenders https://nyc3.digitaloceanspaces.com/hq.yumyums/items/chicken-tenders.png","user":"Jamal C. (jamal@yumyums.kitchen)","page":"/inventory.html","ua":"Mozilla/5.0 (X11; Linux x86_64) AppleWebKit/537.36 (KHTML, like Gecko) HeadlessChrome/147.0.7727.15 Safari/537.36"}
[2m[WebServer] [22m{"time":"2026-10-07T08:13:19.991895021-04:00","level":"ERROR","msg":"UpsertRepurchaseResetConfigHandler failed","error":"UpsertRepurchaseResetConfig: commit: context canceled"}
  ✓  143 [chromium] › tests/inventory.spec.js:2876:5 › Inventory › badge reset saves the app timezone, not the device's (device=America/Chicago) (3.8s)
  ✓  144 [chromium] › tests/inventory.spec.js:2911:3 › Inventory › add item bar does not allow No Group selection (1.6s)
[2m[WebServer] [22m{"time":"2026-10-07T08:13:23.366905505-04:00","level":"INFO","msg":"client log","level":"WARN","message":"[inventory] item photo failed to load, showing placeholder Coke Zero https://nyc3.digitaloceanspaces.com/hq.yumyums/items/coke-zero.png","user":"Jamal C. (jamal@yumyums.kitchen)","page":"/inventory.html","ua":"Mozilla/5.0 (X11; Linux x86_64) AppleWebKit/537.36 (KHTML, like Gecko) HeadlessChrome/147.0.7727.15 Safari/537.36"}
[2m[WebServer] [22m{"time":"2026-10-07T08:13:23.389754076-04:00","level":"INFO","msg":"client log","level":"WARN","message":"[inventory] item photo failed to load, showing placeholder Coke https://nyc3.digitaloceanspaces.com/hq.yumyums/items/coke.png","user":"Jamal C. (jamal@yumyums.kitchen)","page":"/inventory.html","ua":"Mozilla/5.0 (X11; Linux x86_64) AppleWebKit/537.36 (KHTML, like Gecko) HeadlessChrome/147.0.7727.15 Safari/537.36"}
[2m[WebServer] [22m{"time":"2026-10-07T08:13:23.529046101-04:00","level":"INFO","msg":"client log","level":"WARN","message":"[inventory] item photo failed to load, showing placeholder Honey Mustard https://nyc3.digitaloceanspaces.com/hq.yumyums/items/honey-mustard.png","user":"Jamal C. (jamal@yumyums.kitchen)","page":"/inventory.html","ua":"Mozilla/5.0 (X11; Linux x86_64) AppleWebKit/537.36 (KHTML, like Gecko) HeadlessChrome/147.0.7727.15 Safari/537.36"}
[2m[WebServer] [22m{"time":"2026-10-07T08:13:23.556907839-04:00","level":"INFO","msg":"client log","level":"WARN","message":"[inventory] item photo failed to load, showing placeholder Forks https://nyc3.digitaloceanspaces.com/hq.yumyums/items/forks.png","user":"Jamal C. (jamal@yumyums.kitchen)","page":"/inventory.html","ua":"Mozilla/5.0 (X11; Linux x86_64) AppleWebKit/537.36 (KHTML, like Gecko) HeadlessChrome/147.0.7727.15 Safari/537.36"}
[2m[WebServer] [22m{"time":"2026-10-07T08:13:23.708964581-04:00","level":"INFO","msg":"client log","level":"WARN","message":"[inventory] item photo failed to load, showing placeholder Ground Turkey https://nyc3.digitaloceanspaces.com/hq.yumyums/items/ground-turkey.png","user":"Jamal C. (jamal@yumyums.kitchen)","page":"/inventory.html","ua":"Mozilla/5.0 (X11; Linux x86_64) AppleWebKit/537.36 (KHTML, like Gecko) HeadlessChrome/147.0.7727.15 Safari/537.36"}
[2m[WebServer] [22m{"time":"2026-10-07T08:13:23.749264623-04:00","level":"INFO","msg":"client log","level":"WARN","message":"[inventory] item photo failed to load, showing placeholder Lemon Juice https://nyc3.digitaloceanspaces.com/hq.yumyums/items/lemon-juice.png","user":"Jamal C. (jamal@yumyums.kitchen)","page":"/inventory.html","ua":"Mozilla/5.0 (X11; Linux x86_64) AppleWebKit/537.36 (KHTML, like Gecko) HeadlessChrome/147.0.7727.15 Safari/537.36"}
[2m[WebServer] [22m{"time":"2026-10-07T08:13:23.752595732-04:00","level":"INFO","msg":"client log","level":"WARN","message":"[inventory] item photo failed to load, showing placeholder Allspice https://nyc3.digitaloceanspaces.com/hq.yumyums/items/allspice.png","user":"Jamal C. (jamal@yumyums.kitchen)","page":"/inventory.html","ua":"Mozilla/5.0 (X11; Linux x86_64) AppleWebKit/537.36 (KHTML, like Gecko) HeadlessChrome/147.0.7727.15 Safari/537.36"}
[2m[WebServer] [22m{"time":"2026-10-07T08:13:23.768999049-04:00","level":"INFO","msg":"client log","level":"WARN","message":"[inventory] item photo failed to load, showing placeholder Wings https://nyc3.digitaloceanspaces.com/hq.yumyums/items/wings.png","user":"Jamal C. (jamal@yumyums.kitchen)","page":"/inventory.html","ua":"Mozilla/5.0 (X11; Linux x86_64) AppleWebKit/537.36 (KHTML, like Gecko) HeadlessChrome/147.0.7727.15 Safari/537.36"}
[2m[WebServer] [22m{"time":"2026-10-07T08:13:23.821188752-04:00","level":"INFO","msg":"client log","level":"WARN","message":"[inventory] item photo failed to load, showing placeholder Lemonade Mix https://nyc3.digitaloceanspaces.com/hq.yumyums/items/lemonade-mix.png","user":"Jamal C. (jamal@yumyums.kitchen)","page":"/inventory.html","ua":"Mozilla/5.0 (X11; Linux x86_64) AppleWebKit/537.36 (KHTML, like Gecko) HeadlessChrome/147.0.7727.15 Safari/537.36"}
  ✓  145 [chromium] › tests/inventory.spec.js:2919:3 › Inventory › create item without group shows alert (2.3s)
[2m[WebServer] [22m{"time":"2026-10-07T08:13:26.378861239-04:00","level":"INFO","msg":"client log","level":"WARN","message":"[inventory] item photo failed to load, showing placeholder Coke https://nyc3.digitaloceanspaces.com/hq.yumyums/items/coke.png","user":"Jamal C. (jamal@yumyums.kitchen)","page":"/inventory.html","ua":"Mozilla/5.0 (X11; Linux x86_64) AppleWebKit/537.36 (KHTML, like Gecko) HeadlessChrome/147.0.7727.15 Safari/537.36"}
[2m[WebServer] [22m{"time":"2026-10-07T08:13:26.430112774-04:00","level":"INFO","msg":"client log","level":"WARN","message":"[inventory] item photo failed to load, showing placeholder Sprite https://nyc3.digitaloceanspaces.com/hq.yumyums/items/sprite.png","user":"Jamal C. (jamal@yumyums.kitchen)","page":"/inventory.html","ua":"Mozilla/5.0 (X11; Linux x86_64) AppleWebKit/537.36 (KHTML, like Gecko) HeadlessChrome/147.0.7727.15 Safari/537.36"}
[2m[WebServer] [22m{"time":"2026-10-07T08:13:26.636487783-04:00","level":"INFO","msg":"client log","level":"WARN","message":"[inventory] item photo failed to load, showing placeholder Red Peppers https://nyc3.digitaloceanspaces.com/hq.yumyums/items/red-peppers.png","user":"Jamal C. (jamal@yumyums.kitchen)","page":"/inventory.html","ua":"Mozilla/5.0 (X11; Linux x86_64) AppleWebKit/537.36 (KHTML, like Gecko) HeadlessChrome/147.0.7727.15 Safari/537.36"}
[2m[WebServer] [22m{"time":"2026-10-07T08:13:26.740466699-04:00","level":"INFO","msg":"client log","level":"WARN","message":"[inventory] item photo failed to load, showing placeholder Liquid Butter https://nyc3.digitaloceanspaces.com/hq.yumyums/items/liquid-butter.png","user":"Jamal C. (jamal@yumyums.kitchen)","page":"/inventory.html","ua":"Mozilla/5.0 (X11; Linux x86_64) AppleWebKit/537.36 (KHTML, like Gecko) HeadlessChrome/147.0.7727.15 Safari/537.36"}
[2m[WebServer] [22m{"time":"2026-10-07T08:13:26.77791063-04:00","level":"INFO","msg":"client log","level":"WARN","message":"[inventory] item photo failed to load, showing placeholder Salt https://nyc3.digitaloceanspaces.com/hq.yumyums/items/salt.png","user":"Jamal C. (jamal@yumyums.kitchen)","page":"/inventory.html","ua":"Mozilla/5.0 (X11; Linux x86_64) AppleWebKit/537.36 (KHTML, like Gecko) HeadlessChrome/147.0.7727.15 Safari/537.36"}
[2m[WebServer] [22m{"time":"2026-10-07T08:13:26.819921759-04:00","level":"INFO","msg":"client log","level":"WARN","message":"[inventory] item photo failed to load, showing placeholder White Onions https://nyc3.digitaloceanspaces.com/hq.yumyums/items/white-onions.png","user":"Jamal C. (jamal@yumyums.kitchen)","page":"/inventory.html","ua":"Mozilla/5.0 (X11; Linux x86_64) AppleWebKit/537.36 (KHTML, like Gecko) HeadlessChrome/147.0.7727.15 Safari/537.36"}
[2m[WebServer] [22m{"time":"2026-10-07T08:13:26.834861056-04:00","level":"INFO","msg":"client log","level":"WARN","message":"[inventory] item photo failed to load, showing placeholder Hot Dogs https://nyc3.digitaloceanspaces.com/hq.yumyums/items/hot-dogs.png","user":"Jamal C. (jamal@yumyums.kitchen)","page":"/inventory.html","ua":"Mozilla/5.0 (X11; Linux x86_64) AppleWebKit/537.36 (KHTML, like Gecko) HeadlessChrome/147.0.7727.15 Safari/537.36"}
[2m[WebServer] [22m{"time":"2026-10-07T08:13:26.865366673-04:00","level":"INFO","msg":"client log","level":"WARN","message":"[inventory] item photo failed to load, showing placeholder Boxes (No 8) https://nyc3.digitaloceanspaces.com/hq.yumyums/items/boxes-no-8.png","user":"Jamal C. (jamal@yumyums.kitchen)","page":"/inventory.html","ua":"Mozilla/5.0 (X11; Linux x86_64) AppleWebKit/537.36 (KHTML, like Gecko) HeadlessChrome/147.0.7727.15 Safari/537.36"}
[2m[WebServer] [22m{"time":"2026-10-07T08:13:26.941998628-04:00","level":"INFO","msg":"client log","level":"WARN","message":"[inventory] item photo failed to load, showing placeholder Sour Cream https://nyc3.digitaloceanspaces.com/hq.yumyums/items/sour-cream.png","user":"Jamal C. (jamal@yumyums.kitchen)","page":"/inventory.html","ua":"Mozilla/5.0 (X11; Linux x86_64) AppleWebKit/537.36 (KHTML, like Gecko) HeadlessChrome/147.0.7727.15 Safari/537.36"}
[2m[WebServer] [22m{"time":"2026-10-07T08:13:27.10485301-04:00","level":"INFO","msg":"client log","level":"WARN","message":"[inventory] item photo failed to load, showing placeholder Chicken Party Wings https://nyc3.digitaloceanspaces.com/hq.yumyums/items/chicken-party-wings.png","user":"Jamal C. (jamal@yumyums.kitchen)","page":"/inventory.html","ua":"Mozilla/5.0 (X11; Linux x86_64) AppleWebKit/537.36 (KHTML, like Gecko) HeadlessChrome/147.0.7727.15 Safari/537.36"}
[2m[WebServer] [22m{"time":"2026-10-07T08:13:27.194603296-04:00","level":"INFO","msg":"client log","level":"WARN","message":"[inventory] item photo failed to load, showing placeholder Brisket https://nyc3.digitaloceanspaces.com/hq.yumyums/items/brisket.png","user":"Jamal C. (jamal@yumyums.kitchen)","page":"/inventory.html","ua":"Mozilla/5.0 (X11; Linux x86_64) AppleWebKit/537.36 (KHTML, like Gecko) HeadlessChrome/147.0.7727.15 Safari/537.36"}
[2m[WebServer] [22m{"time":"2026-10-07T08:13:27.218512279-04:00","level":"INFO","msg":"client log","level":"WARN","message":"[inventory] item photo failed to load, showing placeholder Garlic Powder https://nyc3.digitaloceanspaces.com/hq.yumyums/items/garlic-powder.png","user":"Jamal C. (jamal@yumyums.kitchen)","page":"/inventory.html","ua":"Mozilla/5.0 (X11; Linux x86_64) AppleWebKit/537.36 (KHTML, like Gecko) HeadlessChrome/147.0.7727.15 Safari/537.36"}
[2m[WebServer] [22m{"time":"2026-10-07T08:13:27.233939582-04:00","level":"INFO","msg":"client log","level":"WARN","message":"[inventory] item photo failed to load, showing placeholder Trash Bags (30 Gallon) https://nyc3.digitaloceanspaces.com/hq.yumyums/items/trash-bags-30-gallon.png","user":"Jamal C. (jamal@yumyums.kitchen)","page":"/inventory.html","ua":"Mozilla/5.0 (X11; Linux x86_64) AppleWebKit/537.36 (KHTML, like Gecko) HeadlessChrome/147.0.7727.15 Safari/537.36"}
[2m[WebServer] [22m{"time":"2026-10-07T08:13:27.459907224-04:00","level":"INFO","msg":"client log","level":"WARN","message":"[inventory] item photo failed to load, showing placeholder Brisket Rolls https://nyc3.digitaloceanspaces.com/hq.yumyums/items/brisket-rolls.png","user":"Jamal C. (jamal@yumyums.kitchen)","page":"/inventory.html","ua":"Mozilla/5.0 (X11; Linux x86_64) AppleWebKit/537.36 (KHTML, like Gecko) HeadlessChrome/147.0.7727.15 Safari/537.36"}
[2m[WebServer] [22m{"time":"2026-10-07T08:13:27.464094737-04:00","level":"INFO","msg":"client log","level":"WARN","message":"[inventory] item photo failed to load, showing placeholder Lemonade Mix https://nyc3.digitaloceanspaces.com/hq.yumyums/items/lemonade-mix.png","user":"Jamal C. (jamal@yumyums.kitchen)","page":"/inventory.html","ua":"Mozilla/5.0 (X11; Linux x86_64) AppleWebKit/537.36 (KHTML, like Gecko) HeadlessChrome/147.0.7727.15 Safari/537.36"}
[2m[WebServer] [22m{"time":"2026-10-07T08:13:27.563776679-04:00","level":"INFO","msg":"client log","level":"WARN","message":"[inventory] item photo failed to load, showing placeholder Ketchup Packets https://nyc3.digitaloceanspaces.com/hq.yumyums/items/ketchup-packets.png","user":"Jamal C. (jamal@yumyums.kitchen)","page":"/inventory.html","ua":"Mozilla/5.0 (X11; Linux x86_64) AppleWebKit/537.36 (KHTML, like Gecko) HeadlessChrome/147.0.7727.15 Safari/537.36"}
[2m[WebServer] [22m{"time":"2026-10-07T08:13:27.625485843-04:00","level":"INFO","msg":"client log","level":"WARN","message":"[inventory] item photo failed to load, showing placeholder Egg Roll Wraps https://nyc3.digitaloceanspaces.com/hq.yumyums/items/egg-roll-wraps.png","user":"Jamal C. (jamal@yumyums.kitchen)","page":"/inventory.html","ua":"Mozilla/5.0 (X11; Linux x86_64) AppleWebKit/537.36 (KHTML, like Gecko) HeadlessChrome/147.0.7727.15 Safari/537.36"}
[2m[WebServer] [22m{"time":"2026-10-07T08:13:27.850207116-04:00","level":"INFO","msg":"client log","level":"WARN","message":"[inventory] item photo failed to load, showing placeholder Bbq Sauce https://nyc3.digitaloceanspaces.com/hq.yumyums/items/bbq-sauce.png","user":"Jamal C. (jamal@yumyums.kitchen)","page":"/inventory.html","ua":"Mozilla/5.0 (X11; Linux x86_64) AppleWebKit/537.36 (KHTML, like Gecko) HeadlessChrome/147.0.7727.15 Safari/537.36"}
[2m[WebServer] [22m{"time":"2026-10-07T08:13:27.886962328-04:00","level":"INFO","msg":"client log","level":"WARN","message":"[inventory] item photo failed to load, showing placeholder Dirty Dog Rolls https://nyc3.digitaloceanspaces.com/hq.yumyums/items/dirty-dog-rolls.png","user":"Jamal C. (jamal@yumyums.kitchen)","page":"/inventory.html","ua":"Mozilla/5.0 (X11; Linux x86_64) AppleWebKit/537.36 (KHTML, like Gecko) HeadlessChrome/147.0.7727.15 Safari/537.36"}
[2m[WebServer] [22m{"time":"2026-10-07T08:13:27.955132655-04:00","level":"INFO","msg":"client log","level":"WARN","message":"[inventory] item photo failed to load, showing placeholder Tomaotes https://nyc3.digitaloceanspaces.com/hq.yumyums/items/tomaotes.png","user":"Jamal C. (jamal@yumyums.kitchen)","page":"/inventory.html","ua":"Mozilla/5.0 (X11; Linux x86_64) AppleWebKit/537.36 (KHTML, like Gecko) HeadlessChrome/147.0.7727.15 Safari/537.36"}
[2m[WebServer] [22m{"time":"2026-10-07T08:13:28.272405381-04:00","level":"INFO","msg":"client log","level":"WARN","message":"[inventory] item photo failed to load, showing placeholder Mango Syrup https://nyc3.digitaloceanspaces.com/hq.yumyums/items/mango-syrup.png","user":"Jamal C. (jamal@yumyums.kitchen)","page":"/inventory.html","ua":"Mozilla/5.0 (X11; Linux x86_64) AppleWebKit/537.36 (KHTML, like Gecko) HeadlessChrome/147.0.7727.15 Safari/537.36"}
[2m[WebServer] [22m{"time":"2026-10-07T08:13:28.316597695-04:00","level":"INFO","msg":"client log","level":"WARN","message":"[inventory] item photo failed to load, showing placeholder Plastic Bags https://nyc3.digitaloceanspaces.com/hq.yumyums/items/plastic-bags.png","user":"Jamal C. (jamal@yumyums.kitchen)","page":"/inventory.html","ua":"Mozilla/5.0 (X11; Linux x86_64) AppleWebKit/537.36 (KHTML, like Gecko) HeadlessChrome/147.0.7727.15 Safari/537.36"}
[2m[WebServer] [22m{"time":"2026-10-07T08:13:28.317915336-04:00","level":"INFO","msg":"client log","level":"WARN","message":"[inventory] item photo failed to load, showing placeholder Forks https://nyc3.digitaloceanspaces.com/hq.yumyums/items/forks.png","user":"Jamal C. (jamal@yumyums.kitchen)","page":"/inventory.html","ua":"Mozilla/5.0 (X11; Linux x86_64) AppleWebKit/537.36 (KHTML, like Gecko) HeadlessChrome/147.0.7727.15 Safari/537.36"}
[2m[WebServer] [22m{"time":"2026-10-07T08:13:28.367997503-04:00","level":"INFO","msg":"client log","level":"WARN","message":"[inventory] item photo failed to load, showing placeholder Mayonnaise https://nyc3.digitaloceanspaces.com/hq.yumyums/items/mayonnaise.png","user":"Jamal C. (jamal@yumyums.kitchen)","page":"/inventory.html","ua":"Mozilla/5.0 (X11; Linux x86_64) AppleWebKit/537.36 (KHTML, like Gecko) HeadlessChrome/147.0.7727.15 Safari/537.36"}
[2m[WebServer] [22m{"time":"2026-10-07T08:13:28.38697344-04:00","level":"INFO","msg":"client log","level":"WARN","message":"[inventory] item photo failed to load, showing placeholder Limes https://nyc3.digitaloceanspaces.com/hq.yumyums/items/limes.png","user":"Jamal C. (jamal@yumyums.kitchen)","page":"/inventory.html","ua":"Mozilla/5.0 (X11; Linux x86_64) AppleWebKit/537.36 (KHTML, like Gecko) HeadlessChrome/147.0.7727.15 Safari/537.36"}
[2m[WebServer] [22m{"time":"2026-10-07T08:13:28.697356765-04:00","level":"INFO","msg":"client log","level":"WARN","message":"[inventory] item photo failed to load, showing placeholder Blast Away https://nyc3.digitaloceanspaces.com/hq.yumyums/items/blast-away.png","user":"Jamal C. (jamal@yumyums.kitchen)","page":"/inventory.html","ua":"Mozilla/5.0 (X11; Linux x86_64) AppleWebKit/537.36 (KHTML, like Gecko) HeadlessChrome/147.0.7727.15 Safari/537.36"}
[2m[WebServer] [22m{"time":"2026-10-07T08:13:28.760605812-04:00","level":"INFO","msg":"client log","level":"WARN","message":"[inventory] item photo failed to load, showing placeholder Charcoal https://nyc3.digitaloceanspaces.com/hq.yumyums/items/charcoal.png","user":"Jamal C. (jamal@yumyums.kitchen)","page":"/inventory.html","ua":"Mozilla/5.0 (X11; Linux x86_64) AppleWebKit/537.36 (KHTML, like Gecko) HeadlessChrome/147.0.7727.15 Safari/537.36"}
[2m[WebServer] [22m{"time":"2026-10-07T08:13:28.824964554-04:00","level":"INFO","msg":"client log","level":"WARN","message":"[inventory] item photo failed to load, showing placeholder Fries https://nyc3.digitaloceanspaces.com/hq.yumyums/items/fries.png","user":"Jamal C. (jamal@yumyums.kitchen)","page":"/inventory.html","ua":"Mozilla/5.0 (X11; Linux x86_64) AppleWebKit/537.36 (KHTML, like Gecko) HeadlessChrome/147.0.7727.15 Safari/537.36"}
[2m[WebServer] [22m{"time":"2026-10-07T08:13:28.886427756-04:00","level":"INFO","msg":"client log","level":"WARN","message":"[inventory] item photo failed to load, showing placeholder Fine Sea Salt https://nyc3.digitaloceanspaces.com/hq.yumyums/items/fine-sea-salt.png","user":"Jamal C. (jamal@yumyums.kitchen)","page":"/inventory.html","ua":"Mozilla/5.0 (X11; Linux x86_64) AppleWebKit/537.36 (KHTML, like Gecko) HeadlessChrome/147.0.7727.15 Safari/537.36"}
[2m[WebServer] [22m{"time":"2026-10-07T08:13:28.916216777-04:00","level":"INFO","msg":"client log","level":"WARN","message":"[inventory] item photo failed to load, showing placeholder Dr. Pepper https://nyc3.digitaloceanspaces.com/hq.yumyums/items/dr-pepper.png","user":"Jamal C. (jamal@yumyums.kitchen)","page":"/inventory.html","ua":"Mozilla/5.0 (X11; Linux x86_64) AppleWebKit/537.36 (KHTML, like Gecko) HeadlessChrome/147.0.7727.15 Safari/537.36"}
[2m[WebServer] [22m{"time":"2026-10-07T08:13:29.060301795-04:00","level":"INFO","msg":"client log","level":"WARN","message":"[inventory] item photo failed to load, showing placeholder Coke Zero https://nyc3.digitaloceanspaces.com/hq.yumyums/items/coke-zero.png","user":"Jamal C. (jamal@yumyums.kitchen)","page":"/inventory.html","ua":"Mozilla/5.0 (X11; Linux x86_64) AppleWebKit/537.36 (KHTML, like Gecko) HeadlessChrome/147.0.7727.15 Safari/537.36"}
[2m[WebServer] [22m{"time":"2026-10-07T08:13:29.164643027-04:00","level":"INFO","msg":"client log","level":"WARN","message":"[inventory] item photo failed to load, showing placeholder Allspice https://nyc3.digitaloceanspaces.com/hq.yumyums/items/allspice.png","user":"Jamal C. (jamal@yumyums.kitchen)","page":"/inventory.html","ua":"Mozilla/5.0 (X11; Linux x86_64) AppleWebKit/537.36 (KHTML, like Gecko) HeadlessChrome/147.0.7727.15 Safari/537.36"}
[2m[WebServer] [22m{"time":"2026-10-07T08:13:29.189000759-04:00","level":"INFO","msg":"client log","level":"WARN","message":"[inventory] item photo failed to load, showing placeholder Wings https://nyc3.digitaloceanspaces.com/hq.yumyums/items/wings.png","user":"Jamal C. (jamal@yumyums.kitchen)","page":"/inventory.html","ua":"Mozilla/5.0 (X11; Linux x86_64) AppleWebKit/537.36 (KHTML, like Gecko) HeadlessChrome/147.0.7727.15 Safari/537.36"}
[2m[WebServer] [22m{"time":"2026-10-07T08:13:29.195259067-04:00","level":"INFO","msg":"client log","level":"WARN","message":"[inventory] item photo failed to load, showing placeholder Green Peppers https://nyc3.digitaloceanspaces.com/hq.yumyums/items/green-peppers.png","user":"Jamal C. (jamal@yumyums.kitchen)","page":"/inventory.html","ua":"Mozilla/5.0 (X11; Linux x86_64) AppleWebKit/537.36 (KHTML, like Gecko) HeadlessChrome/147.0.7727.15 Safari/537.36"}
[2m[WebServer] [22m{"time":"2026-10-07T08:13:29.245302785-04:00","level":"INFO","msg":"client log","level":"WARN","message":"[inventory] item photo failed to load, showing placeholder Meatballs https://nyc3.digitaloceanspaces.com/hq.yumyums/items/meatballs.png","user":"Jamal C. (jamal@yumyums.kitchen)","page":"/inventory.html","ua":"Mozilla/5.0 (X11; Linux x86_64) AppleWebKit/537.36 (KHTML, like Gecko) HeadlessChrome/147.0.7727.15 Safari/537.36"}
[2m[WebServer] [22m{"time":"2026-10-07T08:13:29.403851313-04:00","level":"INFO","msg":"client log","level":"WARN","message":"[inventory] item photo failed to load, showing placeholder Straws https://nyc3.digitaloceanspaces.com/hq.yumyums/items/straws.png","user":"Jamal C. (jamal@yumyums.kitchen)","page":"/inventory.html","ua":"Mozilla/5.0 (X11; Linux x86_64) AppleWebKit/537.36 (KHTML, like Gecko) HeadlessChrome/147.0.7727.15 Safari/537.36"}
[2m[WebServer] [22m{"time":"2026-10-07T08:13:29.419431774-04:00","level":"INFO","msg":"client log","level":"WARN","message":"[inventory] item photo failed to load, showing placeholder Towels https://nyc3.digitaloceanspaces.com/hq.yumyums/items/towels.png","user":"Jamal C. (jamal@yumyums.kitchen)","page":"/inventory.html","ua":"Mozilla/5.0 (X11; Linux x86_64) AppleWebKit/537.36 (KHTML, like Gecko) HeadlessChrome/147.0.7727.15 Safari/537.36"}
[2m[WebServer] [22m{"time":"2026-10-07T08:13:29.475518598-04:00","level":"INFO","msg":"client log","level":"WARN","message":"[inventory] item photo failed to load, showing placeholder Black Pepper https://nyc3.digitaloceanspaces.com/hq.yumyums/items/black-pepper.png","user":"Jamal C. (jamal@yumyums.kitchen)","page":"/inventory.html","ua":"Mozilla/5.0 (X11; Linux x86_64) AppleWebKit/537.36 (KHTML, like Gecko) HeadlessChrome/147.0.7727.15 Safari/537.36"}
[2m[WebServer] [22m{"time":"2026-10-07T08:13:29.672933856-04:00","level":"INFO","msg":"client log","level":"WARN","message":"[inventory] item photo failed to load, showing placeholder Hot Dog Rolls https://nyc3.digitaloceanspaces.com/hq.yumyums/items/hot-dog-rolls.png","user":"Jamal C. (jamal@yumyums.kitchen)","page":"/inventory.html","ua":"Mozilla/5.0 (X11; Linux x86_64) AppleWebKit/537.36 (KHTML, like Gecko) HeadlessChrome/147.0.7727.15 Safari/537.36"}
[2m[WebServer] [22m{"time":"2026-10-07T08:13:29.681238374-04:00","level":"INFO","msg":"client log","level":"WARN","message":"[inventory] item photo failed to load, showing placeholder Gloves https://nyc3.digitaloceanspaces.com/hq.yumyums/items/gloves.png","user":"Jamal C. (jamal@yumyums.kitchen)","page":"/inventory.html","ua":"Mozilla/5.0 (X11; Linux x86_64) AppleWebKit/537.36 (KHTML, like Gecko) HeadlessChrome/147.0.7727.15 Safari/537.36"}
[2m[WebServer] [22m{"time":"2026-10-07T08:13:29.697461843-04:00","level":"INFO","msg":"client log","level":"WARN","message":"[inventory] item photo failed to load, showing placeholder Granulated Onion https://nyc3.digitaloceanspaces.com/hq.yumyums/items/granulated-onion.png","user":"Jamal C. (jamal@yumyums.kitchen)","page":"/inventory.html","ua":"Mozilla/5.0 (X11; Linux x86_64) AppleWebKit/537.36 (KHTML, like Gecko) HeadlessChrome/147.0.7727.15 Safari/537.36"}
[2m[WebServer] [22m{"time":"2026-10-07T08:13:29.705179564-04:00","level":"INFO","msg":"client log","level":"WARN","message":"[inventory] item photo failed to load, showing placeholder Frying Oil https://nyc3.digitaloceanspaces.com/hq.yumyums/items/frying-oil.png","user":"Jamal C. (jamal@yumyums.kitchen)","page":"/inventory.html","ua":"Mozilla/5.0 (X11; Linux x86_64) AppleWebKit/537.36 (KHTML, like Gecko) HeadlessChrome/147.0.7727.15 Safari/537.36"}
[2m[WebServer] [22m{"time":"2026-10-07T08:13:29.839326496-04:00","level":"INFO","msg":"client log","level":"WARN","message":"[inventory] item photo failed to load, showing placeholder No Rinse Floor Cleaner https://nyc3.digitaloceanspaces.com/hq.yumyums/items/no-rinse-floor-cleaner.png","user":"Jamal C. (jamal@yumyums.kitchen)","page":"/inventory.html","ua":"Mozilla/5.0 (X11; Linux x86_64) AppleWebKit/537.36 (KHTML, like Gecko) HeadlessChrome/147.0.7727.15 Safari/537.36"}
[2m[WebServer] [22m{"time":"2026-10-07T08:13:29.896763128-04:00","level":"INFO","msg":"client log","level":"WARN","message":"[inventory] item photo failed to load, showing placeholder Sanitizing Tablets https://nyc3.digitaloceanspaces.com/hq.yumyums/items/sanitizing-tablets.png","user":"Jamal C. (jamal@yumyums.kitchen)","page":"/inventory.html","ua":"Mozilla/5.0 (X11; Linux x86_64) AppleWebKit/537.36 (KHTML, like Gecko) HeadlessChrome/147.0.7727.15 Safari/537.36"}
[2m[WebServer] [22m{"time":"2026-10-07T08:13:29.898579623-04:00","level":"INFO","msg":"client log","level":"WARN","message":"[inventory] item photo failed to load, showing placeholder Nacho Cheese Sauce https://nyc3.digitaloceanspaces.com/hq.yumyums/items/nacho-cheese-sauce.png","user":"Jamal C. (jamal@yumyums.kitchen)","page":"/inventory.html","ua":"Mozilla/5.0 (X11; Linux x86_64) AppleWebKit/537.36 (KHTML, like Gecko) HeadlessChrome/147.0.7727.15 Safari/537.36"}
[2m[WebServer] [22m{"time":"2026-10-07T08:13:29.913177864-04:00","level":"INFO","msg":"client log","level":"WARN","message":"[inventory] item photo failed to load, showing placeholder Ranch Dressing https://nyc3.digitaloceanspaces.com/hq.yumyums/items/ranch-dressing.png","user":"Jamal C. (jamal@yumyums.kitchen)","page":"/inventory.html","ua":"Mozilla/5.0 (X11; Linux x86_64) AppleWebKit/537.36 (KHTML, like Gecko) HeadlessChrome/147.0.7727.15 Safari/537.36"}
[2m[WebServer] [22m{"time":"2026-10-07T08:13:29.942563015-04:00","level":"INFO","msg":"client log","level":"WARN","message":"[inventory] item photo failed to load, showing placeholder Bleach https://nyc3.digitaloceanspaces.com/hq.yumyums/items/bleach.png","user":"Jamal C. (jamal@yumyums.kitchen)","page":"/inventory.html","ua":"Mozilla/5.0 (X11; Linux x86_64) AppleWebKit/537.36 (KHTML, like Gecko) HeadlessChrome/147.0.7727.15 Safari/537.36"}
[2m[WebServer] [22m{"time":"2026-10-07T08:13:30.072189397-04:00","level":"INFO","msg":"client log","level":"WARN","message":"[inventory] item photo failed to load, showing placeholder Cups https://nyc3.digitaloceanspaces.com/hq.yumyums/items/cups.png","user":"Jamal C. (jamal@yumyums.kitchen)","page":"/inventory.html","ua":"Mozilla/5.0 (X11; Linux x86_64) AppleWebKit/537.36 (KHTML, like Gecko) HeadlessChrome/147.0.7727.15 Safari/537.36"}
[2m[WebServer] [22m{"time":"2026-10-07T08:13:30.104780057-04:00","level":"INFO","msg":"client log","level":"WARN","message":"[inventory] item photo failed to load, showing placeholder Cucumber https://nyc3.digitaloceanspaces.com/hq.yumyums/items/cucumber.png","user":"Jamal C. (jamal@yumyums.kitchen)","page":"/inventory.html","ua":"Mozilla/5.0 (X11; Linux x86_64) AppleWebKit/537.36 (KHTML, like Gecko) HeadlessChrome/147.0.7727.15 Safari/537.36"}
[2m[WebServer] [22m{"time":"2026-10-07T08:13:30.1072453-04:00","level":"INFO","msg":"client log","level":"WARN","message":"[inventory] item photo failed to load, showing placeholder Relish https://nyc3.digitaloceanspaces.com/hq.yumyums/items/relish.png","user":"Jamal C. (jamal@yumyums.kitchen)","page":"/inventory.html","ua":"Mozilla/5.0 (X11; Linux x86_64) AppleWebKit/537.36 (KHTML, like Gecko) HeadlessChrome/147.0.7727.15 Safari/537.36"}
[2m[WebServer] [22m{"time":"2026-10-07T08:13:30.124127698-04:00","level":"INFO","msg":"client log","level":"WARN","message":"[inventory] item photo failed to load, showing placeholder Jalapeños https://nyc3.digitaloceanspaces.com/hq.yumyums/items/jalape-os.png","user":"Jamal C. (jamal@yumyums.kitchen)","page":"/inventory.html","ua":"Mozilla/5.0 (X11; Linux x86_64) AppleWebKit/537.36 (KHTML, like Gecko) HeadlessChrome/147.0.7727.15 Safari/537.36"}
[2m[WebServer] [22m{"time":"2026-10-07T08:13:30.124483697-04:00","level":"INFO","msg":"client log","level":"WARN","message":"[inventory] item photo failed to load, showing placeholder Lettuce https://nyc3.digitaloceanspaces.com/hq.yumyums/items/lettuce.png","user":"Jamal C. (jamal@yumyums.kitchen)","page":"/inventory.html","ua":"Mozilla/5.0 (X11; Linux x86_64) AppleWebKit/537.36 (KHTML, like Gecko) HeadlessChrome/147.0.7727.15 Safari/537.36"}
[2m[WebServer] [22m{"time":"2026-10-07T08:13:30.28826824-04:00","level":"INFO","msg":"client log","level":"WARN","message":"[inventory] item photo failed to load, showing placeholder Cheesesteak https://nyc3.digitaloceanspaces.com/hq.yumyums/items/cheesesteak.png","user":"Jamal C. (jamal@yumyums.kitchen)","page":"/inventory.html","ua":"Mozilla/5.0 (X11; Linux x86_64) AppleWebKit/537.36 (KHTML, like Gecko) HeadlessChrome/147.0.7727.15 Safari/537.36"}
[2m[WebServer] [22m{"time":"2026-10-07T08:13:30.293350678-04:00","level":"INFO","msg":"client log","level":"WARN","message":"[inventory] item photo failed to load, showing placeholder Bread Crumbs https://nyc3.digitaloceanspaces.com/hq.yumyums/items/bread-crumbs.png","user":"Jamal C. (jamal@yumyums.kitchen)","page":"/inventory.html","ua":"Mozilla/5.0 (X11; Linux x86_64) AppleWebKit/537.36 (KHTML, like Gecko) HeadlessChrome/147.0.7727.15 Safari/537.36"}
[2m[WebServer] [22m{"time":"2026-10-07T08:13:30.322364992-04:00","level":"INFO","msg":"client log","level":"WARN","message":"[inventory] item photo failed to load, showing placeholder Honey Garlic Sauce https://nyc3.digitaloceanspaces.com/hq.yumyums/items/honey-garlic-sauce.png","user":"Jamal C. (jamal@yumyums.kitchen)","page":"/inventory.html","ua":"Mozilla/5.0 (X11; Linux x86_64) AppleWebKit/537.36 (KHTML, like Gecko) HeadlessChrome/147.0.7727.15 Safari/537.36"}
[2m[WebServer] [22m{"time":"2026-10-07T08:13:30.338550771-04:00","level":"INFO","msg":"client log","level":"WARN","message":"[inventory] item photo failed to load, showing placeholder Everything Bagel Seasoning https://nyc3.digitaloceanspaces.com/hq.yumyums/items/everything-bagel-seasoning.png","user":"Jamal C. (jamal@yumyums.kitchen)","page":"/inventory.html","ua":"Mozilla/5.0 (X11; Linux x86_64) AppleWebKit/537.36 (KHTML, like Gecko) HeadlessChrome/147.0.7727.15 Safari/537.36"}
[2m[WebServer] [22m{"time":"2026-10-07T08:13:30.48843954-04:00","level":"INFO","msg":"client log","level":"WARN","message":"[inventory] item photo failed to load, showing placeholder Dish Soap https://nyc3.digitaloceanspaces.com/hq.yumyums/items/dish-soap.png","user":"Jamal C. (jamal@yumyums.kitchen)","page":"/inventory.html","ua":"Mozilla/5.0 (X11; Linux x86_64) AppleWebKit/537.36 (KHTML, like Gecko) HeadlessChrome/147.0.7727.15 Safari/537.36"}
[2m[WebServer] [22m{"time":"2026-10-07T08:13:30.493418547-04:00","level":"INFO","msg":"client log","level":"WARN","message":"[inventory] item photo failed to load, showing placeholder Honey Mustard https://nyc3.digitaloceanspaces.com/hq.yumyums/items/honey-mustard.png","user":"Jamal C. (jamal@yumyums.kitchen)","page":"/inventory.html","ua":"Mozilla/5.0 (X11; Linux x86_64) AppleWebKit/537.36 (KHTML, like Gecko) HeadlessChrome/147.0.7727.15 Safari/537.36"}
[2m[WebServer] [22m{"time":"2026-10-07T08:13:30.509345477-04:00","level":"INFO","msg":"client log","level":"WARN","message":"[inventory] item photo failed to load, showing placeholder Olive Oil Blend https://nyc3.digitaloceanspaces.com/hq.yumyums/items/olive-oil-blend.png","user":"Jamal C. (jamal@yumyums.kitchen)","page":"/inventory.html","ua":"Mozilla/5.0 (X11; Linux x86_64) AppleWebKit/537.36 (KHTML, like Gecko) HeadlessChrome/147.0.7727.15 Safari/537.36"}
[2m[WebServer] [22m{"time":"2026-10-07T08:13:30.514282353-04:00","level":"INFO","msg":"client log","level":"WARN","message":"[inventory] item photo failed to load, showing placeholder Hamburger Rolls https://nyc3.digitaloceanspaces.com/hq.yumyums/items/hamburger-rolls.png","user":"Jamal C. (jamal@yumyums.kitchen)","page":"/inventory.html","ua":"Mozilla/5.0 (X11; Linux x86_64) AppleWebKit/537.36 (KHTML, like Gecko) HeadlessChrome/147.0.7727.15 Safari/537.36"}
[2m[WebServer] [22m{"time":"2026-10-07T08:13:30.563043846-04:00","level":"INFO","msg":"client log","level":"WARN","message":"[inventory] item photo failed to load, showing placeholder Cayenne Pepper https://nyc3.digitaloceanspaces.com/hq.yumyums/items/cayenne-pepper.png","user":"Jamal C. (jamal@yumyums.kitchen)","page":"/inventory.html","ua":"Mozilla/5.0 (X11; Linux x86_64) AppleWebKit/537.36 (KHTML, like Gecko) HeadlessChrome/147.0.7727.15 Safari/537.36"}
[2m[WebServer] [22m{"time":"2026-10-07T08:13:30.585873608-04:00","level":"INFO","msg":"client log","level":"WARN","message":"[inventory] item photo failed to load, showing placeholder Lemons https://nyc3.digitaloceanspaces.com/hq.yumyums/items/lemons.png","user":"Jamal C. (jamal@yumyums.kitchen)","page":"/inventory.html","ua":"Mozilla/5.0 (X11; Linux x86_64) AppleWebKit/537.36 (KHTML, like Gecko) HeadlessChrome/147.0.7727.15 Safari/537.36"}
[2m[WebServer] [22m{"time":"2026-10-07T08:13:30.678168702-04:00","level":"INFO","msg":"client log","level":"WARN","message":"[inventory] item photo failed to load, showing placeholder Mint https://nyc3.digitaloceanspaces.com/hq.yumyums/items/mint.png","user":"Jamal C. (jamal@yumyums.kitchen)","page":"/inventory.html","ua":"Mozilla/5.0 (X11; Linux x86_64) AppleWebKit/537.36 (KHTML, like Gecko) HeadlessChrome/147.0.7727.15 Safari/537.36"}
[2m[WebServer] [22m{"time":"2026-10-07T08:13:30.679149189-04:00","level":"INFO","msg":"client log","level":"WARN","message":"[inventory] item photo failed to load, showing placeholder Napkins https://nyc3.digitaloceanspaces.com/hq.yumyums/items/napkins.png","user":"Jamal C. (jamal@yumyums.kitchen)","page":"/inventory.html","ua":"Mozilla/5.0 (X11; Linux x86_64) AppleWebKit/537.36 (KHTML, like Gecko) HeadlessChrome/147.0.7727.15 Safari/537.36"}
[2m[WebServer] [22m{"time":"2026-10-07T08:13:30.691652375-04:00","level":"INFO","msg":"client log","level":"WARN","message":"[inventory] item photo failed to load, showing placeholder Avocados https://nyc3.digitaloceanspaces.com/hq.yumyums/items/avocados.png","user":"Jamal C. (jamal@yumyums.kitchen)","page":"/inventory.html","ua":"Mozilla/5.0 (X11; Linux x86_64) AppleWebKit/537.36 (KHTML, like Gecko) HeadlessChrome/147.0.7727.15 Safari/537.36"}
[2m[WebServer] [22m{"time":"2026-10-07T08:13:30.783862991-04:00","level":"INFO","msg":"client log","level":"WARN","message":"[inventory] item photo failed to load, showing placeholder Water https://nyc3.digitaloceanspaces.com/hq.yumyums/items/water.png","user":"Jamal C. (jamal@yumyums.kitchen)","page":"/inventory.html","ua":"Mozilla/5.0 (X11; Linux x86_64) AppleWebKit/537.36 (KHTML, like Gecko) HeadlessChrome/147.0.7727.15 Safari/537.36"}
[2m[WebServer] [22m{"time":"2026-10-07T08:13:30.785850608-04:00","level":"INFO","msg":"client log","level":"WARN","message":"[inventory] item photo failed to load, showing placeholder Frank’s Hot Sauce https://nyc3.digitaloceanspaces.com/hq.yumyums/items/frank-s-hot-sauce.png","user":"Jamal C. (jamal@yumyums.kitchen)","page":"/inventory.html","ua":"Mozilla/5.0 (X11; Linux x86_64) AppleWebKit/537.36 (KHTML, like Gecko) HeadlessChrome/147.0.7727.15 Safari/537.36"}
[2m[WebServer] [22m{"time":"2026-10-07T08:13:30.801745372-04:00","level":"INFO","msg":"client log","level":"WARN","message":"[inventory] item photo failed to load, showing placeholder Crabmeat https://nyc3.digitaloceanspaces.com/hq.yumyums/items/crabmeat.png","user":"Jamal C. (jamal@yumyums.kitchen)","page":"/inventory.html","ua":"Mozilla/5.0 (X11; Linux x86_64) AppleWebKit/537.36 (KHTML, like Gecko) HeadlessChrome/147.0.7727.15 Safari/537.36"}
[2m[WebServer] [22m{"time":"2026-10-07T08:13:30.857211607-04:00","level":"INFO","msg":"client log","level":"WARN","message":"[inventory] item photo failed to load, showing placeholder Hand Soap https://nyc3.digitaloceanspaces.com/hq.yumyums/items/hand-soap.png","user":"Jamal C. (jamal@yumyums.kitchen)","page":"/inventory.html","ua":"Mozilla/5.0 (X11; Linux x86_64) AppleWebKit/537.36 (KHTML, like Gecko) HeadlessChrome/147.0.7727.15 Safari/537.36"}
[2m[WebServer] [22m{"time":"2026-10-07T08:13:30.9196723-04:00","level":"INFO","msg":"client log","level":"WARN","message":"[inventory] item photo failed to load, showing placeholder Ground Turkey https://nyc3.digitaloceanspaces.com/hq.yumyums/items/ground-turkey.png","user":"Jamal C. (jamal@yumyums.kitchen)","page":"/inventory.html","ua":"Mozilla/5.0 (X11; Linux x86_64) AppleWebKit/537.36 (KHTML, like Gecko) HeadlessChrome/147.0.7727.15 Safari/537.36"}
[2m[WebServer] [22m{"time":"2026-10-07T08:13:30.92534955-04:00","level":"INFO","msg":"client log","level":"WARN","message":"[inventory] item photo failed to load, showing placeholder Jerk Seasoning https://nyc3.digitaloceanspaces.com/hq.yumyums/items/jerk-seasoning.png","user":"Jamal C. (jamal@yumyums.kitchen)","page":"/inventory.html","ua":"Mozilla/5.0 (X11; Linux x86_64) AppleWebKit/537.36 (KHTML, like Gecko) HeadlessChrome/147.0.7727.15 Safari/537.36"}
[2m[WebServer] [22m{"time":"2026-10-07T08:13:30.973866924-04:00","level":"INFO","msg":"client log","level":"WARN","message":"[inventory] item photo failed to load, showing placeholder Hoagie Containers https://nyc3.digitaloceanspaces.com/hq.yumyums/items/hoagie-containers.png","user":"Jamal C. (jamal@yumyums.kitchen)","page":"/inventory.html","ua":"Mozilla/5.0 (X11; Linux x86_64) AppleWebKit/537.36 (KHTML, like Gecko) HeadlessChrome/147.0.7727.15 Safari/537.36"}
[2m[WebServer] [22m{"time":"2026-10-07T08:13:30.98774277-04:00","level":"INFO","msg":"client log","level":"WARN","message":"[inventory] item photo failed to load, showing placeholder Spinach He https://nyc3.digitaloceanspaces.com/hq.yumyums/items/spinach-he.png","user":"Jamal C. (jamal@yumyums.kitchen)","page":"/inventory.html","ua":"Mozilla/5.0 (X11; Linux x86_64) AppleWebKit/537.36 (KHTML, like Gecko) HeadlessChrome/147.0.7727.15 Safari/537.36"}
[2m[WebServer] [22m{"time":"2026-10-07T08:13:31.03566154-04:00","level":"INFO","msg":"client log","level":"WARN","message":"[inventory] item photo failed to load, showing placeholder Mumbo Sauce https://nyc3.digitaloceanspaces.com/hq.yumyums/items/mumbo-sauce.png","user":"Jamal C. (jamal@yumyums.kitchen)","page":"/inventory.html","ua":"Mozilla/5.0 (X11; Linux x86_64) AppleWebKit/537.36 (KHTML, like Gecko) HeadlessChrome/147.0.7727.15 Safari/537.36"}
[2m[WebServer] [22m{"time":"2026-10-07T08:13:31.044951744-04:00","level":"INFO","msg":"client log","level":"WARN","message":"[inventory] item photo failed to load, showing placeholder Ground Beef https://nyc3.digitaloceanspaces.com/hq.yumyums/items/ground-beef.png","user":"Jamal C. (jamal@yumyums.kitchen)","page":"/inventory.html","ua":"Mozilla/5.0 (X11; Linux x86_64) AppleWebKit/537.36 (KHTML, like Gecko) HeadlessChrome/147.0.7727.15 Safari/537.36"}
[2m[WebServer] [22m{"time":"2026-10-07T08:13:31.085369621-04:00","level":"INFO","msg":"client log","level":"WARN","message":"[inventory] item photo failed to load, showing placeholder Mexican Cheese https://nyc3.digitaloceanspaces.com/hq.yumyums/items/mexican-cheese.png","user":"Jamal C. (jamal@yumyums.kitchen)","page":"/inventory.html","ua":"Mozilla/5.0 (X11; Linux x86_64) AppleWebKit/537.36 (KHTML, like Gecko) HeadlessChrome/147.0.7727.15 Safari/537.36"}
[2m[WebServer] [22m{"time":"2026-10-07T08:13:31.14809577-04:00","level":"INFO","msg":"client log","level":"WARN","message":"[inventory] item photo failed to load, showing placeholder White Cheese Sauce https://nyc3.digitaloceanspaces.com/hq.yumyums/items/white-cheese-sauce.png","user":"Jamal C. (jamal@yumyums.kitchen)","page":"/inventory.html","ua":"Mozilla/5.0 (X11; Linux x86_64) AppleWebKit/537.36 (KHTML, like Gecko) HeadlessChrome/147.0.7727.15 Safari/537.36"}
[2m[WebServer] [22m{"time":"2026-10-07T08:13:31.159163479-04:00","level":"INFO","msg":"client log","level":"WARN","message":"[inventory] item photo failed to load, showing placeholder Sriracha https://nyc3.digitaloceanspaces.com/hq.yumyums/items/sriracha.png","user":"Jamal C. (jamal@yumyums.kitchen)","page":"/inventory.html","ua":"Mozilla/5.0 (X11; Linux x86_64) AppleWebKit/537.36 (KHTML, like Gecko) HeadlessChrome/147.0.7727.15 Safari/537.36"}
[2m[WebServer] [22m{"time":"2026-10-07T08:13:31.176747695-04:00","level":"INFO","msg":"client log","level":"WARN","message":"[inventory] item photo failed to load, showing placeholder Coarse Sea Salt https://nyc3.digitaloceanspaces.com/hq.yumyums/items/coarse-sea-salt.png","user":"Jamal C. (jamal@yumyums.kitchen)","page":"/inventory.html","ua":"Mozilla/5.0 (X11; Linux x86_64) AppleWebKit/537.36 (KHTML, like Gecko) HeadlessChrome/147.0.7727.15 Safari/537.36"}
[2m[WebServer] [22m{"time":"2026-10-07T08:13:31.217909737-04:00","level":"INFO","msg":"client log","level":"WARN","message":"[inventory] item photo failed to load, showing placeholder Boxes (No 2) https://nyc3.digitaloceanspaces.com/hq.yumyums/items/boxes-no-2.png","user":"Jamal C. (jamal@yumyums.kitchen)","page":"/inventory.html","ua":"Mozilla/5.0 (X11; Linux x86_64) AppleWebKit/537.36 (KHTML, like Gecko) HeadlessChrome/147.0.7727.15 Safari/537.36"}
[2m[WebServer] [22m{"time":"2026-10-07T08:13:31.279758614-04:00","level":"INFO","msg":"client log","level":"WARN","message":"[inventory] item photo failed to load, showing placeholder Cup Holders https://nyc3.digitaloceanspaces.com/hq.yumyums/items/cup-holders.png","user":"Jamal C. (jamal@yumyums.kitchen)","page":"/inventory.html","ua":"Mozilla/5.0 (X11; Linux x86_64) AppleWebKit/537.36 (KHTML, like Gecko) HeadlessChrome/147.0.7727.15 Safari/537.36"}
[2m[WebServer] [22m{"time":"2026-10-07T08:13:31.283821359-04:00","level":"INFO","msg":"client log","level":"WARN","message":"[inventory] item photo failed to load, showing placeholder Lemon Juice https://nyc3.digitaloceanspaces.com/hq.yumyums/items/lemon-juice.png","user":"Jamal C. (jamal@yumyums.kitchen)","page":"/inventory.html","ua":"Mozilla/5.0 (X11; Linux x86_64) AppleWebKit/537.36 (KHTML, like Gecko) HeadlessChrome/147.0.7727.15 Safari/537.36"}
[2m[WebServer] [22m{"time":"2026-10-07T08:13:31.416337107-04:00","level":"INFO","msg":"client log","level":"WARN","message":"[inventory] item photo failed to load, showing placeholder Aluminum Foil https://nyc3.digitaloceanspaces.com/hq.yumyums/items/aluminum-foil.png","user":"Jamal C. (jamal@yumyums.kitchen)","page":"/inventory.html","ua":"Mozilla/5.0 (X11; Linux x86_64) AppleWebKit/537.36 (KHTML, like Gecko) HeadlessChrome/147.0.7727.15 Safari/537.36"}
[2m[WebServer] [22m{"time":"2026-10-07T08:13:31.458177031-04:00","level":"INFO","msg":"client log","level":"WARN","message":"[inventory] item photo failed to load, showing placeholder Parm Cheese https://nyc3.digitaloceanspaces.com/hq.yumyums/items/parm-cheese.png","user":"Jamal C. (jamal@yumyums.kitchen)","page":"/inventory.html","ua":"Mozilla/5.0 (X11; Linux x86_64) AppleWebKit/537.36 (KHTML, like Gecko) HeadlessChrome/147.0.7727.15 Safari/537.36"}
[2m[WebServer] [22m{"time":"2026-10-07T08:13:31.511540846-04:00","level":"INFO","msg":"client log","level":"WARN","message":"[inventory] item photo failed to load, showing placeholder Brown Sugar https://nyc3.digitaloceanspaces.com/hq.yumyums/items/brown-sugar.png","user":"Jamal C. (jamal@yumyums.kitchen)","page":"/inventory.html","ua":"Mozilla/5.0 (X11; Linux x86_64) AppleWebKit/537.36 (KHTML, like Gecko) HeadlessChrome/147.0.7727.15 Safari/537.36"}
[2m[WebServer] [22m{"time":"2026-10-07T08:13:31.571391059-04:00","level":"INFO","msg":"client log","level":"WARN","message":"[inventory] item photo failed to load, showing placeholder Lids https://nyc3.digitaloceanspaces.com/hq.yumyums/items/lids.png","user":"Jamal C. (jamal@yumyums.kitchen)","page":"/inventory.html","ua":"Mozilla/5.0 (X11; Linux x86_64) AppleWebKit/537.36 (KHTML, like Gecko) HeadlessChrome/147.0.7727.15 Safari/537.36"}
[2m[WebServer] [22m{"time":"2026-10-07T08:13:31.594181073-04:00","level":"INFO","msg":"client log","level":"WARN","message":"[inventory] item photo failed to load, showing placeholder Crystal Hot Sauce https://nyc3.digitaloceanspaces.com/hq.yumyums/items/crystal-hot-sauce.png","user":"Jamal C. (jamal@yumyums.kitchen)","page":"/inventory.html","ua":"Mozilla/5.0 (X11; Linux x86_64) AppleWebKit/537.36 (KHTML, like Gecko) HeadlessChrome/147.0.7727.15 Safari/537.36"}
[2m[WebServer] [22m{"time":"2026-10-07T08:13:31.625533696-04:00","level":"INFO","msg":"client log","level":"WARN","message":"[inventory] item photo failed to load, showing placeholder Seasoning Salt https://nyc3.digitaloceanspaces.com/hq.yumyums/items/seasoning-salt.png","user":"Jamal C. (jamal@yumyums.kitchen)","page":"/inventory.html","ua":"Mozilla/5.0 (X11; Linux x86_64) AppleWebKit/537.36 (KHTML, like Gecko) HeadlessChrome/147.0.7727.15 Safari/537.36"}
[2m[WebServer] [22m{"time":"2026-10-07T08:13:31.643391274-04:00","level":"INFO","msg":"client log","level":"WARN","message":"[inventory] item photo failed to load, showing placeholder Hand Towels https://nyc3.digitaloceanspaces.com/hq.yumyums/items/hand-towels.png","user":"Jamal C. (jamal@yumyums.kitchen)","page":"/inventory.html","ua":"Mozilla/5.0 (X11; Linux x86_64) AppleWebKit/537.36 (KHTML, like Gecko) HeadlessChrome/147.0.7727.15 Safari/537.36"}
[2m[WebServer] [22m{"time":"2026-10-07T08:13:31.679550158-04:00","level":"INFO","msg":"client log","level":"WARN","message":"[inventory] item photo failed to load, showing placeholder Red Onions https://nyc3.digitaloceanspaces.com/hq.yumyums/items/red-onions.png","user":"Jamal C. (jamal@yumyums.kitchen)","page":"/inventory.html","ua":"Mozilla/5.0 (X11; Linux x86_64) AppleWebKit/537.36 (KHTML, like Gecko) HeadlessChrome/147.0.7727.15 Safari/537.36"}
[2m[WebServer] [22m{"time":"2026-10-07T08:13:31.707373223-04:00","level":"INFO","msg":"client log","level":"WARN","message":"[inventory] item photo failed to load, showing placeholder Chicken Breasts https://nyc3.digitaloceanspaces.com/hq.yumyums/items/chicken-breasts.png","user":"Jamal C. (jamal@yumyums.kitchen)","page":"/inventory.html","ua":"Mozilla/5.0 (X11; Linux x86_64) AppleWebKit/537.36 (KHTML, like Gecko) HeadlessChrome/147.0.7727.15 Safari/537.36"}
[2m[WebServer] [22m{"time":"2026-10-07T08:13:31.762886462-04:00","level":"INFO","msg":"client log","level":"WARN","message":"[inventory] item photo failed to load, showing placeholder Pan Spray https://nyc3.digitaloceanspaces.com/hq.yumyums/items/pan-spray.png","user":"Jamal C. (jamal@yumyums.kitchen)","page":"/inventory.html","ua":"Mozilla/5.0 (X11; Linux x86_64) AppleWebKit/537.36 (KHTML, like Gecko) HeadlessChrome/147.0.7727.15 Safari/537.36"}
[2m[WebServer] [22m{"time":"2026-10-07T08:13:31.791360008-04:00","level":"INFO","msg":"client log","level":"WARN","message":"[inventory] item photo failed to load, showing placeholder Blue Cheese Dressing https://nyc3.digitaloceanspaces.com/hq.yumyums/items/blue-cheese-dressing.png","user":"Jamal C. (jamal@yumyums.kitchen)","page":"/inventory.html","ua":"Mozilla/5.0 (X11; Linux x86_64) AppleWebKit/537.36 (KHTML, like Gecko) HeadlessChrome/147.0.7727.15 Safari/537.36"}
[2m[WebServer] [22m{"time":"2026-10-07T08:13:31.882388907-04:00","level":"INFO","msg":"client log","level":"WARN","message":"[inventory] item photo failed to load, showing placeholder Ketchup Jug https://nyc3.digitaloceanspaces.com/hq.yumyums/items/ketchup-jug.png","user":"Jamal C. (jamal@yumyums.kitchen)","page":"/inventory.html","ua":"Mozilla/5.0 (X11; Linux x86_64) AppleWebKit/537.36 (KHTML, like Gecko) HeadlessChrome/147.0.7727.15 Safari/537.36"}
[2m[WebServer] [22m{"time":"2026-10-07T08:13:31.893122169-04:00","level":"INFO","msg":"client log","level":"WARN","message":"[inventory] item photo failed to load, showing placeholder Corn https://nyc3.digitaloceanspaces.com/hq.yumyums/items/corn.png","user":"Jamal C. (jamal@yumyums.kitchen)","page":"/inventory.html","ua":"Mozilla/5.0 (X11; Linux x86_64) AppleWebKit/537.36 (KHTML, like Gecko) HeadlessChrome/147.0.7727.15 Safari/537.36"}
[2m[WebServer] [22m{"time":"2026-10-07T08:13:31.960661077-04:00","level":"INFO","msg":"client log","level":"WARN","message":"[inventory] item photo failed to load, showing placeholder Pickles https://nyc3.digitaloceanspaces.com/hq.yumyums/items/pickles.png","user":"Jamal C. (jamal@yumyums.kitchen)","page":"/inventory.html","ua":"Mozilla/5.0 (X11; Linux x86_64) AppleWebKit/537.36 (KHTML, like Gecko) HeadlessChrome/147.0.7727.15 Safari/537.36"}
[2m[WebServer] [22m{"time":"2026-10-07T08:13:31.989952652-04:00","level":"INFO","msg":"client log","level":"WARN","message":"[inventory] item photo failed to load, showing placeholder Sugar https://nyc3.digitaloceanspaces.com/hq.yumyums/items/sugar.png","user":"Jamal C. (jamal@yumyums.kitchen)","page":"/inventory.html","ua":"Mozilla/5.0 (X11; Linux x86_64) AppleWebKit/537.36 (KHTML, like Gecko) HeadlessChrome/147.0.7727.15 Safari/537.36"}
[2m[WebServer] [22m{"time":"2026-10-07T08:13:32.046374897-04:00","level":"INFO","msg":"client log","level":"WARN","message":"[inventory] item photo failed to load, showing placeholder Chicken Tenders https://nyc3.digitaloceanspaces.com/hq.yumyums/items/chicken-tenders.png","user":"Jamal C. (jamal@yumyums.kitchen)","page":"/inventory.html","ua":"Mozilla/5.0 (X11; Linux x86_64) AppleWebKit/537.36 (KHTML, like Gecko) HeadlessChrome/147.0.7727.15 Safari/537.36"}
  ✘  146 [chromium] › tests/inventory.spec.js:2931:3 › Inventory › creating item opens edit form with store location dropdown (16.6s)
[2m[WebServer] [22m{"time":"2026-10-07T08:13:43.154480094-04:00","level":"INFO","msg":"client log","level":"WARN","message":"[inventory] item photo failed to load, showing placeholder Lemonade Mix https://nyc3.digitaloceanspaces.com/hq.yumyums/items/lemonade-mix.png","user":"Jamal C. (jamal@yumyums.kitchen)","page":"/inventory.html","ua":"Mozilla/5.0 (X11; Linux x86_64) AppleWebKit/537.36 (KHTML, like Gecko) HeadlessChrome/147.0.7727.15 Safari/537.36"}
[2m[WebServer] [22m{"time":"2026-10-07T08:13:43.257560198-04:00","level":"INFO","msg":"client log","level":"WARN","message":"[inventory] item photo failed to load, showing placeholder Water https://nyc3.digitaloceanspaces.com/hq.yumyums/items/water.png","user":"Jamal C. (jamal@yumyums.kitchen)","page":"/inventory.html","ua":"Mozilla/5.0 (X11; Linux x86_64) AppleWebKit/537.36 (KHTML, like Gecko) HeadlessChrome/147.0.7727.15 Safari/537.36"}
[2m[WebServer] [22m{"time":"2026-10-07T08:13:43.363002244-04:00","level":"INFO","msg":"client log","level":"WARN","message":"[inventory] item photo failed to load, showing placeholder Lids https://nyc3.digitaloceanspaces.com/hq.yumyums/items/lids.png","user":"Jamal C. (jamal@yumyums.kitchen)","page":"/inventory.html","ua":"Mozilla/5.0 (X11; Linux x86_64) AppleWebKit/537.36 (KHTML, like Gecko) HeadlessChrome/147.0.7727.15 Safari/537.36"}
[2m[WebServer] [22m{"time":"2026-10-07T08:13:43.383002658-04:00","level":"INFO","msg":"client log","level":"WARN","message":"[inventory] item photo failed to load, showing placeholder Jalapeños https://nyc3.digitaloceanspaces.com/hq.yumyums/items/jalape-os.png","user":"Jamal C. (jamal@yumyums.kitchen)","page":"/inventory.html","ua":"Mozilla/5.0 (X11; Linux x86_64) AppleWebKit/537.36 (KHTML, like Gecko) HeadlessChrome/147.0.7727.15 Safari/537.36"}
[2m[WebServer] [22m{"time":"2026-10-07T08:13:43.542915646-04:00","level":"INFO","msg":"client log","level":"WARN","message":"[inventory] item photo failed to load, showing placeholder Hamburger Rolls https://nyc3.digitaloceanspaces.com/hq.yumyums/items/hamburger-rolls.png","user":"Jamal C. (jamal@yumyums.kitchen)","page":"/inventory.html","ua":"Mozilla/5.0 (X11; Linux x86_64) AppleWebKit/537.36 (KHTML, like Gecko) HeadlessChrome/147.0.7727.15 Safari/537.36"}
[2m[WebServer] [22m{"time":"2026-10-07T08:13:43.583479175-04:00","level":"INFO","msg":"client log","level":"WARN","message":"[inventory] item photo failed to load, showing placeholder Green Peppers https://nyc3.digitaloceanspaces.com/hq.yumyums/items/green-peppers.png","user":"Jamal C. (jamal@yumyums.kitchen)","page":"/inventory.html","ua":"Mozilla/5.0 (X11; Linux x86_64) AppleWebKit/537.36 (KHTML, like Gecko) HeadlessChrome/147.0.7727.15 Safari/537.36"}
[2m[WebServer] [22m{"time":"2026-10-07T08:13:43.685565209-04:00","level":"INFO","msg":"client log","level":"WARN","message":"[inventory] item photo failed to load, showing placeholder Coke https://nyc3.digitaloceanspaces.com/hq.yumyums/items/coke.png","user":"Jamal C. (jamal@yumyums.kitchen)","page":"/inventory.html","ua":"Mozilla/5.0 (X11; Linux x86_64) AppleWebKit/537.36 (KHTML, like Gecko) HeadlessChrome/147.0.7727.15 Safari/537.36"}
[2m[WebServer] [22m{"time":"2026-10-07T08:13:43.709800547-04:00","level":"INFO","msg":"client log","level":"WARN","message":"[inventory] item photo failed to load, showing placeholder Chicken Party Wings https://nyc3.digitaloceanspaces.com/hq.yumyums/items/chicken-party-wings.png","user":"Jamal C. (jamal@yumyums.kitchen)","page":"/inventory.html","ua":"Mozilla/5.0 (X11; Linux x86_64) AppleWebKit/537.36 (KHTML, like Gecko) HeadlessChrome/147.0.7727.15 Safari/537.36"}
[2m[WebServer] [22m{"time":"2026-10-07T08:13:43.927744785-04:00","level":"INFO","msg":"client log","level":"WARN","message":"[inventory] item photo failed to load, showing placeholder Dish Soap https://nyc3.digitaloceanspaces.com/hq.yumyums/items/dish-soap.png","user":"Jamal C. (jamal@yumyums.kitchen)","page":"/inventory.html","ua":"Mozilla/5.0 (X11; Linux x86_64) AppleWebKit/537.36 (KHTML, like Gecko) HeadlessChrome/147.0.7727.15 Safari/537.36"}
[2m[WebServer] [22m{"time":"2026-10-07T08:13:43.947846331-04:00","level":"INFO","msg":"client log","level":"WARN","message":"[inventory] item photo failed to load, showing placeholder Mint https://nyc3.digitaloceanspaces.com/hq.yumyums/items/mint.png","user":"Jamal C. (jamal@yumyums.kitchen)","page":"/inventory.html","ua":"Mozilla/5.0 (X11; Linux x86_64) AppleWebKit/537.36 (KHTML, like Gecko) HeadlessChrome/147.0.7727.15 Safari/537.36"}
  ✓  147 [chromium] › tests/inventory.spec.js:2952:3 › Inventory › item with non-vendor store_location shows current value in dropdown, not None (3.4s)
[2m[WebServer] [22m{"time":"2026-10-07T08:13:46.627523267-04:00","level":"INFO","msg":"client log","level":"WARN","message":"[inventory] item photo failed to load, showing placeholder Lemonade Mix https://nyc3.digitaloceanspaces.com/hq.yumyums/items/lemonade-mix.png","user":"Jamal C. (jamal@yumyums.kitchen)","page":"/inventory.html","ua":"Mozilla/5.0 (X11; Linux x86_64) AppleWebKit/537.36 (KHTML, like Gecko) HeadlessChrome/147.0.7727.15 Safari/537.36"}
[2m[WebServer] [22m{"time":"2026-10-07T08:13:46.673976114-04:00","level":"INFO","msg":"client log","level":"WARN","message":"[inventory] item photo failed to load, showing placeholder Coke https://nyc3.digitaloceanspaces.com/hq.yumyums/items/coke.png","user":"Jamal C. (jamal@yumyums.kitchen)","page":"/inventory.html","ua":"Mozilla/5.0 (X11; Linux x86_64) AppleWebKit/537.36 (KHTML, like Gecko) HeadlessChrome/147.0.7727.15 Safari/537.36"}
[2m[WebServer] [22m{"time":"2026-10-07T08:13:46.724741687-04:00","level":"INFO","msg":"client log","level":"WARN","message":"[inventory] item photo failed to load, showing placeholder Brisket Rolls https://nyc3.digitaloceanspaces.com/hq.yumyums/items/brisket-rolls.png","user":"Jamal C. (jamal@yumyums.kitchen)","page":"/inventory.html","ua":"Mozilla/5.0 (X11; Linux x86_64) AppleWebKit/537.36 (KHTML, like Gecko) HeadlessChrome/147.0.7727.15 Safari/537.36"}
[2m[WebServer] [22m{"time":"2026-10-07T08:13:46.842681288-04:00","level":"INFO","msg":"client log","level":"WARN","message":"[inventory] item photo failed to load, showing placeholder Water https://nyc3.digitaloceanspaces.com/hq.yumyums/items/water.png","user":"Jamal C. (jamal@yumyums.kitchen)","page":"/inventory.html","ua":"Mozilla/5.0 (X11; Linux x86_64) AppleWebKit/537.36 (KHTML, like Gecko) HeadlessChrome/147.0.7727.15 Safari/537.36"}
[2m[WebServer] [22m{"time":"2026-10-07T08:13:46.952329762-04:00","level":"INFO","msg":"client log","level":"WARN","message":"[inventory] item photo failed to load, showing placeholder Honey Mustard https://nyc3.digitaloceanspaces.com/hq.yumyums/items/honey-mustard.png","user":"Jamal C. (jamal@yumyums.kitchen)","page":"/inventory.html","ua":"Mozilla/5.0 (X11; Linux x86_64) AppleWebKit/537.36 (KHTML, like Gecko) HeadlessChrome/147.0.7727.15 Safari/537.36"}
[2m[WebServer] [22m{"time":"2026-10-07T08:13:47.024780964-04:00","level":"INFO","msg":"client log","level":"WARN","message":"[inventory] item photo failed to load, showing placeholder Mumbo Sauce https://nyc3.digitaloceanspaces.com/hq.yumyums/items/mumbo-sauce.png","user":"Jamal C. (jamal@yumyums.kitchen)","page":"/inventory.html","ua":"Mozilla/5.0 (X11; Linux x86_64) AppleWebKit/537.36 (KHTML, like Gecko) HeadlessChrome/147.0.7727.15 Safari/537.36"}
[2m[WebServer] [22m{"time":"2026-10-07T08:13:47.02681142-04:00","level":"INFO","msg":"client log","level":"WARN","message":"[inventory] item photo failed to load, showing placeholder Egg Roll Wraps https://nyc3.digitaloceanspaces.com/hq.yumyums/items/egg-roll-wraps.png","user":"Jamal C. (jamal@yumyums.kitchen)","page":"/inventory.html","ua":"Mozilla/5.0 (X11; Linux x86_64) AppleWebKit/537.36 (KHTML, like Gecko) HeadlessChrome/147.0.7727.15 Safari/537.36"}
[2m[WebServer] [22m{"time":"2026-10-07T08:13:47.084448202-04:00","level":"INFO","msg":"client log","level":"WARN","message":"[inventory] item photo failed to load, showing placeholder White Onions https://nyc3.digitaloceanspaces.com/hq.yumyums/items/white-onions.png","user":"Jamal C. (jamal@yumyums.kitchen)","page":"/inventory.html","ua":"Mozilla/5.0 (X11; Linux x86_64) AppleWebKit/537.36 (KHTML, like Gecko) HeadlessChrome/147.0.7727.15 Safari/537.36"}
[2m[WebServer] [22m{"time":"2026-10-07T08:13:47.099704713-04:00","level":"INFO","msg":"client log","level":"WARN","message":"[inventory] item photo failed to load, showing placeholder Bleach https://nyc3.digitaloceanspaces.com/hq.yumyums/items/bleach.png","user":"Jamal C. (jamal@yumyums.kitchen)","page":"/inventory.html","ua":"Mozilla/5.0 (X11; Linux x86_64) AppleWebKit/537.36 (KHTML, like Gecko) HeadlessChrome/147.0.7727.15 Safari/537.36"}
[2m[WebServer] [22m{"time":"2026-10-07T08:13:47.269258006-04:00","level":"INFO","msg":"client log","level":"WARN","message":"[inventory] item photo failed to load, showing placeholder Pickles https://nyc3.digitaloceanspaces.com/hq.yumyums/items/pickles.png","user":"Jamal C. (jamal@yumyums.kitchen)","page":"/inventory.html","ua":"Mozilla/5.0 (X11; Linux x86_64) AppleWebKit/537.36 (KHTML, like Gecko) HeadlessChrome/147.0.7727.15 Safari/537.36"}
[2m[WebServer] [22m{"time":"2026-10-07T08:13:47.31093538-04:00","level":"INFO","msg":"client log","level":"WARN","message":"[inventory] item photo failed to load, showing placeholder Nacho Cheese Sauce https://nyc3.digitaloceanspaces.com/hq.yumyums/items/nacho-cheese-sauce.png","user":"Jamal C. (jamal@yumyums.kitchen)","page":"/inventory.html","ua":"Mozilla/5.0 (X11; Linux x86_64) AppleWebKit/537.36 (KHTML, like Gecko) HeadlessChrome/147.0.7727.15 Safari/537.36"}
[2m[WebServer] [22m{"time":"2026-10-07T08:13:47.330422856-04:00","level":"INFO","msg":"client log","level":"WARN","message":"[inventory] item photo failed to load, showing placeholder Chicken Breasts https://nyc3.digitaloceanspaces.com/hq.yumyums/items/chicken-breasts.png","user":"Jamal C. (jamal@yumyums.kitchen)","page":"/inventory.html","ua":"Mozilla/5.0 (X11; Linux x86_64) AppleWebKit/537.36 (KHTML, like Gecko) HeadlessChrome/147.0.7727.15 Safari/537.36"}
[2m[WebServer] [22m{"time":"2026-10-07T08:13:47.547224997-04:00","level":"INFO","msg":"client log","level":"WARN","message":"[inventory] item photo failed to load, showing placeholder Liquid Butter https://nyc3.digitaloceanspaces.com/hq.yumyums/items/liquid-butter.png","user":"Jamal C. (jamal@yumyums.kitchen)","page":"/inventory.html","ua":"Mozilla/5.0 (X11; Linux x86_64) AppleWebKit/537.36 (KHTML, like Gecko) HeadlessChrome/147.0.7727.15 Safari/537.36"}
[2m[WebServer] [22m{"time":"2026-10-07T08:13:47.572247453-04:00","level":"INFO","msg":"client log","level":"WARN","message":"[inventory] item photo failed to load, showing placeholder Hamburger Rolls https://nyc3.digitaloceanspaces.com/hq.yumyums/items/hamburger-rolls.png","user":"Jamal C. (jamal@yumyums.kitchen)","page":"/inventory.html","ua":"Mozilla/5.0 (X11; Linux x86_64) AppleWebKit/537.36 (KHTML, like Gecko) HeadlessChrome/147.0.7727.15 Safari/537.36"}
[2m[WebServer] [22m{"time":"2026-10-07T08:13:47.578295478-04:00","level":"INFO","msg":"client log","level":"WARN","message":"[inventory] item photo failed to load, showing placeholder Seasoning Salt https://nyc3.digitaloceanspaces.com/hq.yumyums/items/seasoning-salt.png","user":"Jamal C. (jamal@yumyums.kitchen)","page":"/inventory.html","ua":"Mozilla/5.0 (X11; Linux x86_64) AppleWebKit/537.36 (KHTML, like Gecko) HeadlessChrome/147.0.7727.15 Safari/537.36"}
[2m[WebServer] [22m{"time":"2026-10-07T08:13:47.591891282-04:00","level":"INFO","msg":"client log","level":"WARN","message":"[inventory] item photo failed to load, showing placeholder Mayonnaise https://nyc3.digitaloceanspaces.com/hq.yumyums/items/mayonnaise.png","user":"Jamal C. (jamal@yumyums.kitchen)","page":"/inventory.html","ua":"Mozilla/5.0 (X11; Linux x86_64) AppleWebKit/537.36 (KHTML, like Gecko) HeadlessChrome/147.0.7727.15 Safari/537.36"}
[2m[WebServer] [22m{"time":"2026-10-07T08:13:47.704540867-04:00","level":"INFO","msg":"client log","level":"WARN","message":"[inventory] item photo failed to load, showing placeholder Boxes (No 2) https://nyc3.digitaloceanspaces.com/hq.yumyums/items/boxes-no-2.png","user":"Jamal C. (jamal@yumyums.kitchen)","page":"/inventory.html","ua":"Mozilla/5.0 (X11; Linux x86_64) AppleWebKit/537.36 (KHTML, like Gecko) HeadlessChrome/147.0.7727.15 Safari/537.36"}
[2m[WebServer] [22m{"time":"2026-10-07T08:13:47.741553212-04:00","level":"INFO","msg":"client log","level":"WARN","message":"[inventory] item photo failed to load, showing placeholder Meatballs https://nyc3.digitaloceanspaces.com/hq.yumyums/items/meatballs.png","user":"Jamal C. (jamal@yumyums.kitchen)","page":"/inventory.html","ua":"Mozilla/5.0 (X11; Linux x86_64) AppleWebKit/537.36 (KHTML, like Gecko) HeadlessChrome/147.0.7727.15 Safari/537.36"}
[2m[WebServer] [22m{"time":"2026-10-07T08:13:47.771565712-04:00","level":"INFO","msg":"client log","level":"WARN","message":"[inventory] item photo failed to load, showing placeholder Sugar https://nyc3.digitaloceanspaces.com/hq.yumyums/items/sugar.png","user":"Jamal C. (jamal@yumyums.kitchen)","page":"/inventory.html","ua":"Mozilla/5.0 (X11; Linux x86_64) AppleWebKit/537.36 (KHTML, like Gecko) HeadlessChrome/147.0.7727.15 Safari/537.36"}
[2m[WebServer] [22m{"time":"2026-10-07T08:13:47.780483323-04:00","level":"INFO","msg":"client log","level":"WARN","message":"[inventory] item photo failed to load, showing placeholder Parm Cheese https://nyc3.digitaloceanspaces.com/hq.yumyums/items/parm-cheese.png","user":"Jamal C. (jamal@yumyums.kitchen)","page":"/inventory.html","ua":"Mozilla/5.0 (X11; Linux x86_64) AppleWebKit/537.36 (KHTML, like Gecko) HeadlessChrome/147.0.7727.15 Safari/537.36"}
[2m[WebServer] [22m{"time":"2026-10-07T08:13:47.925002709-04:00","level":"INFO","msg":"client log","level":"WARN","message":"[inventory] item photo failed to load, showing placeholder Dish Soap https://nyc3.digitaloceanspaces.com/hq.yumyums/items/dish-soap.png","user":"Jamal C. (jamal@yumyums.kitchen)","page":"/inventory.html","ua":"Mozilla/5.0 (X11; Linux x86_64) AppleWebKit/537.36 (KHTML, like Gecko) HeadlessChrome/147.0.7727.15 Safari/537.36"}
[2m[WebServer] [22m{"time":"2026-10-07T08:13:48.016187657-04:00","level":"INFO","msg":"client log","level":"WARN","message":"[inventory] item photo failed to load, showing placeholder Limes https://nyc3.digitaloceanspaces.com/hq.yumyums/items/limes.png","user":"Jamal C. (jamal@yumyums.kitchen)","page":"/inventory.html","ua":"Mozilla/5.0 (X11; Linux x86_64) AppleWebKit/537.36 (KHTML, like Gecko) HeadlessChrome/147.0.7727.15 Safari/537.36"}
[2m[WebServer] [22m{"time":"2026-10-07T08:13:48.032268851-04:00","level":"INFO","msg":"client log","level":"WARN","message":"[inventory] item photo failed to load, showing placeholder Dr. Pepper https://nyc3.digitaloceanspaces.com/hq.yumyums/items/dr-pepper.png","user":"Jamal C. (jamal@yumyums.kitchen)","page":"/inventory.html","ua":"Mozilla/5.0 (X11; Linux x86_64) AppleWebKit/537.36 (KHTML, like Gecko) HeadlessChrome/147.0.7727.15 Safari/537.36"}
[2m[WebServer] [22m{"time":"2026-10-07T08:13:48.04880819-04:00","level":"INFO","msg":"client log","level":"WARN","message":"[inventory] item photo failed to load, showing placeholder Brisket https://nyc3.digitaloceanspaces.com/hq.yumyums/items/brisket.png","user":"Jamal C. (jamal@yumyums.kitchen)","page":"/inventory.html","ua":"Mozilla/5.0 (X11; Linux x86_64) AppleWebKit/537.36 (KHTML, like Gecko) HeadlessChrome/147.0.7727.15 Safari/537.36"}
[2m[WebServer] [22m{"time":"2026-10-07T08:13:48.058963466-04:00","level":"INFO","msg":"client log","level":"WARN","message":"[inventory] item photo failed to load, showing placeholder Wings https://nyc3.digitaloceanspaces.com/hq.yumyums/items/wings.png","user":"Jamal C. (jamal@yumyums.kitchen)","page":"/inventory.html","ua":"Mozilla/5.0 (X11; Linux x86_64) AppleWebKit/537.36 (KHTML, like Gecko) HeadlessChrome/147.0.7727.15 Safari/537.36"}
[2m[WebServer] [22m{"time":"2026-10-07T08:13:48.118367118-04:00","level":"INFO","msg":"client log","level":"WARN","message":"[inventory] item photo failed to load, showing placeholder Trash Bags (30 Gallon) https://nyc3.digitaloceanspaces.com/hq.yumyums/items/trash-bags-30-gallon.png","user":"Jamal C. (jamal@yumyums.kitchen)","page":"/inventory.html","ua":"Mozilla/5.0 (X11; Linux x86_64) AppleWebKit/537.36 (KHTML, like Gecko) HeadlessChrome/147.0.7727.15 Safari/537.36"}
[2m[WebServer] [22m{"time":"2026-10-07T08:13:48.24596222-04:00","level":"INFO","msg":"client log","level":"WARN","message":"[inventory] item photo failed to load, showing placeholder Coke Zero https://nyc3.digitaloceanspaces.com/hq.yumyums/items/coke-zero.png","user":"Jamal C. (jamal@yumyums.kitchen)","page":"/inventory.html","ua":"Mozilla/5.0 (X11; Linux x86_64) AppleWebKit/537.36 (KHTML, like Gecko) HeadlessChrome/147.0.7727.15 Safari/537.36"}
[2m[WebServer] [22m{"time":"2026-10-07T08:13:48.252848198-04:00","level":"INFO","msg":"client log","level":"WARN","message":"[inventory] item photo failed to load, showing placeholder Gloves https://nyc3.digitaloceanspaces.com/hq.yumyums/items/gloves.png","user":"Jamal C. (jamal@yumyums.kitchen)","page":"/inventory.html","ua":"Mozilla/5.0 (X11; Linux x86_64) AppleWebKit/537.36 (KHTML, like Gecko) HeadlessChrome/147.0.7727.15 Safari/537.36"}
[2m[WebServer] [22m{"time":"2026-10-07T08:13:48.267306034-04:00","level":"INFO","msg":"client log","level":"WARN","message":"[inventory] item photo failed to load, showing placeholder Avocados https://nyc3.digitaloceanspaces.com/hq.yumyums/items/avocados.png","user":"Jamal C. (jamal@yumyums.kitchen)","page":"/inventory.html","ua":"Mozilla/5.0 (X11; Linux x86_64) AppleWebKit/537.36 (KHTML, like Gecko) HeadlessChrome/147.0.7727.15 Safari/537.36"}
[2m[WebServer] [22m{"time":"2026-10-07T08:13:48.364090173-04:00","level":"INFO","msg":"client log","level":"WARN","message":"[inventory] item photo failed to load, showing placeholder Ground Turkey https://nyc3.digitaloceanspaces.com/hq.yumyums/items/ground-turkey.png","user":"Jamal C. (jamal@yumyums.kitchen)","page":"/inventory.html","ua":"Mozilla/5.0 (X11; Linux x86_64) AppleWebKit/537.36 (KHTML, like Gecko) HeadlessChrome/147.0.7727.15 Safari/537.36"}
[2m[WebServer] [22m{"time":"2026-10-07T08:13:48.384380392-04:00","level":"INFO","msg":"client log","level":"WARN","message":"[inventory] item photo failed to load, showing placeholder Garlic Powder https://nyc3.digitaloceanspaces.com/hq.yumyums/items/garlic-powder.png","user":"Jamal C. (jamal@yumyums.kitchen)","page":"/inventory.html","ua":"Mozilla/5.0 (X11; Linux x86_64) AppleWebKit/537.36 (KHTML, like Gecko) HeadlessChrome/147.0.7727.15 Safari/537.36"}
[2m[WebServer] [22m{"time":"2026-10-07T08:13:48.428256241-04:00","level":"INFO","msg":"client log","level":"WARN","message":"[inventory] item photo failed to load, showing placeholder Mango Syrup https://nyc3.digitaloceanspaces.com/hq.yumyums/items/mango-syrup.png","user":"Jamal C. (jamal@yumyums.kitchen)","page":"/inventory.html","ua":"Mozilla/5.0 (X11; Linux x86_64) AppleWebKit/537.36 (KHTML, like Gecko) HeadlessChrome/147.0.7727.15 Safari/537.36"}
[2m[WebServer] [22m{"time":"2026-10-07T08:13:48.55213503-04:00","level":"INFO","msg":"client log","level":"WARN","message":"[inventory] item photo failed to load, showing placeholder Bbq Sauce https://nyc3.digitaloceanspaces.com/hq.yumyums/items/bbq-sauce.png","user":"Jamal C. (jamal@yumyums.kitchen)","page":"/inventory.html","ua":"Mozilla/5.0 (X11; Linux x86_64) AppleWebKit/537.36 (KHTML, like Gecko) HeadlessChrome/147.0.7727.15 Safari/537.36"}
[2m[WebServer] [22m{"time":"2026-10-07T08:13:48.557469351-04:00","level":"INFO","msg":"client log","level":"WARN","message":"[inventory] item photo failed to load, showing placeholder Lemons https://nyc3.digitaloceanspaces.com/hq.yumyums/items/lemons.png","user":"Jamal C. (jamal@yumyums.kitchen)","page":"/inventory.html","ua":"Mozilla/5.0 (X11; Linux x86_64) AppleWebKit/537.36 (KHTML, like Gecko) HeadlessChrome/147.0.7727.15 Safari/537.36"}
[2m[WebServer] [22m{"time":"2026-10-07T08:13:48.568758592-04:00","level":"INFO","msg":"client log","level":"WARN","message":"[inventory] item photo failed to load, showing placeholder Chicken Tenders https://nyc3.digitaloceanspaces.com/hq.yumyums/items/chicken-tenders.png","user":"Jamal C. (jamal@yumyums.kitchen)","page":"/inventory.html","ua":"Mozilla/5.0 (X11; Linux x86_64) AppleWebKit/537.36 (KHTML, like Gecko) HeadlessChrome/147.0.7727.15 Safari/537.36"}
[2m[WebServer] [22m{"time":"2026-10-07T08:13:48.576193145-04:00","level":"INFO","msg":"client log","level":"WARN","message":"[inventory] item photo failed to load, showing placeholder Lettuce https://nyc3.digitaloceanspaces.com/hq.yumyums/items/lettuce.png","user":"Jamal C. (jamal@yumyums.kitchen)","page":"/inventory.html","ua":"Mozilla/5.0 (X11; Linux x86_64) AppleWebKit/537.36 (KHTML, like Gecko) HeadlessChrome/147.0.7727.15 Safari/537.36"}
[2m[WebServer] [22m{"time":"2026-10-07T08:13:48.695080713-04:00","level":"INFO","msg":"client log","level":"WARN","message":"[inventory] item photo failed to load, showing placeholder Olive Oil Blend https://nyc3.digitaloceanspaces.com/hq.yumyums/items/olive-oil-blend.png","user":"Jamal C. (jamal@yumyums.kitchen)","page":"/inventory.html","ua":"Mozilla/5.0 (X11; Linux x86_64) AppleWebKit/537.36 (KHTML, like Gecko) HeadlessChrome/147.0.7727.15 Safari/537.36"}
[2m[WebServer] [22m{"time":"2026-10-07T08:13:48.69788384-04:00","level":"INFO","msg":"client log","level":"WARN","message":"[inventory] item photo failed to load, showing placeholder Ketchup Jug https://nyc3.digitaloceanspaces.com/hq.yumyums/items/ketchup-jug.png","user":"Jamal C. (jamal@yumyums.kitchen)","page":"/inventory.html","ua":"Mozilla/5.0 (X11; Linux x86_64) AppleWebKit/537.36 (KHTML, like Gecko) HeadlessChrome/147.0.7727.15 Safari/537.36"}
[2m[WebServer] [22m{"time":"2026-10-07T08:13:48.710576732-04:00","level":"INFO","msg":"client log","level":"WARN","message":"[inventory] item photo failed to load, showing placeholder Boxes (No 8) https://nyc3.digitaloceanspaces.com/hq.yumyums/items/boxes-no-8.png","user":"Jamal C. (jamal@yumyums.kitchen)","page":"/inventory.html","ua":"Mozilla/5.0 (X11; Linux x86_64) AppleWebKit/537.36 (KHTML, like Gecko) HeadlessChrome/147.0.7727.15 Safari/537.36"}
[2m[WebServer] [22m{"time":"2026-10-07T08:13:48.714828243-04:00","level":"INFO","msg":"client log","level":"WARN","message":"[inventory] item photo failed to load, showing placeholder Ground Beef https://nyc3.digitaloceanspaces.com/hq.yumyums/items/ground-beef.png","user":"Jamal C. (jamal@yumyums.kitchen)","page":"/inventory.html","ua":"Mozilla/5.0 (X11; Linux x86_64) AppleWebKit/537.36 (KHTML, like Gecko) HeadlessChrome/147.0.7727.15 Safari/537.36"}
[2m[WebServer] [22m{"time":"2026-10-07T08:13:48.851047619-04:00","level":"INFO","msg":"client log","level":"WARN","message":"[inventory] item photo failed to load, showing placeholder Napkins https://nyc3.digitaloceanspaces.com/hq.yumyums/items/napkins.png","user":"Jamal C. (jamal@yumyums.kitchen)","page":"/inventory.html","ua":"Mozilla/5.0 (X11; Linux x86_64) AppleWebKit/537.36 (KHTML, like Gecko) HeadlessChrome/147.0.7727.15 Safari/537.36"}
[2m[WebServer] [22m{"time":"2026-10-07T08:13:48.85274557-04:00","level":"INFO","msg":"client log","level":"WARN","message":"[inventory] item photo failed to load, showing placeholder Crabmeat https://nyc3.digitaloceanspaces.com/hq.yumyums/items/crabmeat.png","user":"Jamal C. (jamal@yumyums.kitchen)","page":"/inventory.html","ua":"Mozilla/5.0 (X11; Linux x86_64) AppleWebKit/537.36 (KHTML, like Gecko) HeadlessChrome/147.0.7727.15 Safari/537.36"}
[2m[WebServer] [22m{"time":"2026-10-07T08:13:48.864452824-04:00","level":"INFO","msg":"client log","level":"WARN","message":"[inventory] item photo failed to load, showing placeholder Bread Crumbs https://nyc3.digitaloceanspaces.com/hq.yumyums/items/bread-crumbs.png","user":"Jamal C. (jamal@yumyums.kitchen)","page":"/inventory.html","ua":"Mozilla/5.0 (X11; Linux x86_64) AppleWebKit/537.36 (KHTML, like Gecko) HeadlessChrome/147.0.7727.15 Safari/537.36"}
[2m[WebServer] [22m{"time":"2026-10-07T08:13:48.873345179-04:00","level":"INFO","msg":"client log","level":"WARN","message":"[inventory] item photo failed to load, showing placeholder Frank’s Hot Sauce https://nyc3.digitaloceanspaces.com/hq.yumyums/items/frank-s-hot-sauce.png","user":"Jamal C. (jamal@yumyums.kitchen)","page":"/inventory.html","ua":"Mozilla/5.0 (X11; Linux x86_64) AppleWebKit/537.36 (KHTML, like Gecko) HeadlessChrome/147.0.7727.15 Safari/537.36"}
[2m[WebServer] [22m{"time":"2026-10-07T08:13:48.986429686-04:00","level":"INFO","msg":"client log","level":"WARN","message":"[inventory] item photo failed to load, showing placeholder White Cheese Sauce https://nyc3.digitaloceanspaces.com/hq.yumyums/items/white-cheese-sauce.png","user":"Jamal C. (jamal@yumyums.kitchen)","page":"/inventory.html","ua":"Mozilla/5.0 (X11; Linux x86_64) AppleWebKit/537.36 (KHTML, like Gecko) HeadlessChrome/147.0.7727.15 Safari/537.36"}
[2m[WebServer] [22m{"time":"2026-10-07T08:13:49.006438554-04:00","level":"INFO","msg":"client log","level":"WARN","message":"[inventory] item photo failed to load, showing placeholder Blast Away https://nyc3.digitaloceanspaces.com/hq.yumyums/items/blast-away.png","user":"Jamal C. (jamal@yumyums.kitchen)","page":"/inventory.html","ua":"Mozilla/5.0 (X11; Linux x86_64) AppleWebKit/537.36 (KHTML, like Gecko) HeadlessChrome/147.0.7727.15 Safari/537.36"}
[2m[WebServer] [22m{"time":"2026-10-07T08:13:49.006431919-04:00","level":"INFO","msg":"client log","level":"WARN","message":"[inventory] item photo failed to load, showing placeholder Allspice https://nyc3.digitaloceanspaces.com/hq.yumyums/items/allspice.png","user":"Jamal C. (jamal@yumyums.kitchen)","page":"/inventory.html","ua":"Mozilla/5.0 (X11; Linux x86_64) AppleWebKit/537.36 (KHTML, like Gecko) HeadlessChrome/147.0.7727.15 Safari/537.36"}
[2m[WebServer] [22m{"time":"2026-10-07T08:13:49.019303531-04:00","level":"INFO","msg":"client log","level":"WARN","message":"[inventory] item photo failed to load, showing placeholder Lemon Juice https://nyc3.digitaloceanspaces.com/hq.yumyums/items/lemon-juice.png","user":"Jamal C. (jamal@yumyums.kitchen)","page":"/inventory.html","ua":"Mozilla/5.0 (X11; Linux x86_64) AppleWebKit/537.36 (KHTML, like Gecko) HeadlessChrome/147.0.7727.15 Safari/537.36"}
[2m[WebServer] [22m{"time":"2026-10-07T08:13:49.052577409-04:00","level":"INFO","msg":"client log","level":"WARN","message":"[inventory] item photo failed to load, showing placeholder Lids https://nyc3.digitaloceanspaces.com/hq.yumyums/items/lids.png","user":"Jamal C. (jamal@yumyums.kitchen)","page":"/inventory.html","ua":"Mozilla/5.0 (X11; Linux x86_64) AppleWebKit/537.36 (KHTML, like Gecko) HeadlessChrome/147.0.7727.15 Safari/537.36"}
[2m[WebServer] [22m{"time":"2026-10-07T08:13:49.154455508-04:00","level":"INFO","msg":"client log","level":"WARN","message":"[inventory] item photo failed to load, showing placeholder Spinach He https://nyc3.digitaloceanspaces.com/hq.yumyums/items/spinach-he.png","user":"Jamal C. (jamal@yumyums.kitchen)","page":"/inventory.html","ua":"Mozilla/5.0 (X11; Linux x86_64) AppleWebKit/537.36 (KHTML, like Gecko) HeadlessChrome/147.0.7727.15 Safari/537.36"}
[2m[WebServer] [22m{"time":"2026-10-07T08:13:49.179194044-04:00","level":"INFO","msg":"client log","level":"WARN","message":"[inventory] item photo failed to load, showing placeholder Sprite https://nyc3.digitaloceanspaces.com/hq.yumyums/items/sprite.png","user":"Jamal C. (jamal@yumyums.kitchen)","page":"/inventory.html","ua":"Mozilla/5.0 (X11; Linux x86_64) AppleWebKit/537.36 (KHTML, like Gecko) HeadlessChrome/147.0.7727.15 Safari/537.36"}
[2m[WebServer] [22m{"time":"2026-10-07T08:13:49.199116335-04:00","level":"INFO","msg":"client log","level":"WARN","message":"[inventory] item photo failed to load, showing placeholder Plastic Bags https://nyc3.digitaloceanspaces.com/hq.yumyums/items/plastic-bags.png","user":"Jamal C. (jamal@yumyums.kitchen)","page":"/inventory.html","ua":"Mozilla/5.0 (X11; Linux x86_64) AppleWebKit/537.36 (KHTML, like Gecko) HeadlessChrome/147.0.7727.15 Safari/537.36"}
[2m[WebServer] [22m{"time":"2026-10-07T08:13:49.256108546-04:00","level":"INFO","msg":"client log","level":"WARN","message":"[inventory] item photo failed to load, showing placeholder Sanitizing Tablets https://nyc3.digitaloceanspaces.com/hq.yumyums/items/sanitizing-tablets.png","user":"Jamal C. (jamal@yumyums.kitchen)","page":"/inventory.html","ua":"Mozilla/5.0 (X11; Linux x86_64) AppleWebKit/537.36 (KHTML, like Gecko) HeadlessChrome/147.0.7727.15 Safari/537.36"}
[2m[WebServer] [22m{"time":"2026-10-07T08:13:49.469848897-04:00","level":"INFO","msg":"client log","level":"WARN","message":"[inventory] item photo failed to load, showing placeholder Dirty Dog Rolls https://nyc3.digitaloceanspaces.com/hq.yumyums/items/dirty-dog-rolls.png","user":"Jamal C. (jamal@yumyums.kitchen)","page":"/inventory.html","ua":"Mozilla/5.0 (X11; Linux x86_64) AppleWebKit/537.36 (KHTML, like Gecko) HeadlessChrome/147.0.7727.15 Safari/537.36"}
[2m[WebServer] [22m{"time":"2026-10-07T08:13:49.470317101-04:00","level":"INFO","msg":"client log","level":"WARN","message":"[inventory] item photo failed to load, showing placeholder Relish https://nyc3.digitaloceanspaces.com/hq.yumyums/items/relish.png","user":"Jamal C. (jamal@yumyums.kitchen)","page":"/inventory.html","ua":"Mozilla/5.0 (X11; Linux x86_64) AppleWebKit/537.36 (KHTML, like Gecko) HeadlessChrome/147.0.7727.15 Safari/537.36"}
[2m[WebServer] [22m{"time":"2026-10-07T08:13:49.474024211-04:00","level":"INFO","msg":"client log","level":"WARN","message":"[inventory] item photo failed to load, showing placeholder Tomaotes https://nyc3.digitaloceanspaces.com/hq.yumyums/items/tomaotes.png","user":"Jamal C. (jamal@yumyums.kitchen)","page":"/inventory.html","ua":"Mozilla/5.0 (X11; Linux x86_64) AppleWebKit/537.36 (KHTML, like Gecko) HeadlessChrome/147.0.7727.15 Safari/537.36"}
[2m[WebServer] [22m{"time":"2026-10-07T08:13:49.487797665-04:00","level":"INFO","msg":"client log","level":"WARN","message":"[inventory] item photo failed to load, showing placeholder Sriracha https://nyc3.digitaloceanspaces.com/hq.yumyums/items/sriracha.png","user":"Jamal C. (jamal@yumyums.kitchen)","page":"/inventory.html","ua":"Mozilla/5.0 (X11; Linux x86_64) AppleWebKit/537.36 (KHTML, like Gecko) HeadlessChrome/147.0.7727.15 Safari/537.36"}
[2m[WebServer] [22m{"time":"2026-10-07T08:13:49.496423009-04:00","level":"INFO","msg":"client log","level":"WARN","message":"[inventory] item photo failed to load, showing placeholder Hand Soap https://nyc3.digitaloceanspaces.com/hq.yumyums/items/hand-soap.png","user":"Jamal C. (jamal@yumyums.kitchen)","page":"/inventory.html","ua":"Mozilla/5.0 (X11; Linux x86_64) AppleWebKit/537.36 (KHTML, like Gecko) HeadlessChrome/147.0.7727.15 Safari/537.36"}
[2m[WebServer] [22m{"time":"2026-10-07T08:13:49.613423419-04:00","level":"INFO","msg":"client log","level":"WARN","message":"[inventory] item photo failed to load, showing placeholder Charcoal https://nyc3.digitaloceanspaces.com/hq.yumyums/items/charcoal.png","user":"Jamal C. (jamal@yumyums.kitchen)","page":"/inventory.html","ua":"Mozilla/5.0 (X11; Linux x86_64) AppleWebKit/537.36 (KHTML, like Gecko) HeadlessChrome/147.0.7727.15 Safari/537.36"}
[2m[WebServer] [22m{"time":"2026-10-07T08:13:49.631989361-04:00","level":"INFO","msg":"client log","level":"WARN","message":"[inventory] item photo failed to load, showing placeholder Hot Dog Rolls https://nyc3.digitaloceanspaces.com/hq.yumyums/items/hot-dog-rolls.png","user":"Jamal C. (jamal@yumyums.kitchen)","page":"/inventory.html","ua":"Mozilla/5.0 (X11; Linux x86_64) AppleWebKit/537.36 (KHTML, like Gecko) HeadlessChrome/147.0.7727.15 Safari/537.36"}
[2m[WebServer] [22m{"time":"2026-10-07T08:13:49.642421386-04:00","level":"INFO","msg":"client log","level":"WARN","message":"[inventory] item photo failed to load, showing placeholder Jerk Seasoning https://nyc3.digitaloceanspaces.com/hq.yumyums/items/jerk-seasoning.png","user":"Jamal C. (jamal@yumyums.kitchen)","page":"/inventory.html","ua":"Mozilla/5.0 (X11; Linux x86_64) AppleWebKit/537.36 (KHTML, like Gecko) HeadlessChrome/147.0.7727.15 Safari/537.36"}
[2m[WebServer] [22m{"time":"2026-10-07T08:13:49.760472393-04:00","level":"INFO","msg":"client log","level":"WARN","message":"[inventory] item photo failed to load, showing placeholder Cups https://nyc3.digitaloceanspaces.com/hq.yumyums/items/cups.png","user":"Jamal C. (jamal@yumyums.kitchen)","page":"/inventory.html","ua":"Mozilla/5.0 (X11; Linux x86_64) AppleWebKit/537.36 (KHTML, like Gecko) HeadlessChrome/147.0.7727.15 Safari/537.36"}
[2m[WebServer] [22m{"time":"2026-10-07T08:13:49.760941775-04:00","level":"INFO","msg":"client log","level":"WARN","message":"[inventory] item photo failed to load, showing placeholder Red Onions https://nyc3.digitaloceanspaces.com/hq.yumyums/items/red-onions.png","user":"Jamal C. (jamal@yumyums.kitchen)","page":"/inventory.html","ua":"Mozilla/5.0 (X11; Linux x86_64) AppleWebKit/537.36 (KHTML, like Gecko) HeadlessChrome/147.0.7727.15 Safari/537.36"}
[2m[WebServer] [22m{"time":"2026-10-07T08:13:49.769766708-04:00","level":"INFO","msg":"client log","level":"WARN","message":"[inventory] item photo failed to load, showing placeholder Corn https://nyc3.digitaloceanspaces.com/hq.yumyums/items/corn.png","user":"Jamal C. (jamal@yumyums.kitchen)","page":"/inventory.html","ua":"Mozilla/5.0 (X11; Linux x86_64) AppleWebKit/537.36 (KHTML, like Gecko) HeadlessChrome/147.0.7727.15 Safari/537.36"}
[2m[WebServer] [22m{"time":"2026-10-07T08:13:49.900893089-04:00","level":"INFO","msg":"client log","level":"WARN","message":"[inventory] item photo failed to load, showing placeholder Pan Spray https://nyc3.digitaloceanspaces.com/hq.yumyums/items/pan-spray.png","user":"Jamal C. (jamal@yumyums.kitchen)","page":"/inventory.html","ua":"Mozilla/5.0 (X11; Linux x86_64) AppleWebKit/537.36 (KHTML, like Gecko) HeadlessChrome/147.0.7727.15 Safari/537.36"}
[2m[WebServer] [22m{"time":"2026-10-07T08:13:49.901632906-04:00","level":"INFO","msg":"client log","level":"WARN","message":"[inventory] item photo failed to load, showing placeholder Crystal Hot Sauce https://nyc3.digitaloceanspaces.com/hq.yumyums/items/crystal-hot-sauce.png","user":"Jamal C. (jamal@yumyums.kitchen)","page":"/inventory.html","ua":"Mozilla/5.0 (X11; Linux x86_64) AppleWebKit/537.36 (KHTML, like Gecko) HeadlessChrome/147.0.7727.15 Safari/537.36"}
[2m[WebServer] [22m{"time":"2026-10-07T08:13:49.922458751-04:00","level":"INFO","msg":"client log","level":"WARN","message":"[inventory] item photo failed to load, showing placeholder Black Pepper https://nyc3.digitaloceanspaces.com/hq.yumyums/items/black-pepper.png","user":"Jamal C. (jamal@yumyums.kitchen)","page":"/inventory.html","ua":"Mozilla/5.0 (X11; Linux x86_64) AppleWebKit/537.36 (KHTML, like Gecko) HeadlessChrome/147.0.7727.15 Safari/537.36"}
[2m[WebServer] [22m{"time":"2026-10-07T08:13:49.947949518-04:00","level":"INFO","msg":"client log","level":"WARN","message":"[inventory] item photo failed to load, showing placeholder No Rinse Floor Cleaner https://nyc3.digitaloceanspaces.com/hq.yumyums/items/no-rinse-floor-cleaner.png","user":"Jamal C. (jamal@yumyums.kitchen)","page":"/inventory.html","ua":"Mozilla/5.0 (X11; Linux x86_64) AppleWebKit/537.36 (KHTML, like Gecko) HeadlessChrome/147.0.7727.15 Safari/537.36"}
[2m[WebServer] [22m{"time":"2026-10-07T08:13:50.032238964-04:00","level":"INFO","msg":"client log","level":"WARN","message":"[inventory] item photo failed to load, showing placeholder Hoagie Containers https://nyc3.digitaloceanspaces.com/hq.yumyums/items/hoagie-containers.png","user":"Jamal C. (jamal@yumyums.kitchen)","page":"/inventory.html","ua":"Mozilla/5.0 (X11; Linux x86_64) AppleWebKit/537.36 (KHTML, like Gecko) HeadlessChrome/147.0.7727.15 Safari/537.36"}
[2m[WebServer] [22m{"time":"2026-10-07T08:13:50.032991944-04:00","level":"INFO","msg":"client log","level":"WARN","message":"[inventory] item photo failed to load, showing placeholder Granulated Onion https://nyc3.digitaloceanspaces.com/hq.yumyums/items/granulated-onion.png","user":"Jamal C. (jamal@yumyums.kitchen)","page":"/inventory.html","ua":"Mozilla/5.0 (X11; Linux x86_64) AppleWebKit/537.36 (KHTML, like Gecko) HeadlessChrome/147.0.7727.15 Safari/537.36"}
[2m[WebServer] [22m{"time":"2026-10-07T08:13:50.062404821-04:00","level":"INFO","msg":"client log","level":"WARN","message":"[inventory] item photo failed to load, showing placeholder Mexican Cheese https://nyc3.digitaloceanspaces.com/hq.yumyums/items/mexican-cheese.png","user":"Jamal C. (jamal@yumyums.kitchen)","page":"/inventory.html","ua":"Mozilla/5.0 (X11; Linux x86_64) AppleWebKit/537.36 (KHTML, like Gecko) HeadlessChrome/147.0.7727.15 Safari/537.36"}
[2m[WebServer] [22m{"time":"2026-10-07T08:13:50.130257452-04:00","level":"INFO","msg":"client log","level":"WARN","message":"[inventory] item photo failed to load, showing placeholder Hand Towels https://nyc3.digitaloceanspaces.com/hq.yumyums/items/hand-towels.png","user":"Jamal C. (jamal@yumyums.kitchen)","page":"/inventory.html","ua":"Mozilla/5.0 (X11; Linux x86_64) AppleWebKit/537.36 (KHTML, like Gecko) HeadlessChrome/147.0.7727.15 Safari/537.36"}
[2m[WebServer] [22m{"time":"2026-10-07T08:13:50.147766589-04:00","level":"INFO","msg":"client log","level":"WARN","message":"[inventory] item photo failed to load, showing placeholder Jalapeños https://nyc3.digitaloceanspaces.com/hq.yumyums/items/jalape-os.png","user":"Jamal C. (jamal@yumyums.kitchen)","page":"/inventory.html","ua":"Mozilla/5.0 (X11; Linux x86_64) AppleWebKit/537.36 (KHTML, like Gecko) HeadlessChrome/147.0.7727.15 Safari/537.36"}
[2m[WebServer] [22m{"time":"2026-10-07T08:13:50.21973728-04:00","level":"INFO","msg":"client log","level":"WARN","message":"[inventory] item photo failed to load, showing placeholder Towels https://nyc3.digitaloceanspaces.com/hq.yumyums/items/towels.png","user":"Jamal C. (jamal@yumyums.kitchen)","page":"/inventory.html","ua":"Mozilla/5.0 (X11; Linux x86_64) AppleWebKit/537.36 (KHTML, like Gecko) HeadlessChrome/147.0.7727.15 Safari/537.36"}
[2m[WebServer] [22m{"time":"2026-10-07T08:13:50.265710364-04:00","level":"INFO","msg":"client log","level":"WARN","message":"[inventory] item photo failed to load, showing placeholder Cup Holders https://nyc3.digitaloceanspaces.com/hq.yumyums/items/cup-holders.png","user":"Jamal C. (jamal@yumyums.kitchen)","page":"/inventory.html","ua":"Mozilla/5.0 (X11; Linux x86_64) AppleWebKit/537.36 (KHTML, like Gecko) HeadlessChrome/147.0.7727.15 Safari/537.36"}
[2m[WebServer] [22m{"time":"2026-10-07T08:13:50.285789436-04:00","level":"INFO","msg":"client log","level":"WARN","message":"[inventory] item photo failed to load, showing placeholder Red Peppers https://nyc3.digitaloceanspaces.com/hq.yumyums/items/red-peppers.png","user":"Jamal C. (jamal@yumyums.kitchen)","page":"/inventory.html","ua":"Mozilla/5.0 (X11; Linux x86_64) AppleWebKit/537.36 (KHTML, like Gecko) HeadlessChrome/147.0.7727.15 Safari/537.36"}
[2m[WebServer] [22m{"time":"2026-10-07T08:13:50.330579649-04:00","level":"INFO","msg":"client log","level":"WARN","message":"[inventory] item photo failed to load, showing placeholder Straws https://nyc3.digitaloceanspaces.com/hq.yumyums/items/straws.png","user":"Jamal C. (jamal@yumyums.kitchen)","page":"/inventory.html","ua":"Mozilla/5.0 (X11; Linux x86_64) AppleWebKit/537.36 (KHTML, like Gecko) HeadlessChrome/147.0.7727.15 Safari/537.36"}
[2m[WebServer] [22m{"time":"2026-10-07T08:13:50.389035227-04:00","level":"INFO","msg":"client log","level":"WARN","message":"[inventory] item photo failed to load, showing placeholder Fine Sea Salt https://nyc3.digitaloceanspaces.com/hq.yumyums/items/fine-sea-salt.png","user":"Jamal C. (jamal@yumyums.kitchen)","page":"/inventory.html","ua":"Mozilla/5.0 (X11; Linux x86_64) AppleWebKit/537.36 (KHTML, like Gecko) HeadlessChrome/147.0.7727.15 Safari/537.36"}
[2m[WebServer] [22m{"time":"2026-10-07T08:13:50.393105984-04:00","level":"INFO","msg":"client log","level":"WARN","message":"[inventory] item photo failed to load, showing placeholder Ranch Dressing https://nyc3.digitaloceanspaces.com/hq.yumyums/items/ranch-dressing.png","user":"Jamal C. (jamal@yumyums.kitchen)","page":"/inventory.html","ua":"Mozilla/5.0 (X11; Linux x86_64) AppleWebKit/537.36 (KHTML, like Gecko) HeadlessChrome/147.0.7727.15 Safari/537.36"}
[2m[WebServer] [22m{"time":"2026-10-07T08:13:50.494760628-04:00","level":"INFO","msg":"client log","level":"WARN","message":"[inventory] item photo failed to load, showing placeholder Sour Cream https://nyc3.digitaloceanspaces.com/hq.yumyums/items/sour-cream.png","user":"Jamal C. (jamal@yumyums.kitchen)","page":"/inventory.html","ua":"Mozilla/5.0 (X11; Linux x86_64) AppleWebKit/537.36 (KHTML, like Gecko) HeadlessChrome/147.0.7727.15 Safari/537.36"}
[2m[WebServer] [22m{"time":"2026-10-07T08:13:50.494855339-04:00","level":"INFO","msg":"client log","level":"WARN","message":"[inventory] item photo failed to load, showing placeholder Cayenne Pepper https://nyc3.digitaloceanspaces.com/hq.yumyums/items/cayenne-pepper.png","user":"Jamal C. (jamal@yumyums.kitchen)","page":"/inventory.html","ua":"Mozilla/5.0 (X11; Linux x86_64) AppleWebKit/537.36 (KHTML, like Gecko) HeadlessChrome/147.0.7727.15 Safari/537.36"}
[2m[WebServer] [22m{"time":"2026-10-07T08:13:50.50272963-04:00","level":"INFO","msg":"client log","level":"WARN","message":"[inventory] item photo failed to load, showing placeholder Cucumber https://nyc3.digitaloceanspaces.com/hq.yumyums/items/cucumber.png","user":"Jamal C. (jamal@yumyums.kitchen)","page":"/inventory.html","ua":"Mozilla/5.0 (X11; Linux x86_64) AppleWebKit/537.36 (KHTML, like Gecko) HeadlessChrome/147.0.7727.15 Safari/537.36"}
[2m[WebServer] [22m{"time":"2026-10-07T08:13:50.544852414-04:00","level":"INFO","msg":"client log","level":"WARN","message":"[inventory] item photo failed to load, showing placeholder Forks https://nyc3.digitaloceanspaces.com/hq.yumyums/items/forks.png","user":"Jamal C. (jamal@yumyums.kitchen)","page":"/inventory.html","ua":"Mozilla/5.0 (X11; Linux x86_64) AppleWebKit/537.36 (KHTML, like Gecko) HeadlessChrome/147.0.7727.15 Safari/537.36"}
[2m[WebServer] [22m{"time":"2026-10-07T08:13:50.582892883-04:00","level":"INFO","msg":"client log","level":"WARN","message":"[inventory] item photo failed to load, showing placeholder Green Peppers https://nyc3.digitaloceanspaces.com/hq.yumyums/items/green-peppers.png","user":"Jamal C. (jamal@yumyums.kitchen)","page":"/inventory.html","ua":"Mozilla/5.0 (X11; Linux x86_64) AppleWebKit/537.36 (KHTML, like Gecko) HeadlessChrome/147.0.7727.15 Safari/537.36"}
[2m[WebServer] [22m{"time":"2026-10-07T08:13:50.596001005-04:00","level":"INFO","msg":"client log","level":"WARN","message":"[inventory] item photo failed to load, showing placeholder Coarse Sea Salt https://nyc3.digitaloceanspaces.com/hq.yumyums/items/coarse-sea-salt.png","user":"Jamal C. (jamal@yumyums.kitchen)","page":"/inventory.html","ua":"Mozilla/5.0 (X11; Linux x86_64) AppleWebKit/537.36 (KHTML, like Gecko) HeadlessChrome/147.0.7727.15 Safari/537.36"}
[2m[WebServer] [22m{"time":"2026-10-07T08:13:50.635079122-04:00","level":"INFO","msg":"client log","level":"WARN","message":"[inventory] item photo failed to load, showing placeholder Aluminum Foil https://nyc3.digitaloceanspaces.com/hq.yumyums/items/aluminum-foil.png","user":"Jamal C. (jamal@yumyums.kitchen)","page":"/inventory.html","ua":"Mozilla/5.0 (X11; Linux x86_64) AppleWebKit/537.36 (KHTML, like Gecko) HeadlessChrome/147.0.7727.15 Safari/537.36"}
[2m[WebServer] [22m{"time":"2026-10-07T08:13:50.666518067-04:00","level":"INFO","msg":"client log","level":"WARN","message":"[inventory] item photo failed to load, showing placeholder Honey Garlic Sauce https://nyc3.digitaloceanspaces.com/hq.yumyums/items/honey-garlic-sauce.png","user":"Jamal C. (jamal@yumyums.kitchen)","page":"/inventory.html","ua":"Mozilla/5.0 (X11; Linux x86_64) AppleWebKit/537.36 (KHTML, like Gecko) HeadlessChrome/147.0.7727.15 Safari/537.36"}
[2m[WebServer] [22m{"time":"2026-10-07T08:13:50.686361485-04:00","level":"INFO","msg":"client log","level":"WARN","message":"[inventory] item photo failed to load, showing placeholder Salt https://nyc3.digitaloceanspaces.com/hq.yumyums/items/salt.png","user":"Jamal C. (jamal@yumyums.kitchen)","page":"/inventory.html","ua":"Mozilla/5.0 (X11; Linux x86_64) AppleWebKit/537.36 (KHTML, like Gecko) HeadlessChrome/147.0.7727.15 Safari/537.36"}
[2m[WebServer] [22m{"time":"2026-10-07T08:13:50.707306763-04:00","level":"INFO","msg":"client log","level":"WARN","message":"[inventory] item photo failed to load, showing placeholder Ketchup Packets https://nyc3.digitaloceanspaces.com/hq.yumyums/items/ketchup-packets.png","user":"Jamal C. (jamal@yumyums.kitchen)","page":"/inventory.html","ua":"Mozilla/5.0 (X11; Linux x86_64) AppleWebKit/537.36 (KHTML, like Gecko) HeadlessChrome/147.0.7727.15 Safari/537.36"}
[2m[WebServer] [22m{"time":"2026-10-07T08:13:50.734793205-04:00","level":"INFO","msg":"client log","level":"WARN","message":"[inventory] item photo failed to load, showing placeholder Fries https://nyc3.digitaloceanspaces.com/hq.yumyums/items/fries.png","user":"Jamal C. (jamal@yumyums.kitchen)","page":"/inventory.html","ua":"Mozilla/5.0 (X11; Linux x86_64) AppleWebKit/537.36 (KHTML, like Gecko) HeadlessChrome/147.0.7727.15 Safari/537.36"}
[2m[WebServer] [22m{"time":"2026-10-07T08:13:50.752608201-04:00","level":"INFO","msg":"client log","level":"WARN","message":"[inventory] item photo failed to load, showing placeholder Blue Cheese Dressing https://nyc3.digitaloceanspaces.com/hq.yumyums/items/blue-cheese-dressing.png","user":"Jamal C. (jamal@yumyums.kitchen)","page":"/inventory.html","ua":"Mozilla/5.0 (X11; Linux x86_64) AppleWebKit/537.36 (KHTML, like Gecko) HeadlessChrome/147.0.7727.15 Safari/537.36"}
[2m[WebServer] [22m{"time":"2026-10-07T08:13:50.798400853-04:00","level":"INFO","msg":"client log","level":"WARN","message":"[inventory] item photo failed to load, showing placeholder Cheesesteak https://nyc3.digitaloceanspaces.com/hq.yumyums/items/cheesesteak.png","user":"Jamal C. (jamal@yumyums.kitchen)","page":"/inventory.html","ua":"Mozilla/5.0 (X11; Linux x86_64) AppleWebKit/537.36 (KHTML, like Gecko) HeadlessChrome/147.0.7727.15 Safari/537.36"}
[2m[WebServer] [22m{"time":"2026-10-07T08:13:50.806354658-04:00","level":"INFO","msg":"client log","level":"WARN","message":"[inventory] item photo failed to load, showing placeholder Chicken Party Wings https://nyc3.digitaloceanspaces.com/hq.yumyums/items/chicken-party-wings.png","user":"Jamal C. (jamal@yumyums.kitchen)","page":"/inventory.html","ua":"Mozilla/5.0 (X11; Linux x86_64) AppleWebKit/537.36 (KHTML, like Gecko) HeadlessChrome/147.0.7727.15 Safari/537.36"}
[2m[WebServer] [22m{"time":"2026-10-07T08:13:50.858750332-04:00","level":"INFO","msg":"client log","level":"WARN","message":"[inventory] item photo failed to load, showing placeholder Mint https://nyc3.digitaloceanspaces.com/hq.yumyums/items/mint.png","user":"Jamal C. (jamal@yumyums.kitchen)","page":"/inventory.html","ua":"Mozilla/5.0 (X11; Linux x86_64) AppleWebKit/537.36 (KHTML, like Gecko) HeadlessChrome/147.0.7727.15 Safari/537.36"}
[2m[WebServer] [22m{"time":"2026-10-07T08:13:50.881948877-04:00","level":"INFO","msg":"client log","level":"WARN","message":"[inventory] item photo failed to load, showing placeholder Brown Sugar https://nyc3.digitaloceanspaces.com/hq.yumyums/items/brown-sugar.png","user":"Jamal C. (jamal@yumyums.kitchen)","page":"/inventory.html","ua":"Mozilla/5.0 (X11; Linux x86_64) AppleWebKit/537.36 (KHTML, like Gecko) HeadlessChrome/147.0.7727.15 Safari/537.36"}
[2m[WebServer] [22m{"time":"2026-10-07T08:13:50.932958986-04:00","level":"INFO","msg":"client log","level":"WARN","message":"[inventory] item photo failed to load, showing placeholder Hot Dogs https://nyc3.digitaloceanspaces.com/hq.yumyums/items/hot-dogs.png","user":"Jamal C. (jamal@yumyums.kitchen)","page":"/inventory.html","ua":"Mozilla/5.0 (X11; Linux x86_64) AppleWebKit/537.36 (KHTML, like Gecko) HeadlessChrome/147.0.7727.15 Safari/537.36"}
[2m[WebServer] [22m{"time":"2026-10-07T08:13:50.958290189-04:00","level":"INFO","msg":"client log","level":"WARN","message":"[inventory] item photo failed to load, showing placeholder Frying Oil https://nyc3.digitaloceanspaces.com/hq.yumyums/items/frying-oil.png","user":"Jamal C. (jamal@yumyums.kitchen)","page":"/inventory.html","ua":"Mozilla/5.0 (X11; Linux x86_64) AppleWebKit/537.36 (KHTML, like Gecko) HeadlessChrome/147.0.7727.15 Safari/537.36"}
[2m[WebServer] [22m{"time":"2026-10-07T08:13:50.974903157-04:00","level":"INFO","msg":"client log","level":"WARN","message":"[inventory] item photo failed to load, showing placeholder Everything Bagel Seasoning https://nyc3.digitaloceanspaces.com/hq.yumyums/items/everything-bagel-seasoning.png","user":"Jamal C. (jamal@yumyums.kitchen)","page":"/inventory.html","ua":"Mozilla/5.0 (X11; Linux x86_64) AppleWebKit/537.36 (KHTML, like Gecko) HeadlessChrome/147.0.7727.15 Safari/537.36"}
  ✓  148 [chromium] › tests/inventory.spec.js:2984:3 › Inventory › store location edit form shows dropdown with vendor names and + Add new option (7.5s)
[2m[WebServer] [22m{"time":"2026-10-07T08:13:54.126868795-04:00","level":"INFO","msg":"client log","level":"WARN","message":"[inventory] item photo failed to load, showing placeholder Dr. Pepper https://nyc3.digitaloceanspaces.com/hq.yumyums/items/dr-pepper.png","user":"Jamal C. (jamal@yumyums.kitchen)","page":"/inventory.html","ua":"Mozilla/5.0 (X11; Linux x86_64) AppleWebKit/537.36 (KHTML, like Gecko) HeadlessChrome/147.0.7727.15 Safari/537.36"}
[2m[WebServer] [22m{"time":"2026-10-07T08:13:54.191194965-04:00","level":"INFO","msg":"client log","level":"WARN","message":"[inventory] item photo failed to load, showing placeholder Sprite https://nyc3.digitaloceanspaces.com/hq.yumyums/items/sprite.png","user":"Jamal C. (jamal@yumyums.kitchen)","page":"/inventory.html","ua":"Mozilla/5.0 (X11; Linux x86_64) AppleWebKit/537.36 (KHTML, like Gecko) HeadlessChrome/147.0.7727.15 Safari/537.36"}
[2m[WebServer] [22m{"time":"2026-10-07T08:13:54.490269235-04:00","level":"INFO","msg":"client log","level":"WARN","message":"[inventory] item photo failed to load, showing placeholder Bread Crumbs https://nyc3.digitaloceanspaces.com/hq.yumyums/items/bread-crumbs.png","user":"Jamal C. (jamal@yumyums.kitchen)","page":"/inventory.html","ua":"Mozilla/5.0 (X11; Linux x86_64) AppleWebKit/537.36 (KHTML, like Gecko) HeadlessChrome/147.0.7727.15 Safari/537.36"}
[2m[WebServer] [22m{"time":"2026-10-07T08:13:54.559972269-04:00","level":"INFO","msg":"client log","level":"WARN","message":"[inventory] item photo failed to load, showing placeholder Dish Soap https://nyc3.digitaloceanspaces.com/hq.yumyums/items/dish-soap.png","user":"Jamal C. (jamal@yumyums.kitchen)","page":"/inventory.html","ua":"Mozilla/5.0 (X11; Linux x86_64) AppleWebKit/537.36 (KHTML, like Gecko) HeadlessChrome/147.0.7727.15 Safari/537.36"}
[2m[WebServer] [22m{"time":"2026-10-07T08:13:54.781407903-04:00","level":"INFO","msg":"client log","level":"WARN","message":"[inventory] item photo failed to load, showing placeholder Lemonade Mix https://nyc3.digitaloceanspaces.com/hq.yumyums/items/lemonade-mix.png","user":"Jamal C. (jamal@yumyums.kitchen)","page":"/inventory.html","ua":"Mozilla/5.0 (X11; Linux x86_64) AppleWebKit/537.36 (KHTML, like Gecko) HeadlessChrome/147.0.7727.15 Safari/537.36"}
[2m[WebServer] [22m{"time":"2026-10-07T08:13:54.848725815-04:00","level":"INFO","msg":"client log","level":"WARN","message":"[inventory] item photo failed to load, showing placeholder Hand Soap https://nyc3.digitaloceanspaces.com/hq.yumyums/items/hand-soap.png","user":"Jamal C. (jamal@yumyums.kitchen)","page":"/inventory.html","ua":"Mozilla/5.0 (X11; Linux x86_64) AppleWebKit/537.36 (KHTML, like Gecko) HeadlessChrome/147.0.7727.15 Safari/537.36"}
[2m[WebServer] [22m{"time":"2026-10-07T08:13:54.946770303-04:00","level":"INFO","msg":"client log","level":"WARN","message":"[inventory] item photo failed to load, showing placeholder Black Pepper https://nyc3.digitaloceanspaces.com/hq.yumyums/items/black-pepper.png","user":"Jamal C. (jamal@yumyums.kitchen)","page":"/inventory.html","ua":"Mozilla/5.0 (X11; Linux x86_64) AppleWebKit/537.36 (KHTML, like Gecko) HeadlessChrome/147.0.7727.15 Safari/537.36"}
[2m[WebServer] [22m{"time":"2026-10-07T08:13:55.013808639-04:00","level":"INFO","msg":"client log","level":"WARN","message":"[inventory] item photo failed to load, showing placeholder Straws https://nyc3.digitaloceanspaces.com/hq.yumyums/items/straws.png","user":"Jamal C. (jamal@yumyums.kitchen)","page":"/inventory.html","ua":"Mozilla/5.0 (X11; Linux x86_64) AppleWebKit/537.36 (KHTML, like Gecko) HeadlessChrome/147.0.7727.15 Safari/537.36"}
[2m[WebServer] [22m{"time":"2026-10-07T08:13:55.037554884-04:00","level":"INFO","msg":"client log","level":"WARN","message":"[inventory] item photo failed to load, showing placeholder Seasoning Salt https://nyc3.digitaloceanspaces.com/hq.yumyums/items/seasoning-salt.png","user":"Jamal C. (jamal@yumyums.kitchen)","page":"/inventory.html","ua":"Mozilla/5.0 (X11; Linux x86_64) AppleWebKit/537.36 (KHTML, like Gecko) HeadlessChrome/147.0.7727.15 Safari/537.36"}
[2m[WebServer] [22m{"time":"2026-10-07T08:13:55.059622148-04:00","level":"INFO","msg":"client log","level":"WARN","message":"[inventory] item photo failed to load, showing placeholder Cayenne Pepper https://nyc3.digitaloceanspaces.com/hq.yumyums/items/cayenne-pepper.png","user":"Jamal C. (jamal@yumyums.kitchen)","page":"/inventory.html","ua":"Mozilla/5.0 (X11; Linux x86_64) AppleWebKit/537.36 (KHTML, like Gecko) HeadlessChrome/147.0.7727.15 Safari/537.36"}
[2m[WebServer] [22m{"time":"2026-10-07T08:13:55.229442698-04:00","level":"INFO","msg":"client log","level":"WARN","message":"[inventory] item photo failed to load, showing placeholder Coke Zero https://nyc3.digitaloceanspaces.com/hq.yumyums/items/coke-zero.png","user":"Jamal C. (jamal@yumyums.kitchen)","page":"/inventory.html","ua":"Mozilla/5.0 (X11; Linux x86_64) AppleWebKit/537.36 (KHTML, like Gecko) HeadlessChrome/147.0.7727.15 Safari/537.36"}
[2m[WebServer] [22m{"time":"2026-10-07T08:13:55.236648153-04:00","level":"INFO","msg":"client log","level":"WARN","message":"[inventory] item photo failed to load, showing placeholder Mexican Cheese https://nyc3.digitaloceanspaces.com/hq.yumyums/items/mexican-cheese.png","user":"Jamal C. (jamal@yumyums.kitchen)","page":"/inventory.html","ua":"Mozilla/5.0 (X11; Linux x86_64) AppleWebKit/537.36 (KHTML, like Gecko) HeadlessChrome/147.0.7727.15 Safari/537.36"}
[2m[WebServer] [22m{"time":"2026-10-07T08:13:55.294037858-04:00","level":"INFO","msg":"client log","level":"WARN","message":"[inventory] item photo failed to load, showing placeholder Honey Mustard https://nyc3.digitaloceanspaces.com/hq.yumyums/items/honey-mustard.png","user":"Jamal C. (jamal@yumyums.kitchen)","page":"/inventory.html","ua":"Mozilla/5.0 (X11; Linux x86_64) AppleWebKit/537.36 (KHTML, like Gecko) HeadlessChrome/147.0.7727.15 Safari/537.36"}
[2m[WebServer] [22m{"time":"2026-10-07T08:13:55.321042545-04:00","level":"INFO","msg":"client log","level":"WARN","message":"[inventory] item photo failed to load, showing placeholder Coarse Sea Salt https://nyc3.digitaloceanspaces.com/hq.yumyums/items/coarse-sea-salt.png","user":"Jamal C. (jamal@yumyums.kitchen)","page":"/inventory.html","ua":"Mozilla/5.0 (X11; Linux x86_64) AppleWebKit/537.36 (KHTML, like Gecko) HeadlessChrome/147.0.7727.15 Safari/537.36"}
[2m[WebServer] [22m{"time":"2026-10-07T08:13:55.484176743-04:00","level":"INFO","msg":"client log","level":"WARN","message":"[inventory] item photo failed to load, showing placeholder Mango Syrup https://nyc3.digitaloceanspaces.com/hq.yumyums/items/mango-syrup.png","user":"Jamal C. (jamal@yumyums.kitchen)","page":"/inventory.html","ua":"Mozilla/5.0 (X11; Linux x86_64) AppleWebKit/537.36 (KHTML, like Gecko) HeadlessChrome/147.0.7727.15 Safari/537.36"}
[2m[WebServer] [22m{"time":"2026-10-07T08:13:55.517986289-04:00","level":"INFO","msg":"client log","level":"WARN","message":"[inventory] item photo failed to load, showing placeholder Avocados https://nyc3.digitaloceanspaces.com/hq.yumyums/items/avocados.png","user":"Jamal C. (jamal@yumyums.kitchen)","page":"/inventory.html","ua":"Mozilla/5.0 (X11; Linux x86_64) AppleWebKit/537.36 (KHTML, like Gecko) HeadlessChrome/147.0.7727.15 Safari/537.36"}
[2m[WebServer] [22m{"time":"2026-10-07T08:13:55.531808693-04:00","level":"INFO","msg":"client log","level":"WARN","message":"[inventory] item photo failed to load, showing placeholder Chicken Party Wings https://nyc3.digitaloceanspaces.com/hq.yumyums/items/chicken-party-wings.png","user":"Jamal C. (jamal@yumyums.kitchen)","page":"/inventory.html","ua":"Mozilla/5.0 (X11; Linux x86_64) AppleWebKit/537.36 (KHTML, like Gecko) HeadlessChrome/147.0.7727.15 Safari/537.36"}
[2m[WebServer] [22m{"time":"2026-10-07T08:13:55.727701793-04:00","level":"INFO","msg":"client log","level":"WARN","message":"[inventory] item photo failed to load, showing placeholder Water https://nyc3.digitaloceanspaces.com/hq.yumyums/items/water.png","user":"Jamal C. (jamal@yumyums.kitchen)","page":"/inventory.html","ua":"Mozilla/5.0 (X11; Linux x86_64) AppleWebKit/537.36 (KHTML, like Gecko) HeadlessChrome/147.0.7727.15 Safari/537.36"}
[2m[WebServer] [22m{"time":"2026-10-07T08:13:55.793149102-04:00","level":"INFO","msg":"client log","level":"WARN","message":"[inventory] item photo failed to load, showing placeholder Red Onions https://nyc3.digitaloceanspaces.com/hq.yumyums/items/red-onions.png","user":"Jamal C. (jamal@yumyums.kitchen)","page":"/inventory.html","ua":"Mozilla/5.0 (X11; Linux x86_64) AppleWebKit/537.36 (KHTML, like Gecko) HeadlessChrome/147.0.7727.15 Safari/537.36"}
[2m[WebServer] [22m{"time":"2026-10-07T08:13:55.875537467-04:00","level":"INFO","msg":"client log","level":"WARN","message":"[inventory] item photo failed to load, showing placeholder Sriracha https://nyc3.digitaloceanspaces.com/hq.yumyums/items/sriracha.png","user":"Jamal C. (jamal@yumyums.kitchen)","page":"/inventory.html","ua":"Mozilla/5.0 (X11; Linux x86_64) AppleWebKit/537.36 (KHTML, like Gecko) HeadlessChrome/147.0.7727.15 Safari/537.36"}
[2m[WebServer] [22m{"time":"2026-10-07T08:13:55.885376847-04:00","level":"INFO","msg":"client log","level":"WARN","message":"[inventory] item photo failed to load, showing placeholder Mint https://nyc3.digitaloceanspaces.com/hq.yumyums/items/mint.png","user":"Jamal C. (jamal@yumyums.kitchen)","page":"/inventory.html","ua":"Mozilla/5.0 (X11; Linux x86_64) AppleWebKit/537.36 (KHTML, like Gecko) HeadlessChrome/147.0.7727.15 Safari/537.36"}
[2m[WebServer] [22m{"time":"2026-10-07T08:13:56.047707674-04:00","level":"INFO","msg":"client log","level":"WARN","message":"[inventory] item photo failed to load, showing placeholder No Rinse Floor Cleaner https://nyc3.digitaloceanspaces.com/hq.yumyums/items/no-rinse-floor-cleaner.png","user":"Jamal C. (jamal@yumyums.kitchen)","page":"/inventory.html","ua":"Mozilla/5.0 (X11; Linux x86_64) AppleWebKit/537.36 (KHTML, like Gecko) HeadlessChrome/147.0.7727.15 Safari/537.36"}
[2m[WebServer] [22m{"time":"2026-10-07T08:13:56.059556462-04:00","level":"INFO","msg":"client log","level":"WARN","message":"[inventory] item photo failed to load, showing placeholder Pan Spray https://nyc3.digitaloceanspaces.com/hq.yumyums/items/pan-spray.png","user":"Jamal C. (jamal@yumyums.kitchen)","page":"/inventory.html","ua":"Mozilla/5.0 (X11; Linux x86_64) AppleWebKit/537.36 (KHTML, like Gecko) HeadlessChrome/147.0.7727.15 Safari/537.36"}
[2m[WebServer] [22m{"time":"2026-10-07T08:13:56.210414871-04:00","level":"INFO","msg":"client log","level":"WARN","message":"[inventory] item photo failed to load, showing placeholder Bbq Sauce https://nyc3.digitaloceanspaces.com/hq.yumyums/items/bbq-sauce.png","user":"Jamal C. (jamal@yumyums.kitchen)","page":"/inventory.html","ua":"Mozilla/5.0 (X11; Linux x86_64) AppleWebKit/537.36 (KHTML, like Gecko) HeadlessChrome/147.0.7727.15 Safari/537.36"}
[2m[WebServer] [22m{"time":"2026-10-07T08:13:56.240940987-04:00","level":"INFO","msg":"client log","level":"WARN","message":"[inventory] item photo failed to load, showing placeholder Corn https://nyc3.digitaloceanspaces.com/hq.yumyums/items/corn.png","user":"Jamal C. (jamal@yumyums.kitchen)","page":"/inventory.html","ua":"Mozilla/5.0 (X11; Linux x86_64) AppleWebKit/537.36 (KHTML, like Gecko) HeadlessChrome/147.0.7727.15 Safari/537.36"}
[2m[WebServer] [22m{"time":"2026-10-07T08:13:56.260835811-04:00","level":"INFO","msg":"client log","level":"WARN","message":"[inventory] item photo failed to load, showing placeholder Green Peppers https://nyc3.digitaloceanspaces.com/hq.yumyums/items/green-peppers.png","user":"Jamal C. (jamal@yumyums.kitchen)","page":"/inventory.html","ua":"Mozilla/5.0 (X11; Linux x86_64) AppleWebKit/537.36 (KHTML, like Gecko) HeadlessChrome/147.0.7727.15 Safari/537.36"}
[2m[WebServer] [22m{"time":"2026-10-07T08:13:56.296453433-04:00","level":"INFO","msg":"client log","level":"WARN","message":"[inventory] item photo failed to load, showing placeholder Lettuce https://nyc3.digitaloceanspaces.com/hq.yumyums/items/lettuce.png","user":"Jamal C. (jamal@yumyums.kitchen)","page":"/inventory.html","ua":"Mozilla/5.0 (X11; Linux x86_64) AppleWebKit/537.36 (KHTML, like Gecko) HeadlessChrome/147.0.7727.15 Safari/537.36"}
[2m[WebServer] [22m{"time":"2026-10-07T08:13:56.448297994-04:00","level":"INFO","msg":"client log","level":"WARN","message":"[inventory] item photo failed to load, showing placeholder Cheesesteak https://nyc3.digitaloceanspaces.com/hq.yumyums/items/cheesesteak.png","user":"Jamal C. (jamal@yumyums.kitchen)","page":"/inventory.html","ua":"Mozilla/5.0 (X11; Linux x86_64) AppleWebKit/537.36 (KHTML, like Gecko) HeadlessChrome/147.0.7727.15 Safari/537.36"}
[2m[WebServer] [22m{"time":"2026-10-07T08:13:56.50450174-04:00","level":"INFO","msg":"client log","level":"WARN","message":"[inventory] item photo failed to load, showing placeholder Gloves https://nyc3.digitaloceanspaces.com/hq.yumyums/items/gloves.png","user":"Jamal C. (jamal@yumyums.kitchen)","page":"/inventory.html","ua":"Mozilla/5.0 (X11; Linux x86_64) AppleWebKit/537.36 (KHTML, like Gecko) HeadlessChrome/147.0.7727.15 Safari/537.36"}
[2m[WebServer] [22m{"time":"2026-10-07T08:13:56.519960567-04:00","level":"INFO","msg":"client log","level":"WARN","message":"[inventory] item photo failed to load, showing placeholder White Onions https://nyc3.digitaloceanspaces.com/hq.yumyums/items/white-onions.png","user":"Jamal C. (jamal@yumyums.kitchen)","page":"/inventory.html","ua":"Mozilla/5.0 (X11; Linux x86_64) AppleWebKit/537.36 (KHTML, like Gecko) HeadlessChrome/147.0.7727.15 Safari/537.36"}
[2m[WebServer] [22m{"time":"2026-10-07T08:13:56.538876222-04:00","level":"INFO","msg":"client log","level":"WARN","message":"[inventory] item photo failed to load, showing placeholder Blast Away https://nyc3.digitaloceanspaces.com/hq.yumyums/items/blast-away.png","user":"Jamal C. (jamal@yumyums.kitchen)","page":"/inventory.html","ua":"Mozilla/5.0 (X11; Linux x86_64) AppleWebKit/537.36 (KHTML, like Gecko) HeadlessChrome/147.0.7727.15 Safari/537.36"}
[2m[WebServer] [22m{"time":"2026-10-07T08:13:56.708360561-04:00","level":"INFO","msg":"client log","level":"WARN","message":"[inventory] item photo failed to load, showing placeholder Coke https://nyc3.digitaloceanspaces.com/hq.yumyums/items/coke.png","user":"Jamal C. (jamal@yumyums.kitchen)","page":"/inventory.html","ua":"Mozilla/5.0 (X11; Linux x86_64) AppleWebKit/537.36 (KHTML, like Gecko) HeadlessChrome/147.0.7727.15 Safari/537.36"}
[2m[WebServer] [22m{"time":"2026-10-07T08:13:56.718872362-04:00","level":"INFO","msg":"client log","level":"WARN","message":"[inventory] item photo failed to load, showing placeholder Chicken Tenders https://nyc3.digitaloceanspaces.com/hq.yumyums/items/chicken-tenders.png","user":"Jamal C. (jamal@yumyums.kitchen)","page":"/inventory.html","ua":"Mozilla/5.0 (X11; Linux x86_64) AppleWebKit/537.36 (KHTML, like Gecko) HeadlessChrome/147.0.7727.15 Safari/537.36"}
[2m[WebServer] [22m{"time":"2026-10-07T08:13:56.733894693-04:00","level":"INFO","msg":"client log","level":"WARN","message":"[inventory] item photo failed to load, showing placeholder Trash Bags (30 Gallon) https://nyc3.digitaloceanspaces.com/hq.yumyums/items/trash-bags-30-gallon.png","user":"Jamal C. (jamal@yumyums.kitchen)","page":"/inventory.html","ua":"Mozilla/5.0 (X11; Linux x86_64) AppleWebKit/537.36 (KHTML, like Gecko) HeadlessChrome/147.0.7727.15 Safari/537.36"}
[2m[WebServer] [22m{"time":"2026-10-07T08:13:56.874151382-04:00","level":"INFO","msg":"client log","level":"WARN","message":"[inventory] item photo failed to load, showing placeholder Charcoal https://nyc3.digitaloceanspaces.com/hq.yumyums/items/charcoal.png","user":"Jamal C. (jamal@yumyums.kitchen)","page":"/inventory.html","ua":"Mozilla/5.0 (X11; Linux x86_64) AppleWebKit/537.36 (KHTML, like Gecko) HeadlessChrome/147.0.7727.15 Safari/537.36"}
[2m[WebServer] [22m{"time":"2026-10-07T08:13:56.884662201-04:00","level":"INFO","msg":"client log","level":"WARN","message":"[inventory] item photo failed to load, showing placeholder Lemon Juice https://nyc3.digitaloceanspaces.com/hq.yumyums/items/lemon-juice.png","user":"Jamal C. (jamal@yumyums.kitchen)","page":"/inventory.html","ua":"Mozilla/5.0 (X11; Linux x86_64) AppleWebKit/537.36 (KHTML, like Gecko) HeadlessChrome/147.0.7727.15 Safari/537.36"}
[2m[WebServer] [22m{"time":"2026-10-07T08:13:56.921390268-04:00","level":"INFO","msg":"client log","level":"WARN","message":"[inventory] item photo failed to load, showing placeholder Sugar https://nyc3.digitaloceanspaces.com/hq.yumyums/items/sugar.png","user":"Jamal C. (jamal@yumyums.kitchen)","page":"/inventory.html","ua":"Mozilla/5.0 (X11; Linux x86_64) AppleWebKit/537.36 (KHTML, like Gecko) HeadlessChrome/147.0.7727.15 Safari/537.36"}
[2m[WebServer] [22m{"time":"2026-10-07T08:13:56.946088728-04:00","level":"INFO","msg":"client log","level":"WARN","message":"[inventory] item photo failed to load, showing placeholder Allspice https://nyc3.digitaloceanspaces.com/hq.yumyums/items/allspice.png","user":"Jamal C. (jamal@yumyums.kitchen)","page":"/inventory.html","ua":"Mozilla/5.0 (X11; Linux x86_64) AppleWebKit/537.36 (KHTML, like Gecko) HeadlessChrome/147.0.7727.15 Safari/537.36"}
[2m[WebServer] [22m{"time":"2026-10-07T08:13:56.986428144-04:00","level":"INFO","msg":"client log","level":"WARN","message":"[inventory] item photo failed to load, showing placeholder Boxes (No 8) https://nyc3.digitaloceanspaces.com/hq.yumyums/items/boxes-no-8.png","user":"Jamal C. (jamal@yumyums.kitchen)","page":"/inventory.html","ua":"Mozilla/5.0 (X11; Linux x86_64) AppleWebKit/537.36 (KHTML, like Gecko) HeadlessChrome/147.0.7727.15 Safari/537.36"}
[2m[WebServer] [22m{"time":"2026-10-07T08:13:57.092692939-04:00","level":"INFO","msg":"client log","level":"WARN","message":"[inventory] item photo failed to load, showing placeholder Hoagie Containers https://nyc3.digitaloceanspaces.com/hq.yumyums/items/hoagie-containers.png","user":"Jamal C. (jamal@yumyums.kitchen)","page":"/inventory.html","ua":"Mozilla/5.0 (X11; Linux x86_64) AppleWebKit/537.36 (KHTML, like Gecko) HeadlessChrome/147.0.7727.15 Safari/537.36"}
[2m[WebServer] [22m{"time":"2026-10-07T08:13:57.109959622-04:00","level":"INFO","msg":"client log","level":"WARN","message":"[inventory] item photo failed to load, showing placeholder Hamburger Rolls https://nyc3.digitaloceanspaces.com/hq.yumyums/items/hamburger-rolls.png","user":"Jamal C. (jamal@yumyums.kitchen)","page":"/inventory.html","ua":"Mozilla/5.0 (X11; Linux x86_64) AppleWebKit/537.36 (KHTML, like Gecko) HeadlessChrome/147.0.7727.15 Safari/537.36"}
[2m[WebServer] [22m{"time":"2026-10-07T08:13:57.151113539-04:00","level":"INFO","msg":"client log","level":"WARN","message":"[inventory] item photo failed to load, showing placeholder Bleach https://nyc3.digitaloceanspaces.com/hq.yumyums/items/bleach.png","user":"Jamal C. (jamal@yumyums.kitchen)","page":"/inventory.html","ua":"Mozilla/5.0 (X11; Linux x86_64) AppleWebKit/537.36 (KHTML, like Gecko) HeadlessChrome/147.0.7727.15 Safari/537.36"}
[2m[WebServer] [22m{"time":"2026-10-07T08:13:57.278756808-04:00","level":"INFO","msg":"client log","level":"WARN","message":"[inventory] item photo failed to load, showing placeholder Hot Dog Rolls https://nyc3.digitaloceanspaces.com/hq.yumyums/items/hot-dog-rolls.png","user":"Jamal C. (jamal@yumyums.kitchen)","page":"/inventory.html","ua":"Mozilla/5.0 (X11; Linux x86_64) AppleWebKit/537.36 (KHTML, like Gecko) HeadlessChrome/147.0.7727.15 Safari/537.36"}
[2m[WebServer] [22m{"time":"2026-10-07T08:13:57.295456701-04:00","level":"INFO","msg":"client log","level":"WARN","message":"[inventory] item photo failed to load, showing placeholder Forks https://nyc3.digitaloceanspaces.com/hq.yumyums/items/forks.png","user":"Jamal C. (jamal@yumyums.kitchen)","page":"/inventory.html","ua":"Mozilla/5.0 (X11; Linux x86_64) AppleWebKit/537.36 (KHTML, like Gecko) HeadlessChrome/147.0.7727.15 Safari/537.36"}
[2m[WebServer] [22m{"time":"2026-10-07T08:13:57.326020138-04:00","level":"INFO","msg":"client log","level":"WARN","message":"[inventory] item photo failed to load, showing placeholder Salt https://nyc3.digitaloceanspaces.com/hq.yumyums/items/salt.png","user":"Jamal C. (jamal@yumyums.kitchen)","page":"/inventory.html","ua":"Mozilla/5.0 (X11; Linux x86_64) AppleWebKit/537.36 (KHTML, like Gecko) HeadlessChrome/147.0.7727.15 Safari/537.36"}
[2m[WebServer] [22m{"time":"2026-10-07T08:13:57.395007755-04:00","level":"INFO","msg":"client log","level":"WARN","message":"[inventory] item photo failed to load, showing placeholder Liquid Butter https://nyc3.digitaloceanspaces.com/hq.yumyums/items/liquid-butter.png","user":"Jamal C. (jamal@yumyums.kitchen)","page":"/inventory.html","ua":"Mozilla/5.0 (X11; Linux x86_64) AppleWebKit/537.36 (KHTML, like Gecko) HeadlessChrome/147.0.7727.15 Safari/537.36"}
[2m[WebServer] [22m{"time":"2026-10-07T08:13:57.428835307-04:00","level":"INFO","msg":"client log","level":"WARN","message":"[inventory] item photo failed to load, showing placeholder Ground Beef https://nyc3.digitaloceanspaces.com/hq.yumyums/items/ground-beef.png","user":"Jamal C. (jamal@yumyums.kitchen)","page":"/inventory.html","ua":"Mozilla/5.0 (X11; Linux x86_64) AppleWebKit/537.36 (KHTML, like Gecko) HeadlessChrome/147.0.7727.15 Safari/537.36"}
[2m[WebServer] [22m{"time":"2026-10-07T08:13:57.517489243-04:00","level":"INFO","msg":"client log","level":"WARN","message":"[inventory] item photo failed to load, showing placeholder Meatballs https://nyc3.digitaloceanspaces.com/hq.yumyums/items/meatballs.png","user":"Jamal C. (jamal@yumyums.kitchen)","page":"/inventory.html","ua":"Mozilla/5.0 (X11; Linux x86_64) AppleWebKit/537.36 (KHTML, like Gecko) HeadlessChrome/147.0.7727.15 Safari/537.36"}
[2m[WebServer] [22m{"time":"2026-10-07T08:13:57.53552645-04:00","level":"INFO","msg":"client log","level":"WARN","message":"[inventory] item photo failed to load, showing placeholder Pickles https://nyc3.digitaloceanspaces.com/hq.yumyums/items/pickles.png","user":"Jamal C. (jamal@yumyums.kitchen)","page":"/inventory.html","ua":"Mozilla/5.0 (X11; Linux x86_64) AppleWebKit/537.36 (KHTML, like Gecko) HeadlessChrome/147.0.7727.15 Safari/537.36"}
[2m[WebServer] [22m{"time":"2026-10-07T08:13:57.582118995-04:00","level":"INFO","msg":"client log","level":"WARN","message":"[inventory] item photo failed to load, showing placeholder Brisket Rolls https://nyc3.digitaloceanspaces.com/hq.yumyums/items/brisket-rolls.png","user":"Jamal C. (jamal@yumyums.kitchen)","page":"/inventory.html","ua":"Mozilla/5.0 (X11; Linux x86_64) AppleWebKit/537.36 (KHTML, like Gecko) HeadlessChrome/147.0.7727.15 Safari/537.36"}
[2m[WebServer] [22m{"time":"2026-10-07T08:13:57.677868607-04:00","level":"INFO","msg":"client log","level":"WARN","message":"[inventory] item photo failed to load, showing placeholder Spinach He https://nyc3.digitaloceanspaces.com/hq.yumyums/items/spinach-he.png","user":"Jamal C. (jamal@yumyums.kitchen)","page":"/inventory.html","ua":"Mozilla/5.0 (X11; Linux x86_64) AppleWebKit/537.36 (KHTML, like Gecko) HeadlessChrome/147.0.7727.15 Safari/537.36"}
[2m[WebServer] [22m{"time":"2026-10-07T08:13:57.695362268-04:00","level":"INFO","msg":"client log","level":"WARN","message":"[inventory] item photo failed to load, showing placeholder Wings https://nyc3.digitaloceanspaces.com/hq.yumyums/items/wings.png","user":"Jamal C. (jamal@yumyums.kitchen)","page":"/inventory.html","ua":"Mozilla/5.0 (X11; Linux x86_64) AppleWebKit/537.36 (KHTML, like Gecko) HeadlessChrome/147.0.7727.15 Safari/537.36"}
[2m[WebServer] [22m{"time":"2026-10-07T08:13:57.713476844-04:00","level":"INFO","msg":"client log","level":"WARN","message":"[inventory] item photo failed to load, showing placeholder Lemons https://nyc3.digitaloceanspaces.com/hq.yumyums/items/lemons.png","user":"Jamal C. (jamal@yumyums.kitchen)","page":"/inventory.html","ua":"Mozilla/5.0 (X11; Linux x86_64) AppleWebKit/537.36 (KHTML, like Gecko) HeadlessChrome/147.0.7727.15 Safari/537.36"}
[2m[WebServer] [22m{"time":"2026-10-07T08:13:57.752400267-04:00","level":"INFO","msg":"client log","level":"WARN","message":"[inventory] item photo failed to load, showing placeholder Parm Cheese https://nyc3.digitaloceanspaces.com/hq.yumyums/items/parm-cheese.png","user":"Jamal C. (jamal@yumyums.kitchen)","page":"/inventory.html","ua":"Mozilla/5.0 (X11; Linux x86_64) AppleWebKit/537.36 (KHTML, like Gecko) HeadlessChrome/147.0.7727.15 Safari/537.36"}
[2m[WebServer] [22m{"time":"2026-10-07T08:13:57.830595763-04:00","level":"INFO","msg":"client log","level":"WARN","message":"[inventory] item photo failed to load, showing placeholder Limes https://nyc3.digitaloceanspaces.com/hq.yumyums/items/limes.png","user":"Jamal C. (jamal@yumyums.kitchen)","page":"/inventory.html","ua":"Mozilla/5.0 (X11; Linux x86_64) AppleWebKit/537.36 (KHTML, like Gecko) HeadlessChrome/147.0.7727.15 Safari/537.36"}
[2m[WebServer] [22m{"time":"2026-10-07T08:13:57.841206758-04:00","level":"INFO","msg":"client log","level":"WARN","message":"[inventory] item photo failed to load, showing placeholder Blue Cheese Dressing https://nyc3.digitaloceanspaces.com/hq.yumyums/items/blue-cheese-dressing.png","user":"Jamal C. (jamal@yumyums.kitchen)","page":"/inventory.html","ua":"Mozilla/5.0 (X11; Linux x86_64) AppleWebKit/537.36 (KHTML, like Gecko) HeadlessChrome/147.0.7727.15 Safari/537.36"}
[2m[WebServer] [22m{"time":"2026-10-07T08:13:57.884684905-04:00","level":"INFO","msg":"client log","level":"WARN","message":"[inventory] item photo failed to load, showing placeholder Dirty Dog Rolls https://nyc3.digitaloceanspaces.com/hq.yumyums/items/dirty-dog-rolls.png","user":"Jamal C. (jamal@yumyums.kitchen)","page":"/inventory.html","ua":"Mozilla/5.0 (X11; Linux x86_64) AppleWebKit/537.36 (KHTML, like Gecko) HeadlessChrome/147.0.7727.15 Safari/537.36"}
[2m[WebServer] [22m{"time":"2026-10-07T08:13:57.960330066-04:00","level":"INFO","msg":"client log","level":"WARN","message":"[inventory] item photo failed to load, showing placeholder Jerk Seasoning https://nyc3.digitaloceanspaces.com/hq.yumyums/items/jerk-seasoning.png","user":"Jamal C. (jamal@yumyums.kitchen)","page":"/inventory.html","ua":"Mozilla/5.0 (X11; Linux x86_64) AppleWebKit/537.36 (KHTML, like Gecko) HeadlessChrome/147.0.7727.15 Safari/537.36"}
[2m[WebServer] [22m{"time":"2026-10-07T08:13:57.971464528-04:00","level":"INFO","msg":"client log","level":"WARN","message":"[inventory] item photo failed to load, showing placeholder Hot Dogs https://nyc3.digitaloceanspaces.com/hq.yumyums/items/hot-dogs.png","user":"Jamal C. (jamal@yumyums.kitchen)","page":"/inventory.html","ua":"Mozilla/5.0 (X11; Linux x86_64) AppleWebKit/537.36 (KHTML, like Gecko) HeadlessChrome/147.0.7727.15 Safari/537.36"}
[2m[WebServer] [22m{"time":"2026-10-07T08:13:58.017959844-04:00","level":"INFO","msg":"client log","level":"WARN","message":"[inventory] item photo failed to load, showing placeholder Sanitizing Tablets https://nyc3.digitaloceanspaces.com/hq.yumyums/items/sanitizing-tablets.png","user":"Jamal C. (jamal@yumyums.kitchen)","page":"/inventory.html","ua":"Mozilla/5.0 (X11; Linux x86_64) AppleWebKit/537.36 (KHTML, like Gecko) HeadlessChrome/147.0.7727.15 Safari/537.36"}
[2m[WebServer] [22m{"time":"2026-10-07T08:13:58.093051855-04:00","level":"INFO","msg":"client log","level":"WARN","message":"[inventory] item photo failed to load, showing placeholder Plastic Bags https://nyc3.digitaloceanspaces.com/hq.yumyums/items/plastic-bags.png","user":"Jamal C. (jamal@yumyums.kitchen)","page":"/inventory.html","ua":"Mozilla/5.0 (X11; Linux x86_64) AppleWebKit/537.36 (KHTML, like Gecko) HeadlessChrome/147.0.7727.15 Safari/537.36"}
[2m[WebServer] [22m{"time":"2026-10-07T08:13:58.099057055-04:00","level":"INFO","msg":"client log","level":"WARN","message":"[inventory] item photo failed to load, showing placeholder Egg Roll Wraps https://nyc3.digitaloceanspaces.com/hq.yumyums/items/egg-roll-wraps.png","user":"Jamal C. (jamal@yumyums.kitchen)","page":"/inventory.html","ua":"Mozilla/5.0 (X11; Linux x86_64) AppleWebKit/537.36 (KHTML, like Gecko) HeadlessChrome/147.0.7727.15 Safari/537.36"}
[2m[WebServer] [22m{"time":"2026-10-07T08:13:58.135218987-04:00","level":"INFO","msg":"client log","level":"WARN","message":"[inventory] item photo failed to load, showing placeholder Towels https://nyc3.digitaloceanspaces.com/hq.yumyums/items/towels.png","user":"Jamal C. (jamal@yumyums.kitchen)","page":"/inventory.html","ua":"Mozilla/5.0 (X11; Linux x86_64) AppleWebKit/537.36 (KHTML, like Gecko) HeadlessChrome/147.0.7727.15 Safari/537.36"}
[2m[WebServer] [22m{"time":"2026-10-07T08:13:58.206402724-04:00","level":"INFO","msg":"client log","level":"WARN","message":"[inventory] item photo failed to load, showing placeholder Aluminum Foil https://nyc3.digitaloceanspaces.com/hq.yumyums/items/aluminum-foil.png","user":"Jamal C. (jamal@yumyums.kitchen)","page":"/inventory.html","ua":"Mozilla/5.0 (X11; Linux x86_64) AppleWebKit/537.36 (KHTML, like Gecko) HeadlessChrome/147.0.7727.15 Safari/537.36"}
[2m[WebServer] [22m{"time":"2026-10-07T08:13:58.225435796-04:00","level":"INFO","msg":"client log","level":"WARN","message":"[inventory] item photo failed to load, showing placeholder Ranch Dressing https://nyc3.digitaloceanspaces.com/hq.yumyums/items/ranch-dressing.png","user":"Jamal C. (jamal@yumyums.kitchen)","page":"/inventory.html","ua":"Mozilla/5.0 (X11; Linux x86_64) AppleWebKit/537.36 (KHTML, like Gecko) HeadlessChrome/147.0.7727.15 Safari/537.36"}
[2m[WebServer] [22m{"time":"2026-10-07T08:13:58.292755235-04:00","level":"INFO","msg":"client log","level":"WARN","message":"[inventory] item photo failed to load, showing placeholder Cucumber https://nyc3.digitaloceanspaces.com/hq.yumyums/items/cucumber.png","user":"Jamal C. (jamal@yumyums.kitchen)","page":"/inventory.html","ua":"Mozilla/5.0 (X11; Linux x86_64) AppleWebKit/537.36 (KHTML, like Gecko) HeadlessChrome/147.0.7727.15 Safari/537.36"}
[2m[WebServer] [22m{"time":"2026-10-07T08:13:58.355021144-04:00","level":"INFO","msg":"client log","level":"WARN","message":"[inventory] item photo failed to load, showing placeholder Frying Oil https://nyc3.digitaloceanspaces.com/hq.yumyums/items/frying-oil.png","user":"Jamal C. (jamal@yumyums.kitchen)","page":"/inventory.html","ua":"Mozilla/5.0 (X11; Linux x86_64) AppleWebKit/537.36 (KHTML, like Gecko) HeadlessChrome/147.0.7727.15 Safari/537.36"}
[2m[WebServer] [22m{"time":"2026-10-07T08:13:58.402372865-04:00","level":"INFO","msg":"client log","level":"WARN","message":"[inventory] item photo failed to load, showing placeholder Chicken Breasts https://nyc3.digitaloceanspaces.com/hq.yumyums/items/chicken-breasts.png","user":"Jamal C. (jamal@yumyums.kitchen)","page":"/inventory.html","ua":"Mozilla/5.0 (X11; Linux x86_64) AppleWebKit/537.36 (KHTML, like Gecko) HeadlessChrome/147.0.7727.15 Safari/537.36"}
[2m[WebServer] [22m{"time":"2026-10-07T08:13:58.431670354-04:00","level":"INFO","msg":"client log","level":"WARN","message":"[inventory] item photo failed to load, showing placeholder Sour Cream https://nyc3.digitaloceanspaces.com/hq.yumyums/items/sour-cream.png","user":"Jamal C. (jamal@yumyums.kitchen)","page":"/inventory.html","ua":"Mozilla/5.0 (X11; Linux x86_64) AppleWebKit/537.36 (KHTML, like Gecko) HeadlessChrome/147.0.7727.15 Safari/537.36"}
[2m[WebServer] [22m{"time":"2026-10-07T08:13:58.463156652-04:00","level":"INFO","msg":"client log","level":"WARN","message":"[inventory] item photo failed to load, showing placeholder Granulated Onion https://nyc3.digitaloceanspaces.com/hq.yumyums/items/granulated-onion.png","user":"Jamal C. (jamal@yumyums.kitchen)","page":"/inventory.html","ua":"Mozilla/5.0 (X11; Linux x86_64) AppleWebKit/537.36 (KHTML, like Gecko) HeadlessChrome/147.0.7727.15 Safari/537.36"}
[2m[WebServer] [22m{"time":"2026-10-07T08:13:58.498572395-04:00","level":"INFO","msg":"client log","level":"WARN","message":"[inventory] item photo failed to load, showing placeholder Red Peppers https://nyc3.digitaloceanspaces.com/hq.yumyums/items/red-peppers.png","user":"Jamal C. (jamal@yumyums.kitchen)","page":"/inventory.html","ua":"Mozilla/5.0 (X11; Linux x86_64) AppleWebKit/537.36 (KHTML, like Gecko) HeadlessChrome/147.0.7727.15 Safari/537.36"}
[2m[WebServer] [22m{"time":"2026-10-07T08:13:58.534021201-04:00","level":"INFO","msg":"client log","level":"WARN","message":"[inventory] item photo failed to load, showing placeholder Boxes (No 2) https://nyc3.digitaloceanspaces.com/hq.yumyums/items/boxes-no-2.png","user":"Jamal C. (jamal@yumyums.kitchen)","page":"/inventory.html","ua":"Mozilla/5.0 (X11; Linux x86_64) AppleWebKit/537.36 (KHTML, like Gecko) HeadlessChrome/147.0.7727.15 Safari/537.36"}
[2m[WebServer] [22m{"time":"2026-10-07T08:13:58.588005366-04:00","level":"INFO","msg":"client log","level":"WARN","message":"[inventory] item photo failed to load, showing placeholder Ketchup Jug https://nyc3.digitaloceanspaces.com/hq.yumyums/items/ketchup-jug.png","user":"Jamal C. (jamal@yumyums.kitchen)","page":"/inventory.html","ua":"Mozilla/5.0 (X11; Linux x86_64) AppleWebKit/537.36 (KHTML, like Gecko) HeadlessChrome/147.0.7727.15 Safari/537.36"}
[2m[WebServer] [22m{"time":"2026-10-07T08:13:58.598776992-04:00","level":"INFO","msg":"client log","level":"WARN","message":"[inventory] item photo failed to load, showing placeholder Cups https://nyc3.digitaloceanspaces.com/hq.yumyums/items/cups.png","user":"Jamal C. (jamal@yumyums.kitchen)","page":"/inventory.html","ua":"Mozilla/5.0 (X11; Linux x86_64) AppleWebKit/537.36 (KHTML, like Gecko) HeadlessChrome/147.0.7727.15 Safari/537.36"}
[2m[WebServer] [22m{"time":"2026-10-07T08:13:58.630463641-04:00","level":"INFO","msg":"client log","level":"WARN","message":"[inventory] item photo failed to load, showing placeholder Cup Holders https://nyc3.digitaloceanspaces.com/hq.yumyums/items/cup-holders.png","user":"Jamal C. (jamal@yumyums.kitchen)","page":"/inventory.html","ua":"Mozilla/5.0 (X11; Linux x86_64) AppleWebKit/537.36 (KHTML, like Gecko) HeadlessChrome/147.0.7727.15 Safari/537.36"}
[2m[WebServer] [22m{"time":"2026-10-07T08:13:58.655613111-04:00","level":"INFO","msg":"client log","level":"WARN","message":"[inventory] item photo failed to load, showing placeholder Honey Garlic Sauce https://nyc3.digitaloceanspaces.com/hq.yumyums/items/honey-garlic-sauce.png","user":"Jamal C. (jamal@yumyums.kitchen)","page":"/inventory.html","ua":"Mozilla/5.0 (X11; Linux x86_64) AppleWebKit/537.36 (KHTML, like Gecko) HeadlessChrome/147.0.7727.15 Safari/537.36"}
[2m[WebServer] [22m{"time":"2026-10-07T08:13:58.686846678-04:00","level":"INFO","msg":"client log","level":"WARN","message":"[inventory] item photo failed to load, showing placeholder Crystal Hot Sauce https://nyc3.digitaloceanspaces.com/hq.yumyums/items/crystal-hot-sauce.png","user":"Jamal C. (jamal@yumyums.kitchen)","page":"/inventory.html","ua":"Mozilla/5.0 (X11; Linux x86_64) AppleWebKit/537.36 (KHTML, like Gecko) HeadlessChrome/147.0.7727.15 Safari/537.36"}
[2m[WebServer] [22m{"time":"2026-10-07T08:13:58.721895764-04:00","level":"INFO","msg":"client log","level":"WARN","message":"[inventory] item photo failed to load, showing placeholder Fine Sea Salt https://nyc3.digitaloceanspaces.com/hq.yumyums/items/fine-sea-salt.png","user":"Jamal C. (jamal@yumyums.kitchen)","page":"/inventory.html","ua":"Mozilla/5.0 (X11; Linux x86_64) AppleWebKit/537.36 (KHTML, like Gecko) HeadlessChrome/147.0.7727.15 Safari/537.36"}
[2m[WebServer] [22m{"time":"2026-10-07T08:13:58.750689865-04:00","level":"INFO","msg":"client log","level":"WARN","message":"[inventory] item photo failed to load, showing placeholder Hand Towels https://nyc3.digitaloceanspaces.com/hq.yumyums/items/hand-towels.png","user":"Jamal C. (jamal@yumyums.kitchen)","page":"/inventory.html","ua":"Mozilla/5.0 (X11; Linux x86_64) AppleWebKit/537.36 (KHTML, like Gecko) HeadlessChrome/147.0.7727.15 Safari/537.36"}
[2m[WebServer] [22m{"time":"2026-10-07T08:13:58.793553753-04:00","level":"INFO","msg":"client log","level":"WARN","message":"[inventory] item photo failed to load, showing placeholder Jalapeños https://nyc3.digitaloceanspaces.com/hq.yumyums/items/jalape-os.png","user":"Jamal C. (jamal@yumyums.kitchen)","page":"/inventory.html","ua":"Mozilla/5.0 (X11; Linux x86_64) AppleWebKit/537.36 (KHTML, like Gecko) HeadlessChrome/147.0.7727.15 Safari/537.36"}
[2m[WebServer] [22m{"time":"2026-10-07T08:13:58.806385202-04:00","level":"INFO","msg":"client log","level":"WARN","message":"[inventory] item photo failed to load, showing placeholder Olive Oil Blend https://nyc3.digitaloceanspaces.com/hq.yumyums/items/olive-oil-blend.png","user":"Jamal C. (jamal@yumyums.kitchen)","page":"/inventory.html","ua":"Mozilla/5.0 (X11; Linux x86_64) AppleWebKit/537.36 (KHTML, like Gecko) HeadlessChrome/147.0.7727.15 Safari/537.36"}
[2m[WebServer] [22m{"time":"2026-10-07T08:13:58.841391402-04:00","level":"INFO","msg":"client log","level":"WARN","message":"[inventory] item photo failed to load, showing placeholder Napkins https://nyc3.digitaloceanspaces.com/hq.yumyums/items/napkins.png","user":"Jamal C. (jamal@yumyums.kitchen)","page":"/inventory.html","ua":"Mozilla/5.0 (X11; Linux x86_64) AppleWebKit/537.36 (KHTML, like Gecko) HeadlessChrome/147.0.7727.15 Safari/537.36"}
[2m[WebServer] [22m{"time":"2026-10-07T08:13:58.871275761-04:00","level":"INFO","msg":"client log","level":"WARN","message":"[inventory] item photo failed to load, showing placeholder Brisket https://nyc3.digitaloceanspaces.com/hq.yumyums/items/brisket.png","user":"Jamal C. (jamal@yumyums.kitchen)","page":"/inventory.html","ua":"Mozilla/5.0 (X11; Linux x86_64) AppleWebKit/537.36 (KHTML, like Gecko) HeadlessChrome/147.0.7727.15 Safari/537.36"}
[2m[WebServer] [22m{"time":"2026-10-07T08:13:58.904980549-04:00","level":"INFO","msg":"client log","level":"WARN","message":"[inventory] item photo failed to load, showing placeholder Fries https://nyc3.digitaloceanspaces.com/hq.yumyums/items/fries.png","user":"Jamal C. (jamal@yumyums.kitchen)","page":"/inventory.html","ua":"Mozilla/5.0 (X11; Linux x86_64) AppleWebKit/537.36 (KHTML, like Gecko) HeadlessChrome/147.0.7727.15 Safari/537.36"}
[2m[WebServer] [22m{"time":"2026-10-07T08:13:58.933827704-04:00","level":"INFO","msg":"client log","level":"WARN","message":"[inventory] item photo failed to load, showing placeholder Frank’s Hot Sauce https://nyc3.digitaloceanspaces.com/hq.yumyums/items/frank-s-hot-sauce.png","user":"Jamal C. (jamal@yumyums.kitchen)","page":"/inventory.html","ua":"Mozilla/5.0 (X11; Linux x86_64) AppleWebKit/537.36 (KHTML, like Gecko) HeadlessChrome/147.0.7727.15 Safari/537.36"}
[2m[WebServer] [22m{"time":"2026-10-07T08:13:58.952834013-04:00","level":"INFO","msg":"client log","level":"WARN","message":"[inventory] item photo failed to load, showing placeholder Crabmeat https://nyc3.digitaloceanspaces.com/hq.yumyums/items/crabmeat.png","user":"Jamal C. (jamal@yumyums.kitchen)","page":"/inventory.html","ua":"Mozilla/5.0 (X11; Linux x86_64) AppleWebKit/537.36 (KHTML, like Gecko) HeadlessChrome/147.0.7727.15 Safari/537.36"}
[2m[WebServer] [22m{"time":"2026-10-07T08:13:58.974787267-04:00","level":"INFO","msg":"client log","level":"WARN","message":"[inventory] item photo failed to load, showing placeholder Mayonnaise https://nyc3.digitaloceanspaces.com/hq.yumyums/items/mayonnaise.png","user":"Jamal C. (jamal@yumyums.kitchen)","page":"/inventory.html","ua":"Mozilla/5.0 (X11; Linux x86_64) AppleWebKit/537.36 (KHTML, like Gecko) HeadlessChrome/147.0.7727.15 Safari/537.36"}
[2m[WebServer] [22m{"time":"2026-10-07T08:13:59.010094723-04:00","level":"INFO","msg":"client log","level":"WARN","message":"[inventory] item photo failed to load, showing placeholder Ketchup Packets https://nyc3.digitaloceanspaces.com/hq.yumyums/items/ketchup-packets.png","user":"Jamal C. (jamal@yumyums.kitchen)","page":"/inventory.html","ua":"Mozilla/5.0 (X11; Linux x86_64) AppleWebKit/537.36 (KHTML, like Gecko) HeadlessChrome/147.0.7727.15 Safari/537.36"}
[2m[WebServer] [22m{"time":"2026-10-07T08:13:59.039354174-04:00","level":"INFO","msg":"client log","level":"WARN","message":"[inventory] item photo failed to load, showing placeholder Ground Turkey https://nyc3.digitaloceanspaces.com/hq.yumyums/items/ground-turkey.png","user":"Jamal C. (jamal@yumyums.kitchen)","page":"/inventory.html","ua":"Mozilla/5.0 (X11; Linux x86_64) AppleWebKit/537.36 (KHTML, like Gecko) HeadlessChrome/147.0.7727.15 Safari/537.36"}
[2m[WebServer] [22m{"time":"2026-10-07T08:13:59.066258287-04:00","level":"INFO","msg":"client log","level":"WARN","message":"[inventory] item photo failed to load, showing placeholder Garlic Powder https://nyc3.digitaloceanspaces.com/hq.yumyums/items/garlic-powder.png","user":"Jamal C. (jamal@yumyums.kitchen)","page":"/inventory.html","ua":"Mozilla/5.0 (X11; Linux x86_64) AppleWebKit/537.36 (KHTML, like Gecko) HeadlessChrome/147.0.7727.15 Safari/537.36"}
[2m[WebServer] [22m{"time":"2026-10-07T08:13:59.087204731-04:00","level":"INFO","msg":"client log","level":"WARN","message":"[inventory] item photo failed to load, showing placeholder Mumbo Sauce https://nyc3.digitaloceanspaces.com/hq.yumyums/items/mumbo-sauce.png","user":"Jamal C. (jamal@yumyums.kitchen)","page":"/inventory.html","ua":"Mozilla/5.0 (X11; Linux x86_64) AppleWebKit/537.36 (KHTML, like Gecko) HeadlessChrome/147.0.7727.15 Safari/537.36"}
[2m[WebServer] [22m{"time":"2026-10-07T08:13:59.124320605-04:00","level":"INFO","msg":"client log","level":"WARN","message":"[inventory] item photo failed to load, showing placeholder Nacho Cheese Sauce https://nyc3.digitaloceanspaces.com/hq.yumyums/items/nacho-cheese-sauce.png","user":"Jamal C. (jamal@yumyums.kitchen)","page":"/inventory.html","ua":"Mozilla/5.0 (X11; Linux x86_64) AppleWebKit/537.36 (KHTML, like Gecko) HeadlessChrome/147.0.7727.15 Safari/537.36"}
[2m[WebServer] [22m{"time":"2026-10-07T08:13:59.159031548-04:00","level":"INFO","msg":"client log","level":"WARN","message":"[inventory] item photo failed to load, showing placeholder Relish https://nyc3.digitaloceanspaces.com/hq.yumyums/items/relish.png","user":"Jamal C. (jamal@yumyums.kitchen)","page":"/inventory.html","ua":"Mozilla/5.0 (X11; Linux x86_64) AppleWebKit/537.36 (KHTML, like Gecko) HeadlessChrome/147.0.7727.15 Safari/537.36"}
[2m[WebServer] [22m{"time":"2026-10-07T08:13:59.183189331-04:00","level":"INFO","msg":"client log","level":"WARN","message":"[inventory] item photo failed to load, showing placeholder Everything Bagel Seasoning https://nyc3.digitaloceanspaces.com/hq.yumyums/items/everything-bagel-seasoning.png","user":"Jamal C. (jamal@yumyums.kitchen)","page":"/inventory.html","ua":"Mozilla/5.0 (X11; Linux x86_64) AppleWebKit/537.36 (KHTML, like Gecko) HeadlessChrome/147.0.7727.15 Safari/537.36"}
[2m[WebServer] [22m{"time":"2026-10-07T08:13:59.202473899-04:00","level":"INFO","msg":"client log","level":"WARN","message":"[inventory] item photo failed to load, showing placeholder Brown Sugar https://nyc3.digitaloceanspaces.com/hq.yumyums/items/brown-sugar.png","user":"Jamal C. (jamal@yumyums.kitchen)","page":"/inventory.html","ua":"Mozilla/5.0 (X11; Linux x86_64) AppleWebKit/537.36 (KHTML, like Gecko) HeadlessChrome/147.0.7727.15 Safari/537.36"}
[2m[WebServer] [22m{"time":"2026-10-07T08:13:59.223882367-04:00","level":"INFO","msg":"client log","level":"WARN","message":"[inventory] item photo failed to load, showing placeholder White Cheese Sauce https://nyc3.digitaloceanspaces.com/hq.yumyums/items/white-cheese-sauce.png","user":"Jamal C. (jamal@yumyums.kitchen)","page":"/inventory.html","ua":"Mozilla/5.0 (X11; Linux x86_64) AppleWebKit/537.36 (KHTML, like Gecko) HeadlessChrome/147.0.7727.15 Safari/537.36"}
[2m[WebServer] [22m{"time":"2026-10-07T08:13:59.245476198-04:00","level":"INFO","msg":"client log","level":"WARN","message":"[inventory] item photo failed to load, showing placeholder Lids https://nyc3.digitaloceanspaces.com/hq.yumyums/items/lids.png","user":"Jamal C. (jamal@yumyums.kitchen)","page":"/inventory.html","ua":"Mozilla/5.0 (X11; Linux x86_64) AppleWebKit/537.36 (KHTML, like Gecko) HeadlessChrome/147.0.7727.15 Safari/537.36"}
[2m[WebServer] [22m{"time":"2026-10-07T08:13:59.330748405-04:00","level":"INFO","msg":"client log","level":"WARN","message":"[inventory] item photo failed to load, showing placeholder Tomaotes https://nyc3.digitaloceanspaces.com/hq.yumyums/items/tomaotes.png","user":"Jamal C. (jamal@yumyums.kitchen)","page":"/inventory.html","ua":"Mozilla/5.0 (X11; Linux x86_64) AppleWebKit/537.36 (KHTML, like Gecko) HeadlessChrome/147.0.7727.15 Safari/537.36"}
  ✓  149 [chromium] › tests/inventory.spec.js:3015:3 › Inventory › store location "+ Add new" navigates to Vendors sub-tab and focuses new vendor input (8.0s)
  ✓  150 [chromium] › tests/inventory.spec.js:3043:3 › Inventory › View in Setup link navigates to Setup tab with item expanded (1.6s)
  ✓  151 [chromium] › tests/inventory.spec.js:3089:3 › Inventory › tapping reorder suggestion expands the stock item below (1.9s)
  ✓  152 [chromium] › tests/inventory.spec.js:3132:3 › Inventory › PO suggestions excludes items with no purchase history or stock override (1.5s)
  ✓  153 [chromium] › tests/inventory.spec.js:3167:3 › Inventory › tapping item photo in PO opens fullscreen lightbox (1.8s)
  ✓  154 [chromium] › tests/inventory.spec.js:3223:3 › Inventory › after simulate-cutoff, Order tab shows next week draft (2.2s)
  ✓  155 [chromium] › tests/inventory.spec.js:3265:3 › Inventory › simulate-cutoff returns 409 when locked PO already exists (1.7s)
  ✓  156 [chromium] › tests/inventory.spec.js:3306:3 › Inventory › seed runs idempotently without duplicating items (1.8s)
[2m[WebServer] [22m{"time":"2026-10-07T08:14:10.796363819-04:00","level":"ERROR","msg":"GetMyTrainings failed","error":"context canceled"}
  ✓  157 [chromium] › tests/inventory.spec.js:3331:3 › Inventory › PO suggestions count matches inventory reorder suggestions (2.7s)
  ✓  158 [chromium] › tests/inventory.spec.js:3435:3 › Inventory › admin can add and save items on a locked PO without 409 (1.9s)
  ✓  159 [chromium] › tests/inventory.spec.js:3507:3 › Inventory › PO tab groups items by store location (2.2s)
  ✓  160 [chromium] › tests/inventory.spec.js:3532:3 › Inventory › editing a locked PO returns 403 for non-admin users (1.9s)
  ✓  161 [chromium] › tests/inventory.spec.js:3602:3 › Inventory › upsert with require_draft=true rejects locked PO even for admin (1.8s)
  ✓  162 [chromium] › tests/inventory.spec.js:3648:3 › Inventory › cutoff pill is admin-interactive and would be hidden for non-admin without config (1.9s)
[2m[WebServer] [22m{"time":"2026-10-07T08:14:23.953857782-04:00","level":"INFO","msg":"client log","level":"WARN","message":"[inventory] item photo failed to load, showing placeholder Dr. Pepper https://nyc3.digitaloceanspaces.com/hq.yumyums/items/dr-pepper.png","user":"Jamal C. (jamal@yumyums.kitchen)","page":"/inventory.html","ua":"Mozilla/5.0 (X11; Linux x86_64) AppleWebKit/537.36 (KHTML, like Gecko) HeadlessChrome/147.0.7727.15 Safari/537.36"}
[2m[WebServer] [22m{"time":"2026-10-07T08:14:24.01751166-04:00","level":"INFO","msg":"client log","level":"WARN","message":"[inventory] item photo failed to load, showing placeholder Mango Syrup https://nyc3.digitaloceanspaces.com/hq.yumyums/items/mango-syrup.png","user":"Jamal C. (jamal@yumyums.kitchen)","page":"/inventory.html","ua":"Mozilla/5.0 (X11; Linux x86_64) AppleWebKit/537.36 (KHTML, like Gecko) HeadlessChrome/147.0.7727.15 Safari/537.36"}
[2m[WebServer] [22m{"time":"2026-10-07T08:14:24.200762662-04:00","level":"INFO","msg":"client log","level":"WARN","message":"[inventory] item photo failed to load, showing placeholder Brisket Rolls https://nyc3.digitaloceanspaces.com/hq.yumyums/items/brisket-rolls.png","user":"Jamal C. (jamal@yumyums.kitchen)","page":"/inventory.html","ua":"Mozilla/5.0 (X11; Linux x86_64) AppleWebKit/537.36 (KHTML, like Gecko) HeadlessChrome/147.0.7727.15 Safari/537.36"}
[2m[WebServer] [22m{"time":"2026-10-07T08:14:24.303316012-04:00","level":"INFO","msg":"client log","level":"WARN","message":"[inventory] item photo failed to load, showing placeholder Parm Cheese https://nyc3.digitaloceanspaces.com/hq.yumyums/items/parm-cheese.png","user":"Jamal C. (jamal@yumyums.kitchen)","page":"/inventory.html","ua":"Mozilla/5.0 (X11; Linux x86_64) AppleWebKit/537.36 (KHTML, like Gecko) HeadlessChrome/147.0.7727.15 Safari/537.36"}
[2m[WebServer] [22m{"time":"2026-10-07T08:14:24.409647539-04:00","level":"INFO","msg":"client log","level":"WARN","message":"[inventory] item photo failed to load, showing placeholder Corn https://nyc3.digitaloceanspaces.com/hq.yumyums/items/corn.png","user":"Jamal C. (jamal@yumyums.kitchen)","page":"/inventory.html","ua":"Mozilla/5.0 (X11; Linux x86_64) AppleWebKit/537.36 (KHTML, like Gecko) HeadlessChrome/147.0.7727.15 Safari/537.36"}
[2m[WebServer] [22m{"time":"2026-10-07T08:14:24.499455789-04:00","level":"INFO","msg":"client log","level":"WARN","message":"[inventory] item photo failed to load, showing placeholder Hoagie Containers https://nyc3.digitaloceanspaces.com/hq.yumyums/items/hoagie-containers.png","user":"Jamal C. (jamal@yumyums.kitchen)","page":"/inventory.html","ua":"Mozilla/5.0 (X11; Linux x86_64) AppleWebKit/537.36 (KHTML, like Gecko) HeadlessChrome/147.0.7727.15 Safari/537.36"}
[2m[WebServer] [22m{"time":"2026-10-07T08:14:24.510435027-04:00","level":"INFO","msg":"client log","level":"WARN","message":"[inventory] item photo failed to load, showing placeholder Brown Sugar https://nyc3.digitaloceanspaces.com/hq.yumyums/items/brown-sugar.png","user":"Jamal C. (jamal@yumyums.kitchen)","page":"/inventory.html","ua":"Mozilla/5.0 (X11; Linux x86_64) AppleWebKit/537.36 (KHTML, like Gecko) HeadlessChrome/147.0.7727.15 Safari/537.36"}
[2m[WebServer] [22m{"time":"2026-10-07T08:14:24.690008468-04:00","level":"INFO","msg":"client log","level":"WARN","message":"[inventory] item photo failed to load, showing placeholder Coke https://nyc3.digitaloceanspaces.com/hq.yumyums/items/coke.png","user":"Jamal C. (jamal@yumyums.kitchen)","page":"/inventory.html","ua":"Mozilla/5.0 (X11; Linux x86_64) AppleWebKit/537.36 (KHTML, like Gecko) HeadlessChrome/147.0.7727.15 Safari/537.36"}
[2m[WebServer] [22m{"time":"2026-10-07T08:14:24.795175449-04:00","level":"INFO","msg":"client log","level":"WARN","message":"[inventory] item photo failed to load, showing placeholder Mexican Cheese https://nyc3.digitaloceanspaces.com/hq.yumyums/items/mexican-cheese.png","user":"Jamal C. (jamal@yumyums.kitchen)","page":"/inventory.html","ua":"Mozilla/5.0 (X11; Linux x86_64) AppleWebKit/537.36 (KHTML, like Gecko) HeadlessChrome/147.0.7727.15 Safari/537.36"}
[2m[WebServer] [22m{"time":"2026-10-07T08:14:24.856571638-04:00","level":"INFO","msg":"client log","level":"WARN","message":"[inventory] item photo failed to load, showing placeholder Wings https://nyc3.digitaloceanspaces.com/hq.yumyums/items/wings.png","user":"Jamal C. (jamal@yumyums.kitchen)","page":"/inventory.html","ua":"Mozilla/5.0 (X11; Linux x86_64) AppleWebKit/537.36 (KHTML, like Gecko) HeadlessChrome/147.0.7727.15 Safari/537.36"}
[2m[WebServer] [22m{"time":"2026-10-07T08:14:24.897873123-04:00","level":"INFO","msg":"client log","level":"WARN","message":"[inventory] item photo failed to load, showing placeholder Ketchup Packets https://nyc3.digitaloceanspaces.com/hq.yumyums/items/ketchup-packets.png","user":"Jamal C. (jamal@yumyums.kitchen)","page":"/inventory.html","ua":"Mozilla/5.0 (X11; Linux x86_64) AppleWebKit/537.36 (KHTML, like Gecko) HeadlessChrome/147.0.7727.15 Safari/537.36"}
[2m[WebServer] [22m{"time":"2026-10-07T08:14:25.071138603-04:00","level":"INFO","msg":"client log","level":"WARN","message":"[inventory] item photo failed to load, showing placeholder Cayenne Pepper https://nyc3.digitaloceanspaces.com/hq.yumyums/items/cayenne-pepper.png","user":"Jamal C. (jamal@yumyums.kitchen)","page":"/inventory.html","ua":"Mozilla/5.0 (X11; Linux x86_64) AppleWebKit/537.36 (KHTML, like Gecko) HeadlessChrome/147.0.7727.15 Safari/537.36"}
[2m[WebServer] [22m{"time":"2026-10-07T08:14:25.126652555-04:00","level":"INFO","msg":"client log","level":"WARN","message":"[inventory] item photo failed to load, showing placeholder Ground Turkey https://nyc3.digitaloceanspaces.com/hq.yumyums/items/ground-turkey.png","user":"Jamal C. (jamal@yumyums.kitchen)","page":"/inventory.html","ua":"Mozilla/5.0 (X11; Linux x86_64) AppleWebKit/537.36 (KHTML, like Gecko) HeadlessChrome/147.0.7727.15 Safari/537.36"}
[2m[WebServer] [22m{"time":"2026-10-07T08:14:25.235964365-04:00","level":"INFO","msg":"client log","level":"WARN","message":"[inventory] item photo failed to load, showing placeholder Hand Towels https://nyc3.digitaloceanspaces.com/hq.yumyums/items/hand-towels.png","user":"Jamal C. (jamal@yumyums.kitchen)","page":"/inventory.html","ua":"Mozilla/5.0 (X11; Linux x86_64) AppleWebKit/537.36 (KHTML, like Gecko) HeadlessChrome/147.0.7727.15 Safari/537.36"}
[2m[WebServer] [22m{"time":"2026-10-07T08:14:25.255697719-04:00","level":"INFO","msg":"client log","level":"WARN","message":"[inventory] item photo failed to load, showing placeholder Towels https://nyc3.digitaloceanspaces.com/hq.yumyums/items/towels.png","user":"Jamal C. (jamal@yumyums.kitchen)","page":"/inventory.html","ua":"Mozilla/5.0 (X11; Linux x86_64) AppleWebKit/537.36 (KHTML, like Gecko) HeadlessChrome/147.0.7727.15 Safari/537.36"}
[2m[WebServer] [22m{"time":"2026-10-07T08:14:25.447158104-04:00","level":"INFO","msg":"client log","level":"WARN","message":"[inventory] item photo failed to load, showing placeholder Coke Zero https://nyc3.digitaloceanspaces.com/hq.yumyums/items/coke-zero.png","user":"Jamal C. (jamal@yumyums.kitchen)","page":"/inventory.html","ua":"Mozilla/5.0 (X11; Linux x86_64) AppleWebKit/537.36 (KHTML, like Gecko) HeadlessChrome/147.0.7727.15 Safari/537.36"}
[2m[WebServer] [22m{"time":"2026-10-07T08:14:25.474817386-04:00","level":"INFO","msg":"client log","level":"WARN","message":"[inventory] item photo failed to load, showing placeholder Boxes (No 2) https://nyc3.digitaloceanspaces.com/hq.yumyums/items/boxes-no-2.png","user":"Jamal C. (jamal@yumyums.kitchen)","page":"/inventory.html","ua":"Mozilla/5.0 (X11; Linux x86_64) AppleWebKit/537.36 (KHTML, like Gecko) HeadlessChrome/147.0.7727.15 Safari/537.36"}
[2m[WebServer] [22m{"time":"2026-10-07T08:14:25.73408416-04:00","level":"INFO","msg":"client log","level":"WARN","message":"[inventory] item photo failed to load, showing placeholder Boxes (No 8) https://nyc3.digitaloceanspaces.com/hq.yumyums/items/boxes-no-8.png","user":"Jamal C. (jamal@yumyums.kitchen)","page":"/inventory.html","ua":"Mozilla/5.0 (X11; Linux x86_64) AppleWebKit/537.36 (KHTML, like Gecko) HeadlessChrome/147.0.7727.15 Safari/537.36"}
[2m[WebServer] [22m{"time":"2026-10-07T08:14:25.748212024-04:00","level":"INFO","msg":"client log","level":"WARN","message":"[inventory] item photo failed to load, showing placeholder Trash Bags (30 Gallon) https://nyc3.digitaloceanspaces.com/hq.yumyums/items/trash-bags-30-gallon.png","user":"Jamal C. (jamal@yumyums.kitchen)","page":"/inventory.html","ua":"Mozilla/5.0 (X11; Linux x86_64) AppleWebKit/537.36 (KHTML, like Gecko) HeadlessChrome/147.0.7727.15 Safari/537.36"}
[2m[WebServer] [22m{"time":"2026-10-07T08:14:25.753556237-04:00","level":"INFO","msg":"client log","level":"WARN","message":"[inventory] item photo failed to load, showing placeholder Cheesesteak https://nyc3.digitaloceanspaces.com/hq.yumyums/items/cheesesteak.png","user":"Jamal C. (jamal@yumyums.kitchen)","page":"/inventory.html","ua":"Mozilla/5.0 (X11; Linux x86_64) AppleWebKit/537.36 (KHTML, like Gecko) HeadlessChrome/147.0.7727.15 Safari/537.36"}
[2m[WebServer] [22m{"time":"2026-10-07T08:14:25.766409526-04:00","level":"INFO","msg":"client log","level":"WARN","message":"[inventory] item photo failed to load, showing placeholder Black Pepper https://nyc3.digitaloceanspaces.com/hq.yumyums/items/black-pepper.png","user":"Jamal C. (jamal@yumyums.kitchen)","page":"/inventory.html","ua":"Mozilla/5.0 (X11; Linux x86_64) AppleWebKit/537.36 (KHTML, like Gecko) HeadlessChrome/147.0.7727.15 Safari/537.36"}
[2m[WebServer] [22m{"time":"2026-10-07T08:14:25.90575753-04:00","level":"INFO","msg":"client log","level":"WARN","message":"[inventory] item photo failed to load, showing placeholder Dirty Dog Rolls https://nyc3.digitaloceanspaces.com/hq.yumyums/items/dirty-dog-rolls.png","user":"Jamal C. (jamal@yumyums.kitchen)","page":"/inventory.html","ua":"Mozilla/5.0 (X11; Linux x86_64) AppleWebKit/537.36 (KHTML, like Gecko) HeadlessChrome/147.0.7727.15 Safari/537.36"}
[2m[WebServer] [22m{"time":"2026-10-07T08:14:26.013687658-04:00","level":"INFO","msg":"client log","level":"WARN","message":"[inventory] item photo failed to load, showing placeholder Hamburger Rolls https://nyc3.digitaloceanspaces.com/hq.yumyums/items/hamburger-rolls.png","user":"Jamal C. (jamal@yumyums.kitchen)","page":"/inventory.html","ua":"Mozilla/5.0 (X11; Linux x86_64) AppleWebKit/537.36 (KHTML, like Gecko) HeadlessChrome/147.0.7727.15 Safari/537.36"}
[2m[WebServer] [22m{"time":"2026-10-07T08:14:26.042414225-04:00","level":"INFO","msg":"client log","level":"WARN","message":"[inventory] item photo failed to load, showing placeholder Sugar https://nyc3.digitaloceanspaces.com/hq.yumyums/items/sugar.png","user":"Jamal C. (jamal@yumyums.kitchen)","page":"/inventory.html","ua":"Mozilla/5.0 (X11; Linux x86_64) AppleWebKit/537.36 (KHTML, like Gecko) HeadlessChrome/147.0.7727.15 Safari/537.36"}
[2m[WebServer] [22m{"time":"2026-10-07T08:14:26.062162075-04:00","level":"INFO","msg":"client log","level":"WARN","message":"[inventory] item photo failed to load, showing placeholder Allspice https://nyc3.digitaloceanspaces.com/hq.yumyums/items/allspice.png","user":"Jamal C. (jamal@yumyums.kitchen)","page":"/inventory.html","ua":"Mozilla/5.0 (X11; Linux x86_64) AppleWebKit/537.36 (KHTML, like Gecko) HeadlessChrome/147.0.7727.15 Safari/537.36"}
[2m[WebServer] [22m{"time":"2026-10-07T08:14:26.252405659-04:00","level":"INFO","msg":"client log","level":"WARN","message":"[inventory] item photo failed to load, showing placeholder Hot Dog Rolls https://nyc3.digitaloceanspaces.com/hq.yumyums/items/hot-dog-rolls.png","user":"Jamal C. (jamal@yumyums.kitchen)","page":"/inventory.html","ua":"Mozilla/5.0 (X11; Linux x86_64) AppleWebKit/537.36 (KHTML, like Gecko) HeadlessChrome/147.0.7727.15 Safari/537.36"}
[2m[WebServer] [22m{"time":"2026-10-07T08:14:26.260333751-04:00","level":"INFO","msg":"client log","level":"WARN","message":"[inventory] item photo failed to load, showing placeholder Granulated Onion https://nyc3.digitaloceanspaces.com/hq.yumyums/items/granulated-onion.png","user":"Jamal C. (jamal@yumyums.kitchen)","page":"/inventory.html","ua":"Mozilla/5.0 (X11; Linux x86_64) AppleWebKit/537.36 (KHTML, like Gecko) HeadlessChrome/147.0.7727.15 Safari/537.36"}
[2m[WebServer] [22m{"time":"2026-10-07T08:14:26.381010818-04:00","level":"INFO","msg":"client log","level":"WARN","message":"[inventory] item photo failed to load, showing placeholder Straws https://nyc3.digitaloceanspaces.com/hq.yumyums/items/straws.png","user":"Jamal C. (jamal@yumyums.kitchen)","page":"/inventory.html","ua":"Mozilla/5.0 (X11; Linux x86_64) AppleWebKit/537.36 (KHTML, like Gecko) HeadlessChrome/147.0.7727.15 Safari/537.36"}
[2m[WebServer] [22m{"time":"2026-10-07T08:14:26.389923105-04:00","level":"INFO","msg":"client log","level":"WARN","message":"[inventory] item photo failed to load, showing placeholder Jerk Seasoning https://nyc3.digitaloceanspaces.com/hq.yumyums/items/jerk-seasoning.png","user":"Jamal C. (jamal@yumyums.kitchen)","page":"/inventory.html","ua":"Mozilla/5.0 (X11; Linux x86_64) AppleWebKit/537.36 (KHTML, like Gecko) HeadlessChrome/147.0.7727.15 Safari/537.36"}
[2m[WebServer] [22m{"time":"2026-10-07T08:14:26.401401095-04:00","level":"INFO","msg":"client log","level":"WARN","message":"[inventory] item photo failed to load, showing placeholder Salt https://nyc3.digitaloceanspaces.com/hq.yumyums/items/salt.png","user":"Jamal C. (jamal@yumyums.kitchen)","page":"/inventory.html","ua":"Mozilla/5.0 (X11; Linux x86_64) AppleWebKit/537.36 (KHTML, like Gecko) HeadlessChrome/147.0.7727.15 Safari/537.36"}
[2m[WebServer] [22m{"time":"2026-10-07T08:14:26.417417723-04:00","level":"INFO","msg":"client log","level":"WARN","message":"[inventory] item photo failed to load, showing placeholder Lemonade Mix https://nyc3.digitaloceanspaces.com/hq.yumyums/items/lemonade-mix.png","user":"Jamal C. (jamal@yumyums.kitchen)","page":"/inventory.html","ua":"Mozilla/5.0 (X11; Linux x86_64) AppleWebKit/537.36 (KHTML, like Gecko) HeadlessChrome/147.0.7727.15 Safari/537.36"}
[2m[WebServer] [22m{"time":"2026-10-07T08:14:26.55627087-04:00","level":"INFO","msg":"client log","level":"WARN","message":"[inventory] item photo failed to load, showing placeholder Mint https://nyc3.digitaloceanspaces.com/hq.yumyums/items/mint.png","user":"Jamal C. (jamal@yumyums.kitchen)","page":"/inventory.html","ua":"Mozilla/5.0 (X11; Linux x86_64) AppleWebKit/537.36 (KHTML, like Gecko) HeadlessChrome/147.0.7727.15 Safari/537.36"}
[2m[WebServer] [22m{"time":"2026-10-07T08:14:26.573531131-04:00","level":"INFO","msg":"client log","level":"WARN","message":"[inventory] item photo failed to load, showing placeholder Ketchup Jug https://nyc3.digitaloceanspaces.com/hq.yumyums/items/ketchup-jug.png","user":"Jamal C. (jamal@yumyums.kitchen)","page":"/inventory.html","ua":"Mozilla/5.0 (X11; Linux x86_64) AppleWebKit/537.36 (KHTML, like Gecko) HeadlessChrome/147.0.7727.15 Safari/537.36"}
[2m[WebServer] [22m{"time":"2026-10-07T08:14:26.589266359-04:00","level":"INFO","msg":"client log","level":"WARN","message":"[inventory] item photo failed to load, showing placeholder Frank’s Hot Sauce https://nyc3.digitaloceanspaces.com/hq.yumyums/items/frank-s-hot-sauce.png","user":"Jamal C. (jamal@yumyums.kitchen)","page":"/inventory.html","ua":"Mozilla/5.0 (X11; Linux x86_64) AppleWebKit/537.36 (KHTML, like Gecko) HeadlessChrome/147.0.7727.15 Safari/537.36"}
[2m[WebServer] [22m{"time":"2026-10-07T08:14:26.61816289-04:00","level":"INFO","msg":"client log","level":"WARN","message":"[inventory] item photo failed to load, showing placeholder Avocados https://nyc3.digitaloceanspaces.com/hq.yumyums/items/avocados.png","user":"Jamal C. (jamal@yumyums.kitchen)","page":"/inventory.html","ua":"Mozilla/5.0 (X11; Linux x86_64) AppleWebKit/537.36 (KHTML, like Gecko) HeadlessChrome/147.0.7727.15 Safari/537.36"}
[2m[WebServer] [22m{"time":"2026-10-07T08:14:26.653999098-04:00","level":"INFO","msg":"client log","level":"WARN","message":"[inventory] item photo failed to load, showing placeholder Sprite https://nyc3.digitaloceanspaces.com/hq.yumyums/items/sprite.png","user":"Jamal C. (jamal@yumyums.kitchen)","page":"/inventory.html","ua":"Mozilla/5.0 (X11; Linux x86_64) AppleWebKit/537.36 (KHTML, like Gecko) HeadlessChrome/147.0.7727.15 Safari/537.36"}
[2m[WebServer] [22m{"time":"2026-10-07T08:14:26.747720762-04:00","level":"INFO","msg":"client log","level":"WARN","message":"[inventory] item photo failed to load, showing placeholder Plastic Bags https://nyc3.digitaloceanspaces.com/hq.yumyums/items/plastic-bags.png","user":"Jamal C. (jamal@yumyums.kitchen)","page":"/inventory.html","ua":"Mozilla/5.0 (X11; Linux x86_64) AppleWebKit/537.36 (KHTML, like Gecko) HeadlessChrome/147.0.7727.15 Safari/537.36"}
[2m[WebServer] [22m{"time":"2026-10-07T08:14:26.774931383-04:00","level":"INFO","msg":"client log","level":"WARN","message":"[inventory] item photo failed to load, showing placeholder Lemons https://nyc3.digitaloceanspaces.com/hq.yumyums/items/lemons.png","user":"Jamal C. (jamal@yumyums.kitchen)","page":"/inventory.html","ua":"Mozilla/5.0 (X11; Linux x86_64) AppleWebKit/537.36 (KHTML, like Gecko) HeadlessChrome/147.0.7727.15 Safari/537.36"}
[2m[WebServer] [22m{"time":"2026-10-07T08:14:26.812920661-04:00","level":"INFO","msg":"client log","level":"WARN","message":"[inventory] item photo failed to load, showing placeholder Olive Oil Blend https://nyc3.digitaloceanspaces.com/hq.yumyums/items/olive-oil-blend.png","user":"Jamal C. (jamal@yumyums.kitchen)","page":"/inventory.html","ua":"Mozilla/5.0 (X11; Linux x86_64) AppleWebKit/537.36 (KHTML, like Gecko) HeadlessChrome/147.0.7727.15 Safari/537.36"}
[2m[WebServer] [22m{"time":"2026-10-07T08:14:26.85470099-04:00","level":"INFO","msg":"client log","level":"WARN","message":"[inventory] item photo failed to load, showing placeholder Water https://nyc3.digitaloceanspaces.com/hq.yumyums/items/water.png","user":"Jamal C. (jamal@yumyums.kitchen)","page":"/inventory.html","ua":"Mozilla/5.0 (X11; Linux x86_64) AppleWebKit/537.36 (KHTML, like Gecko) HeadlessChrome/147.0.7727.15 Safari/537.36"}
[2m[WebServer] [22m{"time":"2026-10-07T08:14:26.949333497-04:00","level":"INFO","msg":"client log","level":"WARN","message":"[inventory] item photo failed to load, showing placeholder Bleach https://nyc3.digitaloceanspaces.com/hq.yumyums/items/bleach.png","user":"Jamal C. (jamal@yumyums.kitchen)","page":"/inventory.html","ua":"Mozilla/5.0 (X11; Linux x86_64) AppleWebKit/537.36 (KHTML, like Gecko) HeadlessChrome/147.0.7727.15 Safari/537.36"}
[2m[WebServer] [22m{"time":"2026-10-07T08:14:26.973456945-04:00","level":"INFO","msg":"client log","level":"WARN","message":"[inventory] item photo failed to load, showing placeholder Red Onions https://nyc3.digitaloceanspaces.com/hq.yumyums/items/red-onions.png","user":"Jamal C. (jamal@yumyums.kitchen)","page":"/inventory.html","ua":"Mozilla/5.0 (X11; Linux x86_64) AppleWebKit/537.36 (KHTML, like Gecko) HeadlessChrome/147.0.7727.15 Safari/537.36"}
[2m[WebServer] [22m{"time":"2026-10-07T08:14:27.102876226-04:00","level":"INFO","msg":"client log","level":"WARN","message":"[inventory] item photo failed to load, showing placeholder Pan Spray https://nyc3.digitaloceanspaces.com/hq.yumyums/items/pan-spray.png","user":"Jamal C. (jamal@yumyums.kitchen)","page":"/inventory.html","ua":"Mozilla/5.0 (X11; Linux x86_64) AppleWebKit/537.36 (KHTML, like Gecko) HeadlessChrome/147.0.7727.15 Safari/537.36"}
[2m[WebServer] [22m{"time":"2026-10-07T08:14:27.104202299-04:00","level":"INFO","msg":"client log","level":"WARN","message":"[inventory] item photo failed to load, showing placeholder Dish Soap https://nyc3.digitaloceanspaces.com/hq.yumyums/items/dish-soap.png","user":"Jamal C. (jamal@yumyums.kitchen)","page":"/inventory.html","ua":"Mozilla/5.0 (X11; Linux x86_64) AppleWebKit/537.36 (KHTML, like Gecko) HeadlessChrome/147.0.7727.15 Safari/537.36"}
[2m[WebServer] [22m{"time":"2026-10-07T08:14:27.228454256-04:00","level":"INFO","msg":"client log","level":"WARN","message":"[inventory] item photo failed to load, showing placeholder Blast Away https://nyc3.digitaloceanspaces.com/hq.yumyums/items/blast-away.png","user":"Jamal C. (jamal@yumyums.kitchen)","page":"/inventory.html","ua":"Mozilla/5.0 (X11; Linux x86_64) AppleWebKit/537.36 (KHTML, like Gecko) HeadlessChrome/147.0.7727.15 Safari/537.36"}
[2m[WebServer] [22m{"time":"2026-10-07T08:14:27.287481647-04:00","level":"INFO","msg":"client log","level":"WARN","message":"[inventory] item photo failed to load, showing placeholder Honey Garlic Sauce https://nyc3.digitaloceanspaces.com/hq.yumyums/items/honey-garlic-sauce.png","user":"Jamal C. (jamal@yumyums.kitchen)","page":"/inventory.html","ua":"Mozilla/5.0 (X11; Linux x86_64) AppleWebKit/537.36 (KHTML, like Gecko) HeadlessChrome/147.0.7727.15 Safari/537.36"}
[2m[WebServer] [22m{"time":"2026-10-07T08:14:27.391667569-04:00","level":"INFO","msg":"client log","level":"WARN","message":"[inventory] item photo failed to load, showing placeholder Blue Cheese Dressing https://nyc3.digitaloceanspaces.com/hq.yumyums/items/blue-cheese-dressing.png","user":"Jamal C. (jamal@yumyums.kitchen)","page":"/inventory.html","ua":"Mozilla/5.0 (X11; Linux x86_64) AppleWebKit/537.36 (KHTML, like Gecko) HeadlessChrome/147.0.7727.15 Safari/537.36"}
[2m[WebServer] [22m{"time":"2026-10-07T08:14:27.402214376-04:00","level":"INFO","msg":"client log","level":"WARN","message":"[inventory] item photo failed to load, showing placeholder Tomaotes https://nyc3.digitaloceanspaces.com/hq.yumyums/items/tomaotes.png","user":"Jamal C. (jamal@yumyums.kitchen)","page":"/inventory.html","ua":"Mozilla/5.0 (X11; Linux x86_64) AppleWebKit/537.36 (KHTML, like Gecko) HeadlessChrome/147.0.7727.15 Safari/537.36"}
[2m[WebServer] [22m{"time":"2026-10-07T08:14:27.527349913-04:00","level":"INFO","msg":"client log","level":"WARN","message":"[inventory] item photo failed to load, showing placeholder Brisket https://nyc3.digitaloceanspaces.com/hq.yumyums/items/brisket.png","user":"Jamal C. (jamal@yumyums.kitchen)","page":"/inventory.html","ua":"Mozilla/5.0 (X11; Linux x86_64) AppleWebKit/537.36 (KHTML, like Gecko) HeadlessChrome/147.0.7727.15 Safari/537.36"}
[2m[WebServer] [22m{"time":"2026-10-07T08:14:27.554157855-04:00","level":"INFO","msg":"client log","level":"WARN","message":"[inventory] item photo failed to load, showing placeholder Fine Sea Salt https://nyc3.digitaloceanspaces.com/hq.yumyums/items/fine-sea-salt.png","user":"Jamal C. (jamal@yumyums.kitchen)","page":"/inventory.html","ua":"Mozilla/5.0 (X11; Linux x86_64) AppleWebKit/537.36 (KHTML, like Gecko) HeadlessChrome/147.0.7727.15 Safari/537.36"}
[2m[WebServer] [22m{"time":"2026-10-07T08:14:27.601224949-04:00","level":"INFO","msg":"client log","level":"WARN","message":"[inventory] item photo failed to load, showing placeholder Sour Cream https://nyc3.digitaloceanspaces.com/hq.yumyums/items/sour-cream.png","user":"Jamal C. (jamal@yumyums.kitchen)","page":"/inventory.html","ua":"Mozilla/5.0 (X11; Linux x86_64) AppleWebKit/537.36 (KHTML, like Gecko) HeadlessChrome/147.0.7727.15 Safari/537.36"}
[2m[WebServer] [22m{"time":"2026-10-07T08:14:27.69317004-04:00","level":"INFO","msg":"client log","level":"WARN","message":"[inventory] item photo failed to load, showing placeholder Napkins https://nyc3.digitaloceanspaces.com/hq.yumyums/items/napkins.png","user":"Jamal C. (jamal@yumyums.kitchen)","page":"/inventory.html","ua":"Mozilla/5.0 (X11; Linux x86_64) AppleWebKit/537.36 (KHTML, like Gecko) HeadlessChrome/147.0.7727.15 Safari/537.36"}
[2m[WebServer] [22m{"time":"2026-10-07T08:14:27.706999302-04:00","level":"INFO","msg":"client log","level":"WARN","message":"[inventory] item photo failed to load, showing placeholder Hot Dogs https://nyc3.digitaloceanspaces.com/hq.yumyums/items/hot-dogs.png","user":"Jamal C. (jamal@yumyums.kitchen)","page":"/inventory.html","ua":"Mozilla/5.0 (X11; Linux x86_64) AppleWebKit/537.36 (KHTML, like Gecko) HeadlessChrome/147.0.7727.15 Safari/537.36"}
[2m[WebServer] [22m{"time":"2026-10-07T08:14:27.879291838-04:00","level":"INFO","msg":"client log","level":"WARN","message":"[inventory] item photo failed to load, showing placeholder Gloves https://nyc3.digitaloceanspaces.com/hq.yumyums/items/gloves.png","user":"Jamal C. (jamal@yumyums.kitchen)","page":"/inventory.html","ua":"Mozilla/5.0 (X11; Linux x86_64) AppleWebKit/537.36 (KHTML, like Gecko) HeadlessChrome/147.0.7727.15 Safari/537.36"}
[2m[WebServer] [22m{"time":"2026-10-07T08:14:27.900360677-04:00","level":"INFO","msg":"client log","level":"WARN","message":"[inventory] item photo failed to load, showing placeholder Frying Oil https://nyc3.digitaloceanspaces.com/hq.yumyums/items/frying-oil.png","user":"Jamal C. (jamal@yumyums.kitchen)","page":"/inventory.html","ua":"Mozilla/5.0 (X11; Linux x86_64) AppleWebKit/537.36 (KHTML, like Gecko) HeadlessChrome/147.0.7727.15 Safari/537.36"}
[2m[WebServer] [22m{"time":"2026-10-07T08:14:27.900665878-04:00","level":"INFO","msg":"client log","level":"WARN","message":"[inventory] item photo failed to load, showing placeholder Pickles https://nyc3.digitaloceanspaces.com/hq.yumyums/items/pickles.png","user":"Jamal C. (jamal@yumyums.kitchen)","page":"/inventory.html","ua":"Mozilla/5.0 (X11; Linux x86_64) AppleWebKit/537.36 (KHTML, like Gecko) HeadlessChrome/147.0.7727.15 Safari/537.36"}
[2m[WebServer] [22m{"time":"2026-10-07T08:14:27.912001167-04:00","level":"INFO","msg":"client log","level":"WARN","message":"[inventory] item photo failed to load, showing placeholder Honey Mustard https://nyc3.digitaloceanspaces.com/hq.yumyums/items/honey-mustard.png","user":"Jamal C. (jamal@yumyums.kitchen)","page":"/inventory.html","ua":"Mozilla/5.0 (X11; Linux x86_64) AppleWebKit/537.36 (KHTML, like Gecko) HeadlessChrome/147.0.7727.15 Safari/537.36"}
[2m[WebServer] [22m{"time":"2026-10-07T08:14:27.968237281-04:00","level":"INFO","msg":"client log","level":"WARN","message":"[inventory] item photo failed to load, showing placeholder Sanitizing Tablets https://nyc3.digitaloceanspaces.com/hq.yumyums/items/sanitizing-tablets.png","user":"Jamal C. (jamal@yumyums.kitchen)","page":"/inventory.html","ua":"Mozilla/5.0 (X11; Linux x86_64) AppleWebKit/537.36 (KHTML, like Gecko) HeadlessChrome/147.0.7727.15 Safari/537.36"}
[2m[WebServer] [22m{"time":"2026-10-07T08:14:28.050618896-04:00","level":"INFO","msg":"client log","level":"WARN","message":"[inventory] item photo failed to load, showing placeholder Egg Roll Wraps https://nyc3.digitaloceanspaces.com/hq.yumyums/items/egg-roll-wraps.png","user":"Jamal C. (jamal@yumyums.kitchen)","page":"/inventory.html","ua":"Mozilla/5.0 (X11; Linux x86_64) AppleWebKit/537.36 (KHTML, like Gecko) HeadlessChrome/147.0.7727.15 Safari/537.36"}
[2m[WebServer] [22m{"time":"2026-10-07T08:14:28.058165621-04:00","level":"INFO","msg":"client log","level":"WARN","message":"[inventory] item photo failed to load, showing placeholder Aluminum Foil https://nyc3.digitaloceanspaces.com/hq.yumyums/items/aluminum-foil.png","user":"Jamal C. (jamal@yumyums.kitchen)","page":"/inventory.html","ua":"Mozilla/5.0 (X11; Linux x86_64) AppleWebKit/537.36 (KHTML, like Gecko) HeadlessChrome/147.0.7727.15 Safari/537.36"}
[2m[WebServer] [22m{"time":"2026-10-07T08:14:28.089615954-04:00","level":"INFO","msg":"client log","level":"WARN","message":"[inventory] item photo failed to load, showing placeholder Cups https://nyc3.digitaloceanspaces.com/hq.yumyums/items/cups.png","user":"Jamal C. (jamal@yumyums.kitchen)","page":"/inventory.html","ua":"Mozilla/5.0 (X11; Linux x86_64) AppleWebKit/537.36 (KHTML, like Gecko) HeadlessChrome/147.0.7727.15 Safari/537.36"}
[2m[WebServer] [22m{"time":"2026-10-07T08:14:28.169192011-04:00","level":"INFO","msg":"client log","level":"WARN","message":"[inventory] item photo failed to load, showing placeholder Hand Soap https://nyc3.digitaloceanspaces.com/hq.yumyums/items/hand-soap.png","user":"Jamal C. (jamal@yumyums.kitchen)","page":"/inventory.html","ua":"Mozilla/5.0 (X11; Linux x86_64) AppleWebKit/537.36 (KHTML, like Gecko) HeadlessChrome/147.0.7727.15 Safari/537.36"}
[2m[WebServer] [22m{"time":"2026-10-07T08:14:28.188262274-04:00","level":"INFO","msg":"client log","level":"WARN","message":"[inventory] item photo failed to load, showing placeholder Chicken Breasts https://nyc3.digitaloceanspaces.com/hq.yumyums/items/chicken-breasts.png","user":"Jamal C. (jamal@yumyums.kitchen)","page":"/inventory.html","ua":"Mozilla/5.0 (X11; Linux x86_64) AppleWebKit/537.36 (KHTML, like Gecko) HeadlessChrome/147.0.7727.15 Safari/537.36"}
[2m[WebServer] [22m{"time":"2026-10-07T08:14:28.230145815-04:00","level":"INFO","msg":"client log","level":"WARN","message":"[inventory] item photo failed to load, showing placeholder Spinach He https://nyc3.digitaloceanspaces.com/hq.yumyums/items/spinach-he.png","user":"Jamal C. (jamal@yumyums.kitchen)","page":"/inventory.html","ua":"Mozilla/5.0 (X11; Linux x86_64) AppleWebKit/537.36 (KHTML, like Gecko) HeadlessChrome/147.0.7727.15 Safari/537.36"}
[2m[WebServer] [22m{"time":"2026-10-07T08:14:28.304283751-04:00","level":"INFO","msg":"client log","level":"WARN","message":"[inventory] item photo failed to load, showing placeholder Chicken Tenders https://nyc3.digitaloceanspaces.com/hq.yumyums/items/chicken-tenders.png","user":"Jamal C. (jamal@yumyums.kitchen)","page":"/inventory.html","ua":"Mozilla/5.0 (X11; Linux x86_64) AppleWebKit/537.36 (KHTML, like Gecko) HeadlessChrome/147.0.7727.15 Safari/537.36"}
[2m[WebServer] [22m{"time":"2026-10-07T08:14:28.330508229-04:00","level":"INFO","msg":"client log","level":"WARN","message":"[inventory] item photo failed to load, showing placeholder No Rinse Floor Cleaner https://nyc3.digitaloceanspaces.com/hq.yumyums/items/no-rinse-floor-cleaner.png","user":"Jamal C. (jamal@yumyums.kitchen)","page":"/inventory.html","ua":"Mozilla/5.0 (X11; Linux x86_64) AppleWebKit/537.36 (KHTML, like Gecko) HeadlessChrome/147.0.7727.15 Safari/537.36"}
[2m[WebServer] [22m{"time":"2026-10-07T08:14:28.371681077-04:00","level":"INFO","msg":"client log","level":"WARN","message":"[inventory] item photo failed to load, showing placeholder Cup Holders https://nyc3.digitaloceanspaces.com/hq.yumyums/items/cup-holders.png","user":"Jamal C. (jamal@yumyums.kitchen)","page":"/inventory.html","ua":"Mozilla/5.0 (X11; Linux x86_64) AppleWebKit/537.36 (KHTML, like Gecko) HeadlessChrome/147.0.7727.15 Safari/537.36"}
[2m[WebServer] [22m{"time":"2026-10-07T08:14:28.407504519-04:00","level":"INFO","msg":"client log","level":"WARN","message":"[inventory] item photo failed to load, showing placeholder Limes https://nyc3.digitaloceanspaces.com/hq.yumyums/items/limes.png","user":"Jamal C. (jamal@yumyums.kitchen)","page":"/inventory.html","ua":"Mozilla/5.0 (X11; Linux x86_64) AppleWebKit/537.36 (KHTML, like Gecko) HeadlessChrome/147.0.7727.15 Safari/537.36"}
[2m[WebServer] [22m{"time":"2026-10-07T08:14:28.443702511-04:00","level":"INFO","msg":"client log","level":"WARN","message":"[inventory] item photo failed to load, showing placeholder Lids https://nyc3.digitaloceanspaces.com/hq.yumyums/items/lids.png","user":"Jamal C. (jamal@yumyums.kitchen)","page":"/inventory.html","ua":"Mozilla/5.0 (X11; Linux x86_64) AppleWebKit/537.36 (KHTML, like Gecko) HeadlessChrome/147.0.7727.15 Safari/537.36"}
[2m[WebServer] [22m{"time":"2026-10-07T08:14:28.479113536-04:00","level":"INFO","msg":"client log","level":"WARN","message":"[inventory] item photo failed to load, showing placeholder Charcoal https://nyc3.digitaloceanspaces.com/hq.yumyums/items/charcoal.png","user":"Jamal C. (jamal@yumyums.kitchen)","page":"/inventory.html","ua":"Mozilla/5.0 (X11; Linux x86_64) AppleWebKit/537.36 (KHTML, like Gecko) HeadlessChrome/147.0.7727.15 Safari/537.36"}
[2m[WebServer] [22m{"time":"2026-10-07T08:14:28.516027414-04:00","level":"INFO","msg":"client log","level":"WARN","message":"[inventory] item photo failed to load, showing placeholder Bbq Sauce https://nyc3.digitaloceanspaces.com/hq.yumyums/items/bbq-sauce.png","user":"Jamal C. (jamal@yumyums.kitchen)","page":"/inventory.html","ua":"Mozilla/5.0 (X11; Linux x86_64) AppleWebKit/537.36 (KHTML, like Gecko) HeadlessChrome/147.0.7727.15 Safari/537.36"}
[2m[WebServer] [22m{"time":"2026-10-07T08:14:28.542275262-04:00","level":"INFO","msg":"client log","level":"WARN","message":"[inventory] item photo failed to load, showing placeholder Ground Beef https://nyc3.digitaloceanspaces.com/hq.yumyums/items/ground-beef.png","user":"Jamal C. (jamal@yumyums.kitchen)","page":"/inventory.html","ua":"Mozilla/5.0 (X11; Linux x86_64) AppleWebKit/537.36 (KHTML, like Gecko) HeadlessChrome/147.0.7727.15 Safari/537.36"}
[2m[WebServer] [22m{"time":"2026-10-07T08:14:28.565232107-04:00","level":"INFO","msg":"client log","level":"WARN","message":"[inventory] item photo failed to load, showing placeholder Sriracha https://nyc3.digitaloceanspaces.com/hq.yumyums/items/sriracha.png","user":"Jamal C. (jamal@yumyums.kitchen)","page":"/inventory.html","ua":"Mozilla/5.0 (X11; Linux x86_64) AppleWebKit/537.36 (KHTML, like Gecko) HeadlessChrome/147.0.7727.15 Safari/537.36"}
[2m[WebServer] [22m{"time":"2026-10-07T08:14:28.621571434-04:00","level":"INFO","msg":"client log","level":"WARN","message":"[inventory] item photo failed to load, showing placeholder Forks https://nyc3.digitaloceanspaces.com/hq.yumyums/items/forks.png","user":"Jamal C. (jamal@yumyums.kitchen)","page":"/inventory.html","ua":"Mozilla/5.0 (X11; Linux x86_64) AppleWebKit/537.36 (KHTML, like Gecko) HeadlessChrome/147.0.7727.15 Safari/537.36"}
[2m[WebServer] [22m{"time":"2026-10-07T08:14:28.634477302-04:00","level":"INFO","msg":"client log","level":"WARN","message":"[inventory] item photo failed to load, showing placeholder Ranch Dressing https://nyc3.digitaloceanspaces.com/hq.yumyums/items/ranch-dressing.png","user":"Jamal C. (jamal@yumyums.kitchen)","page":"/inventory.html","ua":"Mozilla/5.0 (X11; Linux x86_64) AppleWebKit/537.36 (KHTML, like Gecko) HeadlessChrome/147.0.7727.15 Safari/537.36"}
[2m[WebServer] [22m{"time":"2026-10-07T08:14:28.658763358-04:00","level":"INFO","msg":"client log","level":"WARN","message":"[inventory] item photo failed to load, showing placeholder Fries https://nyc3.digitaloceanspaces.com/hq.yumyums/items/fries.png","user":"Jamal C. (jamal@yumyums.kitchen)","page":"/inventory.html","ua":"Mozilla/5.0 (X11; Linux x86_64) AppleWebKit/537.36 (KHTML, like Gecko) HeadlessChrome/147.0.7727.15 Safari/537.36"}
[2m[WebServer] [22m{"time":"2026-10-07T08:14:28.686039109-04:00","level":"INFO","msg":"client log","level":"WARN","message":"[inventory] item photo failed to load, showing placeholder White Cheese Sauce https://nyc3.digitaloceanspaces.com/hq.yumyums/items/white-cheese-sauce.png","user":"Jamal C. (jamal@yumyums.kitchen)","page":"/inventory.html","ua":"Mozilla/5.0 (X11; Linux x86_64) AppleWebKit/537.36 (KHTML, like Gecko) HeadlessChrome/147.0.7727.15 Safari/537.36"}
[2m[WebServer] [22m{"time":"2026-10-07T08:14:28.71898072-04:00","level":"INFO","msg":"client log","level":"WARN","message":"[inventory] item photo failed to load, showing placeholder Lettuce https://nyc3.digitaloceanspaces.com/hq.yumyums/items/lettuce.png","user":"Jamal C. (jamal@yumyums.kitchen)","page":"/inventory.html","ua":"Mozilla/5.0 (X11; Linux x86_64) AppleWebKit/537.36 (KHTML, like Gecko) HeadlessChrome/147.0.7727.15 Safari/537.36"}
[2m[WebServer] [22m{"time":"2026-10-07T08:14:28.779949346-04:00","level":"INFO","msg":"client log","level":"WARN","message":"[inventory] item photo failed to load, showing placeholder Green Peppers https://nyc3.digitaloceanspaces.com/hq.yumyums/items/green-peppers.png","user":"Jamal C. (jamal@yumyums.kitchen)","page":"/inventory.html","ua":"Mozilla/5.0 (X11; Linux x86_64) AppleWebKit/537.36 (KHTML, like Gecko) HeadlessChrome/147.0.7727.15 Safari/537.36"}
[2m[WebServer] [22m{"time":"2026-10-07T08:14:28.81902376-04:00","level":"INFO","msg":"client log","level":"WARN","message":"[inventory] item photo failed to load, showing placeholder Mayonnaise https://nyc3.digitaloceanspaces.com/hq.yumyums/items/mayonnaise.png","user":"Jamal C. (jamal@yumyums.kitchen)","page":"/inventory.html","ua":"Mozilla/5.0 (X11; Linux x86_64) AppleWebKit/537.36 (KHTML, like Gecko) HeadlessChrome/147.0.7727.15 Safari/537.36"}
[2m[WebServer] [22m{"time":"2026-10-07T08:14:28.850512284-04:00","level":"INFO","msg":"client log","level":"WARN","message":"[inventory] item photo failed to load, showing placeholder Nacho Cheese Sauce https://nyc3.digitaloceanspaces.com/hq.yumyums/items/nacho-cheese-sauce.png","user":"Jamal C. (jamal@yumyums.kitchen)","page":"/inventory.html","ua":"Mozilla/5.0 (X11; Linux x86_64) AppleWebKit/537.36 (KHTML, like Gecko) HeadlessChrome/147.0.7727.15 Safari/537.36"}
[2m[WebServer] [22m{"time":"2026-10-07T08:14:28.907855929-04:00","level":"INFO","msg":"client log","level":"WARN","message":"[inventory] item photo failed to load, showing placeholder Cucumber https://nyc3.digitaloceanspaces.com/hq.yumyums/items/cucumber.png","user":"Jamal C. (jamal@yumyums.kitchen)","page":"/inventory.html","ua":"Mozilla/5.0 (X11; Linux x86_64) AppleWebKit/537.36 (KHTML, like Gecko) HeadlessChrome/147.0.7727.15 Safari/537.36"}
[2m[WebServer] [22m{"time":"2026-10-07T08:14:28.938741623-04:00","level":"INFO","msg":"client log","level":"WARN","message":"[inventory] item photo failed to load, showing placeholder Coarse Sea Salt https://nyc3.digitaloceanspaces.com/hq.yumyums/items/coarse-sea-salt.png","user":"Jamal C. (jamal@yumyums.kitchen)","page":"/inventory.html","ua":"Mozilla/5.0 (X11; Linux x86_64) AppleWebKit/537.36 (KHTML, like Gecko) HeadlessChrome/147.0.7727.15 Safari/537.36"}
[2m[WebServer] [22m{"time":"2026-10-07T08:14:28.964572185-04:00","level":"INFO","msg":"client log","level":"WARN","message":"[inventory] item photo failed to load, showing placeholder Liquid Butter https://nyc3.digitaloceanspaces.com/hq.yumyums/items/liquid-butter.png","user":"Jamal C. (jamal@yumyums.kitchen)","page":"/inventory.html","ua":"Mozilla/5.0 (X11; Linux x86_64) AppleWebKit/537.36 (KHTML, like Gecko) HeadlessChrome/147.0.7727.15 Safari/537.36"}
[2m[WebServer] [22m{"time":"2026-10-07T08:14:29.002818196-04:00","level":"INFO","msg":"client log","level":"WARN","message":"[inventory] item photo failed to load, showing placeholder Red Peppers https://nyc3.digitaloceanspaces.com/hq.yumyums/items/red-peppers.png","user":"Jamal C. (jamal@yumyums.kitchen)","page":"/inventory.html","ua":"Mozilla/5.0 (X11; Linux x86_64) AppleWebKit/537.36 (KHTML, like Gecko) HeadlessChrome/147.0.7727.15 Safari/537.36"}
[2m[WebServer] [22m{"time":"2026-10-07T08:14:29.047695436-04:00","level":"INFO","msg":"client log","level":"WARN","message":"[inventory] item photo failed to load, showing placeholder Jalapeños https://nyc3.digitaloceanspaces.com/hq.yumyums/items/jalape-os.png","user":"Jamal C. (jamal@yumyums.kitchen)","page":"/inventory.html","ua":"Mozilla/5.0 (X11; Linux x86_64) AppleWebKit/537.36 (KHTML, like Gecko) HeadlessChrome/147.0.7727.15 Safari/537.36"}
[2m[WebServer] [22m{"time":"2026-10-07T08:14:29.062843197-04:00","level":"INFO","msg":"client log","level":"WARN","message":"[inventory] item photo failed to load, showing placeholder Bread Crumbs https://nyc3.digitaloceanspaces.com/hq.yumyums/items/bread-crumbs.png","user":"Jamal C. (jamal@yumyums.kitchen)","page":"/inventory.html","ua":"Mozilla/5.0 (X11; Linux x86_64) AppleWebKit/537.36 (KHTML, like Gecko) HeadlessChrome/147.0.7727.15 Safari/537.36"}
[2m[WebServer] [22m{"time":"2026-10-07T08:14:29.098642729-04:00","level":"INFO","msg":"client log","level":"WARN","message":"[inventory] item photo failed to load, showing placeholder Seasoning Salt https://nyc3.digitaloceanspaces.com/hq.yumyums/items/seasoning-salt.png","user":"Jamal C. (jamal@yumyums.kitchen)","page":"/inventory.html","ua":"Mozilla/5.0 (X11; Linux x86_64) AppleWebKit/537.36 (KHTML, like Gecko) HeadlessChrome/147.0.7727.15 Safari/537.36"}
[2m[WebServer] [22m{"time":"2026-10-07T08:14:29.14057052-04:00","level":"INFO","msg":"client log","level":"WARN","message":"[inventory] item photo failed to load, showing placeholder Mumbo Sauce https://nyc3.digitaloceanspaces.com/hq.yumyums/items/mumbo-sauce.png","user":"Jamal C. (jamal@yumyums.kitchen)","page":"/inventory.html","ua":"Mozilla/5.0 (X11; Linux x86_64) AppleWebKit/537.36 (KHTML, like Gecko) HeadlessChrome/147.0.7727.15 Safari/537.36"}
[2m[WebServer] [22m{"time":"2026-10-07T08:14:29.169688298-04:00","level":"INFO","msg":"client log","level":"WARN","message":"[inventory] item photo failed to load, showing placeholder Garlic Powder https://nyc3.digitaloceanspaces.com/hq.yumyums/items/garlic-powder.png","user":"Jamal C. (jamal@yumyums.kitchen)","page":"/inventory.html","ua":"Mozilla/5.0 (X11; Linux x86_64) AppleWebKit/537.36 (KHTML, like Gecko) HeadlessChrome/147.0.7727.15 Safari/537.36"}
[2m[WebServer] [22m{"time":"2026-10-07T08:14:29.202628069-04:00","level":"INFO","msg":"client log","level":"WARN","message":"[inventory] item photo failed to load, showing placeholder Chicken Party Wings https://nyc3.digitaloceanspaces.com/hq.yumyums/items/chicken-party-wings.png","user":"Jamal C. (jamal@yumyums.kitchen)","page":"/inventory.html","ua":"Mozilla/5.0 (X11; Linux x86_64) AppleWebKit/537.36 (KHTML, like Gecko) HeadlessChrome/147.0.7727.15 Safari/537.36"}
[2m[WebServer] [22m{"time":"2026-10-07T08:14:29.257831627-04:00","level":"INFO","msg":"client log","level":"WARN","message":"[inventory] item photo failed to load, showing placeholder Crabmeat https://nyc3.digitaloceanspaces.com/hq.yumyums/items/crabmeat.png","user":"Jamal C. (jamal@yumyums.kitchen)","page":"/inventory.html","ua":"Mozilla/5.0 (X11; Linux x86_64) AppleWebKit/537.36 (KHTML, like Gecko) HeadlessChrome/147.0.7727.15 Safari/537.36"}
[2m[WebServer] [22m{"time":"2026-10-07T08:14:29.289535663-04:00","level":"INFO","msg":"client log","level":"WARN","message":"[inventory] item photo failed to load, showing placeholder Crystal Hot Sauce https://nyc3.digitaloceanspaces.com/hq.yumyums/items/crystal-hot-sauce.png","user":"Jamal C. (jamal@yumyums.kitchen)","page":"/inventory.html","ua":"Mozilla/5.0 (X11; Linux x86_64) AppleWebKit/537.36 (KHTML, like Gecko) HeadlessChrome/147.0.7727.15 Safari/537.36"}
[2m[WebServer] [22m{"time":"2026-10-07T08:14:29.355795815-04:00","level":"INFO","msg":"client log","level":"WARN","message":"[inventory] item photo failed to load, showing placeholder White Onions https://nyc3.digitaloceanspaces.com/hq.yumyums/items/white-onions.png","user":"Jamal C. (jamal@yumyums.kitchen)","page":"/inventory.html","ua":"Mozilla/5.0 (X11; Linux x86_64) AppleWebKit/537.36 (KHTML, like Gecko) HeadlessChrome/147.0.7727.15 Safari/537.36"}
[2m[WebServer] [22m{"time":"2026-10-07T08:14:29.409665078-04:00","level":"INFO","msg":"client log","level":"WARN","message":"[inventory] item photo failed to load, showing placeholder Lemon Juice https://nyc3.digitaloceanspaces.com/hq.yumyums/items/lemon-juice.png","user":"Jamal C. (jamal@yumyums.kitchen)","page":"/inventory.html","ua":"Mozilla/5.0 (X11; Linux x86_64) AppleWebKit/537.36 (KHTML, like Gecko) HeadlessChrome/147.0.7727.15 Safari/537.36"}
[2m[WebServer] [22m{"time":"2026-10-07T08:14:29.466912218-04:00","level":"INFO","msg":"client log","level":"WARN","message":"[inventory] item photo failed to load, showing placeholder Meatballs https://nyc3.digitaloceanspaces.com/hq.yumyums/items/meatballs.png","user":"Jamal C. (jamal@yumyums.kitchen)","page":"/inventory.html","ua":"Mozilla/5.0 (X11; Linux x86_64) AppleWebKit/537.36 (KHTML, like Gecko) HeadlessChrome/147.0.7727.15 Safari/537.36"}
[2m[WebServer] [22m{"time":"2026-10-07T08:14:29.495675136-04:00","level":"INFO","msg":"client log","level":"WARN","message":"[inventory] item photo failed to load, showing placeholder Everything Bagel Seasoning https://nyc3.digitaloceanspaces.com/hq.yumyums/items/everything-bagel-seasoning.png","user":"Jamal C. (jamal@yumyums.kitchen)","page":"/inventory.html","ua":"Mozilla/5.0 (X11; Linux x86_64) AppleWebKit/537.36 (KHTML, like Gecko) HeadlessChrome/147.0.7727.15 Safari/537.36"}
[2m[WebServer] [22m{"time":"2026-10-07T08:14:29.567092874-04:00","level":"INFO","msg":"client log","level":"WARN","message":"[inventory] item photo failed to load, showing placeholder Relish https://nyc3.digitaloceanspaces.com/hq.yumyums/items/relish.png","user":"Jamal C. (jamal@yumyums.kitchen)","page":"/inventory.html","ua":"Mozilla/5.0 (X11; Linux x86_64) AppleWebKit/537.36 (KHTML, like Gecko) HeadlessChrome/147.0.7727.15 Safari/537.36"}
  ✘  163 [chromium] › tests/inventory.spec.js:3685:3 › PO add item navigates to Inventory Setup › navigating to inventory.html with newItem hash prefills item name and shows Setup tab (30.2s)
  ✓  164 [chromium] › tests/inventory.spec.js:3718:3 › Receipt sync button › clicking Sync Receipts turns the button into Cancel immediately (1.6s)
  ✓  165 [chromium] › tests/inventory.spec.js:3744:3 › Receipt sync button › reload mid-run shows the Cancel state (survives via GET /status) (1.3s)
  ✓  166 [chromium] › tests/inventory.spec.js:3770:3 › Receipt sync button › completed run shows summary chip with counts (1.3s)
  ✓  167 [chromium] › tests/inventory.spec.js:3803:3 › Receipt sync button › completed run with cached > 0 shows skipped segment (1.3s)
  ✓  168 [chromium] › tests/inventory.spec.js:3830:3 › Receipt sync button › manual sync chip shows Synced from {date} using lookback_days (1.2s)
  ✓  169 [chromium] › tests/inventory.spec.js:3867:3 › Receipt sync button › reprocess_all sync chip shows Reprocessed N pending with correct semantics (1.2s)
  ✓  170 [chromium] › tests/inventory.spec.js:3902:3 › Pending card — parse_error display (260607-e1c) › renders Parser error line when parse_error is set (1.2s)
  ✓  171 [chromium] › tests/inventory.spec.js:3934:3 › Pending card — parse_error display (260607-e1c) › a transient (out-of-credits) failure reads as a sentence, not a truncated request (1.4s)
  ✓  172 [chromium] › tests/inventory.spec.js:3966:3 › Retry parse button (260607-koi) › is shown when pending row has parse_error (1.3s)
  ✓  173 [chromium] › tests/inventory.spec.js:3994:3 › Retry parse button (260607-koi) › is still offered when parse_error is empty (1.2s)
  ✓  174 [chromium] › tests/inventory.spec.js:4027:3 › Retry parse button (260607-koi) › keeps the cause on the card after a successful retry request (1.3s)
  ✓  175 [chromium] › tests/inventory.spec.js:4085:3 › PDF receipt iframe (260607-e1c) › PDF receipt opens in iframe with new-tab link (1.4s)
  ✓  176 [chromium] › tests/inventory.spec.js:4138:3 › Confirm Receipt disabled state (260607-fxl) › Confirm Receipt button is disabled when totals do not match and items are non-empty (1.3s)
  ✓  177 [chromium] › tests/inventory.spec.js:4166:3 › Confirm Receipt disabled state (260607-fxl) › Confirm Receipt button is disabled when items are empty and pending reason is parse-failed (1.2s)
  ✓  178 [chromium] › tests/inventory.spec.js:4189:3 › Confirm Receipt disabled state (260607-fxl) › Confirm Receipt button is enabled when items match bank total (1.2s)
  ✓  179 [chromium] › tests/inventory.spec.js:4218:3 › Retry parse auto-sync (260702-l67) › retry-parse click auto-triggers sync and flips row to Reparsing… (1.4s)
  ✓  180 [chromium] › tests/inventory.spec.js:4395:3 › Inline reparse (260929) › a row with a stored receipt is re-read in place — no flag, no full sync (912ms)
  ✓  181 [chromium] › tests/inventory.spec.js:4435:3 › Inline reparse (260929) › when the re-read finishes the row refreshes itself and no sync chip lingers (857ms)
  ✓  182 [chromium] › tests/inventory.spec.js:4460:3 › Inline reparse (260929) › a row with no stored receipt still goes through Mercury (880ms)
  ✓  183 [chromium] › tests/inventory.spec.js:4472:3 › Inline reparse (260929) › a 409 from another tab’s run queues the row and says so (698ms)
  ✓  184 [chromium] › tests/inventory.spec.js:4486:3 › Inline reparse (260929) › Re-download from source asks Mercury for this charge and rides the same in-flight visual (997ms)
  ✓  185 [chromium] › tests/inventory.spec.js:4521:3 › Inline reparse (260929) › a Missing Receipt row offers Re-download from source — that is the row a file was since attached to (766ms)
  ✓  186 [chromium] › tests/inventory.spec.js:4529:3 › Inline reparse (260929) › when Mercury has nothing new, the failure is said and the row is left as it was (701ms)
  ✘  187 [chromium] › tests/inventory.spec.js:4550:3 › Inline reparse (260929) › the amount is centred on the card and shares the confirmed cards’ right edge (30.1s)
  ✓  188 [chromium] › tests/inventory.spec.js:4579:3 › Inline reparse (260929) › Re-download while a sync is running is refused in words, not queued (1.0s)
  ✓  189 [chromium] › tests/inventory.spec.js:4609:3 › Inventory prove sweep — Purchases › FR-3: item-picker selection persists across reload (2.7s)
  ✓  190 [chromium] › tests/inventory.spec.js:4685:3 › Inventory prove sweep — Purchases › FR-5: discard sets discarded_at and removes row from queue (1.4s)
  ✓  191 [chromium] › tests/inventory.spec.js:4731:3 › Inventory prove sweep — Purchases › FR-11: vendor filter + pagination work against a real seed (2.8s)
  ✓  192 [chromium] › tests/inventory.spec.js:4896:3 › Inventory prove sweep — Stock › FR-12: /stock classifies low/medium/high against group thresholds (1.4s)
  ✓  193 [chromium] › tests/inventory.spec.js:4940:3 › Inventory prove sweep — Stock › FR-13: stock override value wins over derived sum (COALESCE) (1.4s)
  ✓  194 [chromium] › tests/inventory.spec.js:4975:3 › Inventory prove sweep — Stock › FR-14: manual count requires reason (400) and persists (204) (1.3s)
  ✓  195 [chromium] › tests/inventory.spec.js:5019:3 › Inventory prove sweep — Stock › FR-15: reorder-tap expands item + View-in-Setup jumps to Setup tab (1.7s)
  ✓  196 [chromium] › tests/inventory.spec.js:5101:3 › Inventory prove sweep — Setup › FR-26: item create title-cases, update persists, merge deletes source (1.5s)
  ✓  197 [chromium] › tests/inventory.spec.js:5159:3 › Inventory prove sweep — Setup › FR-28: group thresholds persist and low<high validation rejects invalid (1.3s)
  ✓  198 [chromium] › tests/inventory.spec.js:5202:3 › Inventory prove sweep — Setup › FR-29: vendor create title-cases, update renames, merge deletes source (1.4s)
  ✓  199 [chromium] › tests/inventory.spec.js:5254:3 › Inventory prove sweep — Setup › FR-30: tags list endpoint returns a well-formed array (1.4s)
  ✓  200 [chromium] › tests/inventory.spec.js:5272:3 › Inventory prove sweep — Setup › FR-31: repurchase-reset config edit persists and reads back (cross-pkg, read+write via HTTP) (1.3s)
  -  201 [chromium] › tests/inventory.spec.js:5307:8 › Inventory prove sweep — Setup › FR-27: photo upload convert/resize (PARKED — needs live DO Spaces S3 client)
  ✓  202 [chromium] › tests/inventory.spec.js:5332:3 › Inventory prove sweep — Menu & cross-cutting › FR-16: Recipes › By dish renders from the LIVE menu-items handler (no stub) (1.6s)
  ✓  203 [chromium] › tests/inventory.spec.js:5371:3 › Inventory prove sweep — Menu & cross-cutting › NFR-1: create-vendor and create-item title-case; item-EDIT gap is exposed (1.5s)
  ✓  204 [chromium] › tests/inventory.spec.js:5430:3 › Inventory prove sweep — Menu & cross-cutting › NFR-3: unauthenticated Inventory API call redirects to /login.html (1.5s)
[2m[WebServer] [22m{"time":"2026-10-07T08:16:11.653568419-04:00","level":"ERROR","msg":"GetStock query failed","error":"context canceled"}
  ✓  205 [chromium] › tests/inventory.spec.js:5464:3 › Purchases — card holder label › a pending card names who swiped and the last four, next to the Mercury category (994ms)
  ✓  206 [chromium] › tests/inventory.spec.js:5483:3 › Purchases — card holder label › a pending card with no resolved card shows the Mercury line unchanged — no dangling separator (877ms)
  ✓  207 [chromium] › tests/inventory.spec.js:5499:3 › Purchases — card holder label › confirming a pending purchase carries the card label onto the history card (1.3s)
  ✓  208 [chromium] › tests/inventory.spec.js:5568:3 › Purchases — date-ordered list + filter chips › default view is one list in event-date order — a fresh auto-added event sits between the queue cards at its date (1.0s)
  ✓  209 [chromium] › tests/inventory.spec.js:5578:3 › Purchases — date-ordered list + filter chips › chips filter the list: Needs review → queue only, Recently added → last-7-day events only, All → everything (962ms)
  ✓  210 [chromium] › tests/inventory.spec.js:5598:3 › Purchases — date-ordered list + filter chips › against the real API: an event created today renders above an older queue card (918ms)
[2m[WebServer] [22m{"time":"2026-10-07T08:16:17.999453946-04:00","level":"INFO","msg":"client log","level":"WARN","message":"[inventory] item photo failed to load, showing placeholder Coke https://nyc3.digitaloceanspaces.com/hq.yumyums/items/coke.png","user":"Jamal C. (jamal@yumyums.kitchen)","page":"/inventory.html","ua":"Mozilla/5.0 (X11; Linux x86_64) AppleWebKit/537.36 (KHTML, like Gecko) HeadlessChrome/147.0.7727.15 Safari/537.36"}
  ✓  211 [chromium] › tests/inventory.spec.js:5636:3 › Setup — dead item photo fallback › a photo URL that 404s renders the letter placeholder in the row and in the editor (879ms)
  ✓  212 [chromium] › tests/inventory.spec.js:5705:3 › Purchases — line item links to its catalog item in Setup › tapping a linked line opens that item in Setup even though the receipt text differs from the catalog name (1.3s)
  ✓  213 [chromium] › tests/inventory.spec.js:5725:3 › Purchases — line item links to its catalog item in Setup › a nickname typed in Setup is the label; a nickname that is just the receipt text is not (803ms)
  ✓  214 [chromium] › tests/inventory.spec.js:5739:3 › Purchases — line item links to its catalog item in Setup › a line with no linked item is not a link and tapping it only toggles the card (1.3s)
  ✓  215 [chromium] › tests/inventory.spec.js:5822:3 › Item display name — promoted nicknames › Reorder + Stock rows show the promoted nickname, keyed by the description (1.7s)
  ✓  216 [chromium] › tests/inventory.spec.js:5850:3 › Item display name — promoted nicknames › an unpromoted alias never becomes the label (1.7s)
[2m[WebServer] [22m{"time":"2026-10-07T08:16:26.189759694-04:00","level":"INFO","msg":"client log","level":"WARN","message":"[inventory] item photo failed to load, showing placeholder Dr. Pepper https://nyc3.digitaloceanspaces.com/hq.yumyums/items/dr-pepper.png","user":"Jamal C. (jamal@yumyums.kitchen)","page":"/inventory.html","ua":"Mozilla/5.0 (X11; Linux x86_64) AppleWebKit/537.36 (KHTML, like Gecko) HeadlessChrome/147.0.7727.15 Safari/537.36"}
[2m[WebServer] [22m{"time":"2026-10-07T08:16:26.220251815-04:00","level":"INFO","msg":"client log","level":"WARN","message":"[inventory] item photo failed to load, showing placeholder Coke https://nyc3.digitaloceanspaces.com/hq.yumyums/items/coke.png","user":"Jamal C. (jamal@yumyums.kitchen)","page":"/inventory.html","ua":"Mozilla/5.0 (X11; Linux x86_64) AppleWebKit/537.36 (KHTML, like Gecko) HeadlessChrome/147.0.7727.15 Safari/537.36"}
[2m[WebServer] [22m{"time":"2026-10-07T08:16:26.262287083-04:00","level":"INFO","msg":"client log","level":"WARN","message":"[inventory] item photo failed to load, showing placeholder Dirty Dog Rolls https://nyc3.digitaloceanspaces.com/hq.yumyums/items/dirty-dog-rolls.png","user":"Jamal C. (jamal@yumyums.kitchen)","page":"/inventory.html","ua":"Mozilla/5.0 (X11; Linux x86_64) AppleWebKit/537.36 (KHTML, like Gecko) HeadlessChrome/147.0.7727.15 Safari/537.36"}
[2m[WebServer] [22m{"time":"2026-10-07T08:16:26.377093933-04:00","level":"INFO","msg":"client log","level":"WARN","message":"[inventory] item photo failed to load, showing placeholder Salt https://nyc3.digitaloceanspaces.com/hq.yumyums/items/salt.png","user":"Jamal C. (jamal@yumyums.kitchen)","page":"/inventory.html","ua":"Mozilla/5.0 (X11; Linux x86_64) AppleWebKit/537.36 (KHTML, like Gecko) HeadlessChrome/147.0.7727.15 Safari/537.36"}
[2m[WebServer] [22m{"time":"2026-10-07T08:16:26.437298111-04:00","level":"INFO","msg":"client log","level":"WARN","message":"[inventory] item photo failed to load, showing placeholder Dish Soap https://nyc3.digitaloceanspaces.com/hq.yumyums/items/dish-soap.png","user":"Jamal C. (jamal@yumyums.kitchen)","page":"/inventory.html","ua":"Mozilla/5.0 (X11; Linux x86_64) AppleWebKit/537.36 (KHTML, like Gecko) HeadlessChrome/147.0.7727.15 Safari/537.36"}
[2m[WebServer] [22m{"time":"2026-10-07T08:16:26.451155129-04:00","level":"INFO","msg":"client log","level":"WARN","message":"[inventory] item photo failed to load, showing placeholder Water https://nyc3.digitaloceanspaces.com/hq.yumyums/items/water.png","user":"Jamal C. (jamal@yumyums.kitchen)","page":"/inventory.html","ua":"Mozilla/5.0 (X11; Linux x86_64) AppleWebKit/537.36 (KHTML, like Gecko) HeadlessChrome/147.0.7727.15 Safari/537.36"}
[2m[WebServer] [22m{"time":"2026-10-07T08:16:26.486903042-04:00","level":"INFO","msg":"client log","level":"WARN","message":"[inventory] item photo failed to load, showing placeholder Sour Cream https://nyc3.digitaloceanspaces.com/hq.yumyums/items/sour-cream.png","user":"Jamal C. (jamal@yumyums.kitchen)","page":"/inventory.html","ua":"Mozilla/5.0 (X11; Linux x86_64) AppleWebKit/537.36 (KHTML, like Gecko) HeadlessChrome/147.0.7727.15 Safari/537.36"}
[2m[WebServer] [22m{"time":"2026-10-07T08:16:26.578820953-04:00","level":"INFO","msg":"client log","level":"WARN","message":"[inventory] item photo failed to load, showing placeholder Cayenne Pepper https://nyc3.digitaloceanspaces.com/hq.yumyums/items/cayenne-pepper.png","user":"Jamal C. (jamal@yumyums.kitchen)","page":"/inventory.html","ua":"Mozilla/5.0 (X11; Linux x86_64) AppleWebKit/537.36 (KHTML, like Gecko) HeadlessChrome/147.0.7727.15 Safari/537.36"}
[2m[WebServer] [22m{"time":"2026-10-07T08:16:26.64133202-04:00","level":"INFO","msg":"client log","level":"WARN","message":"[inventory] item photo failed to load, showing placeholder Spinach He https://nyc3.digitaloceanspaces.com/hq.yumyums/items/spinach-he.png","user":"Jamal C. (jamal@yumyums.kitchen)","page":"/inventory.html","ua":"Mozilla/5.0 (X11; Linux x86_64) AppleWebKit/537.36 (KHTML, like Gecko) HeadlessChrome/147.0.7727.15 Safari/537.36"}
[2m[WebServer] [22m{"time":"2026-10-07T08:16:26.677811439-04:00","level":"INFO","msg":"client log","level":"WARN","message":"[inventory] item photo failed to load, showing placeholder Ground Beef https://nyc3.digitaloceanspaces.com/hq.yumyums/items/ground-beef.png","user":"Jamal C. (jamal@yumyums.kitchen)","page":"/inventory.html","ua":"Mozilla/5.0 (X11; Linux x86_64) AppleWebKit/537.36 (KHTML, like Gecko) HeadlessChrome/147.0.7727.15 Safari/537.36"}
[2m[WebServer] [22m{"time":"2026-10-07T08:16:26.683310886-04:00","level":"INFO","msg":"client log","level":"WARN","message":"[inventory] item photo failed to load, showing placeholder Boxes (No 8) https://nyc3.digitaloceanspaces.com/hq.yumyums/items/boxes-no-8.png","user":"Jamal C. (jamal@yumyums.kitchen)","page":"/inventory.html","ua":"Mozilla/5.0 (X11; Linux x86_64) AppleWebKit/537.36 (KHTML, like Gecko) HeadlessChrome/147.0.7727.15 Safari/537.36"}
[2m[WebServer] [22m{"time":"2026-10-07T08:16:26.694873477-04:00","level":"INFO","msg":"client log","level":"WARN","message":"[inventory] item photo failed to load, showing placeholder Cups https://nyc3.digitaloceanspaces.com/hq.yumyums/items/cups.png","user":"Jamal C. (jamal@yumyums.kitchen)","page":"/inventory.html","ua":"Mozilla/5.0 (X11; Linux x86_64) AppleWebKit/537.36 (KHTML, like Gecko) HeadlessChrome/147.0.7727.15 Safari/537.36"}
[2m[WebServer] [22m{"time":"2026-10-07T08:16:26.732406052-04:00","level":"INFO","msg":"client log","level":"WARN","message":"[inventory] item photo failed to load, showing placeholder Lemonade Mix https://nyc3.digitaloceanspaces.com/hq.yumyums/items/lemonade-mix.png","user":"Jamal C. (jamal@yumyums.kitchen)","page":"/inventory.html","ua":"Mozilla/5.0 (X11; Linux x86_64) AppleWebKit/537.36 (KHTML, like Gecko) HeadlessChrome/147.0.7727.15 Safari/537.36"}
[2m[WebServer] [22m{"time":"2026-10-07T08:16:26.844339094-04:00","level":"INFO","msg":"client log","level":"WARN","message":"[inventory] item photo failed to load, showing placeholder Coke Zero https://nyc3.digitaloceanspaces.com/hq.yumyums/items/coke-zero.png","user":"Jamal C. (jamal@yumyums.kitchen)","page":"/inventory.html","ua":"Mozilla/5.0 (X11; Linux x86_64) AppleWebKit/537.36 (KHTML, like Gecko) HeadlessChrome/147.0.7727.15 Safari/537.36"}
[2m[WebServer] [22m{"time":"2026-10-07T08:16:26.884002583-04:00","level":"INFO","msg":"client log","level":"WARN","message":"[inventory] item photo failed to load, showing placeholder Hand Soap https://nyc3.digitaloceanspaces.com/hq.yumyums/items/hand-soap.png","user":"Jamal C. (jamal@yumyums.kitchen)","page":"/inventory.html","ua":"Mozilla/5.0 (X11; Linux x86_64) AppleWebKit/537.36 (KHTML, like Gecko) HeadlessChrome/147.0.7727.15 Safari/537.36"}
[2m[WebServer] [22m{"time":"2026-10-07T08:16:26.891794846-04:00","level":"INFO","msg":"client log","level":"WARN","message":"[inventory] item photo failed to load, showing placeholder Trash Bags (30 Gallon) https://nyc3.digitaloceanspaces.com/hq.yumyums/items/trash-bags-30-gallon.png","user":"Jamal C. (jamal@yumyums.kitchen)","page":"/inventory.html","ua":"Mozilla/5.0 (X11; Linux x86_64) AppleWebKit/537.36 (KHTML, like Gecko) HeadlessChrome/147.0.7727.15 Safari/537.36"}
[2m[WebServer] [22m{"time":"2026-10-07T08:16:26.905974697-04:00","level":"INFO","msg":"client log","level":"WARN","message":"[inventory] item photo failed to load, showing placeholder Sugar https://nyc3.digitaloceanspaces.com/hq.yumyums/items/sugar.png","user":"Jamal C. (jamal@yumyums.kitchen)","page":"/inventory.html","ua":"Mozilla/5.0 (X11; Linux x86_64) AppleWebKit/537.36 (KHTML, like Gecko) HeadlessChrome/147.0.7727.15 Safari/537.36"}
[2m[WebServer] [22m{"time":"2026-10-07T08:16:26.934765202-04:00","level":"INFO","msg":"client log","level":"WARN","message":"[inventory] item photo failed to load, showing placeholder Mango Syrup https://nyc3.digitaloceanspaces.com/hq.yumyums/items/mango-syrup.png","user":"Jamal C. (jamal@yumyums.kitchen)","page":"/inventory.html","ua":"Mozilla/5.0 (X11; Linux x86_64) AppleWebKit/537.36 (KHTML, like Gecko) HeadlessChrome/147.0.7727.15 Safari/537.36"}
[2m[WebServer] [22m{"time":"2026-10-07T08:16:27.023242171-04:00","level":"INFO","msg":"client log","level":"WARN","message":"[inventory] item photo failed to load, showing placeholder Brisket https://nyc3.digitaloceanspaces.com/hq.yumyums/items/brisket.png","user":"Jamal C. (jamal@yumyums.kitchen)","page":"/inventory.html","ua":"Mozilla/5.0 (X11; Linux x86_64) AppleWebKit/537.36 (KHTML, like Gecko) HeadlessChrome/147.0.7727.15 Safari/537.36"}
[2m[WebServer] [22m{"time":"2026-10-07T08:16:27.116510825-04:00","level":"INFO","msg":"client log","level":"WARN","message":"[inventory] item photo failed to load, showing placeholder Seasoning Salt https://nyc3.digitaloceanspaces.com/hq.yumyums/items/seasoning-salt.png","user":"Jamal C. (jamal@yumyums.kitchen)","page":"/inventory.html","ua":"Mozilla/5.0 (X11; Linux x86_64) AppleWebKit/537.36 (KHTML, like Gecko) HeadlessChrome/147.0.7727.15 Safari/537.36"}
[2m[WebServer] [22m{"time":"2026-10-07T08:16:27.14997527-04:00","level":"INFO","msg":"client log","level":"WARN","message":"[inventory] item photo failed to load, showing placeholder Parm Cheese https://nyc3.digitaloceanspaces.com/hq.yumyums/items/parm-cheese.png","user":"Jamal C. (jamal@yumyums.kitchen)","page":"/inventory.html","ua":"Mozilla/5.0 (X11; Linux x86_64) AppleWebKit/537.36 (KHTML, like Gecko) HeadlessChrome/147.0.7727.15 Safari/537.36"}
[2m[WebServer] [22m{"time":"2026-10-07T08:16:27.156161423-04:00","level":"INFO","msg":"client log","level":"WARN","message":"[inventory] item photo failed to load, showing placeholder Frank’s Hot Sauce https://nyc3.digitaloceanspaces.com/hq.yumyums/items/frank-s-hot-sauce.png","user":"Jamal C. (jamal@yumyums.kitchen)","page":"/inventory.html","ua":"Mozilla/5.0 (X11; Linux x86_64) AppleWebKit/537.36 (KHTML, like Gecko) HeadlessChrome/147.0.7727.15 Safari/537.36"}
[2m[WebServer] [22m{"time":"2026-10-07T08:16:27.191246158-04:00","level":"INFO","msg":"client log","level":"WARN","message":"[inventory] item photo failed to load, showing placeholder Hamburger Rolls https://nyc3.digitaloceanspaces.com/hq.yumyums/items/hamburger-rolls.png","user":"Jamal C. (jamal@yumyums.kitchen)","page":"/inventory.html","ua":"Mozilla/5.0 (X11; Linux x86_64) AppleWebKit/537.36 (KHTML, like Gecko) HeadlessChrome/147.0.7727.15 Safari/537.36"}
[2m[WebServer] [22m{"time":"2026-10-07T08:16:27.318872232-04:00","level":"INFO","msg":"client log","level":"WARN","message":"[inventory] item photo failed to load, showing placeholder Limes https://nyc3.digitaloceanspaces.com/hq.yumyums/items/limes.png","user":"Jamal C. (jamal@yumyums.kitchen)","page":"/inventory.html","ua":"Mozilla/5.0 (X11; Linux x86_64) AppleWebKit/537.36 (KHTML, like Gecko) HeadlessChrome/147.0.7727.15 Safari/537.36"}
[2m[WebServer] [22m{"time":"2026-10-07T08:16:27.341101431-04:00","level":"INFO","msg":"client log","level":"WARN","message":"[inventory] item photo failed to load, showing placeholder White Onions https://nyc3.digitaloceanspaces.com/hq.yumyums/items/white-onions.png","user":"Jamal C. (jamal@yumyums.kitchen)","page":"/inventory.html","ua":"Mozilla/5.0 (X11; Linux x86_64) AppleWebKit/537.36 (KHTML, like Gecko) HeadlessChrome/147.0.7727.15 Safari/537.36"}
[2m[WebServer] [22m{"time":"2026-10-07T08:16:27.374541058-04:00","level":"INFO","msg":"client log","level":"WARN","message":"[inventory] item photo failed to load, showing placeholder Ketchup Packets https://nyc3.digitaloceanspaces.com/hq.yumyums/items/ketchup-packets.png","user":"Jamal C. (jamal@yumyums.kitchen)","page":"/inventory.html","ua":"Mozilla/5.0 (X11; Linux x86_64) AppleWebKit/537.36 (KHTML, like Gecko) HeadlessChrome/147.0.7727.15 Safari/537.36"}
[2m[WebServer] [22m{"time":"2026-10-07T08:16:27.390695296-04:00","level":"INFO","msg":"client log","level":"WARN","message":"[inventory] item photo failed to load, showing placeholder Towels https://nyc3.digitaloceanspaces.com/hq.yumyums/items/towels.png","user":"Jamal C. (jamal@yumyums.kitchen)","page":"/inventory.html","ua":"Mozilla/5.0 (X11; Linux x86_64) AppleWebKit/537.36 (KHTML, like Gecko) HeadlessChrome/147.0.7727.15 Safari/537.36"}
[2m[WebServer] [22m{"time":"2026-10-07T08:16:27.396530361-04:00","level":"INFO","msg":"client log","level":"WARN","message":"[inventory] item photo failed to load, showing placeholder Relish https://nyc3.digitaloceanspaces.com/hq.yumyums/items/relish.png","user":"Jamal C. (jamal@yumyums.kitchen)","page":"/inventory.html","ua":"Mozilla/5.0 (X11; Linux x86_64) AppleWebKit/537.36 (KHTML, like Gecko) HeadlessChrome/147.0.7727.15 Safari/537.36"}
[2m[WebServer] [22m{"time":"2026-10-07T08:16:27.451424603-04:00","level":"INFO","msg":"client log","level":"WARN","message":"[inventory] item photo failed to load, showing placeholder Lemons https://nyc3.digitaloceanspaces.com/hq.yumyums/items/lemons.png","user":"Jamal C. (jamal@yumyums.kitchen)","page":"/inventory.html","ua":"Mozilla/5.0 (X11; Linux x86_64) AppleWebKit/537.36 (KHTML, like Gecko) HeadlessChrome/147.0.7727.15 Safari/537.36"}
[2m[WebServer] [22m{"time":"2026-10-07T08:16:27.475132282-04:00","level":"INFO","msg":"client log","level":"WARN","message":"[inventory] item photo failed to load, showing placeholder Blast Away https://nyc3.digitaloceanspaces.com/hq.yumyums/items/blast-away.png","user":"Jamal C. (jamal@yumyums.kitchen)","page":"/inventory.html","ua":"Mozilla/5.0 (X11; Linux x86_64) AppleWebKit/537.36 (KHTML, like Gecko) HeadlessChrome/147.0.7727.15 Safari/537.36"}
[2m[WebServer] [22m{"time":"2026-10-07T08:16:27.562859052-04:00","level":"INFO","msg":"client log","level":"WARN","message":"[inventory] item photo failed to load, showing placeholder Cup Holders https://nyc3.digitaloceanspaces.com/hq.yumyums/items/cup-holders.png","user":"Jamal C. (jamal@yumyums.kitchen)","page":"/inventory.html","ua":"Mozilla/5.0 (X11; Linux x86_64) AppleWebKit/537.36 (KHTML, like Gecko) HeadlessChrome/147.0.7727.15 Safari/537.36"}
[2m[WebServer] [22m{"time":"2026-10-07T08:16:27.563861823-04:00","level":"INFO","msg":"client log","level":"WARN","message":"[inventory] item photo failed to load, showing placeholder Mexican Cheese https://nyc3.digitaloceanspaces.com/hq.yumyums/items/mexican-cheese.png","user":"Jamal C. (jamal@yumyums.kitchen)","page":"/inventory.html","ua":"Mozilla/5.0 (X11; Linux x86_64) AppleWebKit/537.36 (KHTML, like Gecko) HeadlessChrome/147.0.7727.15 Safari/537.36"}
[2m[WebServer] [22m{"time":"2026-10-07T08:16:27.625192427-04:00","level":"INFO","msg":"client log","level":"WARN","message":"[inventory] item photo failed to load, showing placeholder Granulated Onion https://nyc3.digitaloceanspaces.com/hq.yumyums/items/granulated-onion.png","user":"Jamal C. (jamal@yumyums.kitchen)","page":"/inventory.html","ua":"Mozilla/5.0 (X11; Linux x86_64) AppleWebKit/537.36 (KHTML, like Gecko) HeadlessChrome/147.0.7727.15 Safari/537.36"}
[2m[WebServer] [22m{"time":"2026-10-07T08:16:27.630068769-04:00","level":"INFO","msg":"client log","level":"WARN","message":"[inventory] item photo failed to load, showing placeholder Ranch Dressing https://nyc3.digitaloceanspaces.com/hq.yumyums/items/ranch-dressing.png","user":"Jamal C. (jamal@yumyums.kitchen)","page":"/inventory.html","ua":"Mozilla/5.0 (X11; Linux x86_64) AppleWebKit/537.36 (KHTML, like Gecko) HeadlessChrome/147.0.7727.15 Safari/537.36"}
[2m[WebServer] [22m{"time":"2026-10-07T08:16:27.748733397-04:00","level":"INFO","msg":"client log","level":"WARN","message":"[inventory] item photo failed to load, showing placeholder Red Onions https://nyc3.digitaloceanspaces.com/hq.yumyums/items/red-onions.png","user":"Jamal C. (jamal@yumyums.kitchen)","page":"/inventory.html","ua":"Mozilla/5.0 (X11; Linux x86_64) AppleWebKit/537.36 (KHTML, like Gecko) HeadlessChrome/147.0.7727.15 Safari/537.36"}
[2m[WebServer] [22m{"time":"2026-10-07T08:16:27.756120211-04:00","level":"INFO","msg":"client log","level":"WARN","message":"[inventory] item photo failed to load, showing placeholder Bbq Sauce https://nyc3.digitaloceanspaces.com/hq.yumyums/items/bbq-sauce.png","user":"Jamal C. (jamal@yumyums.kitchen)","page":"/inventory.html","ua":"Mozilla/5.0 (X11; Linux x86_64) AppleWebKit/537.36 (KHTML, like Gecko) HeadlessChrome/147.0.7727.15 Safari/537.36"}
[2m[WebServer] [22m{"time":"2026-10-07T08:16:27.773679553-04:00","level":"INFO","msg":"client log","level":"WARN","message":"[inventory] item photo failed to load, showing placeholder Ground Turkey https://nyc3.digitaloceanspaces.com/hq.yumyums/items/ground-turkey.png","user":"Jamal C. (jamal@yumyums.kitchen)","page":"/inventory.html","ua":"Mozilla/5.0 (X11; Linux x86_64) AppleWebKit/537.36 (KHTML, like Gecko) HeadlessChrome/147.0.7727.15 Safari/537.36"}
[2m[WebServer] [22m{"time":"2026-10-07T08:16:27.786016944-04:00","level":"INFO","msg":"client log","level":"WARN","message":"[inventory] item photo failed to load, showing placeholder Honey Mustard https://nyc3.digitaloceanspaces.com/hq.yumyums/items/honey-mustard.png","user":"Jamal C. (jamal@yumyums.kitchen)","page":"/inventory.html","ua":"Mozilla/5.0 (X11; Linux x86_64) AppleWebKit/537.36 (KHTML, like Gecko) HeadlessChrome/147.0.7727.15 Safari/537.36"}
[2m[WebServer] [22m{"time":"2026-10-07T08:16:27.830937837-04:00","level":"INFO","msg":"client log","level":"WARN","message":"[inventory] item photo failed to load, showing placeholder Sanitizing Tablets https://nyc3.digitaloceanspaces.com/hq.yumyums/items/sanitizing-tablets.png","user":"Jamal C. (jamal@yumyums.kitchen)","page":"/inventory.html","ua":"Mozilla/5.0 (X11; Linux x86_64) AppleWebKit/537.36 (KHTML, like Gecko) HeadlessChrome/147.0.7727.15 Safari/537.36"}
[2m[WebServer] [22m{"time":"2026-10-07T08:16:27.956414947-04:00","level":"INFO","msg":"client log","level":"WARN","message":"[inventory] item photo failed to load, showing placeholder Avocados https://nyc3.digitaloceanspaces.com/hq.yumyums/items/avocados.png","user":"Jamal C. (jamal@yumyums.kitchen)","page":"/inventory.html","ua":"Mozilla/5.0 (X11; Linux x86_64) AppleWebKit/537.36 (KHTML, like Gecko) HeadlessChrome/147.0.7727.15 Safari/537.36"}
[2m[WebServer] [22m{"time":"2026-10-07T08:16:27.980004988-04:00","level":"INFO","msg":"client log","level":"WARN","message":"[inventory] item photo failed to load, showing placeholder Liquid Butter https://nyc3.digitaloceanspaces.com/hq.yumyums/items/liquid-butter.png","user":"Jamal C. (jamal@yumyums.kitchen)","page":"/inventory.html","ua":"Mozilla/5.0 (X11; Linux x86_64) AppleWebKit/537.36 (KHTML, like Gecko) HeadlessChrome/147.0.7727.15 Safari/537.36"}
[2m[WebServer] [22m{"time":"2026-10-07T08:16:27.997060151-04:00","level":"INFO","msg":"client log","level":"WARN","message":"[inventory] item photo failed to load, showing placeholder Napkins https://nyc3.digitaloceanspaces.com/hq.yumyums/items/napkins.png","user":"Jamal C. (jamal@yumyums.kitchen)","page":"/inventory.html","ua":"Mozilla/5.0 (X11; Linux x86_64) AppleWebKit/537.36 (KHTML, like Gecko) HeadlessChrome/147.0.7727.15 Safari/537.36"}
[2m[WebServer] [22m{"time":"2026-10-07T08:16:28.015585844-04:00","level":"INFO","msg":"client log","level":"WARN","message":"[inventory] item photo failed to load, showing placeholder Wings https://nyc3.digitaloceanspaces.com/hq.yumyums/items/wings.png","user":"Jamal C. (jamal@yumyums.kitchen)","page":"/inventory.html","ua":"Mozilla/5.0 (X11; Linux x86_64) AppleWebKit/537.36 (KHTML, like Gecko) HeadlessChrome/147.0.7727.15 Safari/537.36"}
[2m[WebServer] [22m{"time":"2026-10-07T08:16:28.10766458-04:00","level":"INFO","msg":"client log","level":"WARN","message":"[inventory] item photo failed to load, showing placeholder Brisket Rolls https://nyc3.digitaloceanspaces.com/hq.yumyums/items/brisket-rolls.png","user":"Jamal C. (jamal@yumyums.kitchen)","page":"/inventory.html","ua":"Mozilla/5.0 (X11; Linux x86_64) AppleWebKit/537.36 (KHTML, like Gecko) HeadlessChrome/147.0.7727.15 Safari/537.36"}
[2m[WebServer] [22m{"time":"2026-10-07T08:16:28.132576895-04:00","level":"INFO","msg":"client log","level":"WARN","message":"[inventory] item photo failed to load, showing placeholder Bleach https://nyc3.digitaloceanspaces.com/hq.yumyums/items/bleach.png","user":"Jamal C. (jamal@yumyums.kitchen)","page":"/inventory.html","ua":"Mozilla/5.0 (X11; Linux x86_64) AppleWebKit/537.36 (KHTML, like Gecko) HeadlessChrome/147.0.7727.15 Safari/537.36"}
[2m[WebServer] [22m{"time":"2026-10-07T08:16:28.147839339-04:00","level":"INFO","msg":"client log","level":"WARN","message":"[inventory] item photo failed to load, showing placeholder Green Peppers https://nyc3.digitaloceanspaces.com/hq.yumyums/items/green-peppers.png","user":"Jamal C. (jamal@yumyums.kitchen)","page":"/inventory.html","ua":"Mozilla/5.0 (X11; Linux x86_64) AppleWebKit/537.36 (KHTML, like Gecko) HeadlessChrome/147.0.7727.15 Safari/537.36"}
[2m[WebServer] [22m{"time":"2026-10-07T08:16:28.181366309-04:00","level":"INFO","msg":"client log","level":"WARN","message":"[inventory] item photo failed to load, showing placeholder Aluminum Foil https://nyc3.digitaloceanspaces.com/hq.yumyums/items/aluminum-foil.png","user":"Jamal C. (jamal@yumyums.kitchen)","page":"/inventory.html","ua":"Mozilla/5.0 (X11; Linux x86_64) AppleWebKit/537.36 (KHTML, like Gecko) HeadlessChrome/147.0.7727.15 Safari/537.36"}
[2m[WebServer] [22m{"time":"2026-10-07T08:16:28.274922988-04:00","level":"INFO","msg":"client log","level":"WARN","message":"[inventory] item photo failed to load, showing placeholder Pickles https://nyc3.digitaloceanspaces.com/hq.yumyums/items/pickles.png","user":"Jamal C. (jamal@yumyums.kitchen)","page":"/inventory.html","ua":"Mozilla/5.0 (X11; Linux x86_64) AppleWebKit/537.36 (KHTML, like Gecko) HeadlessChrome/147.0.7727.15 Safari/537.36"}
[2m[WebServer] [22m{"time":"2026-10-07T08:16:28.307709644-04:00","level":"INFO","msg":"client log","level":"WARN","message":"[inventory] item photo failed to load, showing placeholder Egg Roll Wraps https://nyc3.digitaloceanspaces.com/hq.yumyums/items/egg-roll-wraps.png","user":"Jamal C. (jamal@yumyums.kitchen)","page":"/inventory.html","ua":"Mozilla/5.0 (X11; Linux x86_64) AppleWebKit/537.36 (KHTML, like Gecko) HeadlessChrome/147.0.7727.15 Safari/537.36"}
[2m[WebServer] [22m{"time":"2026-10-07T08:16:28.32184244-04:00","level":"INFO","msg":"client log","level":"WARN","message":"[inventory] item photo failed to load, showing placeholder White Cheese Sauce https://nyc3.digitaloceanspaces.com/hq.yumyums/items/white-cheese-sauce.png","user":"Jamal C. (jamal@yumyums.kitchen)","page":"/inventory.html","ua":"Mozilla/5.0 (X11; Linux x86_64) AppleWebKit/537.36 (KHTML, like Gecko) HeadlessChrome/147.0.7727.15 Safari/537.36"}
[2m[WebServer] [22m{"time":"2026-10-07T08:16:28.421641137-04:00","level":"INFO","msg":"client log","level":"WARN","message":"[inventory] item photo failed to load, showing placeholder Sprite https://nyc3.digitaloceanspaces.com/hq.yumyums/items/sprite.png","user":"Jamal C. (jamal@yumyums.kitchen)","page":"/inventory.html","ua":"Mozilla/5.0 (X11; Linux x86_64) AppleWebKit/537.36 (KHTML, like Gecko) HeadlessChrome/147.0.7727.15 Safari/537.36"}
[2m[WebServer] [22m{"time":"2026-10-07T08:16:28.435750298-04:00","level":"INFO","msg":"client log","level":"WARN","message":"[inventory] item photo failed to load, showing placeholder Frying Oil https://nyc3.digitaloceanspaces.com/hq.yumyums/items/frying-oil.png","user":"Jamal C. (jamal@yumyums.kitchen)","page":"/inventory.html","ua":"Mozilla/5.0 (X11; Linux x86_64) AppleWebKit/537.36 (KHTML, like Gecko) HeadlessChrome/147.0.7727.15 Safari/537.36"}
[2m[WebServer] [22m{"time":"2026-10-07T08:16:28.441109762-04:00","level":"INFO","msg":"client log","level":"WARN","message":"[inventory] item photo failed to load, showing placeholder Lids https://nyc3.digitaloceanspaces.com/hq.yumyums/items/lids.png","user":"Jamal C. (jamal@yumyums.kitchen)","page":"/inventory.html","ua":"Mozilla/5.0 (X11; Linux x86_64) AppleWebKit/537.36 (KHTML, like Gecko) HeadlessChrome/147.0.7727.15 Safari/537.36"}
[2m[WebServer] [22m{"time":"2026-10-07T08:16:28.483510083-04:00","level":"INFO","msg":"client log","level":"WARN","message":"[inventory] item photo failed to load, showing placeholder Plastic Bags https://nyc3.digitaloceanspaces.com/hq.yumyums/items/plastic-bags.png","user":"Jamal C. (jamal@yumyums.kitchen)","page":"/inventory.html","ua":"Mozilla/5.0 (X11; Linux x86_64) AppleWebKit/537.36 (KHTML, like Gecko) HeadlessChrome/147.0.7727.15 Safari/537.36"}
[2m[WebServer] [22m{"time":"2026-10-07T08:16:28.505724671-04:00","level":"INFO","msg":"client log","level":"WARN","message":"[inventory] item photo failed to load, showing placeholder Forks https://nyc3.digitaloceanspaces.com/hq.yumyums/items/forks.png","user":"Jamal C. (jamal@yumyums.kitchen)","page":"/inventory.html","ua":"Mozilla/5.0 (X11; Linux x86_64) AppleWebKit/537.36 (KHTML, like Gecko) HeadlessChrome/147.0.7727.15 Safari/537.36"}
[2m[WebServer] [22m{"time":"2026-10-07T08:16:28.538019933-04:00","level":"INFO","msg":"client log","level":"WARN","message":"[inventory] item photo failed to load, showing placeholder Cheesesteak https://nyc3.digitaloceanspaces.com/hq.yumyums/items/cheesesteak.png","user":"Jamal C. (jamal@yumyums.kitchen)","page":"/inventory.html","ua":"Mozilla/5.0 (X11; Linux x86_64) AppleWebKit/537.36 (KHTML, like Gecko) HeadlessChrome/147.0.7727.15 Safari/537.36"}
[2m[WebServer] [22m{"time":"2026-10-07T08:16:28.583481531-04:00","level":"INFO","msg":"client log","level":"WARN","message":"[inventory] item photo failed to load, showing placeholder No Rinse Floor Cleaner https://nyc3.digitaloceanspaces.com/hq.yumyums/items/no-rinse-floor-cleaner.png","user":"Jamal C. (jamal@yumyums.kitchen)","page":"/inventory.html","ua":"Mozilla/5.0 (X11; Linux x86_64) AppleWebKit/537.36 (KHTML, like Gecko) HeadlessChrome/147.0.7727.15 Safari/537.36"}
[2m[WebServer] [22m{"time":"2026-10-07T08:16:28.62922804-04:00","level":"INFO","msg":"client log","level":"WARN","message":"[inventory] item photo failed to load, showing placeholder Brown Sugar https://nyc3.digitaloceanspaces.com/hq.yumyums/items/brown-sugar.png","user":"Jamal C. (jamal@yumyums.kitchen)","page":"/inventory.html","ua":"Mozilla/5.0 (X11; Linux x86_64) AppleWebKit/537.36 (KHTML, like Gecko) HeadlessChrome/147.0.7727.15 Safari/537.36"}
[2m[WebServer] [22m{"time":"2026-10-07T08:16:28.637519754-04:00","level":"INFO","msg":"client log","level":"WARN","message":"[inventory] item photo failed to load, showing placeholder Corn https://nyc3.digitaloceanspaces.com/hq.yumyums/items/corn.png","user":"Jamal C. (jamal@yumyums.kitchen)","page":"/inventory.html","ua":"Mozilla/5.0 (X11; Linux x86_64) AppleWebKit/537.36 (KHTML, like Gecko) HeadlessChrome/147.0.7727.15 Safari/537.36"}
[2m[WebServer] [22m{"time":"2026-10-07T08:16:28.660052663-04:00","level":"INFO","msg":"client log","level":"WARN","message":"[inventory] item photo failed to load, showing placeholder Lemon Juice https://nyc3.digitaloceanspaces.com/hq.yumyums/items/lemon-juice.png","user":"Jamal C. (jamal@yumyums.kitchen)","page":"/inventory.html","ua":"Mozilla/5.0 (X11; Linux x86_64) AppleWebKit/537.36 (KHTML, like Gecko) HeadlessChrome/147.0.7727.15 Safari/537.36"}
[2m[WebServer] [22m{"time":"2026-10-07T08:16:28.730560652-04:00","level":"INFO","msg":"client log","level":"WARN","message":"[inventory] item photo failed to load, showing placeholder Black Pepper https://nyc3.digitaloceanspaces.com/hq.yumyums/items/black-pepper.png","user":"Jamal C. (jamal@yumyums.kitchen)","page":"/inventory.html","ua":"Mozilla/5.0 (X11; Linux x86_64) AppleWebKit/537.36 (KHTML, like Gecko) HeadlessChrome/147.0.7727.15 Safari/537.36"}
[2m[WebServer] [22m{"time":"2026-10-07T08:16:28.738048774-04:00","level":"INFO","msg":"client log","level":"WARN","message":"[inventory] item photo failed to load, showing placeholder Mayonnaise https://nyc3.digitaloceanspaces.com/hq.yumyums/items/mayonnaise.png","user":"Jamal C. (jamal@yumyums.kitchen)","page":"/inventory.html","ua":"Mozilla/5.0 (X11; Linux x86_64) AppleWebKit/537.36 (KHTML, like Gecko) HeadlessChrome/147.0.7727.15 Safari/537.36"}
[2m[WebServer] [22m{"time":"2026-10-07T08:16:28.796960868-04:00","level":"INFO","msg":"client log","level":"WARN","message":"[inventory] item photo failed to load, showing placeholder Gloves https://nyc3.digitaloceanspaces.com/hq.yumyums/items/gloves.png","user":"Jamal C. (jamal@yumyums.kitchen)","page":"/inventory.html","ua":"Mozilla/5.0 (X11; Linux x86_64) AppleWebKit/537.36 (KHTML, like Gecko) HeadlessChrome/147.0.7727.15 Safari/537.36"}
[2m[WebServer] [22m{"time":"2026-10-07T08:16:28.852709946-04:00","level":"INFO","msg":"client log","level":"WARN","message":"[inventory] item photo failed to load, showing placeholder Charcoal https://nyc3.digitaloceanspaces.com/hq.yumyums/items/charcoal.png","user":"Jamal C. (jamal@yumyums.kitchen)","page":"/inventory.html","ua":"Mozilla/5.0 (X11; Linux x86_64) AppleWebKit/537.36 (KHTML, like Gecko) HeadlessChrome/147.0.7727.15 Safari/537.36"}
[2m[WebServer] [22m{"time":"2026-10-07T08:16:28.856093734-04:00","level":"INFO","msg":"client log","level":"WARN","message":"[inventory] item photo failed to load, showing placeholder Straws https://nyc3.digitaloceanspaces.com/hq.yumyums/items/straws.png","user":"Jamal C. (jamal@yumyums.kitchen)","page":"/inventory.html","ua":"Mozilla/5.0 (X11; Linux x86_64) AppleWebKit/537.36 (KHTML, like Gecko) HeadlessChrome/147.0.7727.15 Safari/537.36"}
[2m[WebServer] [22m{"time":"2026-10-07T08:16:28.910297617-04:00","level":"INFO","msg":"client log","level":"WARN","message":"[inventory] item photo failed to load, showing placeholder Hot Dog Rolls https://nyc3.digitaloceanspaces.com/hq.yumyums/items/hot-dog-rolls.png","user":"Jamal C. (jamal@yumyums.kitchen)","page":"/inventory.html","ua":"Mozilla/5.0 (X11; Linux x86_64) AppleWebKit/537.36 (KHTML, like Gecko) HeadlessChrome/147.0.7727.15 Safari/537.36"}
[2m[WebServer] [22m{"time":"2026-10-07T08:16:28.959925216-04:00","level":"INFO","msg":"client log","level":"WARN","message":"[inventory] item photo failed to load, showing placeholder Pan Spray https://nyc3.digitaloceanspaces.com/hq.yumyums/items/pan-spray.png","user":"Jamal C. (jamal@yumyums.kitchen)","page":"/inventory.html","ua":"Mozilla/5.0 (X11; Linux x86_64) AppleWebKit/537.36 (KHTML, like Gecko) HeadlessChrome/147.0.7727.15 Safari/537.36"}
[2m[WebServer] [22m{"time":"2026-10-07T08:16:28.965439597-04:00","level":"INFO","msg":"client log","level":"WARN","message":"[inventory] item photo failed to load, showing placeholder Crabmeat https://nyc3.digitaloceanspaces.com/hq.yumyums/items/crabmeat.png","user":"Jamal C. (jamal@yumyums.kitchen)","page":"/inventory.html","ua":"Mozilla/5.0 (X11; Linux x86_64) AppleWebKit/537.36 (KHTML, like Gecko) HeadlessChrome/147.0.7727.15 Safari/537.36"}
[2m[WebServer] [22m{"time":"2026-10-07T08:16:29.004458387-04:00","level":"INFO","msg":"client log","level":"WARN","message":"[inventory] item photo failed to load, showing placeholder Hoagie Containers https://nyc3.digitaloceanspaces.com/hq.yumyums/items/hoagie-containers.png","user":"Jamal C. (jamal@yumyums.kitchen)","page":"/inventory.html","ua":"Mozilla/5.0 (X11; Linux x86_64) AppleWebKit/537.36 (KHTML, like Gecko) HeadlessChrome/147.0.7727.15 Safari/537.36"}
[2m[WebServer] [22m{"time":"2026-10-07T08:16:29.069117344-04:00","level":"INFO","msg":"client log","level":"WARN","message":"[inventory] item photo failed to load, showing placeholder Blue Cheese Dressing https://nyc3.digitaloceanspaces.com/hq.yumyums/items/blue-cheese-dressing.png","user":"Jamal C. (jamal@yumyums.kitchen)","page":"/inventory.html","ua":"Mozilla/5.0 (X11; Linux x86_64) AppleWebKit/537.36 (KHTML, like Gecko) HeadlessChrome/147.0.7727.15 Safari/537.36"}
[2m[WebServer] [22m{"time":"2026-10-07T08:16:29.08080144-04:00","level":"INFO","msg":"client log","level":"WARN","message":"[inventory] item photo failed to load, showing placeholder Chicken Breasts https://nyc3.digitaloceanspaces.com/hq.yumyums/items/chicken-breasts.png","user":"Jamal C. (jamal@yumyums.kitchen)","page":"/inventory.html","ua":"Mozilla/5.0 (X11; Linux x86_64) AppleWebKit/537.36 (KHTML, like Gecko) HeadlessChrome/147.0.7727.15 Safari/537.36"}
[2m[WebServer] [22m{"time":"2026-10-07T08:16:29.09238627-04:00","level":"INFO","msg":"client log","level":"WARN","message":"[inventory] item photo failed to load, showing placeholder Chicken Party Wings https://nyc3.digitaloceanspaces.com/hq.yumyums/items/chicken-party-wings.png","user":"Jamal C. (jamal@yumyums.kitchen)","page":"/inventory.html","ua":"Mozilla/5.0 (X11; Linux x86_64) AppleWebKit/537.36 (KHTML, like Gecko) HeadlessChrome/147.0.7727.15 Safari/537.36"}
[2m[WebServer] [22m{"time":"2026-10-07T08:16:29.127178145-04:00","level":"INFO","msg":"client log","level":"WARN","message":"[inventory] item photo failed to load, showing placeholder Lettuce https://nyc3.digitaloceanspaces.com/hq.yumyums/items/lettuce.png","user":"Jamal C. (jamal@yumyums.kitchen)","page":"/inventory.html","ua":"Mozilla/5.0 (X11; Linux x86_64) AppleWebKit/537.36 (KHTML, like Gecko) HeadlessChrome/147.0.7727.15 Safari/537.36"}
[2m[WebServer] [22m{"time":"2026-10-07T08:16:29.173897451-04:00","level":"INFO","msg":"client log","level":"WARN","message":"[inventory] item photo failed to load, showing placeholder Red Peppers https://nyc3.digitaloceanspaces.com/hq.yumyums/items/red-peppers.png","user":"Jamal C. (jamal@yumyums.kitchen)","page":"/inventory.html","ua":"Mozilla/5.0 (X11; Linux x86_64) AppleWebKit/537.36 (KHTML, like Gecko) HeadlessChrome/147.0.7727.15 Safari/537.36"}
[2m[WebServer] [22m{"time":"2026-10-07T08:16:29.207563868-04:00","level":"INFO","msg":"client log","level":"WARN","message":"[inventory] item photo failed to load, showing placeholder Bread Crumbs https://nyc3.digitaloceanspaces.com/hq.yumyums/items/bread-crumbs.png","user":"Jamal C. (jamal@yumyums.kitchen)","page":"/inventory.html","ua":"Mozilla/5.0 (X11; Linux x86_64) AppleWebKit/537.36 (KHTML, like Gecko) HeadlessChrome/147.0.7727.15 Safari/537.36"}
[2m[WebServer] [22m{"time":"2026-10-07T08:16:29.248623437-04:00","level":"INFO","msg":"client log","level":"WARN","message":"[inventory] item photo failed to load, showing placeholder Chicken Tenders https://nyc3.digitaloceanspaces.com/hq.yumyums/items/chicken-tenders.png","user":"Jamal C. (jamal@yumyums.kitchen)","page":"/inventory.html","ua":"Mozilla/5.0 (X11; Linux x86_64) AppleWebKit/537.36 (KHTML, like Gecko) HeadlessChrome/147.0.7727.15 Safari/537.36"}
[2m[WebServer] [22m{"time":"2026-10-07T08:16:29.262399989-04:00","level":"INFO","msg":"client log","level":"WARN","message":"[inventory] item photo failed to load, showing placeholder Allspice https://nyc3.digitaloceanspaces.com/hq.yumyums/items/allspice.png","user":"Jamal C. (jamal@yumyums.kitchen)","page":"/inventory.html","ua":"Mozilla/5.0 (X11; Linux x86_64) AppleWebKit/537.36 (KHTML, like Gecko) HeadlessChrome/147.0.7727.15 Safari/537.36"}
[2m[WebServer] [22m{"time":"2026-10-07T08:16:29.285543864-04:00","level":"INFO","msg":"client log","level":"WARN","message":"[inventory] item photo failed to load, showing placeholder Hand Towels https://nyc3.digitaloceanspaces.com/hq.yumyums/items/hand-towels.png","user":"Jamal C. (jamal@yumyums.kitchen)","page":"/inventory.html","ua":"Mozilla/5.0 (X11; Linux x86_64) AppleWebKit/537.36 (KHTML, like Gecko) HeadlessChrome/147.0.7727.15 Safari/537.36"}
[2m[WebServer] [22m{"time":"2026-10-07T08:16:29.306641159-04:00","level":"INFO","msg":"client log","level":"WARN","message":"[inventory] item photo failed to load, showing placeholder Boxes (No 2) https://nyc3.digitaloceanspaces.com/hq.yumyums/items/boxes-no-2.png","user":"Jamal C. (jamal@yumyums.kitchen)","page":"/inventory.html","ua":"Mozilla/5.0 (X11; Linux x86_64) AppleWebKit/537.36 (KHTML, like Gecko) HeadlessChrome/147.0.7727.15 Safari/537.36"}
[2m[WebServer] [22m{"time":"2026-10-07T08:16:29.337348037-04:00","level":"INFO","msg":"client log","level":"WARN","message":"[inventory] item photo failed to load, showing placeholder Hot Dogs https://nyc3.digitaloceanspaces.com/hq.yumyums/items/hot-dogs.png","user":"Jamal C. (jamal@yumyums.kitchen)","page":"/inventory.html","ua":"Mozilla/5.0 (X11; Linux x86_64) AppleWebKit/537.36 (KHTML, like Gecko) HeadlessChrome/147.0.7727.15 Safari/537.36"}
[2m[WebServer] [22m{"time":"2026-10-07T08:16:29.366744889-04:00","level":"INFO","msg":"client log","level":"WARN","message":"[inventory] item photo failed to load, showing placeholder Honey Garlic Sauce https://nyc3.digitaloceanspaces.com/hq.yumyums/items/honey-garlic-sauce.png","user":"Jamal C. (jamal@yumyums.kitchen)","page":"/inventory.html","ua":"Mozilla/5.0 (X11; Linux x86_64) AppleWebKit/537.36 (KHTML, like Gecko) HeadlessChrome/147.0.7727.15 Safari/537.36"}
[2m[WebServer] [22m{"time":"2026-10-07T08:16:29.394878124-04:00","level":"INFO","msg":"client log","level":"WARN","message":"[inventory] item photo failed to load, showing placeholder Meatballs https://nyc3.digitaloceanspaces.com/hq.yumyums/items/meatballs.png","user":"Jamal C. (jamal@yumyums.kitchen)","page":"/inventory.html","ua":"Mozilla/5.0 (X11; Linux x86_64) AppleWebKit/537.36 (KHTML, like Gecko) HeadlessChrome/147.0.7727.15 Safari/537.36"}
[2m[WebServer] [22m{"time":"2026-10-07T08:16:29.40894861-04:00","level":"INFO","msg":"client log","level":"WARN","message":"[inventory] item photo failed to load, showing placeholder Jerk Seasoning https://nyc3.digitaloceanspaces.com/hq.yumyums/items/jerk-seasoning.png","user":"Jamal C. (jamal@yumyums.kitchen)","page":"/inventory.html","ua":"Mozilla/5.0 (X11; Linux x86_64) AppleWebKit/537.36 (KHTML, like Gecko) HeadlessChrome/147.0.7727.15 Safari/537.36"}
[2m[WebServer] [22m{"time":"2026-10-07T08:16:29.434820508-04:00","level":"INFO","msg":"client log","level":"WARN","message":"[inventory] item photo failed to load, showing placeholder Mumbo Sauce https://nyc3.digitaloceanspaces.com/hq.yumyums/items/mumbo-sauce.png","user":"Jamal C. (jamal@yumyums.kitchen)","page":"/inventory.html","ua":"Mozilla/5.0 (X11; Linux x86_64) AppleWebKit/537.36 (KHTML, like Gecko) HeadlessChrome/147.0.7727.15 Safari/537.36"}
[2m[WebServer] [22m{"time":"2026-10-07T08:16:29.468694591-04:00","level":"INFO","msg":"client log","level":"WARN","message":"[inventory] item photo failed to load, showing placeholder Cucumber https://nyc3.digitaloceanspaces.com/hq.yumyums/items/cucumber.png","user":"Jamal C. (jamal@yumyums.kitchen)","page":"/inventory.html","ua":"Mozilla/5.0 (X11; Linux x86_64) AppleWebKit/537.36 (KHTML, like Gecko) HeadlessChrome/147.0.7727.15 Safari/537.36"}
[2m[WebServer] [22m{"time":"2026-10-07T08:16:29.505505974-04:00","level":"INFO","msg":"client log","level":"WARN","message":"[inventory] item photo failed to load, showing placeholder Ketchup Jug https://nyc3.digitaloceanspaces.com/hq.yumyums/items/ketchup-jug.png","user":"Jamal C. (jamal@yumyums.kitchen)","page":"/inventory.html","ua":"Mozilla/5.0 (X11; Linux x86_64) AppleWebKit/537.36 (KHTML, like Gecko) HeadlessChrome/147.0.7727.15 Safari/537.36"}
[2m[WebServer] [22m{"time":"2026-10-07T08:16:29.543349887-04:00","level":"INFO","msg":"client log","level":"WARN","message":"[inventory] item photo failed to load, showing placeholder Tomaotes https://nyc3.digitaloceanspaces.com/hq.yumyums/items/tomaotes.png","user":"Jamal C. (jamal@yumyums.kitchen)","page":"/inventory.html","ua":"Mozilla/5.0 (X11; Linux x86_64) AppleWebKit/537.36 (KHTML, like Gecko) HeadlessChrome/147.0.7727.15 Safari/537.36"}
[2m[WebServer] [22m{"time":"2026-10-07T08:16:29.572293482-04:00","level":"INFO","msg":"client log","level":"WARN","message":"[inventory] item photo failed to load, showing placeholder Garlic Powder https://nyc3.digitaloceanspaces.com/hq.yumyums/items/garlic-powder.png","user":"Jamal C. (jamal@yumyums.kitchen)","page":"/inventory.html","ua":"Mozilla/5.0 (X11; Linux x86_64) AppleWebKit/537.36 (KHTML, like Gecko) HeadlessChrome/147.0.7727.15 Safari/537.36"}
[2m[WebServer] [22m{"time":"2026-10-07T08:16:29.595683162-04:00","level":"INFO","msg":"client log","level":"WARN","message":"[inventory] item photo failed to load, showing placeholder Everything Bagel Seasoning https://nyc3.digitaloceanspaces.com/hq.yumyums/items/everything-bagel-seasoning.png","user":"Jamal C. (jamal@yumyums.kitchen)","page":"/inventory.html","ua":"Mozilla/5.0 (X11; Linux x86_64) AppleWebKit/537.36 (KHTML, like Gecko) HeadlessChrome/147.0.7727.15 Safari/537.36"}
[2m[WebServer] [22m{"time":"2026-10-07T08:16:29.619132252-04:00","level":"INFO","msg":"client log","level":"WARN","message":"[inventory] item photo failed to load, showing placeholder Jalapeños https://nyc3.digitaloceanspaces.com/hq.yumyums/items/jalape-os.png","user":"Jamal C. (jamal@yumyums.kitchen)","page":"/inventory.html","ua":"Mozilla/5.0 (X11; Linux x86_64) AppleWebKit/537.36 (KHTML, like Gecko) HeadlessChrome/147.0.7727.15 Safari/537.36"}
[2m[WebServer] [22m{"time":"2026-10-07T08:16:29.645996608-04:00","level":"INFO","msg":"client log","level":"WARN","message":"[inventory] item photo failed to load, showing placeholder Mint https://nyc3.digitaloceanspaces.com/hq.yumyums/items/mint.png","user":"Jamal C. (jamal@yumyums.kitchen)","page":"/inventory.html","ua":"Mozilla/5.0 (X11; Linux x86_64) AppleWebKit/537.36 (KHTML, like Gecko) HeadlessChrome/147.0.7727.15 Safari/537.36"}
[2m[WebServer] [22m{"time":"2026-10-07T08:16:29.679386172-04:00","level":"INFO","msg":"client log","level":"WARN","message":"[inventory] item photo failed to load, showing placeholder Fries https://nyc3.digitaloceanspaces.com/hq.yumyums/items/fries.png","user":"Jamal C. (jamal@yumyums.kitchen)","page":"/inventory.html","ua":"Mozilla/5.0 (X11; Linux x86_64) AppleWebKit/537.36 (KHTML, like Gecko) HeadlessChrome/147.0.7727.15 Safari/537.36"}
[2m[WebServer] [22m{"time":"2026-10-07T08:16:29.823029508-04:00","level":"INFO","msg":"client log","level":"WARN","message":"[inventory] item photo failed to load, showing placeholder Coarse Sea Salt https://nyc3.digitaloceanspaces.com/hq.yumyums/items/coarse-sea-salt.png","user":"Jamal C. (jamal@yumyums.kitchen)","page":"/inventory.html","ua":"Mozilla/5.0 (X11; Linux x86_64) AppleWebKit/537.36 (KHTML, like Gecko) HeadlessChrome/147.0.7727.15 Safari/537.36"}
[2m[WebServer] [22m{"time":"2026-10-07T08:16:29.04312705-04:00","level":"INFO","msg":"client log","level":"WARN","message":"[inventory] item photo failed to load, showing placeholder Sriracha https://nyc3.digitaloceanspaces.com/hq.yumyums/items/sriracha.png","user":"Jamal C. (jamal@yumyums.kitchen)","page":"/inventory.html","ua":"Mozilla/5.0 (X11; Linux x86_64) AppleWebKit/537.36 (KHTML, like Gecko) HeadlessChrome/147.0.7727.15 Safari/537.36"}
[2m[WebServer] [22m{"time":"2026-10-07T08:16:29.120363402-04:00","level":"INFO","msg":"client log","level":"WARN","message":"[inventory] item photo failed to load, showing placeholder Olive Oil Blend https://nyc3.digitaloceanspaces.com/hq.yumyums/items/olive-oil-blend.png","user":"Jamal C. (jamal@yumyums.kitchen)","page":"/inventory.html","ua":"Mozilla/5.0 (X11; Linux x86_64) AppleWebKit/537.36 (KHTML, like Gecko) HeadlessChrome/147.0.7727.15 Safari/537.36"}
[2m[WebServer] [22m{"time":"2026-10-07T08:16:29.132769334-04:00","level":"INFO","msg":"client log","level":"WARN","message":"[inventory] item photo failed to load, showing placeholder Crystal Hot Sauce https://nyc3.digitaloceanspaces.com/hq.yumyums/items/crystal-hot-sauce.png","user":"Jamal C. (jamal@yumyums.kitchen)","page":"/inventory.html","ua":"Mozilla/5.0 (X11; Linux x86_64) AppleWebKit/537.36 (KHTML, like Gecko) HeadlessChrome/147.0.7727.15 Safari/537.36"}
[2m[WebServer] [22m{"time":"2026-10-07T08:16:27.862319357-04:00","level":"INFO","msg":"client log","level":"WARN","message":"[inventory] item photo failed to load, showing placeholder Fine Sea Salt https://nyc3.digitaloceanspaces.com/hq.yumyums/items/fine-sea-salt.png","user":"Jamal C. (jamal@yumyums.kitchen)","page":"/inventory.html","ua":"Mozilla/5.0 (X11; Linux x86_64) AppleWebKit/537.36 (KHTML, like Gecko) HeadlessChrome/147.0.7727.15 Safari/537.36"}
[2m[WebServer] [22m{"time":"2026-10-07T08:16:27.874934675-04:00","level":"INFO","msg":"client log","level":"WARN","message":"[inventory] item photo failed to load, showing placeholder Nacho Cheese Sauce https://nyc3.digitaloceanspaces.com/hq.yumyums/items/nacho-cheese-sauce.png","user":"Jamal C. (jamal@yumyums.kitchen)","page":"/inventory.html","ua":"Mozilla/5.0 (X11; Linux x86_64) AppleWebKit/537.36 (KHTML, like Gecko) HeadlessChrome/147.0.7727.15 Safari/537.36"}
  ✓  217 [chromium] › tests/inventory.spec.js:5892:3 › Item display name — promoted nicknames › the first nickname typed in Setup is starred by default; the second is not (6.1s)
[2m[WebServer] [22m{"time":"2026-10-07T08:16:30.129849554-04:00","level":"INFO","msg":"client log","level":"WARN","message":"[inventory] item photo failed to load, showing placeholder Sprite https://nyc3.digitaloceanspaces.com/hq.yumyums/items/sprite.png","user":"Jamal C. (jamal@yumyums.kitchen)","page":"/inventory.html","ua":"Mozilla/5.0 (X11; Linux x86_64) AppleWebKit/537.36 (KHTML, like Gecko) HeadlessChrome/147.0.7727.15 Safari/537.36"}
[2m[WebServer] [22m{"time":"2026-10-07T08:16:30.148164036-04:00","level":"INFO","msg":"client log","level":"WARN","message":"[inventory] item photo failed to load, showing placeholder Mango Syrup https://nyc3.digitaloceanspaces.com/hq.yumyums/items/mango-syrup.png","user":"Jamal C. (jamal@yumyums.kitchen)","page":"/inventory.html","ua":"Mozilla/5.0 (X11; Linux x86_64) AppleWebKit/537.36 (KHTML, like Gecko) HeadlessChrome/147.0.7727.15 Safari/537.36"}
[2m[WebServer] [22m{"time":"2026-10-07T08:16:30.176351417-04:00","level":"INFO","msg":"client log","level":"WARN","message":"[inventory] item photo failed to load, showing placeholder Water https://nyc3.digitaloceanspaces.com/hq.yumyums/items/water.png","user":"Jamal C. (jamal@yumyums.kitchen)","page":"/inventory.html","ua":"Mozilla/5.0 (X11; Linux x86_64) AppleWebKit/537.36 (KHTML, like Gecko) HeadlessChrome/147.0.7727.15 Safari/537.36"}
[2m[WebServer] [22m{"time":"2026-10-07T08:16:30.295528926-04:00","level":"INFO","msg":"client log","level":"WARN","message":"[inventory] item photo failed to load, showing placeholder Egg Roll Wraps https://nyc3.digitaloceanspaces.com/hq.yumyums/items/egg-roll-wraps.png","user":"Jamal C. (jamal@yumyums.kitchen)","page":"/inventory.html","ua":"Mozilla/5.0 (X11; Linux x86_64) AppleWebKit/537.36 (KHTML, like Gecko) HeadlessChrome/147.0.7727.15 Safari/537.36"}
[2m[WebServer] [22m{"time":"2026-10-07T08:16:30.312742981-04:00","level":"INFO","msg":"client log","level":"WARN","message":"[inventory] item photo failed to load, showing placeholder Hot Dogs https://nyc3.digitaloceanspaces.com/hq.yumyums/items/hot-dogs.png","user":"Jamal C. (jamal@yumyums.kitchen)","page":"/inventory.html","ua":"Mozilla/5.0 (X11; Linux x86_64) AppleWebKit/537.36 (KHTML, like Gecko) HeadlessChrome/147.0.7727.15 Safari/537.36"}
[2m[WebServer] [22m{"time":"2026-10-07T08:16:30.346180567-04:00","level":"INFO","msg":"client log","level":"WARN","message":"[inventory] item photo failed to load, showing placeholder Honey Mustard https://nyc3.digitaloceanspaces.com/hq.yumyums/items/honey-mustard.png","user":"Jamal C. (jamal@yumyums.kitchen)","page":"/inventory.html","ua":"Mozilla/5.0 (X11; Linux x86_64) AppleWebKit/537.36 (KHTML, like Gecko) HeadlessChrome/147.0.7727.15 Safari/537.36"}
[2m[WebServer] [22m{"time":"2026-10-07T08:16:30.358156342-04:00","level":"INFO","msg":"client log","level":"WARN","message":"[inventory] item photo failed to load, showing placeholder Allspice https://nyc3.digitaloceanspaces.com/hq.yumyums/items/allspice.png","user":"Jamal C. (jamal@yumyums.kitchen)","page":"/inventory.html","ua":"Mozilla/5.0 (X11; Linux x86_64) AppleWebKit/537.36 (KHTML, like Gecko) HeadlessChrome/147.0.7727.15 Safari/537.36"}
[2m[WebServer] [22m{"time":"2026-10-07T08:16:30.401379701-04:00","level":"INFO","msg":"client log","level":"WARN","message":"[inventory] item photo failed to load, showing placeholder Brisket Rolls https://nyc3.digitaloceanspaces.com/hq.yumyums/items/brisket-rolls.png","user":"Jamal C. (jamal@yumyums.kitchen)","page":"/inventory.html","ua":"Mozilla/5.0 (X11; Linux x86_64) AppleWebKit/537.36 (KHTML, like Gecko) HeadlessChrome/147.0.7727.15 Safari/537.36"}
[2m[WebServer] [22m{"time":"2026-10-07T08:16:30.516744875-04:00","level":"INFO","msg":"client log","level":"WARN","message":"[inventory] item photo failed to load, showing placeholder Hand Soap https://nyc3.digitaloceanspaces.com/hq.yumyums/items/hand-soap.png","user":"Jamal C. (jamal@yumyums.kitchen)","page":"/inventory.html","ua":"Mozilla/5.0 (X11; Linux x86_64) AppleWebKit/537.36 (KHTML, like Gecko) HeadlessChrome/147.0.7727.15 Safari/537.36"}
[2m[WebServer] [22m{"time":"2026-10-07T08:16:30.566727-04:00","level":"INFO","msg":"client log","level":"WARN","message":"[inventory] item photo failed to load, showing placeholder No Rinse Floor Cleaner https://nyc3.digitaloceanspaces.com/hq.yumyums/items/no-rinse-floor-cleaner.png","user":"Jamal C. (jamal@yumyums.kitchen)","page":"/inventory.html","ua":"Mozilla/5.0 (X11; Linux x86_64) AppleWebKit/537.36 (KHTML, like Gecko) HeadlessChrome/147.0.7727.15 Safari/537.36"}
[2m[WebServer] [22m{"time":"2026-10-07T08:16:30.601919167-04:00","level":"INFO","msg":"client log","level":"WARN","message":"[inventory] item photo failed to load, showing placeholder Charcoal https://nyc3.digitaloceanspaces.com/hq.yumyums/items/charcoal.png","user":"Jamal C. (jamal@yumyums.kitchen)","page":"/inventory.html","ua":"Mozilla/5.0 (X11; Linux x86_64) AppleWebKit/537.36 (KHTML, like Gecko) HeadlessChrome/147.0.7727.15 Safari/537.36"}
[2m[WebServer] [22m{"time":"2026-10-07T08:16:30.611557865-04:00","level":"INFO","msg":"client log","level":"WARN","message":"[inventory] item photo failed to load, showing placeholder Liquid Butter https://nyc3.digitaloceanspaces.com/hq.yumyums/items/liquid-butter.png","user":"Jamal C. (jamal@yumyums.kitchen)","page":"/inventory.html","ua":"Mozilla/5.0 (X11; Linux x86_64) AppleWebKit/537.36 (KHTML, like Gecko) HeadlessChrome/147.0.7727.15 Safari/537.36"}
[2m[WebServer] [22m{"time":"2026-10-07T08:16:30.707898324-04:00","level":"INFO","msg":"client log","level":"WARN","message":"[inventory] item photo failed to load, showing placeholder Dirty Dog Rolls https://nyc3.digitaloceanspaces.com/hq.yumyums/items/dirty-dog-rolls.png","user":"Jamal C. (jamal@yumyums.kitchen)","page":"/inventory.html","ua":"Mozilla/5.0 (X11; Linux x86_64) AppleWebKit/537.36 (KHTML, like Gecko) HeadlessChrome/147.0.7727.15 Safari/537.36"}
[2m[WebServer] [22m{"time":"2026-10-07T08:16:30.749847109-04:00","level":"INFO","msg":"client log","level":"WARN","message":"[inventory] item photo failed to load, showing placeholder Chicken Tenders https://nyc3.digitaloceanspaces.com/hq.yumyums/items/chicken-tenders.png","user":"Jamal C. (jamal@yumyums.kitchen)","page":"/inventory.html","ua":"Mozilla/5.0 (X11; Linux x86_64) AppleWebKit/537.36 (KHTML, like Gecko) HeadlessChrome/147.0.7727.15 Safari/537.36"}
[2m[WebServer] [22m{"time":"2026-10-07T08:16:30.765353638-04:00","level":"INFO","msg":"client log","level":"WARN","message":"[inventory] item photo failed to load, showing placeholder Sriracha https://nyc3.digitaloceanspaces.com/hq.yumyums/items/sriracha.png","user":"Jamal C. (jamal@yumyums.kitchen)","page":"/inventory.html","ua":"Mozilla/5.0 (X11; Linux x86_64) AppleWebKit/537.36 (KHTML, like Gecko) HeadlessChrome/147.0.7727.15 Safari/537.36"}
[2m[WebServer] [22m{"time":"2026-10-07T08:16:30.787167935-04:00","level":"INFO","msg":"client log","level":"WARN","message":"[inventory] item photo failed to load, showing placeholder Chicken Breasts https://nyc3.digitaloceanspaces.com/hq.yumyums/items/chicken-breasts.png","user":"Jamal C. (jamal@yumyums.kitchen)","page":"/inventory.html","ua":"Mozilla/5.0 (X11; Linux x86_64) AppleWebKit/537.36 (KHTML, like Gecko) HeadlessChrome/147.0.7727.15 Safari/537.36"}
[2m[WebServer] [22m{"time":"2026-10-07T08:16:30.812581205-04:00","level":"INFO","msg":"client log","level":"WARN","message":"[inventory] item photo failed to load, showing placeholder Jalapeños https://nyc3.digitaloceanspaces.com/hq.yumyums/items/jalape-os.png","user":"Jamal C. (jamal@yumyums.kitchen)","page":"/inventory.html","ua":"Mozilla/5.0 (X11; Linux x86_64) AppleWebKit/537.36 (KHTML, like Gecko) HeadlessChrome/147.0.7727.15 Safari/537.36"}
[2m[WebServer] [22m{"time":"2026-10-07T08:16:30.933221722-04:00","level":"INFO","msg":"client log","level":"WARN","message":"[inventory] item photo failed to load, showing placeholder Sugar https://nyc3.digitaloceanspaces.com/hq.yumyums/items/sugar.png","user":"Jamal C. (jamal@yumyums.kitchen)","page":"/inventory.html","ua":"Mozilla/5.0 (X11; Linux x86_64) AppleWebKit/537.36 (KHTML, like Gecko) HeadlessChrome/147.0.7727.15 Safari/537.36"}
[2m[WebServer] [22m{"time":"2026-10-07T08:16:30.953058541-04:00","level":"INFO","msg":"client log","level":"WARN","message":"[inventory] item photo failed to load, showing placeholder Mexican Cheese https://nyc3.digitaloceanspaces.com/hq.yumyums/items/mexican-cheese.png","user":"Jamal C. (jamal@yumyums.kitchen)","page":"/inventory.html","ua":"Mozilla/5.0 (X11; Linux x86_64) AppleWebKit/537.36 (KHTML, like Gecko) HeadlessChrome/147.0.7727.15 Safari/537.36"}
[2m[WebServer] [22m{"time":"2026-10-07T08:16:30.971025489-04:00","level":"INFO","msg":"client log","level":"WARN","message":"[inventory] item photo failed to load, showing placeholder Plastic Bags https://nyc3.digitaloceanspaces.com/hq.yumyums/items/plastic-bags.png","user":"Jamal C. (jamal@yumyums.kitchen)","page":"/inventory.html","ua":"Mozilla/5.0 (X11; Linux x86_64) AppleWebKit/537.36 (KHTML, like Gecko) HeadlessChrome/147.0.7727.15 Safari/537.36"}
[2m[WebServer] [22m{"time":"2026-10-07T08:16:30.981336989-04:00","level":"INFO","msg":"client log","level":"WARN","message":"[inventory] item photo failed to load, showing placeholder Bread Crumbs https://nyc3.digitaloceanspaces.com/hq.yumyums/items/bread-crumbs.png","user":"Jamal C. (jamal@yumyums.kitchen)","page":"/inventory.html","ua":"Mozilla/5.0 (X11; Linux x86_64) AppleWebKit/537.36 (KHTML, like Gecko) HeadlessChrome/147.0.7727.15 Safari/537.36"}
[2m[WebServer] [22m{"time":"2026-10-07T08:16:31.208543632-04:00","level":"INFO","msg":"client log","level":"WARN","message":"[inventory] item photo failed to load, showing placeholder Sour Cream https://nyc3.digitaloceanspaces.com/hq.yumyums/items/sour-cream.png","user":"Jamal C. (jamal@yumyums.kitchen)","page":"/inventory.html","ua":"Mozilla/5.0 (X11; Linux x86_64) AppleWebKit/537.36 (KHTML, like Gecko) HeadlessChrome/147.0.7727.15 Safari/537.36"}
[2m[WebServer] [22m{"time":"2026-10-07T08:16:31.2108346-04:00","level":"INFO","msg":"client log","level":"WARN","message":"[inventory] item photo failed to load, showing placeholder Cheesesteak https://nyc3.digitaloceanspaces.com/hq.yumyums/items/cheesesteak.png","user":"Jamal C. (jamal@yumyums.kitchen)","page":"/inventory.html","ua":"Mozilla/5.0 (X11; Linux x86_64) AppleWebKit/537.36 (KHTML, like Gecko) HeadlessChrome/147.0.7727.15 Safari/537.36"}
[2m[WebServer] [22m{"time":"2026-10-07T08:16:31.235242755-04:00","level":"INFO","msg":"client log","level":"WARN","message":"[inventory] item photo failed to load, showing placeholder Ketchup Packets https://nyc3.digitaloceanspaces.com/hq.yumyums/items/ketchup-packets.png","user":"Jamal C. (jamal@yumyums.kitchen)","page":"/inventory.html","ua":"Mozilla/5.0 (X11; Linux x86_64) AppleWebKit/537.36 (KHTML, like Gecko) HeadlessChrome/147.0.7727.15 Safari/537.36"}
[2m[WebServer] [22m{"time":"2026-10-07T08:16:31.256828644-04:00","level":"INFO","msg":"client log","level":"WARN","message":"[inventory] item photo failed to load, showing placeholder Brown Sugar https://nyc3.digitaloceanspaces.com/hq.yumyums/items/brown-sugar.png","user":"Jamal C. (jamal@yumyums.kitchen)","page":"/inventory.html","ua":"Mozilla/5.0 (X11; Linux x86_64) AppleWebKit/537.36 (KHTML, like Gecko) HeadlessChrome/147.0.7727.15 Safari/537.36"}
[2m[WebServer] [22m{"time":"2026-10-07T08:16:31.26461239-04:00","level":"INFO","msg":"client log","level":"WARN","message":"[inventory] item photo failed to load, showing placeholder Straws https://nyc3.digitaloceanspaces.com/hq.yumyums/items/straws.png","user":"Jamal C. (jamal@yumyums.kitchen)","page":"/inventory.html","ua":"Mozilla/5.0 (X11; Linux x86_64) AppleWebKit/537.36 (KHTML, like Gecko) HeadlessChrome/147.0.7727.15 Safari/537.36"}
[2m[WebServer] [22m{"time":"2026-10-07T08:16:31.297336123-04:00","level":"INFO","msg":"client log","level":"WARN","message":"[inventory] item photo failed to load, showing placeholder Lemonade Mix https://nyc3.digitaloceanspaces.com/hq.yumyums/items/lemonade-mix.png","user":"Jamal C. (jamal@yumyums.kitchen)","page":"/inventory.html","ua":"Mozilla/5.0 (X11; Linux x86_64) AppleWebKit/537.36 (KHTML, like Gecko) HeadlessChrome/147.0.7727.15 Safari/537.36"}
[2m[WebServer] [22m{"time":"2026-10-07T08:16:31.414214398-04:00","level":"INFO","msg":"client log","level":"WARN","message":"[inventory] item photo failed to load, showing placeholder Boxes (No 2) https://nyc3.digitaloceanspaces.com/hq.yumyums/items/boxes-no-2.png","user":"Jamal C. (jamal@yumyums.kitchen)","page":"/inventory.html","ua":"Mozilla/5.0 (X11; Linux x86_64) AppleWebKit/537.36 (KHTML, like Gecko) HeadlessChrome/147.0.7727.15 Safari/537.36"}
[2m[WebServer] [22m{"time":"2026-10-07T08:16:31.464551558-04:00","level":"INFO","msg":"client log","level":"WARN","message":"[inventory] item photo failed to load, showing placeholder Granulated Onion https://nyc3.digitaloceanspaces.com/hq.yumyums/items/granulated-onion.png","user":"Jamal C. (jamal@yumyums.kitchen)","page":"/inventory.html","ua":"Mozilla/5.0 (X11; Linux x86_64) AppleWebKit/537.36 (KHTML, like Gecko) HeadlessChrome/147.0.7727.15 Safari/537.36"}
[2m[WebServer] [22m{"time":"2026-10-07T08:16:31.486928449-04:00","level":"INFO","msg":"client log","level":"WARN","message":"[inventory] item photo failed to load, showing placeholder Chicken Party Wings https://nyc3.digitaloceanspaces.com/hq.yumyums/items/chicken-party-wings.png","user":"Jamal C. (jamal@yumyums.kitchen)","page":"/inventory.html","ua":"Mozilla/5.0 (X11; Linux x86_64) AppleWebKit/537.36 (KHTML, like Gecko) HeadlessChrome/147.0.7727.15 Safari/537.36"}
[2m[WebServer] [22m{"time":"2026-10-07T08:16:31.566129008-04:00","level":"INFO","msg":"client log","level":"WARN","message":"[inventory] item photo failed to load, showing placeholder Seasoning Salt https://nyc3.digitaloceanspaces.com/hq.yumyums/items/seasoning-salt.png","user":"Jamal C. (jamal@yumyums.kitchen)","page":"/inventory.html","ua":"Mozilla/5.0 (X11; Linux x86_64) AppleWebKit/537.36 (KHTML, like Gecko) HeadlessChrome/147.0.7727.15 Safari/537.36"}
[2m[WebServer] [22m{"time":"2026-10-07T08:16:31.573129892-04:00","level":"INFO","msg":"client log","level":"WARN","message":"[inventory] item photo failed to load, showing placeholder Parm Cheese https://nyc3.digitaloceanspaces.com/hq.yumyums/items/parm-cheese.png","user":"Jamal C. (jamal@yumyums.kitchen)","page":"/inventory.html","ua":"Mozilla/5.0 (X11; Linux x86_64) AppleWebKit/537.36 (KHTML, like Gecko) HeadlessChrome/147.0.7727.15 Safari/537.36"}
[2m[WebServer] [22m{"time":"2026-10-07T08:16:31.581719096-04:00","level":"INFO","msg":"client log","level":"WARN","message":"[inventory] item photo failed to load, showing placeholder Red Peppers https://nyc3.digitaloceanspaces.com/hq.yumyums/items/red-peppers.png","user":"Jamal C. (jamal@yumyums.kitchen)","page":"/inventory.html","ua":"Mozilla/5.0 (X11; Linux x86_64) AppleWebKit/537.36 (KHTML, like Gecko) HeadlessChrome/147.0.7727.15 Safari/537.36"}
[2m[WebServer] [22m{"time":"2026-10-07T08:16:31.707837176-04:00","level":"INFO","msg":"client log","level":"WARN","message":"[inventory] item photo failed to load, showing placeholder Ground Beef https://nyc3.digitaloceanspaces.com/hq.yumyums/items/ground-beef.png","user":"Jamal C. (jamal@yumyums.kitchen)","page":"/inventory.html","ua":"Mozilla/5.0 (X11; Linux x86_64) AppleWebKit/537.36 (KHTML, like Gecko) HeadlessChrome/147.0.7727.15 Safari/537.36"}
[2m[WebServer] [22m{"time":"2026-10-07T08:16:31.709143838-04:00","level":"INFO","msg":"client log","level":"WARN","message":"[inventory] item photo failed to load, showing placeholder Pan Spray https://nyc3.digitaloceanspaces.com/hq.yumyums/items/pan-spray.png","user":"Jamal C. (jamal@yumyums.kitchen)","page":"/inventory.html","ua":"Mozilla/5.0 (X11; Linux x86_64) AppleWebKit/537.36 (KHTML, like Gecko) HeadlessChrome/147.0.7727.15 Safari/537.36"}
[2m[WebServer] [22m{"time":"2026-10-07T08:16:31.730765497-04:00","level":"INFO","msg":"client log","level":"WARN","message":"[inventory] item photo failed to load, showing placeholder Nacho Cheese Sauce https://nyc3.digitaloceanspaces.com/hq.yumyums/items/nacho-cheese-sauce.png","user":"Jamal C. (jamal@yumyums.kitchen)","page":"/inventory.html","ua":"Mozilla/5.0 (X11; Linux x86_64) AppleWebKit/537.36 (KHTML, like Gecko) HeadlessChrome/147.0.7727.15 Safari/537.36"}
[2m[WebServer] [22m{"time":"2026-10-07T08:16:31.761005705-04:00","level":"INFO","msg":"client log","level":"WARN","message":"[inventory] item photo failed to load, showing placeholder Dr. Pepper https://nyc3.digitaloceanspaces.com/hq.yumyums/items/dr-pepper.png","user":"Jamal C. (jamal@yumyums.kitchen)","page":"/inventory.html","ua":"Mozilla/5.0 (X11; Linux x86_64) AppleWebKit/537.36 (KHTML, like Gecko) HeadlessChrome/147.0.7727.15 Safari/537.36"}
[2m[WebServer] [22m{"time":"2026-10-07T08:16:31.870097128-04:00","level":"INFO","msg":"client log","level":"WARN","message":"[inventory] item photo failed to load, showing placeholder Ground Turkey https://nyc3.digitaloceanspaces.com/hq.yumyums/items/ground-turkey.png","user":"Jamal C. (jamal@yumyums.kitchen)","page":"/inventory.html","ua":"Mozilla/5.0 (X11; Linux x86_64) AppleWebKit/537.36 (KHTML, like Gecko) HeadlessChrome/147.0.7727.15 Safari/537.36"}
[2m[WebServer] [22m{"time":"2026-10-07T08:16:31.907714979-04:00","level":"INFO","msg":"client log","level":"WARN","message":"[inventory] item photo failed to load, showing placeholder Everything Bagel Seasoning https://nyc3.digitaloceanspaces.com/hq.yumyums/items/everything-bagel-seasoning.png","user":"Jamal C. (jamal@yumyums.kitchen)","page":"/inventory.html","ua":"Mozilla/5.0 (X11; Linux x86_64) AppleWebKit/537.36 (KHTML, like Gecko) HeadlessChrome/147.0.7727.15 Safari/537.36"}
[2m[WebServer] [22m{"time":"2026-10-07T08:16:31.913527434-04:00","level":"INFO","msg":"client log","level":"WARN","message":"[inventory] item photo failed to load, showing placeholder Fine Sea Salt https://nyc3.digitaloceanspaces.com/hq.yumyums/items/fine-sea-salt.png","user":"Jamal C. (jamal@yumyums.kitchen)","page":"/inventory.html","ua":"Mozilla/5.0 (X11; Linux x86_64) AppleWebKit/537.36 (KHTML, like Gecko) HeadlessChrome/147.0.7727.15 Safari/537.36"}
[2m[WebServer] [22m{"time":"2026-10-07T08:16:31.921291903-04:00","level":"INFO","msg":"client log","level":"WARN","message":"[inventory] item photo failed to load, showing placeholder Bleach https://nyc3.digitaloceanspaces.com/hq.yumyums/items/bleach.png","user":"Jamal C. (jamal@yumyums.kitchen)","page":"/inventory.html","ua":"Mozilla/5.0 (X11; Linux x86_64) AppleWebKit/537.36 (KHTML, like Gecko) HeadlessChrome/147.0.7727.15 Safari/537.36"}
[2m[WebServer] [22m{"time":"2026-10-07T08:16:31.933862351-04:00","level":"INFO","msg":"client log","level":"WARN","message":"[inventory] item photo failed to load, showing placeholder Pickles https://nyc3.digitaloceanspaces.com/hq.yumyums/items/pickles.png","user":"Jamal C. (jamal@yumyums.kitchen)","page":"/inventory.html","ua":"Mozilla/5.0 (X11; Linux x86_64) AppleWebKit/537.36 (KHTML, like Gecko) HeadlessChrome/147.0.7727.15 Safari/537.36"}
[2m[WebServer] [22m{"time":"2026-10-07T08:16:32.047040399-04:00","level":"INFO","msg":"client log","level":"WARN","message":"[inventory] item photo failed to load, showing placeholder Coke https://nyc3.digitaloceanspaces.com/hq.yumyums/items/coke.png","user":"Jamal C. (jamal@yumyums.kitchen)","page":"/inventory.html","ua":"Mozilla/5.0 (X11; Linux x86_64) AppleWebKit/537.36 (KHTML, like Gecko) HeadlessChrome/147.0.7727.15 Safari/537.36"}
[2m[WebServer] [22m{"time":"2026-10-07T08:16:32.049724726-04:00","level":"INFO","msg":"client log","level":"WARN","message":"[inventory] item photo failed to load, showing placeholder Bbq Sauce https://nyc3.digitaloceanspaces.com/hq.yumyums/items/bbq-sauce.png","user":"Jamal C. (jamal@yumyums.kitchen)","page":"/inventory.html","ua":"Mozilla/5.0 (X11; Linux x86_64) AppleWebKit/537.36 (KHTML, like Gecko) HeadlessChrome/147.0.7727.15 Safari/537.36"}
[2m[WebServer] [22m{"time":"2026-10-07T08:16:32.063900951-04:00","level":"INFO","msg":"client log","level":"WARN","message":"[inventory] item photo failed to load, showing placeholder Cucumber https://nyc3.digitaloceanspaces.com/hq.yumyums/items/cucumber.png","user":"Jamal C. (jamal@yumyums.kitchen)","page":"/inventory.html","ua":"Mozilla/5.0 (X11; Linux x86_64) AppleWebKit/537.36 (KHTML, like Gecko) HeadlessChrome/147.0.7727.15 Safari/537.36"}
[2m[WebServer] [22m{"time":"2026-10-07T08:16:32.071253641-04:00","level":"INFO","msg":"client log","level":"WARN","message":"[inventory] item photo failed to load, showing placeholder Hoagie Containers https://nyc3.digitaloceanspaces.com/hq.yumyums/items/hoagie-containers.png","user":"Jamal C. (jamal@yumyums.kitchen)","page":"/inventory.html","ua":"Mozilla/5.0 (X11; Linux x86_64) AppleWebKit/537.36 (KHTML, like Gecko) HeadlessChrome/147.0.7727.15 Safari/537.36"}
[2m[WebServer] [22m{"time":"2026-10-07T08:16:32.107265179-04:00","level":"INFO","msg":"client log","level":"WARN","message":"[inventory] item photo failed to load, showing placeholder Trash Bags (30 Gallon) https://nyc3.digitaloceanspaces.com/hq.yumyums/items/trash-bags-30-gallon.png","user":"Jamal C. (jamal@yumyums.kitchen)","page":"/inventory.html","ua":"Mozilla/5.0 (X11; Linux x86_64) AppleWebKit/537.36 (KHTML, like Gecko) HeadlessChrome/147.0.7727.15 Safari/537.36"}
[2m[WebServer] [22m{"time":"2026-10-07T08:16:32.210855794-04:00","level":"INFO","msg":"client log","level":"WARN","message":"[inventory] item photo failed to load, showing placeholder Coke Zero https://nyc3.digitaloceanspaces.com/hq.yumyums/items/coke-zero.png","user":"Jamal C. (jamal@yumyums.kitchen)","page":"/inventory.html","ua":"Mozilla/5.0 (X11; Linux x86_64) AppleWebKit/537.36 (KHTML, like Gecko) HeadlessChrome/147.0.7727.15 Safari/537.36"}
[2m[WebServer] [22m{"time":"2026-10-07T08:16:32.211168296-04:00","level":"INFO","msg":"client log","level":"WARN","message":"[inventory] item photo failed to load, showing placeholder Lids https://nyc3.digitaloceanspaces.com/hq.yumyums/items/lids.png","user":"Jamal C. (jamal@yumyums.kitchen)","page":"/inventory.html","ua":"Mozilla/5.0 (X11; Linux x86_64) AppleWebKit/537.36 (KHTML, like Gecko) HeadlessChrome/147.0.7727.15 Safari/537.36"}
[2m[WebServer] [22m{"time":"2026-10-07T08:16:32.226988638-04:00","level":"INFO","msg":"client log","level":"WARN","message":"[inventory] item photo failed to load, showing placeholder Blue Cheese Dressing https://nyc3.digitaloceanspaces.com/hq.yumyums/items/blue-cheese-dressing.png","user":"Jamal C. (jamal@yumyums.kitchen)","page":"/inventory.html","ua":"Mozilla/5.0 (X11; Linux x86_64) AppleWebKit/537.36 (KHTML, like Gecko) HeadlessChrome/147.0.7727.15 Safari/537.36"}
[2m[WebServer] [22m{"time":"2026-10-07T08:16:32.27846325-04:00","level":"INFO","msg":"client log","level":"WARN","message":"[inventory] item photo failed to load, showing placeholder Cup Holders https://nyc3.digitaloceanspaces.com/hq.yumyums/items/cup-holders.png","user":"Jamal C. (jamal@yumyums.kitchen)","page":"/inventory.html","ua":"Mozilla/5.0 (X11; Linux x86_64) AppleWebKit/537.36 (KHTML, like Gecko) HeadlessChrome/147.0.7727.15 Safari/537.36"}
[2m[WebServer] [22m{"time":"2026-10-07T08:16:32.349827373-04:00","level":"INFO","msg":"client log","level":"WARN","message":"[inventory] item photo failed to load, showing placeholder Brisket https://nyc3.digitaloceanspaces.com/hq.yumyums/items/brisket.png","user":"Jamal C. (jamal@yumyums.kitchen)","page":"/inventory.html","ua":"Mozilla/5.0 (X11; Linux x86_64) AppleWebKit/537.36 (KHTML, like Gecko) HeadlessChrome/147.0.7727.15 Safari/537.36"}
[2m[WebServer] [22m{"time":"2026-10-07T08:16:32.36287964-04:00","level":"INFO","msg":"client log","level":"WARN","message":"[inventory] item photo failed to load, showing placeholder Sanitizing Tablets https://nyc3.digitaloceanspaces.com/hq.yumyums/items/sanitizing-tablets.png","user":"Jamal C. (jamal@yumyums.kitchen)","page":"/inventory.html","ua":"Mozilla/5.0 (X11; Linux x86_64) AppleWebKit/537.36 (KHTML, like Gecko) HeadlessChrome/147.0.7727.15 Safari/537.36"}
[2m[WebServer] [22m{"time":"2026-10-07T08:16:32.368819966-04:00","level":"INFO","msg":"client log","level":"WARN","message":"[inventory] item photo failed to load, showing placeholder Hand Towels https://nyc3.digitaloceanspaces.com/hq.yumyums/items/hand-towels.png","user":"Jamal C. (jamal@yumyums.kitchen)","page":"/inventory.html","ua":"Mozilla/5.0 (X11; Linux x86_64) AppleWebKit/537.36 (KHTML, like Gecko) HeadlessChrome/147.0.7727.15 Safari/537.36"}
[2m[WebServer] [22m{"time":"2026-10-07T08:16:32.419811153-04:00","level":"INFO","msg":"client log","level":"WARN","message":"[inventory] item photo failed to load, showing placeholder Limes https://nyc3.digitaloceanspaces.com/hq.yumyums/items/limes.png","user":"Jamal C. (jamal@yumyums.kitchen)","page":"/inventory.html","ua":"Mozilla/5.0 (X11; Linux x86_64) AppleWebKit/537.36 (KHTML, like Gecko) HeadlessChrome/147.0.7727.15 Safari/537.36"}
[2m[WebServer] [22m{"time":"2026-10-07T08:16:32.495032503-04:00","level":"INFO","msg":"client log","level":"WARN","message":"[inventory] item photo failed to load, showing placeholder Olive Oil Blend https://nyc3.digitaloceanspaces.com/hq.yumyums/items/olive-oil-blend.png","user":"Jamal C. (jamal@yumyums.kitchen)","page":"/inventory.html","ua":"Mozilla/5.0 (X11; Linux x86_64) AppleWebKit/537.36 (KHTML, like Gecko) HeadlessChrome/147.0.7727.15 Safari/537.36"}
[2m[WebServer] [22m{"time":"2026-10-07T08:16:32.509204873-04:00","level":"INFO","msg":"client log","level":"WARN","message":"[inventory] item photo failed to load, showing placeholder Corn https://nyc3.digitaloceanspaces.com/hq.yumyums/items/corn.png","user":"Jamal C. (jamal@yumyums.kitchen)","page":"/inventory.html","ua":"Mozilla/5.0 (X11; Linux x86_64) AppleWebKit/537.36 (KHTML, like Gecko) HeadlessChrome/147.0.7727.15 Safari/537.36"}
[2m[WebServer] [22m{"time":"2026-10-07T08:16:32.522744742-04:00","level":"INFO","msg":"client log","level":"WARN","message":"[inventory] item photo failed to load, showing placeholder Jerk Seasoning https://nyc3.digitaloceanspaces.com/hq.yumyums/items/jerk-seasoning.png","user":"Jamal C. (jamal@yumyums.kitchen)","page":"/inventory.html","ua":"Mozilla/5.0 (X11; Linux x86_64) AppleWebKit/537.36 (KHTML, like Gecko) HeadlessChrome/147.0.7727.15 Safari/537.36"}
[2m[WebServer] [22m{"time":"2026-10-07T08:16:32.558651113-04:00","level":"INFO","msg":"client log","level":"WARN","message":"[inventory] item photo failed to load, showing placeholder Hamburger Rolls https://nyc3.digitaloceanspaces.com/hq.yumyums/items/hamburger-rolls.png","user":"Jamal C. (jamal@yumyums.kitchen)","page":"/inventory.html","ua":"Mozilla/5.0 (X11; Linux x86_64) AppleWebKit/537.36 (KHTML, like Gecko) HeadlessChrome/147.0.7727.15 Safari/537.36"}
[2m[WebServer] [22m{"time":"2026-10-07T08:16:32.643927793-04:00","level":"INFO","msg":"client log","level":"WARN","message":"[inventory] item photo failed to load, showing placeholder Relish https://nyc3.digitaloceanspaces.com/hq.yumyums/items/relish.png","user":"Jamal C. (jamal@yumyums.kitchen)","page":"/inventory.html","ua":"Mozilla/5.0 (X11; Linux x86_64) AppleWebKit/537.36 (KHTML, like Gecko) HeadlessChrome/147.0.7727.15 Safari/537.36"}
[2m[WebServer] [22m{"time":"2026-10-07T08:16:32.644180965-04:00","level":"INFO","msg":"client log","level":"WARN","message":"[inventory] item photo failed to load, showing placeholder Honey Garlic Sauce https://nyc3.digitaloceanspaces.com/hq.yumyums/items/honey-garlic-sauce.png","user":"Jamal C. (jamal@yumyums.kitchen)","page":"/inventory.html","ua":"Mozilla/5.0 (X11; Linux x86_64) AppleWebKit/537.36 (KHTML, like Gecko) HeadlessChrome/147.0.7727.15 Safari/537.36"}
[2m[WebServer] [22m{"time":"2026-10-07T08:16:32.656906808-04:00","level":"INFO","msg":"client log","level":"WARN","message":"[inventory] item photo failed to load, showing placeholder Boxes (No 8) https://nyc3.digitaloceanspaces.com/hq.yumyums/items/boxes-no-8.png","user":"Jamal C. (jamal@yumyums.kitchen)","page":"/inventory.html","ua":"Mozilla/5.0 (X11; Linux x86_64) AppleWebKit/537.36 (KHTML, like Gecko) HeadlessChrome/147.0.7727.15 Safari/537.36"}
[2m[WebServer] [22m{"time":"2026-10-07T08:16:32.70172431-04:00","level":"INFO","msg":"client log","level":"WARN","message":"[inventory] item photo failed to load, showing placeholder Ranch Dressing https://nyc3.digitaloceanspaces.com/hq.yumyums/items/ranch-dressing.png","user":"Jamal C. (jamal@yumyums.kitchen)","page":"/inventory.html","ua":"Mozilla/5.0 (X11; Linux x86_64) AppleWebKit/537.36 (KHTML, like Gecko) HeadlessChrome/147.0.7727.15 Safari/537.36"}
[2m[WebServer] [22m{"time":"2026-10-07T08:16:32.785877246-04:00","level":"INFO","msg":"client log","level":"WARN","message":"[inventory] item photo failed to load, showing placeholder White Cheese Sauce https://nyc3.digitaloceanspaces.com/hq.yumyums/items/white-cheese-sauce.png","user":"Jamal C. (jamal@yumyums.kitchen)","page":"/inventory.html","ua":"Mozilla/5.0 (X11; Linux x86_64) AppleWebKit/537.36 (KHTML, like Gecko) HeadlessChrome/147.0.7727.15 Safari/537.36"}
[2m[WebServer] [22m{"time":"2026-10-07T08:16:32.786096362-04:00","level":"INFO","msg":"client log","level":"WARN","message":"[inventory] item photo failed to load, showing placeholder Mayonnaise https://nyc3.digitaloceanspaces.com/hq.yumyums/items/mayonnaise.png","user":"Jamal C. (jamal@yumyums.kitchen)","page":"/inventory.html","ua":"Mozilla/5.0 (X11; Linux x86_64) AppleWebKit/537.36 (KHTML, like Gecko) HeadlessChrome/147.0.7727.15 Safari/537.36"}
[2m[WebServer] [22m{"time":"2026-10-07T08:16:32.809827143-04:00","level":"INFO","msg":"client log","level":"WARN","message":"[inventory] item photo failed to load, showing placeholder Lettuce https://nyc3.digitaloceanspaces.com/hq.yumyums/items/lettuce.png","user":"Jamal C. (jamal@yumyums.kitchen)","page":"/inventory.html","ua":"Mozilla/5.0 (X11; Linux x86_64) AppleWebKit/537.36 (KHTML, like Gecko) HeadlessChrome/147.0.7727.15 Safari/537.36"}
[2m[WebServer] [22m{"time":"2026-10-07T08:16:32.83123397-04:00","level":"INFO","msg":"client log","level":"WARN","message":"[inventory] item photo failed to load, showing placeholder Green Peppers https://nyc3.digitaloceanspaces.com/hq.yumyums/items/green-peppers.png","user":"Jamal C. (jamal@yumyums.kitchen)","page":"/inventory.html","ua":"Mozilla/5.0 (X11; Linux x86_64) AppleWebKit/537.36 (KHTML, like Gecko) HeadlessChrome/147.0.7727.15 Safari/537.36"}
[2m[WebServer] [22m{"time":"2026-10-07T08:16:32.886604686-04:00","level":"INFO","msg":"client log","level":"WARN","message":"[inventory] item photo failed to load, showing placeholder Salt https://nyc3.digitaloceanspaces.com/hq.yumyums/items/salt.png","user":"Jamal C. (jamal@yumyums.kitchen)","page":"/inventory.html","ua":"Mozilla/5.0 (X11; Linux x86_64) AppleWebKit/537.36 (KHTML, like Gecko) HeadlessChrome/147.0.7727.15 Safari/537.36"}
[2m[WebServer] [22m{"time":"2026-10-07T08:16:32.887039276-04:00","level":"INFO","msg":"client log","level":"WARN","message":"[inventory] item photo failed to load, showing placeholder Aluminum Foil https://nyc3.digitaloceanspaces.com/hq.yumyums/items/aluminum-foil.png","user":"Jamal C. (jamal@yumyums.kitchen)","page":"/inventory.html","ua":"Mozilla/5.0 (X11; Linux x86_64) AppleWebKit/537.36 (KHTML, like Gecko) HeadlessChrome/147.0.7727.15 Safari/537.36"}
[2m[WebServer] [22m{"time":"2026-10-07T08:16:32.923745322-04:00","level":"INFO","msg":"client log","level":"WARN","message":"[inventory] item photo failed to load, showing placeholder Forks https://nyc3.digitaloceanspaces.com/hq.yumyums/items/forks.png","user":"Jamal C. (jamal@yumyums.kitchen)","page":"/inventory.html","ua":"Mozilla/5.0 (X11; Linux x86_64) AppleWebKit/537.36 (KHTML, like Gecko) HeadlessChrome/147.0.7727.15 Safari/537.36"}
[2m[WebServer] [22m{"time":"2026-10-07T08:16:32.978809319-04:00","level":"INFO","msg":"client log","level":"WARN","message":"[inventory] item photo failed to load, showing placeholder Hot Dog Rolls https://nyc3.digitaloceanspaces.com/hq.yumyums/items/hot-dog-rolls.png","user":"Jamal C. (jamal@yumyums.kitchen)","page":"/inventory.html","ua":"Mozilla/5.0 (X11; Linux x86_64) AppleWebKit/537.36 (KHTML, like Gecko) HeadlessChrome/147.0.7727.15 Safari/537.36"}
[2m[WebServer] [22m{"time":"2026-10-07T08:16:32.98066227-04:00","level":"INFO","msg":"client log","level":"WARN","message":"[inventory] item photo failed to load, showing placeholder Lemons https://nyc3.digitaloceanspaces.com/hq.yumyums/items/lemons.png","user":"Jamal C. (jamal@yumyums.kitchen)","page":"/inventory.html","ua":"Mozilla/5.0 (X11; Linux x86_64) AppleWebKit/537.36 (KHTML, like Gecko) HeadlessChrome/147.0.7727.15 Safari/537.36"}
[2m[WebServer] [22m{"time":"2026-10-07T08:16:33.029496679-04:00","level":"INFO","msg":"client log","level":"WARN","message":"[inventory] item photo failed to load, showing placeholder Blast Away https://nyc3.digitaloceanspaces.com/hq.yumyums/items/blast-away.png","user":"Jamal C. (jamal@yumyums.kitchen)","page":"/inventory.html","ua":"Mozilla/5.0 (X11; Linux x86_64) AppleWebKit/537.36 (KHTML, like Gecko) HeadlessChrome/147.0.7727.15 Safari/537.36"}
[2m[WebServer] [22m{"time":"2026-10-07T08:16:33.085755637-04:00","level":"INFO","msg":"client log","level":"WARN","message":"[inventory] item photo failed to load, showing placeholder Towels https://nyc3.digitaloceanspaces.com/hq.yumyums/items/towels.png","user":"Jamal C. (jamal@yumyums.kitchen)","page":"/inventory.html","ua":"Mozilla/5.0 (X11; Linux x86_64) AppleWebKit/537.36 (KHTML, like Gecko) HeadlessChrome/147.0.7727.15 Safari/537.36"}
[2m[WebServer] [22m{"time":"2026-10-07T08:16:33.09074025-04:00","level":"INFO","msg":"client log","level":"WARN","message":"[inventory] item photo failed to load, showing placeholder Dish Soap https://nyc3.digitaloceanspaces.com/hq.yumyums/items/dish-soap.png","user":"Jamal C. (jamal@yumyums.kitchen)","page":"/inventory.html","ua":"Mozilla/5.0 (X11; Linux x86_64) AppleWebKit/537.36 (KHTML, like Gecko) HeadlessChrome/147.0.7727.15 Safari/537.36"}
[2m[WebServer] [22m{"time":"2026-10-07T08:16:33.132976343-04:00","level":"INFO","msg":"client log","level":"WARN","message":"[inventory] item photo failed to load, showing placeholder Mint https://nyc3.digitaloceanspaces.com/hq.yumyums/items/mint.png","user":"Jamal C. (jamal@yumyums.kitchen)","page":"/inventory.html","ua":"Mozilla/5.0 (X11; Linux x86_64) AppleWebKit/537.36 (KHTML, like Gecko) HeadlessChrome/147.0.7727.15 Safari/537.36"}
[2m[WebServer] [22m{"time":"2026-10-07T08:16:33.177347153-04:00","level":"INFO","msg":"client log","level":"WARN","message":"[inventory] item photo failed to load, showing placeholder Frying Oil https://nyc3.digitaloceanspaces.com/hq.yumyums/items/frying-oil.png","user":"Jamal C. (jamal@yumyums.kitchen)","page":"/inventory.html","ua":"Mozilla/5.0 (X11; Linux x86_64) AppleWebKit/537.36 (KHTML, like Gecko) HeadlessChrome/147.0.7727.15 Safari/537.36"}
[2m[WebServer] [22m{"time":"2026-10-07T08:16:33.181774446-04:00","level":"INFO","msg":"client log","level":"WARN","message":"[inventory] item photo failed to load, showing placeholder Red Onions https://nyc3.digitaloceanspaces.com/hq.yumyums/items/red-onions.png","user":"Jamal C. (jamal@yumyums.kitchen)","page":"/inventory.html","ua":"Mozilla/5.0 (X11; Linux x86_64) AppleWebKit/537.36 (KHTML, like Gecko) HeadlessChrome/147.0.7727.15 Safari/537.36"}
[2m[WebServer] [22m{"time":"2026-10-07T08:16:33.225017978-04:00","level":"INFO","msg":"client log","level":"WARN","message":"[inventory] item photo failed to load, showing placeholder Fries https://nyc3.digitaloceanspaces.com/hq.yumyums/items/fries.png","user":"Jamal C. (jamal@yumyums.kitchen)","page":"/inventory.html","ua":"Mozilla/5.0 (X11; Linux x86_64) AppleWebKit/537.36 (KHTML, like Gecko) HeadlessChrome/147.0.7727.15 Safari/537.36"}
[2m[WebServer] [22m{"time":"2026-10-07T08:16:33.258943848-04:00","level":"INFO","msg":"client log","level":"WARN","message":"[inventory] item photo failed to load, showing placeholder Crystal Hot Sauce https://nyc3.digitaloceanspaces.com/hq.yumyums/items/crystal-hot-sauce.png","user":"Jamal C. (jamal@yumyums.kitchen)","page":"/inventory.html","ua":"Mozilla/5.0 (X11; Linux x86_64) AppleWebKit/537.36 (KHTML, like Gecko) HeadlessChrome/147.0.7727.15 Safari/537.36"}
[2m[WebServer] [22m{"time":"2026-10-07T08:16:33.275576503-04:00","level":"INFO","msg":"client log","level":"WARN","message":"[inventory] item photo failed to load, showing placeholder Mumbo Sauce https://nyc3.digitaloceanspaces.com/hq.yumyums/items/mumbo-sauce.png","user":"Jamal C. (jamal@yumyums.kitchen)","page":"/inventory.html","ua":"Mozilla/5.0 (X11; Linux x86_64) AppleWebKit/537.36 (KHTML, like Gecko) HeadlessChrome/147.0.7727.15 Safari/537.36"}
[2m[WebServer] [22m{"time":"2026-10-07T08:16:33.367001166-04:00","level":"INFO","msg":"client log","level":"WARN","message":"[inventory] item photo failed to load, showing placeholder Gloves https://nyc3.digitaloceanspaces.com/hq.yumyums/items/gloves.png","user":"Jamal C. (jamal@yumyums.kitchen)","page":"/inventory.html","ua":"Mozilla/5.0 (X11; Linux x86_64) AppleWebKit/537.36 (KHTML, like Gecko) HeadlessChrome/147.0.7727.15 Safari/537.36"}
[2m[WebServer] [22m{"time":"2026-10-07T08:16:33.373885638-04:00","level":"INFO","msg":"client log","level":"WARN","message":"[inventory] item photo failed to load, showing placeholder Avocados https://nyc3.digitaloceanspaces.com/hq.yumyums/items/avocados.png","user":"Jamal C. (jamal@yumyums.kitchen)","page":"/inventory.html","ua":"Mozilla/5.0 (X11; Linux x86_64) AppleWebKit/537.36 (KHTML, like Gecko) HeadlessChrome/147.0.7727.15 Safari/537.36"}
[2m[WebServer] [22m{"time":"2026-10-07T08:16:33.443977048-04:00","level":"INFO","msg":"client log","level":"WARN","message":"[inventory] item photo failed to load, showing placeholder Cups https://nyc3.digitaloceanspaces.com/hq.yumyums/items/cups.png","user":"Jamal C. (jamal@yumyums.kitchen)","page":"/inventory.html","ua":"Mozilla/5.0 (X11; Linux x86_64) AppleWebKit/537.36 (KHTML, like Gecko) HeadlessChrome/147.0.7727.15 Safari/537.36"}
[2m[WebServer] [22m{"time":"2026-10-07T08:16:33.483681531-04:00","level":"INFO","msg":"client log","level":"WARN","message":"[inventory] item photo failed to load, showing placeholder Cayenne Pepper https://nyc3.digitaloceanspaces.com/hq.yumyums/items/cayenne-pepper.png","user":"Jamal C. (jamal@yumyums.kitchen)","page":"/inventory.html","ua":"Mozilla/5.0 (X11; Linux x86_64) AppleWebKit/537.36 (KHTML, like Gecko) HeadlessChrome/147.0.7727.15 Safari/537.36"}
[2m[WebServer] [22m{"time":"2026-10-07T08:16:33.503690665-04:00","level":"INFO","msg":"client log","level":"WARN","message":"[inventory] item photo failed to load, showing placeholder Meatballs https://nyc3.digitaloceanspaces.com/hq.yumyums/items/meatballs.png","user":"Jamal C. (jamal@yumyums.kitchen)","page":"/inventory.html","ua":"Mozilla/5.0 (X11; Linux x86_64) AppleWebKit/537.36 (KHTML, like Gecko) HeadlessChrome/147.0.7727.15 Safari/537.36"}
[2m[WebServer] [22m{"time":"2026-10-07T08:16:33.552896692-04:00","level":"INFO","msg":"client log","level":"WARN","message":"[inventory] item photo failed to load, showing placeholder Spinach He https://nyc3.digitaloceanspaces.com/hq.yumyums/items/spinach-he.png","user":"Jamal C. (jamal@yumyums.kitchen)","page":"/inventory.html","ua":"Mozilla/5.0 (X11; Linux x86_64) AppleWebKit/537.36 (KHTML, like Gecko) HeadlessChrome/147.0.7727.15 Safari/537.36"}
[2m[WebServer] [22m{"time":"2026-10-07T08:16:33.581209303-04:00","level":"INFO","msg":"client log","level":"WARN","message":"[inventory] item photo failed to load, showing placeholder Black Pepper https://nyc3.digitaloceanspaces.com/hq.yumyums/items/black-pepper.png","user":"Jamal C. (jamal@yumyums.kitchen)","page":"/inventory.html","ua":"Mozilla/5.0 (X11; Linux x86_64) AppleWebKit/537.36 (KHTML, like Gecko) HeadlessChrome/147.0.7727.15 Safari/537.36"}
[2m[WebServer] [22m{"time":"2026-10-07T08:16:33.594084542-04:00","level":"INFO","msg":"client log","level":"WARN","message":"[inventory] item photo failed to load, showing placeholder Crabmeat https://nyc3.digitaloceanspaces.com/hq.yumyums/items/crabmeat.png","user":"Jamal C. (jamal@yumyums.kitchen)","page":"/inventory.html","ua":"Mozilla/5.0 (X11; Linux x86_64) AppleWebKit/537.36 (KHTML, like Gecko) HeadlessChrome/147.0.7727.15 Safari/537.36"}
[2m[WebServer] [22m{"time":"2026-10-07T08:16:33.630400443-04:00","level":"INFO","msg":"client log","level":"WARN","message":"[inventory] item photo failed to load, showing placeholder Tomaotes https://nyc3.digitaloceanspaces.com/hq.yumyums/items/tomaotes.png","user":"Jamal C. (jamal@yumyums.kitchen)","page":"/inventory.html","ua":"Mozilla/5.0 (X11; Linux x86_64) AppleWebKit/537.36 (KHTML, like Gecko) HeadlessChrome/147.0.7727.15 Safari/537.36"}
[2m[WebServer] [22m{"time":"2026-10-07T08:16:33.652231472-04:00","level":"INFO","msg":"client log","level":"WARN","message":"[inventory] item photo failed to load, showing placeholder Napkins https://nyc3.digitaloceanspaces.com/hq.yumyums/items/napkins.png","user":"Jamal C. (jamal@yumyums.kitchen)","page":"/inventory.html","ua":"Mozilla/5.0 (X11; Linux x86_64) AppleWebKit/537.36 (KHTML, like Gecko) HeadlessChrome/147.0.7727.15 Safari/537.36"}
[2m[WebServer] [22m{"time":"2026-10-07T08:16:33.714875628-04:00","level":"INFO","msg":"client log","level":"WARN","message":"[inventory] item photo failed to load, showing placeholder White Onions https://nyc3.digitaloceanspaces.com/hq.yumyums/items/white-onions.png","user":"Jamal C. (jamal@yumyums.kitchen)","page":"/inventory.html","ua":"Mozilla/5.0 (X11; Linux x86_64) AppleWebKit/537.36 (KHTML, like Gecko) HeadlessChrome/147.0.7727.15 Safari/537.36"}
[2m[WebServer] [22m{"time":"2026-10-07T08:16:33.737652196-04:00","level":"INFO","msg":"client log","level":"WARN","message":"[inventory] item photo failed to load, showing placeholder Garlic Powder https://nyc3.digitaloceanspaces.com/hq.yumyums/items/garlic-powder.png","user":"Jamal C. (jamal@yumyums.kitchen)","page":"/inventory.html","ua":"Mozilla/5.0 (X11; Linux x86_64) AppleWebKit/537.36 (KHTML, like Gecko) HeadlessChrome/147.0.7727.15 Safari/537.36"}
[2m[WebServer] [22m{"time":"2026-10-07T08:16:33.779217233-04:00","level":"INFO","msg":"client log","level":"WARN","message":"[inventory] item photo failed to load, showing placeholder Wings https://nyc3.digitaloceanspaces.com/hq.yumyums/items/wings.png","user":"Jamal C. (jamal@yumyums.kitchen)","page":"/inventory.html","ua":"Mozilla/5.0 (X11; Linux x86_64) AppleWebKit/537.36 (KHTML, like Gecko) HeadlessChrome/147.0.7727.15 Safari/537.36"}
[2m[WebServer] [22m{"time":"2026-10-07T08:16:33.806054402-04:00","level":"INFO","msg":"client log","level":"WARN","message":"[inventory] item photo failed to load, showing placeholder Coarse Sea Salt https://nyc3.digitaloceanspaces.com/hq.yumyums/items/coarse-sea-salt.png","user":"Jamal C. (jamal@yumyums.kitchen)","page":"/inventory.html","ua":"Mozilla/5.0 (X11; Linux x86_64) AppleWebKit/537.36 (KHTML, like Gecko) HeadlessChrome/147.0.7727.15 Safari/537.36"}
[2m[WebServer] [22m{"time":"2026-10-07T08:16:33.843919962-04:00","level":"INFO","msg":"client log","level":"WARN","message":"[inventory] item photo failed to load, showing placeholder Frank’s Hot Sauce https://nyc3.digitaloceanspaces.com/hq.yumyums/items/frank-s-hot-sauce.png","user":"Jamal C. (jamal@yumyums.kitchen)","page":"/inventory.html","ua":"Mozilla/5.0 (X11; Linux x86_64) AppleWebKit/537.36 (KHTML, like Gecko) HeadlessChrome/147.0.7727.15 Safari/537.36"}
[2m[WebServer] [22m{"time":"2026-10-07T08:16:33.860661318-04:00","level":"INFO","msg":"client log","level":"WARN","message":"[inventory] item photo failed to load, showing placeholder Ketchup Jug https://nyc3.digitaloceanspaces.com/hq.yumyums/items/ketchup-jug.png","user":"Jamal C. (jamal@yumyums.kitchen)","page":"/inventory.html","ua":"Mozilla/5.0 (X11; Linux x86_64) AppleWebKit/537.36 (KHTML, like Gecko) HeadlessChrome/147.0.7727.15 Safari/537.36"}
[2m[WebServer] [22m{"time":"2026-10-07T08:16:33.907469924-04:00","level":"INFO","msg":"client log","level":"WARN","message":"[inventory] item photo failed to load, showing placeholder Lemon Juice https://nyc3.digitaloceanspaces.com/hq.yumyums/items/lemon-juice.png","user":"Jamal C. (jamal@yumyums.kitchen)","page":"/inventory.html","ua":"Mozilla/5.0 (X11; Linux x86_64) AppleWebKit/537.36 (KHTML, like Gecko) HeadlessChrome/147.0.7727.15 Safari/537.36"}
  ✓  218 [chromium] › tests/inventory.spec.js:5915:3 › Item display name — promoted nicknames › a nickname typed in Setup is not starred when another nickname already exists, even unstarred (5.7s)
[2m[WebServer] [22m{"time":"2026-10-07T08:16:35.873903869-04:00","level":"INFO","msg":"client log","level":"WARN","message":"[inventory] item photo failed to load, showing placeholder Lemonade Mix https://nyc3.digitaloceanspaces.com/hq.yumyums/items/lemonade-mix.png","user":"Jamal C. (jamal@yumyums.kitchen)","page":"/inventory.html","ua":"Mozilla/5.0 (X11; Linux x86_64) AppleWebKit/537.36 (KHTML, like Gecko) HeadlessChrome/147.0.7727.15 Safari/537.36"}
[2m[WebServer] [22m{"time":"2026-10-07T08:16:35.900740074-04:00","level":"INFO","msg":"client log","level":"WARN","message":"[inventory] item photo failed to load, showing placeholder Water https://nyc3.digitaloceanspaces.com/hq.yumyums/items/water.png","user":"Jamal C. (jamal@yumyums.kitchen)","page":"/inventory.html","ua":"Mozilla/5.0 (X11; Linux x86_64) AppleWebKit/537.36 (KHTML, like Gecko) HeadlessChrome/147.0.7727.15 Safari/537.36"}
[2m[WebServer] [22m{"time":"2026-10-07T08:16:36.019439065-04:00","level":"INFO","msg":"client log","level":"WARN","message":"[inventory] item photo failed to load, showing placeholder Lids https://nyc3.digitaloceanspaces.com/hq.yumyums/items/lids.png","user":"Jamal C. (jamal@yumyums.kitchen)","page":"/inventory.html","ua":"Mozilla/5.0 (X11; Linux x86_64) AppleWebKit/537.36 (KHTML, like Gecko) HeadlessChrome/147.0.7727.15 Safari/537.36"}
[2m[WebServer] [22m{"time":"2026-10-07T08:16:36.031277307-04:00","level":"INFO","msg":"client log","level":"WARN","message":"[inventory] item photo failed to load, showing placeholder Gloves https://nyc3.digitaloceanspaces.com/hq.yumyums/items/gloves.png","user":"Jamal C. (jamal@yumyums.kitchen)","page":"/inventory.html","ua":"Mozilla/5.0 (X11; Linux x86_64) AppleWebKit/537.36 (KHTML, like Gecko) HeadlessChrome/147.0.7727.15 Safari/537.36"}
[2m[WebServer] [22m{"time":"2026-10-07T08:16:36.093371532-04:00","level":"INFO","msg":"client log","level":"WARN","message":"[inventory] item photo failed to load, showing placeholder Ranch Dressing https://nyc3.digitaloceanspaces.com/hq.yumyums/items/ranch-dressing.png","user":"Jamal C. (jamal@yumyums.kitchen)","page":"/inventory.html","ua":"Mozilla/5.0 (X11; Linux x86_64) AppleWebKit/537.36 (KHTML, like Gecko) HeadlessChrome/147.0.7727.15 Safari/537.36"}
[2m[WebServer] [22m{"time":"2026-10-07T08:16:36.12313474-04:00","level":"INFO","msg":"client log","level":"WARN","message":"[inventory] item photo failed to load, showing placeholder Frank’s Hot Sauce https://nyc3.digitaloceanspaces.com/hq.yumyums/items/frank-s-hot-sauce.png","user":"Jamal C. (jamal@yumyums.kitchen)","page":"/inventory.html","ua":"Mozilla/5.0 (X11; Linux x86_64) AppleWebKit/537.36 (KHTML, like Gecko) HeadlessChrome/147.0.7727.15 Safari/537.36"}
[2m[WebServer] [22m{"time":"2026-10-07T08:16:36.140828167-04:00","level":"INFO","msg":"client log","level":"WARN","message":"[inventory] item photo failed to load, showing placeholder Hamburger Rolls https://nyc3.digitaloceanspaces.com/hq.yumyums/items/hamburger-rolls.png","user":"Jamal C. (jamal@yumyums.kitchen)","page":"/inventory.html","ua":"Mozilla/5.0 (X11; Linux x86_64) AppleWebKit/537.36 (KHTML, like Gecko) HeadlessChrome/147.0.7727.15 Safari/537.36"}
[2m[WebServer] [22m{"time":"2026-10-07T08:16:36.284391215-04:00","level":"INFO","msg":"client log","level":"WARN","message":"[inventory] item photo failed to load, showing placeholder Sanitizing Tablets https://nyc3.digitaloceanspaces.com/hq.yumyums/items/sanitizing-tablets.png","user":"Jamal C. (jamal@yumyums.kitchen)","page":"/inventory.html","ua":"Mozilla/5.0 (X11; Linux x86_64) AppleWebKit/537.36 (KHTML, like Gecko) HeadlessChrome/147.0.7727.15 Safari/537.36"}
[2m[WebServer] [22m{"time":"2026-10-07T08:16:36.338798079-04:00","level":"INFO","msg":"client log","level":"WARN","message":"[inventory] item photo failed to load, showing placeholder Hoagie Containers https://nyc3.digitaloceanspaces.com/hq.yumyums/items/hoagie-containers.png","user":"Jamal C. (jamal@yumyums.kitchen)","page":"/inventory.html","ua":"Mozilla/5.0 (X11; Linux x86_64) AppleWebKit/537.36 (KHTML, like Gecko) HeadlessChrome/147.0.7727.15 Safari/537.36"}
[2m[WebServer] [22m{"time":"2026-10-07T08:16:36.341133706-04:00","level":"INFO","msg":"client log","level":"WARN","message":"[inventory] item photo failed to load, showing placeholder Cayenne Pepper https://nyc3.digitaloceanspaces.com/hq.yumyums/items/cayenne-pepper.png","user":"Jamal C. (jamal@yumyums.kitchen)","page":"/inventory.html","ua":"Mozilla/5.0 (X11; Linux x86_64) AppleWebKit/537.36 (KHTML, like Gecko) HeadlessChrome/147.0.7727.15 Safari/537.36"}
[2m[WebServer] [22m{"time":"2026-10-07T08:16:36.357717097-04:00","level":"INFO","msg":"client log","level":"WARN","message":"[inventory] item photo failed to load, showing placeholder Wings https://nyc3.digitaloceanspaces.com/hq.yumyums/items/wings.png","user":"Jamal C. (jamal@yumyums.kitchen)","page":"/inventory.html","ua":"Mozilla/5.0 (X11; Linux x86_64) AppleWebKit/537.36 (KHTML, like Gecko) HeadlessChrome/147.0.7727.15 Safari/537.36"}
[2m[WebServer] [22m{"time":"2026-10-07T08:16:36.393233001-04:00","level":"INFO","msg":"client log","level":"WARN","message":"[inventory] item photo failed to load, showing placeholder Dr. Pepper https://nyc3.digitaloceanspaces.com/hq.yumyums/items/dr-pepper.png","user":"Jamal C. (jamal@yumyums.kitchen)","page":"/inventory.html","ua":"Mozilla/5.0 (X11; Linux x86_64) AppleWebKit/537.36 (KHTML, like Gecko) HeadlessChrome/147.0.7727.15 Safari/537.36"}
[2m[WebServer] [22m{"time":"2026-10-07T08:16:36.53842785-04:00","level":"INFO","msg":"client log","level":"WARN","message":"[inventory] item photo failed to load, showing placeholder Dish Soap https://nyc3.digitaloceanspaces.com/hq.yumyums/items/dish-soap.png","user":"Jamal C. (jamal@yumyums.kitchen)","page":"/inventory.html","ua":"Mozilla/5.0 (X11; Linux x86_64) AppleWebKit/537.36 (KHTML, like Gecko) HeadlessChrome/147.0.7727.15 Safari/537.36"}
[2m[WebServer] [22m{"time":"2026-10-07T08:16:36.607025932-04:00","level":"INFO","msg":"client log","level":"WARN","message":"[inventory] item photo failed to load, showing placeholder Sour Cream https://nyc3.digitaloceanspaces.com/hq.yumyums/items/sour-cream.png","user":"Jamal C. (jamal@yumyums.kitchen)","page":"/inventory.html","ua":"Mozilla/5.0 (X11; Linux x86_64) AppleWebKit/537.36 (KHTML, like Gecko) HeadlessChrome/147.0.7727.15 Safari/537.36"}
[2m[WebServer] [22m{"time":"2026-10-07T08:16:36.642250539-04:00","level":"INFO","msg":"client log","level":"WARN","message":"[inventory] item photo failed to load, showing placeholder Blast Away https://nyc3.digitaloceanspaces.com/hq.yumyums/items/blast-away.png","user":"Jamal C. (jamal@yumyums.kitchen)","page":"/inventory.html","ua":"Mozilla/5.0 (X11; Linux x86_64) AppleWebKit/537.36 (KHTML, like Gecko) HeadlessChrome/147.0.7727.15 Safari/537.36"}
[2m[WebServer] [22m{"time":"2026-10-07T08:16:36.65264461-04:00","level":"INFO","msg":"client log","level":"WARN","message":"[inventory] item photo failed to load, showing placeholder Coke https://nyc3.digitaloceanspaces.com/hq.yumyums/items/coke.png","user":"Jamal C. (jamal@yumyums.kitchen)","page":"/inventory.html","ua":"Mozilla/5.0 (X11; Linux x86_64) AppleWebKit/537.36 (KHTML, like Gecko) HeadlessChrome/147.0.7727.15 Safari/537.36"}
[2m[WebServer] [22m{"time":"2026-10-07T08:16:36.66022766-04:00","level":"INFO","msg":"client log","level":"WARN","message":"[inventory] item photo failed to load, showing placeholder Plastic Bags https://nyc3.digitaloceanspaces.com/hq.yumyums/items/plastic-bags.png","user":"Jamal C. (jamal@yumyums.kitchen)","page":"/inventory.html","ua":"Mozilla/5.0 (X11; Linux x86_64) AppleWebKit/537.36 (KHTML, like Gecko) HeadlessChrome/147.0.7727.15 Safari/537.36"}
[2m[WebServer] [22m{"time":"2026-10-07T08:16:36.782458954-04:00","level":"INFO","msg":"client log","level":"WARN","message":"[inventory] item photo failed to load, showing placeholder Forks https://nyc3.digitaloceanspaces.com/hq.yumyums/items/forks.png","user":"Jamal C. (jamal@yumyums.kitchen)","page":"/inventory.html","ua":"Mozilla/5.0 (X11; Linux x86_64) AppleWebKit/537.36 (KHTML, like Gecko) HeadlessChrome/147.0.7727.15 Safari/537.36"}
[2m[WebServer] [22m{"time":"2026-10-07T08:16:36.833568053-04:00","level":"INFO","msg":"client log","level":"WARN","message":"[inventory] item photo failed to load, showing placeholder Pickles https://nyc3.digitaloceanspaces.com/hq.yumyums/items/pickles.png","user":"Jamal C. (jamal@yumyums.kitchen)","page":"/inventory.html","ua":"Mozilla/5.0 (X11; Linux x86_64) AppleWebKit/537.36 (KHTML, like Gecko) HeadlessChrome/147.0.7727.15 Safari/537.36"}
[2m[WebServer] [22m{"time":"2026-10-07T08:16:36.850382447-04:00","level":"INFO","msg":"client log","level":"WARN","message":"[inventory] item photo failed to load, showing placeholder Coke Zero https://nyc3.digitaloceanspaces.com/hq.yumyums/items/coke-zero.png","user":"Jamal C. (jamal@yumyums.kitchen)","page":"/inventory.html","ua":"Mozilla/5.0 (X11; Linux x86_64) AppleWebKit/537.36 (KHTML, like Gecko) HeadlessChrome/147.0.7727.15 Safari/537.36"}
[2m[WebServer] [22m{"time":"2026-10-07T08:16:36.858068201-04:00","level":"INFO","msg":"client log","level":"WARN","message":"[inventory] item photo failed to load, showing placeholder Cheesesteak https://nyc3.digitaloceanspaces.com/hq.yumyums/items/cheesesteak.png","user":"Jamal C. (jamal@yumyums.kitchen)","page":"/inventory.html","ua":"Mozilla/5.0 (X11; Linux x86_64) AppleWebKit/537.36 (KHTML, like Gecko) HeadlessChrome/147.0.7727.15 Safari/537.36"}
[2m[WebServer] [22m{"time":"2026-10-07T08:16:36.913596346-04:00","level":"INFO","msg":"client log","level":"WARN","message":"[inventory] item photo failed to load, showing placeholder Sprite https://nyc3.digitaloceanspaces.com/hq.yumyums/items/sprite.png","user":"Jamal C. (jamal@yumyums.kitchen)","page":"/inventory.html","ua":"Mozilla/5.0 (X11; Linux x86_64) AppleWebKit/537.36 (KHTML, like Gecko) HeadlessChrome/147.0.7727.15 Safari/537.36"}
[2m[WebServer] [22m{"time":"2026-10-07T08:16:36.996017348-04:00","level":"INFO","msg":"client log","level":"WARN","message":"[inventory] item photo failed to load, showing placeholder Parm Cheese https://nyc3.digitaloceanspaces.com/hq.yumyums/items/parm-cheese.png","user":"Jamal C. (jamal@yumyums.kitchen)","page":"/inventory.html","ua":"Mozilla/5.0 (X11; Linux x86_64) AppleWebKit/537.36 (KHTML, like Gecko) HeadlessChrome/147.0.7727.15 Safari/537.36"}
[2m[WebServer] [22m{"time":"2026-10-07T08:16:37.031724952-04:00","level":"INFO","msg":"client log","level":"WARN","message":"[inventory] item photo failed to load, showing placeholder Boxes (No 8) https://nyc3.digitaloceanspaces.com/hq.yumyums/items/boxes-no-8.png","user":"Jamal C. (jamal@yumyums.kitchen)","page":"/inventory.html","ua":"Mozilla/5.0 (X11; Linux x86_64) AppleWebKit/537.36 (KHTML, like Gecko) HeadlessChrome/147.0.7727.15 Safari/537.36"}
[2m[WebServer] [22m{"time":"2026-10-07T08:16:37.052491246-04:00","level":"INFO","msg":"client log","level":"WARN","message":"[inventory] item photo failed to load, showing placeholder Corn https://nyc3.digitaloceanspaces.com/hq.yumyums/items/corn.png","user":"Jamal C. (jamal@yumyums.kitchen)","page":"/inventory.html","ua":"Mozilla/5.0 (X11; Linux x86_64) AppleWebKit/537.36 (KHTML, like Gecko) HeadlessChrome/147.0.7727.15 Safari/537.36"}
[2m[WebServer] [22m{"time":"2026-10-07T08:16:37.065930553-04:00","level":"INFO","msg":"client log","level":"WARN","message":"[inventory] item photo failed to load, showing placeholder Lettuce https://nyc3.digitaloceanspaces.com/hq.yumyums/items/lettuce.png","user":"Jamal C. (jamal@yumyums.kitchen)","page":"/inventory.html","ua":"Mozilla/5.0 (X11; Linux x86_64) AppleWebKit/537.36 (KHTML, like Gecko) HeadlessChrome/147.0.7727.15 Safari/537.36"}
[2m[WebServer] [22m{"time":"2026-10-07T08:16:37.16855421-04:00","level":"INFO","msg":"client log","level":"WARN","message":"[inventory] item photo failed to load, showing placeholder Hot Dog Rolls https://nyc3.digitaloceanspaces.com/hq.yumyums/items/hot-dog-rolls.png","user":"Jamal C. (jamal@yumyums.kitchen)","page":"/inventory.html","ua":"Mozilla/5.0 (X11; Linux x86_64) AppleWebKit/537.36 (KHTML, like Gecko) HeadlessChrome/147.0.7727.15 Safari/537.36"}
[2m[WebServer] [22m{"time":"2026-10-07T08:16:37.197100394-04:00","level":"INFO","msg":"client log","level":"WARN","message":"[inventory] item photo failed to load, showing placeholder Mango Syrup https://nyc3.digitaloceanspaces.com/hq.yumyums/items/mango-syrup.png","user":"Jamal C. (jamal@yumyums.kitchen)","page":"/inventory.html","ua":"Mozilla/5.0 (X11; Linux x86_64) AppleWebKit/537.36 (KHTML, like Gecko) HeadlessChrome/147.0.7727.15 Safari/537.36"}
[2m[WebServer] [22m{"time":"2026-10-07T08:16:37.208696281-04:00","level":"INFO","msg":"client log","level":"WARN","message":"[inventory] item photo failed to load, showing placeholder Hot Dogs https://nyc3.digitaloceanspaces.com/hq.yumyums/items/hot-dogs.png","user":"Jamal C. (jamal@yumyums.kitchen)","page":"/inventory.html","ua":"Mozilla/5.0 (X11; Linux x86_64) AppleWebKit/537.36 (KHTML, like Gecko) HeadlessChrome/147.0.7727.15 Safari/537.36"}
[2m[WebServer] [22m{"time":"2026-10-07T08:16:37.242273879-04:00","level":"INFO","msg":"client log","level":"WARN","message":"[inventory] item photo failed to load, showing placeholder Brisket Rolls https://nyc3.digitaloceanspaces.com/hq.yumyums/items/brisket-rolls.png","user":"Jamal C. (jamal@yumyums.kitchen)","page":"/inventory.html","ua":"Mozilla/5.0 (X11; Linux x86_64) AppleWebKit/537.36 (KHTML, like Gecko) HeadlessChrome/147.0.7727.15 Safari/537.36"}
[2m[WebServer] [22m{"time":"2026-10-07T08:16:37.343133901-04:00","level":"INFO","msg":"client log","level":"WARN","message":"[inventory] item photo failed to load, showing placeholder Salt https://nyc3.digitaloceanspaces.com/hq.yumyums/items/salt.png","user":"Jamal C. (jamal@yumyums.kitchen)","page":"/inventory.html","ua":"Mozilla/5.0 (X11; Linux x86_64) AppleWebKit/537.36 (KHTML, like Gecko) HeadlessChrome/147.0.7727.15 Safari/537.36"}
[2m[WebServer] [22m{"time":"2026-10-07T08:16:37.377369596-04:00","level":"INFO","msg":"client log","level":"WARN","message":"[inventory] item photo failed to load, showing placeholder Mint https://nyc3.digitaloceanspaces.com/hq.yumyums/items/mint.png","user":"Jamal C. (jamal@yumyums.kitchen)","page":"/inventory.html","ua":"Mozilla/5.0 (X11; Linux x86_64) AppleWebKit/537.36 (KHTML, like Gecko) HeadlessChrome/147.0.7727.15 Safari/537.36"}
[2m[WebServer] [22m{"time":"2026-10-07T08:16:37.390648903-04:00","level":"INFO","msg":"client log","level":"WARN","message":"[inventory] item photo failed to load, showing placeholder Bbq Sauce https://nyc3.digitaloceanspaces.com/hq.yumyums/items/bbq-sauce.png","user":"Jamal C. (jamal@yumyums.kitchen)","page":"/inventory.html","ua":"Mozilla/5.0 (X11; Linux x86_64) AppleWebKit/537.36 (KHTML, like Gecko) HeadlessChrome/147.0.7727.15 Safari/537.36"}
[2m[WebServer] [22m{"time":"2026-10-07T08:16:37.477953421-04:00","level":"INFO","msg":"client log","level":"WARN","message":"[inventory] item photo failed to load, showing placeholder Dirty Dog Rolls https://nyc3.digitaloceanspaces.com/hq.yumyums/items/dirty-dog-rolls.png","user":"Jamal C. (jamal@yumyums.kitchen)","page":"/inventory.html","ua":"Mozilla/5.0 (X11; Linux x86_64) AppleWebKit/537.36 (KHTML, like Gecko) HeadlessChrome/147.0.7727.15 Safari/537.36"}
[2m[WebServer] [22m{"time":"2026-10-07T08:16:37.530374215-04:00","level":"INFO","msg":"client log","level":"WARN","message":"[inventory] item photo failed to load, showing placeholder Aluminum Foil https://nyc3.digitaloceanspaces.com/hq.yumyums/items/aluminum-foil.png","user":"Jamal C. (jamal@yumyums.kitchen)","page":"/inventory.html","ua":"Mozilla/5.0 (X11; Linux x86_64) AppleWebKit/537.36 (KHTML, like Gecko) HeadlessChrome/147.0.7727.15 Safari/537.36"}
[2m[WebServer] [22m{"time":"2026-10-07T08:16:37.554594525-04:00","level":"INFO","msg":"client log","level":"WARN","message":"[inventory] item photo failed to load, showing placeholder Chicken Party Wings https://nyc3.digitaloceanspaces.com/hq.yumyums/items/chicken-party-wings.png","user":"Jamal C. (jamal@yumyums.kitchen)","page":"/inventory.html","ua":"Mozilla/5.0 (X11; Linux x86_64) AppleWebKit/537.36 (KHTML, like Gecko) HeadlessChrome/147.0.7727.15 Safari/537.36"}
[2m[WebServer] [22m{"time":"2026-10-07T08:16:37.564176819-04:00","level":"INFO","msg":"client log","level":"WARN","message":"[inventory] item photo failed to load, showing placeholder Garlic Powder https://nyc3.digitaloceanspaces.com/hq.yumyums/items/garlic-powder.png","user":"Jamal C. (jamal@yumyums.kitchen)","page":"/inventory.html","ua":"Mozilla/5.0 (X11; Linux x86_64) AppleWebKit/537.36 (KHTML, like Gecko) HeadlessChrome/147.0.7727.15 Safari/537.36"}
[2m[WebServer] [22m{"time":"2026-10-07T08:16:37.595904357-04:00","level":"INFO","msg":"client log","level":"WARN","message":"[inventory] item photo failed to load, showing placeholder Napkins https://nyc3.digitaloceanspaces.com/hq.yumyums/items/napkins.png","user":"Jamal C. (jamal@yumyums.kitchen)","page":"/inventory.html","ua":"Mozilla/5.0 (X11; Linux x86_64) AppleWebKit/537.36 (KHTML, like Gecko) HeadlessChrome/147.0.7727.15 Safari/537.36"}
[2m[WebServer] [22m{"time":"2026-10-07T08:16:37.623859486-04:00","level":"INFO","msg":"client log","level":"WARN","message":"[inventory] item photo failed to load, showing placeholder Bleach https://nyc3.digitaloceanspaces.com/hq.yumyums/items/bleach.png","user":"Jamal C. (jamal@yumyums.kitchen)","page":"/inventory.html","ua":"Mozilla/5.0 (X11; Linux x86_64) AppleWebKit/537.36 (KHTML, like Gecko) HeadlessChrome/147.0.7727.15 Safari/537.36"}
[2m[WebServer] [22m{"time":"2026-10-07T08:16:37.729164043-04:00","level":"INFO","msg":"client log","level":"WARN","message":"[inventory] item photo failed to load, showing placeholder Olive Oil Blend https://nyc3.digitaloceanspaces.com/hq.yumyums/items/olive-oil-blend.png","user":"Jamal C. (jamal@yumyums.kitchen)","page":"/inventory.html","ua":"Mozilla/5.0 (X11; Linux x86_64) AppleWebKit/537.36 (KHTML, like Gecko) HeadlessChrome/147.0.7727.15 Safari/537.36"}
[2m[WebServer] [22m{"time":"2026-10-07T08:16:37.743751512-04:00","level":"INFO","msg":"client log","level":"WARN","message":"[inventory] item photo failed to load, showing placeholder Lemon Juice https://nyc3.digitaloceanspaces.com/hq.yumyums/items/lemon-juice.png","user":"Jamal C. (jamal@yumyums.kitchen)","page":"/inventory.html","ua":"Mozilla/5.0 (X11; Linux x86_64) AppleWebKit/537.36 (KHTML, like Gecko) HeadlessChrome/147.0.7727.15 Safari/537.36"}
[2m[WebServer] [22m{"time":"2026-10-07T08:16:37.762101858-04:00","level":"INFO","msg":"client log","level":"WARN","message":"[inventory] item photo failed to load, showing placeholder Brown Sugar https://nyc3.digitaloceanspaces.com/hq.yumyums/items/brown-sugar.png","user":"Jamal C. (jamal@yumyums.kitchen)","page":"/inventory.html","ua":"Mozilla/5.0 (X11; Linux x86_64) AppleWebKit/537.36 (KHTML, like Gecko) HeadlessChrome/147.0.7727.15 Safari/537.36"}
[2m[WebServer] [22m{"time":"2026-10-07T08:16:37.796965555-04:00","level":"INFO","msg":"client log","level":"WARN","message":"[inventory] item photo failed to load, showing placeholder No Rinse Floor Cleaner https://nyc3.digitaloceanspaces.com/hq.yumyums/items/no-rinse-floor-cleaner.png","user":"Jamal C. (jamal@yumyums.kitchen)","page":"/inventory.html","ua":"Mozilla/5.0 (X11; Linux x86_64) AppleWebKit/537.36 (KHTML, like Gecko) HeadlessChrome/147.0.7727.15 Safari/537.36"}
[2m[WebServer] [22m{"time":"2026-10-07T08:16:37.899171971-04:00","level":"INFO","msg":"client log","level":"WARN","message":"[inventory] item photo failed to load, showing placeholder Limes https://nyc3.digitaloceanspaces.com/hq.yumyums/items/limes.png","user":"Jamal C. (jamal@yumyums.kitchen)","page":"/inventory.html","ua":"Mozilla/5.0 (X11; Linux x86_64) AppleWebKit/537.36 (KHTML, like Gecko) HeadlessChrome/147.0.7727.15 Safari/537.36"}
[2m[WebServer] [22m{"time":"2026-10-07T08:16:37.912400623-04:00","level":"INFO","msg":"client log","level":"WARN","message":"[inventory] item photo failed to load, showing placeholder Chicken Breasts https://nyc3.digitaloceanspaces.com/hq.yumyums/items/chicken-breasts.png","user":"Jamal C. (jamal@yumyums.kitchen)","page":"/inventory.html","ua":"Mozilla/5.0 (X11; Linux x86_64) AppleWebKit/537.36 (KHTML, like Gecko) HeadlessChrome/147.0.7727.15 Safari/537.36"}
[2m[WebServer] [22m{"time":"2026-10-07T08:16:37.92265183-04:00","level":"INFO","msg":"client log","level":"WARN","message":"[inventory] item photo failed to load, showing placeholder Lemons https://nyc3.digitaloceanspaces.com/hq.yumyums/items/lemons.png","user":"Jamal C. (jamal@yumyums.kitchen)","page":"/inventory.html","ua":"Mozilla/5.0 (X11; Linux x86_64) AppleWebKit/537.36 (KHTML, like Gecko) HeadlessChrome/147.0.7727.15 Safari/537.36"}
[2m[WebServer] [22m{"time":"2026-10-07T08:16:37.957433064-04:00","level":"INFO","msg":"client log","level":"WARN","message":"[inventory] item photo failed to load, showing placeholder Towels https://nyc3.digitaloceanspaces.com/hq.yumyums/items/towels.png","user":"Jamal C. (jamal@yumyums.kitchen)","page":"/inventory.html","ua":"Mozilla/5.0 (X11; Linux x86_64) AppleWebKit/537.36 (KHTML, like Gecko) HeadlessChrome/147.0.7727.15 Safari/537.36"}
[2m[WebServer] [22m{"time":"2026-10-07T08:16:38.050574347-04:00","level":"INFO","msg":"client log","level":"WARN","message":"[inventory] item photo failed to load, showing placeholder Charcoal https://nyc3.digitaloceanspaces.com/hq.yumyums/items/charcoal.png","user":"Jamal C. (jamal@yumyums.kitchen)","page":"/inventory.html","ua":"Mozilla/5.0 (X11; Linux x86_64) AppleWebKit/537.36 (KHTML, like Gecko) HeadlessChrome/147.0.7727.15 Safari/537.36"}
[2m[WebServer] [22m{"time":"2026-10-07T08:16:38.052043365-04:00","level":"INFO","msg":"client log","level":"WARN","message":"[inventory] item photo failed to load, showing placeholder Hand Towels https://nyc3.digitaloceanspaces.com/hq.yumyums/items/hand-towels.png","user":"Jamal C. (jamal@yumyums.kitchen)","page":"/inventory.html","ua":"Mozilla/5.0 (X11; Linux x86_64) AppleWebKit/537.36 (KHTML, like Gecko) HeadlessChrome/147.0.7727.15 Safari/537.36"}
[2m[WebServer] [22m{"time":"2026-10-07T08:16:38.069868518-04:00","level":"INFO","msg":"client log","level":"WARN","message":"[inventory] item photo failed to load, showing placeholder Crystal Hot Sauce https://nyc3.digitaloceanspaces.com/hq.yumyums/items/crystal-hot-sauce.png","user":"Jamal C. (jamal@yumyums.kitchen)","page":"/inventory.html","ua":"Mozilla/5.0 (X11; Linux x86_64) AppleWebKit/537.36 (KHTML, like Gecko) HeadlessChrome/147.0.7727.15 Safari/537.36"}
[2m[WebServer] [22m{"time":"2026-10-07T08:16:38.08294788-04:00","level":"INFO","msg":"client log","level":"WARN","message":"[inventory] item photo failed to load, showing placeholder Relish https://nyc3.digitaloceanspaces.com/hq.yumyums/items/relish.png","user":"Jamal C. (jamal@yumyums.kitchen)","page":"/inventory.html","ua":"Mozilla/5.0 (X11; Linux x86_64) AppleWebKit/537.36 (KHTML, like Gecko) HeadlessChrome/147.0.7727.15 Safari/537.36"}
[2m[WebServer] [22m{"time":"2026-10-07T08:16:38.138863493-04:00","level":"INFO","msg":"client log","level":"WARN","message":"[inventory] item photo failed to load, showing placeholder Mexican Cheese https://nyc3.digitaloceanspaces.com/hq.yumyums/items/mexican-cheese.png","user":"Jamal C. (jamal@yumyums.kitchen)","page":"/inventory.html","ua":"Mozilla/5.0 (X11; Linux x86_64) AppleWebKit/537.36 (KHTML, like Gecko) HeadlessChrome/147.0.7727.15 Safari/537.36"}
[2m[WebServer] [22m{"time":"2026-10-07T08:16:38.237056645-04:00","level":"INFO","msg":"client log","level":"WARN","message":"[inventory] item photo failed to load, showing placeholder Fries https://nyc3.digitaloceanspaces.com/hq.yumyums/items/fries.png","user":"Jamal C. (jamal@yumyums.kitchen)","page":"/inventory.html","ua":"Mozilla/5.0 (X11; Linux x86_64) AppleWebKit/537.36 (KHTML, like Gecko) HeadlessChrome/147.0.7727.15 Safari/537.36"}
[2m[WebServer] [22m{"time":"2026-10-07T08:16:38.237295359-04:00","level":"INFO","msg":"client log","level":"WARN","message":"[inventory] item photo failed to load, showing placeholder Egg Roll Wraps https://nyc3.digitaloceanspaces.com/hq.yumyums/items/egg-roll-wraps.png","user":"Jamal C. (jamal@yumyums.kitchen)","page":"/inventory.html","ua":"Mozilla/5.0 (X11; Linux x86_64) AppleWebKit/537.36 (KHTML, like Gecko) HeadlessChrome/147.0.7727.15 Safari/537.36"}
[2m[WebServer] [22m{"time":"2026-10-07T08:16:38.250067252-04:00","level":"INFO","msg":"client log","level":"WARN","message":"[inventory] item photo failed to load, showing placeholder Honey Mustard https://nyc3.digitaloceanspaces.com/hq.yumyums/items/honey-mustard.png","user":"Jamal C. (jamal@yumyums.kitchen)","page":"/inventory.html","ua":"Mozilla/5.0 (X11; Linux x86_64) AppleWebKit/537.36 (KHTML, like Gecko) HeadlessChrome/147.0.7727.15 Safari/537.36"}
[2m[WebServer] [22m{"time":"2026-10-07T08:16:38.288580307-04:00","level":"INFO","msg":"client log","level":"WARN","message":"[inventory] item photo failed to load, showing placeholder Ketchup Jug https://nyc3.digitaloceanspaces.com/hq.yumyums/items/ketchup-jug.png","user":"Jamal C. (jamal@yumyums.kitchen)","page":"/inventory.html","ua":"Mozilla/5.0 (X11; Linux x86_64) AppleWebKit/537.36 (KHTML, like Gecko) HeadlessChrome/147.0.7727.15 Safari/537.36"}
[2m[WebServer] [22m{"time":"2026-10-07T08:16:38.352486144-04:00","level":"INFO","msg":"client log","level":"WARN","message":"[inventory] item photo failed to load, showing placeholder Brisket https://nyc3.digitaloceanspaces.com/hq.yumyums/items/brisket.png","user":"Jamal C. (jamal@yumyums.kitchen)","page":"/inventory.html","ua":"Mozilla/5.0 (X11; Linux x86_64) AppleWebKit/537.36 (KHTML, like Gecko) HeadlessChrome/147.0.7727.15 Safari/537.36"}
[2m[WebServer] [22m{"time":"2026-10-07T08:16:38.366512651-04:00","level":"INFO","msg":"client log","level":"WARN","message":"[inventory] item photo failed to load, showing placeholder Cups https://nyc3.digitaloceanspaces.com/hq.yumyums/items/cups.png","user":"Jamal C. (jamal@yumyums.kitchen)","page":"/inventory.html","ua":"Mozilla/5.0 (X11; Linux x86_64) AppleWebKit/537.36 (KHTML, like Gecko) HeadlessChrome/147.0.7727.15 Safari/537.36"}
[2m[WebServer] [22m{"time":"2026-10-07T08:16:38.383089617-04:00","level":"INFO","msg":"client log","level":"WARN","message":"[inventory] item photo failed to load, showing placeholder Blue Cheese Dressing https://nyc3.digitaloceanspaces.com/hq.yumyums/items/blue-cheese-dressing.png","user":"Jamal C. (jamal@yumyums.kitchen)","page":"/inventory.html","ua":"Mozilla/5.0 (X11; Linux x86_64) AppleWebKit/537.36 (KHTML, like Gecko) HeadlessChrome/147.0.7727.15 Safari/537.36"}
[2m[WebServer] [22m{"time":"2026-10-07T08:16:38.406921709-04:00","level":"INFO","msg":"client log","level":"WARN","message":"[inventory] item photo failed to load, showing placeholder Cup Holders https://nyc3.digitaloceanspaces.com/hq.yumyums/items/cup-holders.png","user":"Jamal C. (jamal@yumyums.kitchen)","page":"/inventory.html","ua":"Mozilla/5.0 (X11; Linux x86_64) AppleWebKit/537.36 (KHTML, like Gecko) HeadlessChrome/147.0.7727.15 Safari/537.36"}
[2m[WebServer] [22m{"time":"2026-10-07T08:16:38.464441279-04:00","level":"INFO","msg":"client log","level":"WARN","message":"[inventory] item photo failed to load, showing placeholder Crabmeat https://nyc3.digitaloceanspaces.com/hq.yumyums/items/crabmeat.png","user":"Jamal C. (jamal@yumyums.kitchen)","page":"/inventory.html","ua":"Mozilla/5.0 (X11; Linux x86_64) AppleWebKit/537.36 (KHTML, like Gecko) HeadlessChrome/147.0.7727.15 Safari/537.36"}
[2m[WebServer] [22m{"time":"2026-10-07T08:16:38.479428317-04:00","level":"INFO","msg":"client log","level":"WARN","message":"[inventory] item photo failed to load, showing placeholder Mumbo Sauce https://nyc3.digitaloceanspaces.com/hq.yumyums/items/mumbo-sauce.png","user":"Jamal C. (jamal@yumyums.kitchen)","page":"/inventory.html","ua":"Mozilla/5.0 (X11; Linux x86_64) AppleWebKit/537.36 (KHTML, like Gecko) HeadlessChrome/147.0.7727.15 Safari/537.36"}
[2m[WebServer] [22m{"time":"2026-10-07T08:16:38.501464968-04:00","level":"INFO","msg":"client log","level":"WARN","message":"[inventory] item photo failed to load, showing placeholder Trash Bags (30 Gallon) https://nyc3.digitaloceanspaces.com/hq.yumyums/items/trash-bags-30-gallon.png","user":"Jamal C. (jamal@yumyums.kitchen)","page":"/inventory.html","ua":"Mozilla/5.0 (X11; Linux x86_64) AppleWebKit/537.36 (KHTML, like Gecko) HeadlessChrome/147.0.7727.15 Safari/537.36"}
[2m[WebServer] [22m{"time":"2026-10-07T08:16:38.569166561-04:00","level":"INFO","msg":"client log","level":"WARN","message":"[inventory] item photo failed to load, showing placeholder Straws https://nyc3.digitaloceanspaces.com/hq.yumyums/items/straws.png","user":"Jamal C. (jamal@yumyums.kitchen)","page":"/inventory.html","ua":"Mozilla/5.0 (X11; Linux x86_64) AppleWebKit/537.36 (KHTML, like Gecko) HeadlessChrome/147.0.7727.15 Safari/537.36"}
[2m[WebServer] [22m{"time":"2026-10-07T08:16:38.578688667-04:00","level":"INFO","msg":"client log","level":"WARN","message":"[inventory] item photo failed to load, showing placeholder Bread Crumbs https://nyc3.digitaloceanspaces.com/hq.yumyums/items/bread-crumbs.png","user":"Jamal C. (jamal@yumyums.kitchen)","page":"/inventory.html","ua":"Mozilla/5.0 (X11; Linux x86_64) AppleWebKit/537.36 (KHTML, like Gecko) HeadlessChrome/147.0.7727.15 Safari/537.36"}
[2m[WebServer] [22m{"time":"2026-10-07T08:16:38.584036866-04:00","level":"INFO","msg":"client log","level":"WARN","message":"[inventory] item photo failed to load, showing placeholder Chicken Tenders https://nyc3.digitaloceanspaces.com/hq.yumyums/items/chicken-tenders.png","user":"Jamal C. (jamal@yumyums.kitchen)","page":"/inventory.html","ua":"Mozilla/5.0 (X11; Linux x86_64) AppleWebKit/537.36 (KHTML, like Gecko) HeadlessChrome/147.0.7727.15 Safari/537.36"}
[2m[WebServer] [22m{"time":"2026-10-07T08:16:38.619482838-04:00","level":"INFO","msg":"client log","level":"WARN","message":"[inventory] item photo failed to load, showing placeholder Hand Soap https://nyc3.digitaloceanspaces.com/hq.yumyums/items/hand-soap.png","user":"Jamal C. (jamal@yumyums.kitchen)","page":"/inventory.html","ua":"Mozilla/5.0 (X11; Linux x86_64) AppleWebKit/537.36 (KHTML, like Gecko) HeadlessChrome/147.0.7727.15 Safari/537.36"}
[2m[WebServer] [22m{"time":"2026-10-07T08:16:38.673845043-04:00","level":"INFO","msg":"client log","level":"WARN","message":"[inventory] item photo failed to load, showing placeholder Boxes (No 2) https://nyc3.digitaloceanspaces.com/hq.yumyums/items/boxes-no-2.png","user":"Jamal C. (jamal@yumyums.kitchen)","page":"/inventory.html","ua":"Mozilla/5.0 (X11; Linux x86_64) AppleWebKit/537.36 (KHTML, like Gecko) HeadlessChrome/147.0.7727.15 Safari/537.36"}
[2m[WebServer] [22m{"time":"2026-10-07T08:16:38.681186702-04:00","level":"INFO","msg":"client log","level":"WARN","message":"[inventory] item photo failed to load, showing placeholder Jalapeños https://nyc3.digitaloceanspaces.com/hq.yumyums/items/jalape-os.png","user":"Jamal C. (jamal@yumyums.kitchen)","page":"/inventory.html","ua":"Mozilla/5.0 (X11; Linux x86_64) AppleWebKit/537.36 (KHTML, like Gecko) HeadlessChrome/147.0.7727.15 Safari/537.36"}
[2m[WebServer] [22m{"time":"2026-10-07T08:16:38.688495483-04:00","level":"INFO","msg":"client log","level":"WARN","message":"[inventory] item photo failed to load, showing placeholder Allspice https://nyc3.digitaloceanspaces.com/hq.yumyums/items/allspice.png","user":"Jamal C. (jamal@yumyums.kitchen)","page":"/inventory.html","ua":"Mozilla/5.0 (X11; Linux x86_64) AppleWebKit/537.36 (KHTML, like Gecko) HeadlessChrome/147.0.7727.15 Safari/537.36"}
[2m[WebServer] [22m{"time":"2026-10-07T08:16:38.731245523-04:00","level":"INFO","msg":"client log","level":"WARN","message":"[inventory] item photo failed to load, showing placeholder Avocados https://nyc3.digitaloceanspaces.com/hq.yumyums/items/avocados.png","user":"Jamal C. (jamal@yumyums.kitchen)","page":"/inventory.html","ua":"Mozilla/5.0 (X11; Linux x86_64) AppleWebKit/537.36 (KHTML, like Gecko) HeadlessChrome/147.0.7727.15 Safari/537.36"}
[2m[WebServer] [22m{"time":"2026-10-07T08:16:38.767405387-04:00","level":"INFO","msg":"client log","level":"WARN","message":"[inventory] item photo failed to load, showing placeholder Jerk Seasoning https://nyc3.digitaloceanspaces.com/hq.yumyums/items/jerk-seasoning.png","user":"Jamal C. (jamal@yumyums.kitchen)","page":"/inventory.html","ua":"Mozilla/5.0 (X11; Linux x86_64) AppleWebKit/537.36 (KHTML, like Gecko) HeadlessChrome/147.0.7727.15 Safari/537.36"}
[2m[WebServer] [22m{"time":"2026-10-07T08:16:38.774855854-04:00","level":"INFO","msg":"client log","level":"WARN","message":"[inventory] item photo failed to load, showing placeholder Cucumber https://nyc3.digitaloceanspaces.com/hq.yumyums/items/cucumber.png","user":"Jamal C. (jamal@yumyums.kitchen)","page":"/inventory.html","ua":"Mozilla/5.0 (X11; Linux x86_64) AppleWebKit/537.36 (KHTML, like Gecko) HeadlessChrome/147.0.7727.15 Safari/537.36"}
[2m[WebServer] [22m{"time":"2026-10-07T08:16:38.799823686-04:00","level":"INFO","msg":"client log","level":"WARN","message":"[inventory] item photo failed to load, showing placeholder White Cheese Sauce https://nyc3.digitaloceanspaces.com/hq.yumyums/items/white-cheese-sauce.png","user":"Jamal C. (jamal@yumyums.kitchen)","page":"/inventory.html","ua":"Mozilla/5.0 (X11; Linux x86_64) AppleWebKit/537.36 (KHTML, like Gecko) HeadlessChrome/147.0.7727.15 Safari/537.36"}
[2m[WebServer] [22m{"time":"2026-10-07T08:16:38.849828638-04:00","level":"INFO","msg":"client log","level":"WARN","message":"[inventory] item photo failed to load, showing placeholder Pan Spray https://nyc3.digitaloceanspaces.com/hq.yumyums/items/pan-spray.png","user":"Jamal C. (jamal@yumyums.kitchen)","page":"/inventory.html","ua":"Mozilla/5.0 (X11; Linux x86_64) AppleWebKit/537.36 (KHTML, like Gecko) HeadlessChrome/147.0.7727.15 Safari/537.36"}
[2m[WebServer] [22m{"time":"2026-10-07T08:16:38.854604203-04:00","level":"INFO","msg":"client log","level":"WARN","message":"[inventory] item photo failed to load, showing placeholder Spinach He https://nyc3.digitaloceanspaces.com/hq.yumyums/items/spinach-he.png","user":"Jamal C. (jamal@yumyums.kitchen)","page":"/inventory.html","ua":"Mozilla/5.0 (X11; Linux x86_64) AppleWebKit/537.36 (KHTML, like Gecko) HeadlessChrome/147.0.7727.15 Safari/537.36"}
[2m[WebServer] [22m{"time":"2026-10-07T08:16:38.879679557-04:00","level":"INFO","msg":"client log","level":"WARN","message":"[inventory] item photo failed to load, showing placeholder Ground Turkey https://nyc3.digitaloceanspaces.com/hq.yumyums/items/ground-turkey.png","user":"Jamal C. (jamal@yumyums.kitchen)","page":"/inventory.html","ua":"Mozilla/5.0 (X11; Linux x86_64) AppleWebKit/537.36 (KHTML, like Gecko) HeadlessChrome/147.0.7727.15 Safari/537.36"}
[2m[WebServer] [22m{"time":"2026-10-07T08:16:38.916617463-04:00","level":"INFO","msg":"client log","level":"WARN","message":"[inventory] item photo failed to load, showing placeholder Green Peppers https://nyc3.digitaloceanspaces.com/hq.yumyums/items/green-peppers.png","user":"Jamal C. (jamal@yumyums.kitchen)","page":"/inventory.html","ua":"Mozilla/5.0 (X11; Linux x86_64) AppleWebKit/537.36 (KHTML, like Gecko) HeadlessChrome/147.0.7727.15 Safari/537.36"}
[2m[WebServer] [22m{"time":"2026-10-07T08:16:38.986417352-04:00","level":"INFO","msg":"client log","level":"WARN","message":"[inventory] item photo failed to load, showing placeholder Fine Sea Salt https://nyc3.digitaloceanspaces.com/hq.yumyums/items/fine-sea-salt.png","user":"Jamal C. (jamal@yumyums.kitchen)","page":"/inventory.html","ua":"Mozilla/5.0 (X11; Linux x86_64) AppleWebKit/537.36 (KHTML, like Gecko) HeadlessChrome/147.0.7727.15 Safari/537.36"}
[2m[WebServer] [22m{"time":"2026-10-07T08:16:38.992048795-04:00","level":"INFO","msg":"client log","level":"WARN","message":"[inventory] item photo failed to load, showing placeholder Red Peppers https://nyc3.digitaloceanspaces.com/hq.yumyums/items/red-peppers.png","user":"Jamal C. (jamal@yumyums.kitchen)","page":"/inventory.html","ua":"Mozilla/5.0 (X11; Linux x86_64) AppleWebKit/537.36 (KHTML, like Gecko) HeadlessChrome/147.0.7727.15 Safari/537.36"}
[2m[WebServer] [22m{"time":"2026-10-07T08:16:39.023382873-04:00","level":"INFO","msg":"client log","level":"WARN","message":"[inventory] item photo failed to load, showing placeholder White Onions https://nyc3.digitaloceanspaces.com/hq.yumyums/items/white-onions.png","user":"Jamal C. (jamal@yumyums.kitchen)","page":"/inventory.html","ua":"Mozilla/5.0 (X11; Linux x86_64) AppleWebKit/537.36 (KHTML, like Gecko) HeadlessChrome/147.0.7727.15 Safari/537.36"}
[2m[WebServer] [22m{"time":"2026-10-07T08:16:39.039144872-04:00","level":"INFO","msg":"client log","level":"WARN","message":"[inventory] item photo failed to load, showing placeholder Liquid Butter https://nyc3.digitaloceanspaces.com/hq.yumyums/items/liquid-butter.png","user":"Jamal C. (jamal@yumyums.kitchen)","page":"/inventory.html","ua":"Mozilla/5.0 (X11; Linux x86_64) AppleWebKit/537.36 (KHTML, like Gecko) HeadlessChrome/147.0.7727.15 Safari/537.36"}
[2m[WebServer] [22m{"time":"2026-10-07T08:16:39.07607278-04:00","level":"INFO","msg":"client log","level":"WARN","message":"[inventory] item photo failed to load, showing placeholder Red Onions https://nyc3.digitaloceanspaces.com/hq.yumyums/items/red-onions.png","user":"Jamal C. (jamal@yumyums.kitchen)","page":"/inventory.html","ua":"Mozilla/5.0 (X11; Linux x86_64) AppleWebKit/537.36 (KHTML, like Gecko) HeadlessChrome/147.0.7727.15 Safari/537.36"}
[2m[WebServer] [22m{"time":"2026-10-07T08:16:39.088308273-04:00","level":"INFO","msg":"client log","level":"WARN","message":"[inventory] item photo failed to load, showing placeholder Ground Beef https://nyc3.digitaloceanspaces.com/hq.yumyums/items/ground-beef.png","user":"Jamal C. (jamal@yumyums.kitchen)","page":"/inventory.html","ua":"Mozilla/5.0 (X11; Linux x86_64) AppleWebKit/537.36 (KHTML, like Gecko) HeadlessChrome/147.0.7727.15 Safari/537.36"}
[2m[WebServer] [22m{"time":"2026-10-07T08:16:39.218959421-04:00","level":"INFO","msg":"client log","level":"WARN","message":"[inventory] item photo failed to load, showing placeholder Tomaotes https://nyc3.digitaloceanspaces.com/hq.yumyums/items/tomaotes.png","user":"Jamal C. (jamal@yumyums.kitchen)","page":"/inventory.html","ua":"Mozilla/5.0 (X11; Linux x86_64) AppleWebKit/537.36 (KHTML, like Gecko) HeadlessChrome/147.0.7727.15 Safari/537.36"}
[2m[WebServer] [22m{"time":"2026-10-07T08:16:39.22209224-04:00","level":"INFO","msg":"client log","level":"WARN","message":"[inventory] item photo failed to load, showing placeholder Nacho Cheese Sauce https://nyc3.digitaloceanspaces.com/hq.yumyums/items/nacho-cheese-sauce.png","user":"Jamal C. (jamal@yumyums.kitchen)","page":"/inventory.html","ua":"Mozilla/5.0 (X11; Linux x86_64) AppleWebKit/537.36 (KHTML, like Gecko) HeadlessChrome/147.0.7727.15 Safari/537.36"}
[2m[WebServer] [22m{"time":"2026-10-07T08:16:39.282403832-04:00","level":"INFO","msg":"client log","level":"WARN","message":"[inventory] item photo failed to load, showing placeholder Meatballs https://nyc3.digitaloceanspaces.com/hq.yumyums/items/meatballs.png","user":"Jamal C. (jamal@yumyums.kitchen)","page":"/inventory.html","ua":"Mozilla/5.0 (X11; Linux x86_64) AppleWebKit/537.36 (KHTML, like Gecko) HeadlessChrome/147.0.7727.15 Safari/537.36"}
[2m[WebServer] [22m{"time":"2026-10-07T08:16:39.30286108-04:00","level":"INFO","msg":"client log","level":"WARN","message":"[inventory] item photo failed to load, showing placeholder Frying Oil https://nyc3.digitaloceanspaces.com/hq.yumyums/items/frying-oil.png","user":"Jamal C. (jamal@yumyums.kitchen)","page":"/inventory.html","ua":"Mozilla/5.0 (X11; Linux x86_64) AppleWebKit/537.36 (KHTML, like Gecko) HeadlessChrome/147.0.7727.15 Safari/537.36"}
[2m[WebServer] [22m{"time":"2026-10-07T08:16:39.344299331-04:00","level":"INFO","msg":"client log","level":"WARN","message":"[inventory] item photo failed to load, showing placeholder Seasoning Salt https://nyc3.digitaloceanspaces.com/hq.yumyums/items/seasoning-salt.png","user":"Jamal C. (jamal@yumyums.kitchen)","page":"/inventory.html","ua":"Mozilla/5.0 (X11; Linux x86_64) AppleWebKit/537.36 (KHTML, like Gecko) HeadlessChrome/147.0.7727.15 Safari/537.36"}
[2m[WebServer] [22m{"time":"2026-10-07T08:16:39.356470391-04:00","level":"INFO","msg":"client log","level":"WARN","message":"[inventory] item photo failed to load, showing placeholder Mayonnaise https://nyc3.digitaloceanspaces.com/hq.yumyums/items/mayonnaise.png","user":"Jamal C. (jamal@yumyums.kitchen)","page":"/inventory.html","ua":"Mozilla/5.0 (X11; Linux x86_64) AppleWebKit/537.36 (KHTML, like Gecko) HeadlessChrome/147.0.7727.15 Safari/537.36"}
[2m[WebServer] [22m{"time":"2026-10-07T08:16:39.424711008-04:00","level":"INFO","msg":"client log","level":"WARN","message":"[inventory] item photo failed to load, showing placeholder Honey Garlic Sauce https://nyc3.digitaloceanspaces.com/hq.yumyums/items/honey-garlic-sauce.png","user":"Jamal C. (jamal@yumyums.kitchen)","page":"/inventory.html","ua":"Mozilla/5.0 (X11; Linux x86_64) AppleWebKit/537.36 (KHTML, like Gecko) HeadlessChrome/147.0.7727.15 Safari/537.36"}
[2m[WebServer] [22m{"time":"2026-10-07T08:16:39.452166103-04:00","level":"INFO","msg":"client log","level":"WARN","message":"[inventory] item photo failed to load, showing placeholder Coarse Sea Salt https://nyc3.digitaloceanspaces.com/hq.yumyums/items/coarse-sea-salt.png","user":"Jamal C. (jamal@yumyums.kitchen)","page":"/inventory.html","ua":"Mozilla/5.0 (X11; Linux x86_64) AppleWebKit/537.36 (KHTML, like Gecko) HeadlessChrome/147.0.7727.15 Safari/537.36"}
[2m[WebServer] [22m{"time":"2026-10-07T08:16:39.509563688-04:00","level":"INFO","msg":"client log","level":"WARN","message":"[inventory] item photo failed to load, showing placeholder Ketchup Packets https://nyc3.digitaloceanspaces.com/hq.yumyums/items/ketchup-packets.png","user":"Jamal C. (jamal@yumyums.kitchen)","page":"/inventory.html","ua":"Mozilla/5.0 (X11; Linux x86_64) AppleWebKit/537.36 (KHTML, like Gecko) HeadlessChrome/147.0.7727.15 Safari/537.36"}
[2m[WebServer] [22m{"time":"2026-10-07T08:16:39.534184691-04:00","level":"INFO","msg":"client log","level":"WARN","message":"[inventory] item photo failed to load, showing placeholder Black Pepper https://nyc3.digitaloceanspaces.com/hq.yumyums/items/black-pepper.png","user":"Jamal C. (jamal@yumyums.kitchen)","page":"/inventory.html","ua":"Mozilla/5.0 (X11; Linux x86_64) AppleWebKit/537.36 (KHTML, like Gecko) HeadlessChrome/147.0.7727.15 Safari/537.36"}
[2m[WebServer] [22m{"time":"2026-10-07T08:16:39.622678354-04:00","level":"INFO","msg":"client log","level":"WARN","message":"[inventory] item photo failed to load, showing placeholder Sriracha https://nyc3.digitaloceanspaces.com/hq.yumyums/items/sriracha.png","user":"Jamal C. (jamal@yumyums.kitchen)","page":"/inventory.html","ua":"Mozilla/5.0 (X11; Linux x86_64) AppleWebKit/537.36 (KHTML, like Gecko) HeadlessChrome/147.0.7727.15 Safari/537.36"}
[2m[WebServer] [22m{"time":"2026-10-07T08:16:39.645051272-04:00","level":"INFO","msg":"client log","level":"WARN","message":"[inventory] item photo failed to load, showing placeholder Sugar https://nyc3.digitaloceanspaces.com/hq.yumyums/items/sugar.png","user":"Jamal C. (jamal@yumyums.kitchen)","page":"/inventory.html","ua":"Mozilla/5.0 (X11; Linux x86_64) AppleWebKit/537.36 (KHTML, like Gecko) HeadlessChrome/147.0.7727.15 Safari/537.36"}
[2m[WebServer] [22m{"time":"2026-10-07T08:16:39.687320944-04:00","level":"INFO","msg":"client log","level":"WARN","message":"[inventory] item photo failed to load, showing placeholder Everything Bagel Seasoning https://nyc3.digitaloceanspaces.com/hq.yumyums/items/everything-bagel-seasoning.png","user":"Jamal C. (jamal@yumyums.kitchen)","page":"/inventory.html","ua":"Mozilla/5.0 (X11; Linux x86_64) AppleWebKit/537.36 (KHTML, like Gecko) HeadlessChrome/147.0.7727.15 Safari/537.36"}
[2m[WebServer] [22m{"time":"2026-10-07T08:16:39.70214337-04:00","level":"INFO","msg":"client log","level":"WARN","message":"[inventory] item photo failed to load, showing placeholder Granulated Onion https://nyc3.digitaloceanspaces.com/hq.yumyums/items/granulated-onion.png","user":"Jamal C. (jamal@yumyums.kitchen)","page":"/inventory.html","ua":"Mozilla/5.0 (X11; Linux x86_64) AppleWebKit/537.36 (KHTML, like Gecko) HeadlessChrome/147.0.7727.15 Safari/537.36"}
  ✓  219 [chromium] › tests/inventory.spec.js:5933:3 › Item display name — promoted nicknames › the Setup star promotes an alias and a second tap clears it (5.8s)
  ✓  220 [chromium] › tests/inventory.spec.js:5978:3 › Item display name — promoted nicknames › a stock-count override survives promoting a nickname (853ms)
  ✓  221 [chromium] › tests/marketing.spec.js:108:3 › Marketing tile + permission seed (card marketing-tile-and-page) › SEED: SeedHQApps registers marketing + marketing-offline-override with their first-registration grants (656ms)
[2m[WebServer] [22m{"time":"2026-10-07T08:16:43.265250007-04:00","level":"ERROR","msg":"GetMyTrainings failed","error":"get user roles: context canceled"}
  ✓  222 [chromium] › tests/marketing.spec.js:132:3 › Marketing tile + permission seed (card marketing-tile-and-page) › a team_member with the app grant sees the Marketing tile on the launcher (1.2s)
[2m[WebServer] [22m{"time":"2026-10-07T08:16:44.486846884-04:00","level":"ERROR","msg":"GetStock query failed","error":"context canceled"}
[2m[WebServer] [22m{"time":"2026-10-07T08:16:44.487183224-04:00","level":"ERROR","msg":"ListPendingPurchases query failed","error":"context canceled"}
[2m[WebServer] [22m{"time":"2026-10-07T08:16:44.875741755-04:00","level":"INFO","msg":"client log","level":"WARN","message":"-------------- RxDB Open Core RxStorage -------------------------------\nYou are using the free Dexie.js based RxStorage implementation from RxDB https://rxdb.info/rx-storage-dexie.html?console=dexie \nWhile this is a great option, we want to let you know that there are faster storage solutions available in our premium plugins.\nFor professional users and production environments, we highly recommend considering these premium options to enhance performance and reliability.\n https://rxdb.info/premium/?console=dexie \nIf you already purchased premium access you can disable this log by calling the setPremiumFlag() function from rxdb-premium/plugins/shared.\n---------------------------------------------------------------------","user":"Mkt T. (mkt-scan-1791375404075-9557@yumyums.kitchen)","page":"/marketing.html","ua":"Mozilla/5.0 (X11; Linux x86_64) AppleWebKit/537.36 (KHTML, like Gecko) HeadlessChrome/147.0.7727.15 Safari/537.36"}
  ✓  223 [chromium] › tests/marketing.spec.js:152:3 › Marketing tile + permission seed (card marketing-tile-and-page) › marketing.html shows Scan live and Campaigns, Subscribers and Stats all gated to their designed Locked state (1.5s)
  ✓  224 [chromium] › tests/marketing.spec.js:223:3 › Marketing tile + permission seed (card marketing-tile-and-page) › a user without the marketing grant sees NO Marketing tile (1.5s)
  ✓  225 [chromium] › tests/marketing.spec.js:255:3 › Marketing tile + permission seed (card marketing-tile-and-page) › the offline_override entitlement renders as a grantable row in the Users access editor (581ms)
  ✓  226 [chromium] › tests/marketing.spec.js:279:3 › Marketing tile + permission seed (card marketing-tile-and-page) › a per-user offline_override grant round-trips to that user's /me/apps (1.4s)
[2m[WebServer] [22m{"time":"2026-10-07T08:16:49.387011035-04:00","level":"INFO","msg":"client log","level":"WARN","message":"-------------- RxDB Open Core RxStorage -------------------------------\nYou are using the free Dexie.js based RxStorage implementation from RxDB https://rxdb.info/rx-storage-dexie.html?console=dexie \nWhile this is a great option, we want to let you know that there are faster storage solutions available in our premium plugins.\nFor professional users and production environments, we highly recommend considering these premium options to enhance performance and reliability.\n https://rxdb.info/premium/?console=dexie \nIf you already purchased premium access you can disable this log by calling the setPremiumFlag() function from rxdb-premium/plugins/shared.\n---------------------------------------------------------------------","user":"Jamal C. (jamal@yumyums.kitchen)","page":"/marketing.html","ua":"Mozilla/5.0 (X11; Linux x86_64) AppleWebKit/537.36 (KHTML, like Gecko) HeadlessChrome/147.0.7727.15 Safari/537.36"}
  ✓  227 [chromium] › tests/marketing.spec.js:451:3 › Camera scanner decode (card camera-scanner-decode) › a printed QR decodes from an image and its on-device hash equals the committed seed literal (852ms)
[2m[WebServer] [22m{"time":"2026-10-07T08:16:50.27569143-04:00","level":"INFO","msg":"client log","level":"WARN","message":"-------------- RxDB Open Core RxStorage -------------------------------\nYou are using the free Dexie.js based RxStorage implementation from RxDB https://rxdb.info/rx-storage-dexie.html?console=dexie \nWhile this is a great option, we want to let you know that there are faster storage solutions available in our premium plugins.\nFor professional users and production environments, we highly recommend considering these premium options to enhance performance and reliability.\n https://rxdb.info/premium/?console=dexie \nIf you already purchased premium access you can disable this log by calling the setPremiumFlag() function from rxdb-premium/plugins/shared.\n---------------------------------------------------------------------","user":"Jamal C. (jamal@yumyums.kitchen)","page":"/marketing.html","ua":"Mozilla/5.0 (X11; Linux x86_64) AppleWebKit/537.36 (KHTML, like Gecko) HeadlessChrome/147.0.7727.15 Safari/537.36"}
  ✓  228 [chromium] › tests/marketing.spec.js:469:3 › Camera scanner decode (card camera-scanner-decode) › done_when: a synced customer's offer resolves OFFLINE from the local replica (image decode) (904ms)
[2m[WebServer] [22m{"time":"2026-10-07T08:16:51.241105067-04:00","level":"INFO","msg":"client log","level":"WARN","message":"-------------- RxDB Open Core RxStorage -------------------------------\nYou are using the free Dexie.js based RxStorage implementation from RxDB https://rxdb.info/rx-storage-dexie.html?console=dexie \nWhile this is a great option, we want to let you know that there are faster storage solutions available in our premium plugins.\nFor professional users and production environments, we highly recommend considering these premium options to enhance performance and reliability.\n https://rxdb.info/premium/?console=dexie \nIf you already purchased premium access you can disable this log by calling the setPremiumFlag() function from rxdb-premium/plugins/shared.\n---------------------------------------------------------------------","user":"Jamal C. (jamal@yumyums.kitchen)","page":"/marketing.html","ua":"Mozilla/5.0 (X11; Linux x86_64) AppleWebKit/537.36 (KHTML, like Gecko) HeadlessChrome/147.0.7727.15 Safari/537.36"}
  ✓  229 [chromium] › tests/marketing.spec.js:491:3 › Camera scanner decode (card camera-scanner-decode) › done_when: an un-synced customer falls back OFFLINE to the QR-embedded offer, marked unverified (image decode) (928ms)
[2m[WebServer] [22m{"time":"2026-10-07T08:16:52.16384402-04:00","level":"INFO","msg":"client log","level":"WARN","message":"-------------- RxDB Open Core RxStorage -------------------------------\nYou are using the free Dexie.js based RxStorage implementation from RxDB https://rxdb.info/rx-storage-dexie.html?console=dexie \nWhile this is a great option, we want to let you know that there are faster storage solutions available in our premium plugins.\nFor professional users and production environments, we highly recommend considering these premium options to enhance performance and reliability.\n https://rxdb.info/premium/?console=dexie \nIf you already purchased premium access you can disable this log by calling the setPremiumFlag() function from rxdb-premium/plugins/shared.\n---------------------------------------------------------------------","user":"Jamal C. (jamal@yumyums.kitchen)","page":"/marketing.html","ua":"Mozilla/5.0 (X11; Linux x86_64) AppleWebKit/537.36 (KHTML, like Gecko) HeadlessChrome/147.0.7727.15 Safari/537.36"}
  ✓  230 [chromium] › tests/marketing.spec.js:510:3 › Camera scanner decode (card camera-scanner-decode) › resolution order: the local replica beats the QR-embedded offer when both exist (727ms)
[2m[WebServer] [22m{"time":"2026-10-07T08:16:52.916910762-04:00","level":"INFO","msg":"client log","level":"WARN","message":"-------------- RxDB Open Core RxStorage -------------------------------\nYou are using the free Dexie.js based RxStorage implementation from RxDB https://rxdb.info/rx-storage-dexie.html?console=dexie \nWhile this is a great option, we want to let you know that there are faster storage solutions available in our premium plugins.\nFor professional users and production environments, we highly recommend considering these premium options to enhance performance and reliability.\n https://rxdb.info/premium/?console=dexie \nIf you already purchased premium access you can disable this log by calling the setPremiumFlag() function from rxdb-premium/plugins/shared.\n---------------------------------------------------------------------","user":"Jamal C. (jamal@yumyums.kitchen)","page":"/marketing.html","ua":"Mozilla/5.0 (X11; Linux x86_64) AppleWebKit/537.36 (KHTML, like Gecko) HeadlessChrome/147.0.7727.15 Safari/537.36"}
  ✓  231 [chromium] › tests/marketing.spec.js:524:3 › Camera scanner decode (card camera-scanner-decode) › a token in neither replica with no descriptor resolves unknownCode (F2 display) (732ms)
[2m[WebServer] [22m{"time":"2026-10-07T08:16:53.634716462-04:00","level":"INFO","msg":"client log","level":"WARN","message":"-------------- RxDB Open Core RxStorage -------------------------------\nYou are using the free Dexie.js based RxStorage implementation from RxDB https://rxdb.info/rx-storage-dexie.html?console=dexie \nWhile this is a great option, we want to let you know that there are faster storage solutions available in our premium plugins.\nFor professional users and production environments, we highly recommend considering these premium options to enhance performance and reliability.\n https://rxdb.info/premium/?console=dexie \nIf you already purchased premium access you can disable this log by calling the setPremiumFlag() function from rxdb-premium/plugins/shared.\n---------------------------------------------------------------------","user":"Jamal C. (jamal@yumyums.kitchen)","page":"/marketing.html","ua":"Mozilla/5.0 (X11; Linux x86_64) AppleWebKit/537.36 (KHTML, like Gecko) HeadlessChrome/147.0.7727.15 Safari/537.36"}
  ✓  232 [chromium] › tests/marketing.spec.js:532:3 › Camera scanner decode (card camera-scanner-decode) › a payload that is not a Yumyums code resolves invalidPayload, loudly (674ms)
[2m[WebServer] [22m{"time":"2026-10-07T08:16:54.385124073-04:00","level":"INFO","msg":"client log","level":"WARN","message":"-------------- RxDB Open Core RxStorage -------------------------------\nYou are using the free Dexie.js based RxStorage implementation from RxDB https://rxdb.info/rx-storage-dexie.html?console=dexie \nWhile this is a great option, we want to let you know that there are faster storage solutions available in our premium plugins.\nFor professional users and production environments, we highly recommend considering these premium options to enhance performance and reliability.\n https://rxdb.info/premium/?console=dexie \nIf you already purchased premium access you can disable this log by calling the setPremiumFlag() function from rxdb-premium/plugins/shared.\n---------------------------------------------------------------------","user":"Jamal C. (jamal@yumyums.kitchen)","page":"/marketing.html","ua":"Mozilla/5.0 (X11; Linux x86_64) AppleWebKit/537.36 (KHTML, like Gecko) HeadlessChrome/147.0.7727.15 Safari/537.36"}
  ✓  233 [chromium] › tests/marketing.spec.js:542:3 › Camera scanner decode (card camera-scanner-decode) › F3 offline: a locally-redeemed code rejects immediately as spentLocally (784ms)
[2m[WebServer] [22m{"time":"2026-10-07T08:16:55.154443903-04:00","level":"INFO","msg":"client log","level":"WARN","message":"-------------- RxDB Open Core RxStorage -------------------------------\nYou are using the free Dexie.js based RxStorage implementation from RxDB https://rxdb.info/rx-storage-dexie.html?console=dexie \nWhile this is a great option, we want to let you know that there are faster storage solutions available in our premium plugins.\nFor professional users and production environments, we highly recommend considering these premium options to enhance performance and reliability.\n https://rxdb.info/premium/?console=dexie \nIf you already purchased premium access you can disable this log by calling the setPremiumFlag() function from rxdb-premium/plugins/shared.\n---------------------------------------------------------------------","user":"Jamal C. (jamal@yumyums.kitchen)","page":"/marketing.html","ua":"Mozilla/5.0 (X11; Linux x86_64) AppleWebKit/537.36 (KHTML, like Gecko) HeadlessChrome/147.0.7727.15 Safari/537.36"}
  ✓  234 [chromium] › tests/marketing.spec.js:560:3 › Camera scanner decode (card camera-scanner-decode) › F3 online: the local redeemed flag does NOT reject — the server decides at submit (728ms)
[2m[WebServer] [22m{"time":"2026-10-07T08:16:55.903476246-04:00","level":"INFO","msg":"client log","level":"WARN","message":"-------------- RxDB Open Core RxStorage -------------------------------\nYou are using the free Dexie.js based RxStorage implementation from RxDB https://rxdb.info/rx-storage-dexie.html?console=dexie \nWhile this is a great option, we want to let you know that there are faster storage solutions available in our premium plugins.\nFor professional users and production environments, we highly recommend considering these premium options to enhance performance and reliability.\n https://rxdb.info/premium/?console=dexie \nIf you already purchased premium access you can disable this log by calling the setPremiumFlag() function from rxdb-premium/plugins/shared.\n---------------------------------------------------------------------","user":"Jamal C. (jamal@yumyums.kitchen)","page":"/marketing.html","ua":"Mozilla/5.0 (X11; Linux x86_64) AppleWebKit/537.36 (KHTML, like Gecko) HeadlessChrome/147.0.7727.15 Safari/537.36"}
  ✓  235 [chromium] › tests/marketing.spec.js:583:3 › Camera scanner decode (card camera-scanner-decode) › offline expiry uses clock.isExpired — a +2h server offset expires a code raw Date.now() calls live (711ms)
[2m[WebServer] [22m{"time":"2026-10-07T08:16:56.6496923-04:00","level":"INFO","msg":"client log","level":"WARN","message":"-------------- RxDB Open Core RxStorage -------------------------------\nYou are using the free Dexie.js based RxStorage implementation from RxDB https://rxdb.info/rx-storage-dexie.html?console=dexie \nWhile this is a great option, we want to let you know that there are faster storage solutions available in our premium plugins.\nFor professional users and production environments, we highly recommend considering these premium options to enhance performance and reliability.\n https://rxdb.info/premium/?console=dexie \nIf you already purchased premium access you can disable this log by calling the setPremiumFlag() function from rxdb-premium/plugins/shared.\n---------------------------------------------------------------------","user":"Jamal C. (jamal@yumyums.kitchen)","page":"/marketing.html","ua":"Mozilla/5.0 (X11; Linux x86_64) AppleWebKit/537.36 (KHTML, like Gecko) HeadlessChrome/147.0.7727.15 Safari/537.36"}
[2m[WebServer] [22m{"time":"2026-10-07T08:16:56.846045449-04:00","level":"INFO","msg":"client log","level":"WARN","message":"-------------- RxDB Open Core RxStorage -------------------------------\nYou are using the free Dexie.js based RxStorage implementation from RxDB https://rxdb.info/rx-storage-dexie.html?console=dexie \nWhile this is a great option, we want to let you know that there are faster storage solutions available in our premium plugins.\nFor professional users and production environments, we highly recommend considering these premium options to enhance performance and reliability.\n https://rxdb.info/premium/?console=dexie \nIf you already purchased premium access you can disable this log by calling the setPremiumFlag() function from rxdb-premium/plugins/shared.\n---------------------------------------------------------------------","user":"Jamal C. (jamal@yumyums.kitchen)","page":"/marketing.html","ua":"Mozilla/5.0 (X11; Linux x86_64) AppleWebKit/537.36 (KHTML, like Gecko) HeadlessChrome/147.0.7727.15 Safari/537.36"}
  ✓  236 [chromium] › tests/marketing.spec.js:603:3 › Camera scanner decode (card camera-scanner-decode) › the clock state round-trips a reload (persist → initialState) so a reloaded-offline device keeps its offset (795ms)
[2m[WebServer] [22m{"time":"2026-10-07T08:16:57.518414578-04:00","level":"INFO","msg":"client log","level":"WARN","message":"-------------- RxDB Open Core RxStorage -------------------------------\nYou are using the free Dexie.js based RxStorage implementation from RxDB https://rxdb.info/rx-storage-dexie.html?console=dexie \nWhile this is a great option, we want to let you know that there are faster storage solutions available in our premium plugins.\nFor professional users and production environments, we highly recommend considering these premium options to enhance performance and reliability.\n https://rxdb.info/premium/?console=dexie \nIf you already purchased premium access you can disable this log by calling the setPremiumFlag() function from rxdb-premium/plugins/shared.\n---------------------------------------------------------------------","user":"Jamal C. (jamal@yumyums.kitchen)","page":"/marketing.html","ua":"Mozilla/5.0 (X11; Linux x86_64) AppleWebKit/537.36 (KHTML, like Gecko) HeadlessChrome/147.0.7727.15 Safari/537.36"}
  ✓  237 [chromium] › tests/marketing.spec.js:627:3 › Camera scanner decode (card camera-scanner-decode) › hash caching: repeated scans of one token digest once (720ms)
[2m[WebServer] [22m{"time":"2026-10-07T08:16:56.050124883-04:00","level":"INFO","msg":"client log","level":"WARN","message":"-------------- RxDB Open Core RxStorage -------------------------------\nYou are using the free Dexie.js based RxStorage implementation from RxDB https://rxdb.info/rx-storage-dexie.html?console=dexie \nWhile this is a great option, we want to let you know that there are faster storage solutions available in our premium plugins.\nFor professional users and production environments, we highly recommend considering these premium options to enhance performance and reliability.\n https://rxdb.info/premium/?console=dexie \nIf you already purchased premium access you can disable this log by calling the setPremiumFlag() function from rxdb-premium/plugins/shared.\n---------------------------------------------------------------------","user":"Jamal C. (jamal@yumyums.kitchen)","page":"/marketing.html","ua":"Mozilla/5.0 (X11; Linux x86_64) AppleWebKit/537.36 (KHTML, like Gecko) HeadlessChrome/147.0.7727.15 Safari/537.36"}
  ✓  238 [chromium] › tests/marketing.spec.js:636:3 › Camera scanner decode (card camera-scanner-decode) › enqueue is serialized per code: two rapid same-code enqueues insert exactly one live attempt (689ms)
[2m[WebServer] [22m{"time":"2026-10-07T08:16:56.795600147-04:00","level":"INFO","msg":"client log","level":"WARN","message":"-------------- RxDB Open Core RxStorage -------------------------------\nYou are using the free Dexie.js based RxStorage implementation from RxDB https://rxdb.info/rx-storage-dexie.html?console=dexie \nWhile this is a great option, we want to let you know that there are faster storage solutions available in our premium plugins.\nFor professional users and production environments, we highly recommend considering these premium options to enhance performance and reliability.\n https://rxdb.info/premium/?console=dexie \nIf you already purchased premium access you can disable this log by calling the setPremiumFlag() function from rxdb-premium/plugins/shared.\n---------------------------------------------------------------------","user":"Jamal C. (jamal@yumyums.kitchen)","page":"/marketing.html","ua":"Mozilla/5.0 (X11; Linux x86_64) AppleWebKit/537.36 (KHTML, like Gecko) HeadlessChrome/147.0.7727.15 Safari/537.36"}
  ✓  239 [chromium] › tests/marketing.spec.js:653:3 › Camera scanner decode (card camera-scanner-decode) › F6: re-scanning the same code re-shows the result instead of erroring or duplicating (740ms)
[2m[WebServer] [22m{"time":"2026-10-07T08:16:57.528800752-04:00","level":"INFO","msg":"client log","level":"WARN","message":"-------------- RxDB Open Core RxStorage -------------------------------\nYou are using the free Dexie.js based RxStorage implementation from RxDB https://rxdb.info/rx-storage-dexie.html?console=dexie \nWhile this is a great option, we want to let you know that there are faster storage solutions available in our premium plugins.\nFor professional users and production environments, we highly recommend considering these premium options to enhance performance and reliability.\n https://rxdb.info/premium/?console=dexie \nIf you already purchased premium access you can disable this log by calling the setPremiumFlag() function from rxdb-premium/plugins/shared.\n---------------------------------------------------------------------","user":"Jamal C. (jamal@yumyums.kitchen)","page":"/marketing.html","ua":"Mozilla/5.0 (X11; Linux x86_64) AppleWebKit/537.36 (KHTML, like Gecko) HeadlessChrome/147.0.7727.15 Safari/537.36"}
  ✓  240 [chromium] › tests/marketing.spec.js:665:3 › Camera scanner decode (card camera-scanner-decode) › camera failure is loud and retryable (headless has no camera; live decode is the attended morning check) (822ms)
[2m[WebServer] [22m{"time":"2026-10-07T08:16:58.388333482-04:00","level":"INFO","msg":"client log","level":"WARN","message":"-------------- RxDB Open Core RxStorage -------------------------------\nYou are using the free Dexie.js based RxStorage implementation from RxDB https://rxdb.info/rx-storage-dexie.html?console=dexie \nWhile this is a great option, we want to let you know that there are faster storage solutions available in our premium plugins.\nFor professional users and production environments, we highly recommend considering these premium options to enhance performance and reliability.\n https://rxdb.info/premium/?console=dexie \nIf you already purchased premium access you can disable this log by calling the setPremiumFlag() function from rxdb-premium/plugins/shared.\n---------------------------------------------------------------------","user":"Jamal C. (jamal@yumyums.kitchen)","page":"/marketing.html","ua":"Mozilla/5.0 (X11; Linux x86_64) AppleWebKit/537.36 (KHTML, like Gecko) HeadlessChrome/147.0.7727.15 Safari/537.36"}
  ✓  241 [chromium] › tests/marketing.spec.js:695:3 › Camera scanner decode (card camera-scanner-decode) › a live camera hides the Start camera control and shows no error (762ms)
[2m[WebServer] [22m{"time":"2026-10-07T08:16:59.178119041-04:00","level":"INFO","msg":"client log","level":"WARN","message":"-------------- RxDB Open Core RxStorage -------------------------------\nYou are using the free Dexie.js based RxStorage implementation from RxDB https://rxdb.info/rx-storage-dexie.html?console=dexie \nWhile this is a great option, we want to let you know that there are faster storage solutions available in our premium plugins.\nFor professional users and production environments, we highly recommend considering these premium options to enhance performance and reliability.\n https://rxdb.info/premium/?console=dexie \nIf you already purchased premium access you can disable this log by calling the setPremiumFlag() function from rxdb-premium/plugins/shared.\n---------------------------------------------------------------------","user":"Jamal C. (jamal@yumyums.kitchen)","page":"/marketing.html","ua":"Mozilla/5.0 (X11; Linux x86_64) AppleWebKit/537.36 (KHTML, like Gecko) HeadlessChrome/147.0.7727.15 Safari/537.36"}
  ✓  242 [chromium] › tests/marketing.spec.js:706:3 › Camera scanner decode (card camera-scanner-decode) › starting the camera twice does not report it unavailable (1.1s)
[2m[WebServer] [22m{"time":"2026-10-07T08:17:00.280762659-04:00","level":"INFO","msg":"client log","level":"WARN","message":"-------------- RxDB Open Core RxStorage -------------------------------\nYou are using the free Dexie.js based RxStorage implementation from RxDB https://rxdb.info/rx-storage-dexie.html?console=dexie \nWhile this is a great option, we want to let you know that there are faster storage solutions available in our premium plugins.\nFor professional users and production environments, we highly recommend considering these premium options to enhance performance and reliability.\n https://rxdb.info/premium/?console=dexie \nIf you already purchased premium access you can disable this log by calling the setPremiumFlag() function from rxdb-premium/plugins/shared.\n---------------------------------------------------------------------","user":"Jamal C. (jamal@yumyums.kitchen)","page":"/marketing.html","ua":"Mozilla/5.0 (X11; Linux x86_64) AppleWebKit/537.36 (KHTML, like Gecko) HeadlessChrome/147.0.7727.15 Safari/537.36"}
  ✓  243 [chromium] › tests/marketing.spec.js:720:3 › Camera scanner decode (card camera-scanner-decode) › a camera failure names the real reason, even when the library throws a string (752ms)
[2m[WebServer] [22m{"time":"2026-10-07T08:17:00.999442591-04:00","level":"INFO","msg":"client log","level":"WARN","message":"-------------- RxDB Open Core RxStorage -------------------------------\nYou are using the free Dexie.js based RxStorage implementation from RxDB https://rxdb.info/rx-storage-dexie.html?console=dexie \nWhile this is a great option, we want to let you know that there are faster storage solutions available in our premium plugins.\nFor professional users and production environments, we highly recommend considering these premium options to enhance performance and reliability.\n https://rxdb.info/premium/?console=dexie \nIf you already purchased premium access you can disable this log by calling the setPremiumFlag() function from rxdb-premium/plugins/shared.\n---------------------------------------------------------------------","user":"Jamal C. (jamal@yumyums.kitchen)","page":"/marketing.html","ua":"Mozilla/5.0 (X11; Linux x86_64) AppleWebKit/537.36 (KHTML, like Gecko) HeadlessChrome/147.0.7727.15 Safari/537.36"}
  ✓  244 [chromium] › tests/marketing.spec.js:815:3 › Redemption submit flow (card redemption-submit-flow) › a persistent online/offline indicator renders from boot and reads online on a live probe (704ms)
[2m[WebServer] [22m{"time":"2026-10-07T08:17:01.768681347-04:00","level":"INFO","msg":"client log","level":"WARN","message":"-------------- RxDB Open Core RxStorage -------------------------------\nYou are using the free Dexie.js based RxStorage implementation from RxDB https://rxdb.info/rx-storage-dexie.html?console=dexie \nWhile this is a great option, we want to let you know that there are faster storage solutions available in our premium plugins.\nFor professional users and production environments, we highly recommend considering these premium options to enhance performance and reliability.\n https://rxdb.info/premium/?console=dexie \nIf you already purchased premium access you can disable this log by calling the setPremiumFlag() function from rxdb-premium/plugins/shared.\n---------------------------------------------------------------------","user":"Jamal C. (jamal@yumyums.kitchen)","page":"/marketing.html","ua":"Mozilla/5.0 (X11; Linux x86_64) AppleWebKit/537.36 (KHTML, like Gecko) HeadlessChrome/147.0.7727.15 Safari/537.36"}
  ✓  245 [chromium] › tests/marketing.spec.js:829:3 › Redemption submit flow (card redemption-submit-flow) › confirm-then-burn: no path to redeemed without a validator-passing Toast order number (882ms)
[2m[WebServer] [22m{"time":"2026-10-07T08:17:02.942192361-04:00","level":"ERROR","msg":"GetManagerHires failed","error":"iterate assigned templates for hire 85d3ed1d-7ac5-476c-b98c-8870ea02e500: context canceled"}
[2m[WebServer] [22m{"time":"2026-10-07T08:17:03.323832029-04:00","level":"INFO","msg":"client log","level":"WARN","message":"-------------- RxDB Open Core RxStorage -------------------------------\nYou are using the free Dexie.js based RxStorage implementation from RxDB https://rxdb.info/rx-storage-dexie.html?console=dexie \nWhile this is a great option, we want to let you know that there are faster storage solutions available in our premium plugins.\nFor professional users and production environments, we highly recommend considering these premium options to enhance performance and reliability.\n https://rxdb.info/premium/?console=dexie \nIf you already purchased premium access you can disable this log by calling the setPremiumFlag() function from rxdb-premium/plugins/shared.\n---------------------------------------------------------------------","user":"Mkt T. (mkt-c6-noperm-1791375422546-5977@yumyums.kitchen)","page":"/marketing.html","ua":"Mozilla/5.0 (X11; Linux x86_64) AppleWebKit/537.36 (KHTML, like Gecko) HeadlessChrome/147.0.7727.15 Safari/537.36"}
  ✓  246 [chromium] › tests/marketing.spec.js:872:3 › Redemption submit flow (card redemption-submit-flow) › offline branch 1: no entitlement -> blocked, no override affordance (1.5s)
[2m[WebServer] [22m{"time":"2026-10-07T08:17:04.049924394-04:00","level":"ERROR","msg":"GetMyTrainings failed","error":"context canceled"}
[2m[WebServer] [22m{"time":"2026-10-07T08:17:04.172456361-04:00","level":"INFO","msg":"client log","level":"WARN","message":"-------------- RxDB Open Core RxStorage -------------------------------\nYou are using the free Dexie.js based RxStorage implementation from RxDB https://rxdb.info/rx-storage-dexie.html?console=dexie \nWhile this is a great option, we want to let you know that there are faster storage solutions available in our premium plugins.\nFor professional users and production environments, we highly recommend considering these premium options to enhance performance and reliability.\n https://rxdb.info/premium/?console=dexie \nIf you already purchased premium access you can disable this log by calling the setPremiumFlag() function from rxdb-premium/plugins/shared.\n---------------------------------------------------------------------","user":"Jamal C. (jamal@yumyums.kitchen)","page":"/marketing.html","ua":"Mozilla/5.0 (X11; Linux x86_64) AppleWebKit/537.36 (KHTML, like Gecko) HeadlessChrome/147.0.7727.15 Safari/537.36"}
  ✓  247 [chromium] › tests/marketing.spec.js:891:3 › Redemption submit flow (card redemption-submit-flow) › offline branch 2: the entitlement offers force-submit behind the §13 confirmation (943ms)
[2m[WebServer] [22m{"time":"2026-10-07T08:17:05.276119885-04:00","level":"INFO","msg":"client log","level":"WARN","message":"-------------- RxDB Open Core RxStorage -------------------------------\nYou are using the free Dexie.js based RxStorage implementation from RxDB https://rxdb.info/rx-storage-dexie.html?console=dexie \nWhile this is a great option, we want to let you know that there are faster storage solutions available in our premium plugins.\nFor professional users and production environments, we highly recommend considering these premium options to enhance performance and reliability.\n https://rxdb.info/premium/?console=dexie \nIf you already purchased premium access you can disable this log by calling the setPremiumFlag() function from rxdb-premium/plugins/shared.\n---------------------------------------------------------------------","user":"Jamal C. (jamal@yumyums.kitchen)","page":"/marketing.html","ua":"Mozilla/5.0 (X11; Linux x86_64) AppleWebKit/537.36 (KHTML, like Gecko) HeadlessChrome/147.0.7727.15 Safari/537.36"}
  ✓  248 [chromium] › tests/marketing.spec.js:934:3 › Redemption submit flow (card redemption-submit-flow) › offline branch 3: requires_online=true refuses the override even WITH the entitlement (§8) (942ms)
[2m[WebServer] [22m{"time":"2026-10-07T08:17:06.00286713-04:00","level":"ERROR","msg":"GetMyTrainings failed","error":"context canceled"}
[2m[WebServer] [22m{"time":"2026-10-07T08:17:06.129033391-04:00","level":"INFO","msg":"client log","level":"WARN","message":"-------------- RxDB Open Core RxStorage -------------------------------\nYou are using the free Dexie.js based RxStorage implementation from RxDB https://rxdb.info/rx-storage-dexie.html?console=dexie \nWhile this is a great option, we want to let you know that there are faster storage solutions available in our premium plugins.\nFor professional users and production environments, we highly recommend considering these premium options to enhance performance and reliability.\n https://rxdb.info/premium/?console=dexie \nIf you already purchased premium access you can disable this log by calling the setPremiumFlag() function from rxdb-premium/plugins/shared.\n---------------------------------------------------------------------","user":"Jamal C. (jamal@yumyums.kitchen)","page":"/marketing.html","ua":"Mozilla/5.0 (X11; Linux x86_64) AppleWebKit/537.36 (KHTML, like Gecko) HeadlessChrome/147.0.7727.15 Safari/537.36"}
  ✓  249 [chromium] › tests/marketing.spec.js:999:3 › Redemption submit flow (card redemption-submit-flow) › B-432: a requires_online=true code is refused while its campaign is UNRESOLVED (branch-3 minus the campaigns: seed) (866ms)
[2m[WebServer] [22m{"time":"2026-10-07T08:17:07.022106811-04:00","level":"INFO","msg":"client log","level":"WARN","message":"-------------- RxDB Open Core RxStorage -------------------------------\nYou are using the free Dexie.js based RxStorage implementation from RxDB https://rxdb.info/rx-storage-dexie.html?console=dexie \nWhile this is a great option, we want to let you know that there are faster storage solutions available in our premium plugins.\nFor professional users and production environments, we highly recommend considering these premium options to enhance performance and reliability.\n https://rxdb.info/premium/?console=dexie \nIf you already purchased premium access you can disable this log by calling the setPremiumFlag() function from rxdb-premium/plugins/shared.\n---------------------------------------------------------------------","user":"Jamal C. (jamal@yumyums.kitchen)","page":"/marketing.html","ua":"Mozilla/5.0 (X11; Linux x86_64) AppleWebKit/537.36 (KHTML, like Gecko) HeadlessChrome/147.0.7727.15 Safari/537.36"}
  ✓  250 [chromium] › tests/marketing.spec.js:1039:3 › Redemption submit flow (card redemption-submit-flow) › P-KR4: indicator flips and submit re-arms LIVE when reachability returns — zero page interaction (966ms)
[2m[WebServer] [22m{"time":"2026-10-07T08:17:08.034623601-04:00","level":"INFO","msg":"client log","level":"WARN","message":"-------------- RxDB Open Core RxStorage -------------------------------\nYou are using the free Dexie.js based RxStorage implementation from RxDB https://rxdb.info/rx-storage-dexie.html?console=dexie \nWhile this is a great option, we want to let you know that there are faster storage solutions available in our premium plugins.\nFor professional users and production environments, we highly recommend considering these premium options to enhance performance and reliability.\n https://rxdb.info/premium/?console=dexie \nIf you already purchased premium access you can disable this log by calling the setPremiumFlag() function from rxdb-premium/plugins/shared.\n---------------------------------------------------------------------","user":"Jamal C. (jamal@yumyums.kitchen)","page":"/marketing.html","ua":"Mozilla/5.0 (X11; Linux x86_64) AppleWebKit/537.36 (KHTML, like Gecko) HeadlessChrome/147.0.7727.15 Safari/537.36"}
  ✓  251 [chromium] › tests/marketing.spec.js:1064:3 › Redemption submit flow (card redemption-submit-flow) › F2: an unknownCode offline override warns unverifiable and writes offline_override=true AND unverified_code=true (990ms)
[2m[WebServer] [22m{"time":"2026-10-07T08:17:09.043158886-04:00","level":"INFO","msg":"client log","level":"WARN","message":"-------------- RxDB Open Core RxStorage -------------------------------\nYou are using the free Dexie.js based RxStorage implementation from RxDB https://rxdb.info/rx-storage-dexie.html?console=dexie \nWhile this is a great option, we want to let you know that there are faster storage solutions available in our premium plugins.\nFor professional users and production environments, we highly recommend considering these premium options to enhance performance and reliability.\n https://rxdb.info/premium/?console=dexie \nIf you already purchased premium access you can disable this log by calling the setPremiumFlag() function from rxdb-premium/plugins/shared.\n---------------------------------------------------------------------","user":"Jamal C. (jamal@yumyums.kitchen)","page":"/marketing.html","ua":"Mozilla/5.0 (X11; Linux x86_64) AppleWebKit/537.36 (KHTML, like Gecko) HeadlessChrome/147.0.7727.15 Safari/537.36"}
  ✓  252 [chromium] › tests/marketing.spec.js:1126:3 › Redemption submit flow (card redemption-submit-flow) › done_when(2): a replica-FAILURE override lands policy_unresolved=true, distinguishable from the genuinely-unknown one (1.0s)
[2m[WebServer] [22m{"time":"2026-10-07T08:17:10.117728289-04:00","level":"INFO","msg":"client log","level":"WARN","message":"-------------- RxDB Open Core RxStorage -------------------------------\nYou are using the free Dexie.js based RxStorage implementation from RxDB https://rxdb.info/rx-storage-dexie.html?console=dexie \nWhile this is a great option, we want to let you know that there are faster storage solutions available in our premium plugins.\nFor professional users and production environments, we highly recommend considering these premium options to enhance performance and reliability.\n https://rxdb.info/premium/?console=dexie \nIf you already purchased premium access you can disable this log by calling the setPremiumFlag() function from rxdb-premium/plugins/shared.\n---------------------------------------------------------------------","user":"Jamal C. (jamal@yumyums.kitchen)","page":"/marketing.html","ua":"Mozilla/5.0 (X11; Linux x86_64) AppleWebKit/537.36 (KHTML, like Gecko) HeadlessChrome/147.0.7727.15 Safari/537.36"}
  ✓  253 [chromium] › tests/marketing.spec.js:1175:3 › Redemption submit flow (card redemption-submit-flow) › B-434(c): the policy predicate — resolved flag / KNOWN-but-unresolved fails closed / no campaign stays null (decision 166) (787ms)
[2m[WebServer] [22m{"time":"2026-10-07T08:17:10.751062942-04:00","level":"ERROR","msg":"GetMyTrainings failed","error":"query my trainings: context canceled"}
[2m[WebServer] [22m{"time":"2026-10-07T08:17:10.885634641-04:00","level":"INFO","msg":"client log","level":"WARN","message":"-------------- RxDB Open Core RxStorage -------------------------------\nYou are using the free Dexie.js based RxStorage implementation from RxDB https://rxdb.info/rx-storage-dexie.html?console=dexie \nWhile this is a great option, we want to let you know that there are faster storage solutions available in our premium plugins.\nFor professional users and production environments, we highly recommend considering these premium options to enhance performance and reliability.\n https://rxdb.info/premium/?console=dexie \nIf you already purchased premium access you can disable this log by calling the setPremiumFlag() function from rxdb-premium/plugins/shared.\n---------------------------------------------------------------------","user":"Jamal C. (jamal@yumyums.kitchen)","page":"/marketing.html","ua":"Mozilla/5.0 (X11; Linux x86_64) AppleWebKit/537.36 (KHTML, like Gecko) HeadlessChrome/147.0.7727.15 Safari/537.36"}
  ✓  254 [chromium] › tests/marketing.spec.js:1219:3 › Redemption submit flow (card redemption-submit-flow) › F6: same-code re-scan is a no-op; a different code prompts; dismiss returns to the interrupted state (1.1s)
[2m[WebServer] [22m{"time":"2026-10-07T08:17:12.059981899-04:00","level":"INFO","msg":"client log","level":"WARN","message":"-------------- RxDB Open Core RxStorage -------------------------------\nYou are using the free Dexie.js based RxStorage implementation from RxDB https://rxdb.info/rx-storage-dexie.html?console=dexie \nWhile this is a great option, we want to let you know that there are faster storage solutions available in our premium plugins.\nFor professional users and production environments, we highly recommend considering these premium options to enhance performance and reliability.\n https://rxdb.info/premium/?console=dexie \nIf you already purchased premium access you can disable this log by calling the setPremiumFlag() function from rxdb-premium/plugins/shared.\n---------------------------------------------------------------------","user":"Jamal C. (jamal@yumyums.kitchen)","page":"/marketing.html","ua":"Mozilla/5.0 (X11; Linux x86_64) AppleWebKit/537.36 (KHTML, like Gecko) HeadlessChrome/147.0.7727.15 Safari/537.36"}
  ✓  255 [chromium] › tests/marketing.spec.js:1260:3 › Redemption submit flow (card redemption-submit-flow) › already_used verdict renders when + which device from the local codes replica (926ms)
[2m[WebServer] [22m{"time":"2026-10-07T08:17:13.08375495-04:00","level":"INFO","msg":"client log","level":"WARN","message":"-------------- RxDB Open Core RxStorage -------------------------------\nYou are using the free Dexie.js based RxStorage implementation from RxDB https://rxdb.info/rx-storage-dexie.html?console=dexie \nWhile this is a great option, we want to let you know that there are faster storage solutions available in our premium plugins.\nFor professional users and production environments, we highly recommend considering these premium options to enhance performance and reliability.\n https://rxdb.info/premium/?console=dexie \nIf you already purchased premium access you can disable this log by calling the setPremiumFlag() function from rxdb-premium/plugins/shared.\n---------------------------------------------------------------------","user":"Jamal C. (jamal@yumyums.kitchen)","page":"/marketing.html","ua":"Mozilla/5.0 (X11; Linux x86_64) AppleWebKit/537.36 (KHTML, like Gecko) HeadlessChrome/147.0.7727.15 Safari/537.36"}
[2m[WebServer] [22m{"time":"2026-10-07T08:17:13.288818761-04:00","level":"INFO","msg":"client log","level":"ERROR","message":"[marketing submit] undeclared (state,event) pair {\"event\":\"BOGUS_EVENT\",\"scan\":\"offerReady\",\"conn\":\"online\",\"overlay\":\"none\"}","user":"Jamal C. (jamal@yumyums.kitchen)","page":"/marketing.html","ua":"Mozilla/5.0 (X11; Linux x86_64) AppleWebKit/537.36 (KHTML, like Gecko) HeadlessChrome/147.0.7727.15 Safari/537.36"}
[2m[WebServer] [22m{"time":"2026-10-07T08:17:13.288810859-04:00","level":"INFO","msg":"client log","level":"ERROR","message":"[marketing submit] undeclared (state,event) pair {\"event\":\"BOGUS_EVENT\",\"scan\":\"offerReady\",\"conn\":\"online\",\"overlay\":\"none\"}","user":"Jamal C. (jamal@yumyums.kitchen)","page":"/marketing.html","ua":"Mozilla/5.0 (X11; Linux x86_64) AppleWebKit/537.36 (KHTML, like Gecko) HeadlessChrome/147.0.7727.15 Safari/537.36"}
[2m[WebServer] [22m{"time":"2026-10-07T08:17:13.290314867-04:00","level":"INFO","msg":"client log","level":"ERROR","message":"[marketing submit] undeclared (state,event) pair {\"event\":\"BOGUS_EVENT\",\"scan\":\"offerReady\",\"conn\":\"online\",\"overlay\":\"none\"}","user":"Jamal C. (jamal@yumyums.kitchen)","page":"/marketing.html","ua":"Mozilla/5.0 (X11; Linux x86_64) AppleWebKit/537.36 (KHTML, like Gecko) HeadlessChrome/147.0.7727.15 Safari/537.36"}
  ✓  256 [chromium] › tests/marketing.spec.js:1280:3 › Redemption submit flow (card redemption-submit-flow) › an undeclared machine event raises the modeled unexpectedEvent card — loud, named, retryable, never a dead actor (974ms)
[2m[WebServer] [22m{"time":"2026-10-07T08:17:13.980398876-04:00","level":"INFO","msg":"client log","level":"WARN","message":"-------------- RxDB Open Core RxStorage -------------------------------\nYou are using the free Dexie.js based RxStorage implementation from RxDB https://rxdb.info/rx-storage-dexie.html?console=dexie \nWhile this is a great option, we want to let you know that there are faster storage solutions available in our premium plugins.\nFor professional users and production environments, we highly recommend considering these premium options to enhance performance and reliability.\n https://rxdb.info/premium/?console=dexie \nIf you already purchased premium access you can disable this log by calling the setPremiumFlag() function from rxdb-premium/plugins/shared.\n---------------------------------------------------------------------","user":"Jamal C. (jamal@yumyums.kitchen)","page":"/marketing.html","ua":"Mozilla/5.0 (X11; Linux x86_64) AppleWebKit/537.36 (KHTML, like Gecko) HeadlessChrome/147.0.7727.15 Safari/537.36"}
  ✓  257 [chromium] › tests/marketing.spec.js:1323:3 › Scanner polish (card scanner-polish, roadmap H6) › [SP-01] offline + requires_online renders the refusal BEFORE any tap, and the post-submit guard still holds (945ms)
[2m[WebServer] [22m{"time":"2026-10-07T08:17:14.899679452-04:00","level":"INFO","msg":"client log","level":"WARN","message":"-------------- RxDB Open Core RxStorage -------------------------------\nYou are using the free Dexie.js based RxStorage implementation from RxDB https://rxdb.info/rx-storage-dexie.html?console=dexie \nWhile this is a great option, we want to let you know that there are faster storage solutions available in our premium plugins.\nFor professional users and production environments, we highly recommend considering these premium options to enhance performance and reliability.\n https://rxdb.info/premium/?console=dexie \nIf you already purchased premium access you can disable this log by calling the setPremiumFlag() function from rxdb-premium/plugins/shared.\n---------------------------------------------------------------------","user":"Jamal C. (jamal@yumyums.kitchen)","page":"/marketing.html","ua":"Mozilla/5.0 (X11; Linux x86_64) AppleWebKit/537.36 (KHTML, like Gecko) HeadlessChrome/147.0.7727.15 Safari/537.36"}
  ✓  258 [chromium] › tests/marketing.spec.js:1372:3 › Scanner polish (card scanner-polish, roadmap H6) › [SP-01b] an offline-ELIGIBLE campaign keeps its order-# field and override path (878ms)
[2m[WebServer] [22m{"time":"2026-10-07T08:17:15.920060555-04:00","level":"INFO","msg":"client log","level":"WARN","message":"-------------- RxDB Open Core RxStorage -------------------------------\nYou are using the free Dexie.js based RxStorage implementation from RxDB https://rxdb.info/rx-storage-dexie.html?console=dexie \nWhile this is a great option, we want to let you know that there are faster storage solutions available in our premium plugins.\nFor professional users and production environments, we highly recommend considering these premium options to enhance performance and reliability.\n https://rxdb.info/premium/?console=dexie \nIf you already purchased premium access you can disable this log by calling the setPremiumFlag() function from rxdb-premium/plugins/shared.\n---------------------------------------------------------------------","user":"Jamal C. (jamal@yumyums.kitchen)","page":"/marketing.html","ua":"Mozilla/5.0 (X11; Linux x86_64) AppleWebKit/537.36 (KHTML, like Gecko) HeadlessChrome/147.0.7727.15 Safari/537.36"}
  ✓  259 [chromium] › tests/marketing.spec.js:1395:3 › Scanner polish (card scanner-polish, roadmap H6) › [SP-02] the offer card names the campaign and the code last-4, not a bare UUID (889ms)
[2m[WebServer] [22m{"time":"2026-10-07T08:17:16.747194297-04:00","level":"INFO","msg":"client log","level":"WARN","message":"-------------- RxDB Open Core RxStorage -------------------------------\nYou are using the free Dexie.js based RxStorage implementation from RxDB https://rxdb.info/rx-storage-dexie.html?console=dexie \nWhile this is a great option, we want to let you know that there are faster storage solutions available in our premium plugins.\nFor professional users and production environments, we highly recommend considering these premium options to enhance performance and reliability.\n https://rxdb.info/premium/?console=dexie \nIf you already purchased premium access you can disable this log by calling the setPremiumFlag() function from rxdb-premium/plugins/shared.\n---------------------------------------------------------------------","user":"Jamal C. (jamal@yumyums.kitchen)","page":"/marketing.html","ua":"Mozilla/5.0 (X11; Linux x86_64) AppleWebKit/537.36 (KHTML, like Gecko) HeadlessChrome/147.0.7727.15 Safari/537.36"}
  ✓  260 [chromium] › tests/marketing.spec.js:1418:3 › Scanner polish (card scanner-polish, roadmap H6) › [SP-02b] a campaign row with no name degrades to its id prefix, never "undefined" (812ms)
[2m[WebServer] [22m{"time":"2026-10-07T08:17:17.598202857-04:00","level":"INFO","msg":"client log","level":"WARN","message":"-------------- RxDB Open Core RxStorage -------------------------------\nYou are using the free Dexie.js based RxStorage implementation from RxDB https://rxdb.info/rx-storage-dexie.html?console=dexie \nWhile this is a great option, we want to let you know that there are faster storage solutions available in our premium plugins.\nFor professional users and production environments, we highly recommend considering these premium options to enhance performance and reliability.\n https://rxdb.info/premium/?console=dexie \nIf you already purchased premium access you can disable this log by calling the setPremiumFlag() function from rxdb-premium/plugins/shared.\n---------------------------------------------------------------------","user":"Jamal C. (jamal@yumyums.kitchen)","page":"/marketing.html","ua":"Mozilla/5.0 (X11; Linux x86_64) AppleWebKit/537.36 (KHTML, like Gecko) HeadlessChrome/147.0.7727.15 Safari/537.36"}
  ✓  261 [chromium] › tests/marketing.spec.js:1449:3 › Scanner polish (card scanner-polish, roadmap H6) › [SP-03] no policy source → the refusal renders and NO Force affordance exists for a known code (866ms)
  ✘  262 [chromium] › tests/marketing.spec.js:1550:3 › Test integrity (card test-integrity-fix, roadmap I1) › [TI-01] a codes/offers row without campaign_id is refused by the v1 schema (VD2), and a v0 store reopens at v1 with its rows (7ms)
[2m[WebServer] [22m{"time":"2026-10-07T08:17:20.334750086-04:00","level":"INFO","msg":"client log","level":"WARN","message":"-------------- RxDB Open Core RxStorage -------------------------------\nYou are using the free Dexie.js based RxStorage implementation from RxDB https://rxdb.info/rx-storage-dexie.html?console=dexie \nWhile this is a great option, we want to let you know that there are faster storage solutions available in our premium plugins.\nFor professional users and production environments, we highly recommend considering these premium options to enhance performance and reliability.\n https://rxdb.info/premium/?console=dexie \nIf you already purchased premium access you can disable this log by calling the setPremiumFlag() function from rxdb-premium/plugins/shared.\n---------------------------------------------------------------------","user":"Jamal C. (jamal@yumyums.kitchen)","page":"/marketing.html","ua":"Mozilla/5.0 (X11; Linux x86_64) AppleWebKit/537.36 (KHTML, like Gecko) HeadlessChrome/147.0.7727.15 Safari/537.36"}
  ✓  263 [chromium] › tests/marketing.spec.js:1584:3 › Test integrity (card test-integrity-fix, roadmap I1) › [TI-02] in the page, a v0 codes/offers store on IndexedDB reopens at v1 through the shipped spec with its rows (1.2s)
[2m[WebServer] [22m{"time":"2026-10-07T08:17:21.569261554-04:00","level":"INFO","msg":"client log","level":"WARN","message":"-------------- RxDB Open Core RxStorage -------------------------------\nYou are using the free Dexie.js based RxStorage implementation from RxDB https://rxdb.info/rx-storage-dexie.html?console=dexie \nWhile this is a great option, we want to let you know that there are faster storage solutions available in our premium plugins.\nFor professional users and production environments, we highly recommend considering these premium options to enhance performance and reliability.\n https://rxdb.info/premium/?console=dexie \nIf you already purchased premium access you can disable this log by calling the setPremiumFlag() function from rxdb-premium/plugins/shared.\n---------------------------------------------------------------------","user":"Jamal C. (jamal@yumyums.kitchen)","page":"/marketing.html","ua":"Mozilla/5.0 (X11; Linux x86_64) AppleWebKit/537.36 (KHTML, like Gecko) HeadlessChrome/147.0.7727.15 Safari/537.36"}
  ✓  264 [chromium] › tests/marketing.spec.js:1765:3 › Sync provisioning (card sync-coordinates-provisioning) › done_when(1): provisioning through the SHIPPED path arms sync; a server-side code resolves OFFLINE after the network is cut (1.1s)
[2m[WebServer] [22m{"time":"2026-10-07T08:17:22.634861171-04:00","level":"INFO","msg":"client log","level":"WARN","message":"-------------- RxDB Open Core RxStorage -------------------------------\nYou are using the free Dexie.js based RxStorage implementation from RxDB https://rxdb.info/rx-storage-dexie.html?console=dexie \nWhile this is a great option, we want to let you know that there are faster storage solutions available in our premium plugins.\nFor professional users and production environments, we highly recommend considering these premium options to enhance performance and reliability.\n https://rxdb.info/premium/?console=dexie \nIf you already purchased premium access you can disable this log by calling the setPremiumFlag() function from rxdb-premium/plugins/shared.\n---------------------------------------------------------------------","user":"Jamal C. (jamal@yumyums.kitchen)","page":"/marketing.html","ua":"Mozilla/5.0 (X11; Linux x86_64) AppleWebKit/537.36 (KHTML, like Gecko) HeadlessChrome/147.0.7727.15 Safari/537.36"}
  ✓  265 [chromium] › tests/marketing.spec.js:1800:3 › Sync provisioning (card sync-coordinates-provisioning) › done_when(2): campaignPolicy genuinely attaches — attached() true, size() non-zero, seam NOT stubbed (1.2s)
[2m[WebServer] [22m{"time":"2026-10-07T08:17:23.982560791-04:00","level":"INFO","msg":"client log","level":"WARN","message":"-------------- RxDB Open Core RxStorage -------------------------------\nYou are using the free Dexie.js based RxStorage implementation from RxDB https://rxdb.info/rx-storage-dexie.html?console=dexie \nWhile this is a great option, we want to let you know that there are faster storage solutions available in our premium plugins.\nFor professional users and production environments, we highly recommend considering these premium options to enhance performance and reliability.\n https://rxdb.info/premium/?console=dexie \nIf you already purchased premium access you can disable this log by calling the setPremiumFlag() function from rxdb-premium/plugins/shared.\n---------------------------------------------------------------------","user":"Jamal C. (jamal@yumyums.kitchen)","page":"/marketing.html","ua":"Mozilla/5.0 (X11; Linux x86_64) AppleWebKit/537.36 (KHTML, like Gecko) HeadlessChrome/147.0.7727.15 Safari/537.36"}
  ✓  266 [chromium] › tests/marketing.spec.js:1817:3 › Sync provisioning (card sync-coordinates-provisioning) › done_when(3)/B-438: campaigns upstream killed at the NETWORK layer — a genuinely-unknown override lands policy_unresolved=true, pushed as the mint sub (1.5s)
[2m[WebServer] [22m{"time":"2026-10-07T08:17:25.480361264-04:00","level":"INFO","msg":"client log","level":"WARN","message":"-------------- RxDB Open Core RxStorage -------------------------------\nYou are using the free Dexie.js based RxStorage implementation from RxDB https://rxdb.info/rx-storage-dexie.html?console=dexie \nWhile this is a great option, we want to let you know that there are faster storage solutions available in our premium plugins.\nFor professional users and production environments, we highly recommend considering these premium options to enhance performance and reliability.\n https://rxdb.info/premium/?console=dexie \nIf you already purchased premium access you can disable this log by calling the setPremiumFlag() function from rxdb-premium/plugins/shared.\n---------------------------------------------------------------------","user":"Jamal C. (jamal@yumyums.kitchen)","page":"/marketing.html","ua":"Mozilla/5.0 (X11; Linux x86_64) AppleWebKit/537.36 (KHTML, like Gecko) HeadlessChrome/147.0.7727.15 Safari/537.36"}
  ✓  267 [chromium] › tests/marketing.spec.js:1865:3 › Sync provisioning (card sync-coordinates-provisioning) › done_when(3) control: with the campaigns replica HEALTHY the same override lands policy_unresolved=false (1.8s)
[2m[WebServer] [22m{"time":"2026-10-07T08:17:25.091730823-04:00","level":"INFO","msg":"client log","level":"WARN","message":"-------------- RxDB Open Core RxStorage -------------------------------\nYou are using the free Dexie.js based RxStorage implementation from RxDB https://rxdb.info/rx-storage-dexie.html?console=dexie \nWhile this is a great option, we want to let you know that there are faster storage solutions available in our premium plugins.\nFor professional users and production environments, we highly recommend considering these premium options to enhance performance and reliability.\n https://rxdb.info/premium/?console=dexie \nIf you already purchased premium access you can disable this log by calling the setPremiumFlag() function from rxdb-premium/plugins/shared.\n---------------------------------------------------------------------","user":"Jamal C. (jamal@yumyums.kitchen)","page":"/marketing.html","ua":"Mozilla/5.0 (X11; Linux x86_64) AppleWebKit/537.36 (KHTML, like Gecko) HeadlessChrome/147.0.7727.15 Safari/537.36"}
  ✓  268 [chromium] › tests/marketing.spec.js:1892:3 › Sync provisioning (card sync-coordinates-provisioning) › done_when(4)/B-439: after a post-ready failure + recovery WITH docs, unresolved() returns to false (6.2s)
[2m[WebServer] [22m{"time":"2026-10-07T08:17:31.373604506-04:00","level":"INFO","msg":"client log","level":"WARN","message":"-------------- RxDB Open Core RxStorage -------------------------------\nYou are using the free Dexie.js based RxStorage implementation from RxDB https://rxdb.info/rx-storage-dexie.html?console=dexie \nWhile this is a great option, we want to let you know that there are faster storage solutions available in our premium plugins.\nFor professional users and production environments, we highly recommend considering these premium options to enhance performance and reliability.\n https://rxdb.info/premium/?console=dexie \nIf you already purchased premium access you can disable this log by calling the setPremiumFlag() function from rxdb-premium/plugins/shared.\n---------------------------------------------------------------------","user":"Jamal C. (jamal@yumyums.kitchen)","page":"/marketing.html","ua":"Mozilla/5.0 (X11; Linux x86_64) AppleWebKit/537.36 (KHTML, like Gecko) HeadlessChrome/147.0.7727.15 Safari/537.36"}
  ✓  269 [chromium] › tests/marketing.spec.js:1918:3 › Sync provisioning (card sync-coordinates-provisioning) › done_when(4)/B-439: the recovery-EMPTY shape (zero new rows) ALSO clears the latch (6.2s)
[2m[WebServer] [22m{"time":"2026-10-07T08:17:37.482087435-04:00","level":"INFO","msg":"client log","level":"WARN","message":"-------------- RxDB Open Core RxStorage -------------------------------\nYou are using the free Dexie.js based RxStorage implementation from RxDB https://rxdb.info/rx-storage-dexie.html?console=dexie \nWhile this is a great option, we want to let you know that there are faster storage solutions available in our premium plugins.\nFor professional users and production environments, we highly recommend considering these premium options to enhance performance and reliability.\n https://rxdb.info/premium/?console=dexie \nIf you already purchased premium access you can disable this log by calling the setPremiumFlag() function from rxdb-premium/plugins/shared.\n---------------------------------------------------------------------","user":"Jamal C. (jamal@yumyums.kitchen)","page":"/marketing.html","ua":"Mozilla/5.0 (X11; Linux x86_64) AppleWebKit/537.36 (KHTML, like Gecko) HeadlessChrome/147.0.7727.15 Safari/537.36"}
  ✓  270 [chromium] › tests/marketing.spec.js:1970:3 › Boot without SubtleCrypto (plain-http LAN origin) › both flows boot with NO crypto.subtle, and the token hash still equals the WebCrypto seed literal (773ms)
[2m[WebServer] [22m{"time":"2026-10-07T08:17:38.319961859-04:00","level":"INFO","msg":"client log","level":"WARN","message":"-------------- RxDB Open Core RxStorage -------------------------------\nYou are using the free Dexie.js based RxStorage implementation from RxDB https://rxdb.info/rx-storage-dexie.html?console=dexie \nWhile this is a great option, we want to let you know that there are faster storage solutions available in our premium plugins.\nFor professional users and production environments, we highly recommend considering these premium options to enhance performance and reliability.\n https://rxdb.info/premium/?console=dexie \nIf you already purchased premium access you can disable this log by calling the setPremiumFlag() function from rxdb-premium/plugins/shared.\n---------------------------------------------------------------------","user":"Jamal C. (jamal@yumyums.kitchen)","page":"/marketing.html","ua":"Mozilla/5.0 (X11; Linux x86_64) AppleWebKit/537.36 (KHTML, like Gecko) HeadlessChrome/147.0.7727.15 Safari/537.36"}
[2m[WebServer] [22m{"time":"2026-10-07T08:17:38.341051572-04:00","level":"INFO","msg":"client log","level":"ERROR","message":"[marketing] scanner boot failed: IndexedDB API missing. Please visit https://tinyurl.com/y2uuvskb","user":"Jamal C. (jamal@yumyums.kitchen)","page":"/marketing.html","ua":"Mozilla/5.0 (X11; Linux x86_64) AppleWebKit/537.36 (KHTML, like Gecko) HeadlessChrome/147.0.7727.15 Safari/537.36"}
[2m[WebServer] [22m{"time":"2026-10-07T08:17:38.360850703-04:00","level":"INFO","msg":"client log","level":"ERROR","message":"Unhandled rejection: scanner did not boot: IndexedDB API missing. Please visit https://tinyurl.com/y2uuvskb","user":"Jamal C. (jamal@yumyums.kitchen)","page":"/marketing.html","ua":"Mozilla/5.0 (X11; Linux x86_64) AppleWebKit/537.36 (KHTML, like Gecko) HeadlessChrome/147.0.7727.15 Safari/537.36"}
  ✓  271 [chromium] › tests/marketing.spec.js:1981:3 › Boot without SubtleCrypto (plain-http LAN origin) › a boot failure reads as a plain sentence with the technical detail tucked away — not an exception dump (710ms)
[2m[WebServer] [22m{"time":"2026-10-07T08:17:39.016354957-04:00","level":"INFO","msg":"client log","level":"WARN","message":"-------------- RxDB Open Core RxStorage -------------------------------\nYou are using the free Dexie.js based RxStorage implementation from RxDB https://rxdb.info/rx-storage-dexie.html?console=dexie \nWhile this is a great option, we want to let you know that there are faster storage solutions available in our premium plugins.\nFor professional users and production environments, we highly recommend considering these premium options to enhance performance and reliability.\n https://rxdb.info/premium/?console=dexie \nIf you already purchased premium access you can disable this log by calling the setPremiumFlag() function from rxdb-premium/plugins/shared.\n---------------------------------------------------------------------","user":"Jamal C. (jamal@yumyums.kitchen)","page":"/marketing.html","ua":"Mozilla/5.0 (X11; Linux x86_64) AppleWebKit/537.36 (KHTML, like Gecko) HeadlessChrome/147.0.7727.15 Safari/537.36"}
[2m[WebServer] [22m{"time":"2026-10-07T08:17:39.034426384-04:00","level":"INFO","msg":"client log","level":"ERROR","message":"[marketing] scanner boot failed: IndexedDB API missing. Please visit https://tinyurl.com/y2uuvskb","user":"Jamal C. (jamal@yumyums.kitchen)","page":"/marketing.html","ua":"Mozilla/5.0 (X11; Linux x86_64) AppleWebKit/537.36 (KHTML, like Gecko) HeadlessChrome/147.0.7727.15 Safari/537.36"}
[2m[WebServer] [22m{"time":"2026-10-07T08:17:39.053399794-04:00","level":"INFO","msg":"client log","level":"ERROR","message":"Unhandled rejection: scanner did not boot: IndexedDB API missing. Please visit https://tinyurl.com/y2uuvskb","user":"Jamal C. (jamal@yumyums.kitchen)","page":"/marketing.html","ua":"Mozilla/5.0 (X11; Linux x86_64) AppleWebKit/537.36 (KHTML, like Gecko) HeadlessChrome/147.0.7727.15 Safari/537.36"}
  ✓  272 [chromium] › tests/marketing.spec.js:2005:3 › Boot without SubtleCrypto (plain-http LAN origin) › on a LAN/dev address the hint says https, NOT "go to hq.yumyums.kitchen" (628ms)
[2m[WebServer] [22m{"time":"2026-10-07T08:17:39.696129201-04:00","level":"INFO","msg":"client log","level":"WARN","message":"-------------- RxDB Open Core RxStorage -------------------------------\nYou are using the free Dexie.js based RxStorage implementation from RxDB https://rxdb.info/rx-storage-dexie.html?console=dexie \nWhile this is a great option, we want to let you know that there are faster storage solutions available in our premium plugins.\nFor professional users and production environments, we highly recommend considering these premium options to enhance performance and reliability.\n https://rxdb.info/premium/?console=dexie \nIf you already purchased premium access you can disable this log by calling the setPremiumFlag() function from rxdb-premium/plugins/shared.\n---------------------------------------------------------------------","user":"Jamal C. (jamal@yumyums.kitchen)","page":"/marketing.html","ua":"Mozilla/5.0 (X11; Linux x86_64) AppleWebKit/537.36 (KHTML, like Gecko) HeadlessChrome/147.0.7727.15 Safari/537.36"}
[2m[WebServer] [22m{"time":"2026-10-07T08:17:39.715458465-04:00","level":"INFO","msg":"client log","level":"ERROR","message":"[marketing] scanner boot failed: IndexedDB API missing. Please visit https://tinyurl.com/y2uuvskb","user":"Jamal C. (jamal@yumyums.kitchen)","page":"/marketing.html","ua":"Mozilla/5.0 (X11; Linux x86_64) AppleWebKit/537.36 (KHTML, like Gecko) HeadlessChrome/147.0.7727.15 Safari/537.36"}
[2m[WebServer] [22m{"time":"2026-10-07T08:17:39.734168602-04:00","level":"INFO","msg":"client log","level":"ERROR","message":"Unhandled rejection: scanner did not boot: IndexedDB API missing. Please visit https://tinyurl.com/y2uuvskb","user":"Jamal C. (jamal@yumyums.kitchen)","page":"/marketing.html","ua":"Mozilla/5.0 (X11; Linux x86_64) AppleWebKit/537.36 (KHTML, like Gecko) HeadlessChrome/147.0.7727.15 Safari/537.36"}
  ✓  273 [chromium] › tests/marketing.spec.js:2024:3 › Boot without SubtleCrypto (plain-http LAN origin) › the Details cause reads as a sentence, not an internal symbol name (658ms)
[2m[WebServer] [22m{"time":"2026-10-07T08:17:40.330358363-04:00","level":"INFO","msg":"client log","level":"WARN","message":"-------------- RxDB Open Core RxStorage -------------------------------\nYou are using the free Dexie.js based RxStorage implementation from RxDB https://rxdb.info/rx-storage-dexie.html?console=dexie \nWhile this is a great option, we want to let you know that there are faster storage solutions available in our premium plugins.\nFor professional users and production environments, we highly recommend considering these premium options to enhance performance and reliability.\n https://rxdb.info/premium/?console=dexie \nIf you already purchased premium access you can disable this log by calling the setPremiumFlag() function from rxdb-premium/plugins/shared.\n---------------------------------------------------------------------","user":"Jamal C. (jamal@yumyums.kitchen)","page":"/marketing.html","ua":"Mozilla/5.0 (X11; Linux x86_64) AppleWebKit/537.36 (KHTML, like Gecko) HeadlessChrome/147.0.7727.15 Safari/537.36"}
  ✓  274 [chromium] › tests/marketing.spec.js:2039:3 › Boot without SubtleCrypto (plain-http LAN origin) › camera failure on an insecure origin names the fix: open the https address, or scan from a photo (866ms)
[2m[WebServer] [22m{"time":"2026-10-07T08:17:41.283364046-04:00","level":"INFO","msg":"client log","level":"WARN","message":"-------------- RxDB Open Core RxStorage -------------------------------\nYou are using the free Dexie.js based RxStorage implementation from RxDB https://rxdb.info/rx-storage-dexie.html?console=dexie \nWhile this is a great option, we want to let you know that there are faster storage solutions available in our premium plugins.\nFor professional users and production environments, we highly recommend considering these premium options to enhance performance and reliability.\n https://rxdb.info/premium/?console=dexie \nIf you already purchased premium access you can disable this log by calling the setPremiumFlag() function from rxdb-premium/plugins/shared.\n---------------------------------------------------------------------","user":"Jamal C. (jamal@yumyums.kitchen)","page":"/marketing.html","ua":"Mozilla/5.0 (X11; Linux x86_64) AppleWebKit/537.36 (KHTML, like Gecko) HeadlessChrome/147.0.7727.15 Safari/537.36"}
  ✓  275 [chromium] › tests/marketing.spec.js:2156:3 › Scan-time verify (card scan-time-verify, roadmap I2) › [SV-01] online + absent locally + the server has it → the offer card renders from the server row, before any submit control is used (1.0s)
[2m[WebServer] [22m{"time":"2026-10-07T08:17:42.335608528-04:00","level":"INFO","msg":"client log","level":"WARN","message":"-------------- RxDB Open Core RxStorage -------------------------------\nYou are using the free Dexie.js based RxStorage implementation from RxDB https://rxdb.info/rx-storage-dexie.html?console=dexie \nWhile this is a great option, we want to let you know that there are faster storage solutions available in our premium plugins.\nFor professional users and production environments, we highly recommend considering these premium options to enhance performance and reliability.\n https://rxdb.info/premium/?console=dexie \nIf you already purchased premium access you can disable this log by calling the setPremiumFlag() function from rxdb-premium/plugins/shared.\n---------------------------------------------------------------------","user":"Jamal C. (jamal@yumyums.kitchen)","page":"/marketing.html","ua":"Mozilla/5.0 (X11; Linux x86_64) AppleWebKit/537.36 (KHTML, like Gecko) HeadlessChrome/147.0.7727.15 Safari/537.36"}
  ✓  276 [chromium] › tests/marketing.spec.js:2218:3 › Scan-time verify (card scan-time-verify, roadmap I2) › [SV-01b] a server row beats the QR-embedded descriptor; with no server row the embedded offer renders as today (977ms)
[2m[WebServer] [22m{"time":"2026-10-07T08:17:43.412501759-04:00","level":"INFO","msg":"client log","level":"WARN","message":"-------------- RxDB Open Core RxStorage -------------------------------\nYou are using the free Dexie.js based RxStorage implementation from RxDB https://rxdb.info/rx-storage-dexie.html?console=dexie \nWhile this is a great option, we want to let you know that there are faster storage solutions available in our premium plugins.\nFor professional users and production environments, we highly recommend considering these premium options to enhance performance and reliability.\n https://rxdb.info/premium/?console=dexie \nIf you already purchased premium access you can disable this log by calling the setPremiumFlag() function from rxdb-premium/plugins/shared.\n---------------------------------------------------------------------","user":"Jamal C. (jamal@yumyums.kitchen)","page":"/marketing.html","ua":"Mozilla/5.0 (X11; Linux x86_64) AppleWebKit/537.36 (KHTML, like Gecko) HeadlessChrome/147.0.7727.15 Safari/537.36"}
  ✓  277 [chromium] › tests/marketing.spec.js:2246:3 › Scan-time verify (card scan-time-verify, roadmap I2) › [SV-02] online + the server says redeemed → "Already used" at scan, with no discount prompt (1.1s)
[2m[WebServer] [22m{"time":"2026-10-07T08:17:44.40292204-04:00","level":"INFO","msg":"client log","level":"WARN","message":"-------------- RxDB Open Core RxStorage -------------------------------\nYou are using the free Dexie.js based RxStorage implementation from RxDB https://rxdb.info/rx-storage-dexie.html?console=dexie \nWhile this is a great option, we want to let you know that there are faster storage solutions available in our premium plugins.\nFor professional users and production environments, we highly recommend considering these premium options to enhance performance and reliability.\n https://rxdb.info/premium/?console=dexie \nIf you already purchased premium access you can disable this log by calling the setPremiumFlag() function from rxdb-premium/plugins/shared.\n---------------------------------------------------------------------","user":"Jamal C. (jamal@yumyums.kitchen)","page":"/marketing.html","ua":"Mozilla/5.0 (X11; Linux x86_64) AppleWebKit/537.36 (KHTML, like Gecko) HeadlessChrome/147.0.7727.15 Safari/537.36"}
  ✓  278 [chromium] › tests/marketing.spec.js:2299:3 › Scan-time verify (card scan-time-verify, roadmap I2) › [SV-03] the server killed at the NETWORK layer → today's unknown-code card plus "couldn't check the server", inside the budget (897ms)
[2m[WebServer] [22m{"time":"2026-10-07T08:17:45.323999901-04:00","level":"INFO","msg":"client log","level":"WARN","message":"-------------- RxDB Open Core RxStorage -------------------------------\nYou are using the free Dexie.js based RxStorage implementation from RxDB https://rxdb.info/rx-storage-dexie.html?console=dexie \nWhile this is a great option, we want to let you know that there are faster storage solutions available in our premium plugins.\nFor professional users and production environments, we highly recommend considering these premium options to enhance performance and reliability.\n https://rxdb.info/premium/?console=dexie \nIf you already purchased premium access you can disable this log by calling the setPremiumFlag() function from rxdb-premium/plugins/shared.\n---------------------------------------------------------------------","user":"Jamal C. (jamal@yumyums.kitchen)","page":"/marketing.html","ua":"Mozilla/5.0 (X11; Linux x86_64) AppleWebKit/537.36 (KHTML, like Gecko) HeadlessChrome/147.0.7727.15 Safari/537.36"}
  ✓  279 [chromium] › tests/marketing.spec.js:2342:3 › Scan-time verify (card scan-time-verify, roadmap I2) › [SV-03b] a HUNG link cannot wedge the scan: the lookup is aborted at the probe timeout and the fallback renders (4.4s)
[2m[WebServer] [22m{"time":"2026-10-07T08:17:49.694578489-04:00","level":"INFO","msg":"client log","level":"WARN","message":"-------------- RxDB Open Core RxStorage -------------------------------\nYou are using the free Dexie.js based RxStorage implementation from RxDB https://rxdb.info/rx-storage-dexie.html?console=dexie \nWhile this is a great option, we want to let you know that there are faster storage solutions available in our premium plugins.\nFor professional users and production environments, we highly recommend considering these premium options to enhance performance and reliability.\n https://rxdb.info/premium/?console=dexie \nIf you already purchased premium access you can disable this log by calling the setPremiumFlag() function from rxdb-premium/plugins/shared.\n---------------------------------------------------------------------","user":"Jamal C. (jamal@yumyums.kitchen)","page":"/marketing.html","ua":"Mozilla/5.0 (X11; Linux x86_64) AppleWebKit/537.36 (KHTML, like Gecko) HeadlessChrome/147.0.7727.15 Safari/537.36"}
  ✓  280 [chromium] › tests/marketing.spec.js:2374:3 › Scan-time verify (card scan-time-verify, roadmap I2) › [SV-04] offline → zero network calls at scan and a result byte-identical to today; the same phone online makes exactly one (1.0s)
[2m[WebServer] [22m{"time":"2026-10-07T08:17:50.861578954-04:00","level":"INFO","msg":"client log","level":"WARN","message":"-------------- RxDB Open Core RxStorage -------------------------------\nYou are using the free Dexie.js based RxStorage implementation from RxDB https://rxdb.info/rx-storage-dexie.html?console=dexie \nWhile this is a great option, we want to let you know that there are faster storage solutions available in our premium plugins.\nFor professional users and production environments, we highly recommend considering these premium options to enhance performance and reliability.\n https://rxdb.info/premium/?console=dexie \nIf you already purchased premium access you can disable this log by calling the setPremiumFlag() function from rxdb-premium/plugins/shared.\n---------------------------------------------------------------------","user":"Jamal C. (jamal@yumyums.kitchen)","page":"/marketing.html","ua":"Mozilla/5.0 (X11; Linux x86_64) AppleWebKit/537.36 (KHTML, like Gecko) HeadlessChrome/147.0.7727.15 Safari/537.36"}
  ✓  281 [chromium] › tests/marketing.spec.js:2436:3 › Scan-time verify (card scan-time-verify, roadmap I2) › [SV-05] online + the code IS held locally (one live, one redeemed locally) → zero requests on the lookup path, and no checking state (1.2s)
[2m[WebServer] [22m{"time":"2026-10-07T08:17:52.008945499-04:00","level":"INFO","msg":"client log","level":"WARN","message":"-------------- RxDB Open Core RxStorage -------------------------------\nYou are using the free Dexie.js based RxStorage implementation from RxDB https://rxdb.info/rx-storage-dexie.html?console=dexie \nWhile this is a great option, we want to let you know that there are faster storage solutions available in our premium plugins.\nFor professional users and production environments, we highly recommend considering these premium options to enhance performance and reliability.\n https://rxdb.info/premium/?console=dexie \nIf you already purchased premium access you can disable this log by calling the setPremiumFlag() function from rxdb-premium/plugins/shared.\n---------------------------------------------------------------------","user":"Jamal C. (jamal@yumyums.kitchen)","page":"/marketing.html","ua":"Mozilla/5.0 (X11; Linux x86_64) AppleWebKit/537.36 (KHTML, like Gecko) HeadlessChrome/147.0.7727.15 Safari/537.36"}
  ✓  282 [chromium] › tests/marketing.spec.js:2490:3 › Scan-time verify (card scan-time-verify, roadmap I2) › [SV-06] while the lookup is in flight the result area says so — never blank — and the outcome replaces it (1.0s)
[2m[WebServer] [22m{"time":"2026-10-07T08:17:53.037167889-04:00","level":"INFO","msg":"client log","level":"WARN","message":"-------------- RxDB Open Core RxStorage -------------------------------\nYou are using the free Dexie.js based RxStorage implementation from RxDB https://rxdb.info/rx-storage-dexie.html?console=dexie \nWhile this is a great option, we want to let you know that there are faster storage solutions available in our premium plugins.\nFor professional users and production environments, we highly recommend considering these premium options to enhance performance and reliability.\n https://rxdb.info/premium/?console=dexie \nIf you already purchased premium access you can disable this log by calling the setPremiumFlag() function from rxdb-premium/plugins/shared.\n---------------------------------------------------------------------","user":"Jamal C. (jamal@yumyums.kitchen)","page":"/marketing.html","ua":"Mozilla/5.0 (X11; Linux x86_64) AppleWebKit/537.36 (KHTML, like Gecko) HeadlessChrome/147.0.7727.15 Safari/537.36"}
  ✓  283 [chromium] › tests/marketing.spec.js:2526:3 › Scan-time verify (card scan-time-verify, roadmap I2) › [SV-07] a 200 whose first element is not a usable row is "could not check", never an offer or an "Expired undefined" card (1.2s)
[2m[WebServer] [22m{"time":"2026-10-07T08:17:52.161974649-04:00","level":"INFO","msg":"client log","level":"WARN","message":"-------------- RxDB Open Core RxStorage -------------------------------\nYou are using the free Dexie.js based RxStorage implementation from RxDB https://rxdb.info/rx-storage-dexie.html?console=dexie \nWhile this is a great option, we want to let you know that there are faster storage solutions available in our premium plugins.\nFor professional users and production environments, we highly recommend considering these premium options to enhance performance and reliability.\n https://rxdb.info/premium/?console=dexie \nIf you already purchased premium access you can disable this log by calling the setPremiumFlag() function from rxdb-premium/plugins/shared.\n---------------------------------------------------------------------","user":"Jamal C. (jamal@yumyums.kitchen)","page":"/marketing.html","ua":"Mozilla/5.0 (X11; Linux x86_64) AppleWebKit/537.36 (KHTML, like Gecko) HeadlessChrome/147.0.7727.15 Safari/537.36"}
  ✓  284 [chromium] › tests/marketing.spec.js:2652:3 › Photo scan guard + lookup arms (card photo-scan-guard-and-lookup-arms, roadmap J1) › [PS-01] a photo of held code B picked while never-seen code A waits on the server → A's offer renders WITH its order-number field and NO finish-first prompt (2.7s)
[2m[WebServer] [22m{"time":"2026-10-07T08:17:54.824999466-04:00","level":"INFO","msg":"client log","level":"WARN","message":"-------------- RxDB Open Core RxStorage -------------------------------\nYou are using the free Dexie.js based RxStorage implementation from RxDB https://rxdb.info/rx-storage-dexie.html?console=dexie \nWhile this is a great option, we want to let you know that there are faster storage solutions available in our premium plugins.\nFor professional users and production environments, we highly recommend considering these premium options to enhance performance and reliability.\n https://rxdb.info/premium/?console=dexie \nIf you already purchased premium access you can disable this log by calling the setPremiumFlag() function from rxdb-premium/plugins/shared.\n---------------------------------------------------------------------","user":"Jamal C. (jamal@yumyums.kitchen)","page":"/marketing.html","ua":"Mozilla/5.0 (X11; Linux x86_64) AppleWebKit/537.36 (KHTML, like Gecko) HeadlessChrome/147.0.7727.15 Safari/537.36"}
  ✓  285 [chromium] › tests/marketing.spec.js:2709:3 › Photo scan guard + lookup arms (card photo-scan-guard-and-lookup-arms, roadmap J1) › [PS-01b] the same through user paths only: a PHOTO of never-seen code A waits on the server, a photo of B is picked mid-wait → A's offer renders WITH #ms-order, no prompt (2.8s)
[2m[WebServer] [22m{"time":"2026-10-07T08:17:57.652270902-04:00","level":"INFO","msg":"client log","level":"WARN","message":"-------------- RxDB Open Core RxStorage -------------------------------\nYou are using the free Dexie.js based RxStorage implementation from RxDB https://rxdb.info/rx-storage-dexie.html?console=dexie \nWhile this is a great option, we want to let you know that there are faster storage solutions available in our premium plugins.\nFor professional users and production environments, we highly recommend considering these premium options to enhance performance and reliability.\n https://rxdb.info/premium/?console=dexie \nIf you already purchased premium access you can disable this log by calling the setPremiumFlag() function from rxdb-premium/plugins/shared.\n---------------------------------------------------------------------","user":"Jamal C. (jamal@yumyums.kitchen)","page":"/marketing.html","ua":"Mozilla/5.0 (X11; Linux x86_64) AppleWebKit/537.36 (KHTML, like Gecko) HeadlessChrome/147.0.7727.15 Safari/537.36"}
  ✓  286 [chromium] › tests/marketing.spec.js:2738:3 › Photo scan guard + lookup arms (card photo-scan-guard-and-lookup-arms, roadmap J1) › [PS-02] a photo picked with no scan in flight still decodes — before a wait, after a wait that refused a pick, and after a photo with no code in it (1.6s)
[2m[WebServer] [22m{"time":"2026-10-07T08:17:59.235094468-04:00","level":"INFO","msg":"client log","level":"WARN","message":"-------------- RxDB Open Core RxStorage -------------------------------\nYou are using the free Dexie.js based RxStorage implementation from RxDB https://rxdb.info/rx-storage-dexie.html?console=dexie \nWhile this is a great option, we want to let you know that there are faster storage solutions available in our premium plugins.\nFor professional users and production environments, we highly recommend considering these premium options to enhance performance and reliability.\n https://rxdb.info/premium/?console=dexie \nIf you already purchased premium access you can disable this log by calling the setPremiumFlag() function from rxdb-premium/plugins/shared.\n---------------------------------------------------------------------","user":"Jamal C. (jamal@yumyums.kitchen)","page":"/marketing.html","ua":"Mozilla/5.0 (X11; Linux x86_64) AppleWebKit/537.36 (KHTML, like Gecko) HeadlessChrome/147.0.7727.15 Safari/537.36"}
  ✓  287 [chromium] › tests/marketing.spec.js:2794:3 › Photo scan guard + lookup arms (card photo-scan-guard-and-lookup-arms, roadmap J1) › [SV-08] online + held locally AND expired by the local clock → the replica's expired result, zero lookups — the server is not asked and nothing is offered (948ms)
[2m[WebServer] [22m{"time":"2026-10-07T08:18:00.263714765-04:00","level":"INFO","msg":"client log","level":"WARN","message":"-------------- RxDB Open Core RxStorage -------------------------------\nYou are using the free Dexie.js based RxStorage implementation from RxDB https://rxdb.info/rx-storage-dexie.html?console=dexie \nWhile this is a great option, we want to let you know that there are faster storage solutions available in our premium plugins.\nFor professional users and production environments, we highly recommend considering these premium options to enhance performance and reliability.\n https://rxdb.info/premium/?console=dexie \nIf you already purchased premium access you can disable this log by calling the setPremiumFlag() function from rxdb-premium/plugins/shared.\n---------------------------------------------------------------------","user":"Jamal C. (jamal@yumyums.kitchen)","page":"/marketing.html","ua":"Mozilla/5.0 (X11; Linux x86_64) AppleWebKit/537.36 (KHTML, like Gecko) HeadlessChrome/147.0.7727.15 Safari/537.36"}
  ✓  288 [chromium] › tests/marketing.spec.js:2843:3 › Photo scan guard + lookup arms (card photo-scan-guard-and-lookup-arms, roadmap J1) › [SV-09] online + the server's row is EXPIRED → the expired card from the server, never an offer and no discount prompt (942ms)
[2m[WebServer] [22m{"time":"2026-10-07T08:18:01.231629797-04:00","level":"INFO","msg":"client log","level":"WARN","message":"-------------- RxDB Open Core RxStorage -------------------------------\nYou are using the free Dexie.js based RxStorage implementation from RxDB https://rxdb.info/rx-storage-dexie.html?console=dexie \nWhile this is a great option, we want to let you know that there are faster storage solutions available in our premium plugins.\nFor professional users and production environments, we highly recommend considering these premium options to enhance performance and reliability.\n https://rxdb.info/premium/?console=dexie \nIf you already purchased premium access you can disable this log by calling the setPremiumFlag() function from rxdb-premium/plugins/shared.\n---------------------------------------------------------------------","user":"Jamal C. (jamal@yumyums.kitchen)","page":"/marketing.html","ua":"Mozilla/5.0 (X11; Linux x86_64) AppleWebKit/537.36 (KHTML, like Gecko) HeadlessChrome/147.0.7727.15 Safari/537.36"}
  ✓  289 [chromium] › tests/marketing.spec.js:2877:3 › Photo scan guard + lookup arms (card photo-scan-guard-and-lookup-arms, roadmap J1) › [SV-10] a non-200 answer is "couldn't check the server" (unknownCode, verified:false) — never a plain "the server does not know it" (1.4s)
[2m[WebServer] [22m{"time":"2026-10-07T08:18:02.557435571-04:00","level":"INFO","msg":"client log","level":"WARN","message":"-------------- RxDB Open Core RxStorage -------------------------------\nYou are using the free Dexie.js based RxStorage implementation from RxDB https://rxdb.info/rx-storage-dexie.html?console=dexie \nWhile this is a great option, we want to let you know that there are faster storage solutions available in our premium plugins.\nFor professional users and production environments, we highly recommend considering these premium options to enhance performance and reliability.\n https://rxdb.info/premium/?console=dexie \nIf you already purchased premium access you can disable this log by calling the setPremiumFlag() function from rxdb-premium/plugins/shared.\n---------------------------------------------------------------------","user":"Jamal C. (jamal@yumyums.kitchen)","page":"/marketing.html","ua":"Mozilla/5.0 (X11; Linux x86_64) AppleWebKit/537.36 (KHTML, like Gecko) HeadlessChrome/147.0.7727.15 Safari/537.36"}
  ✓  290 [chromium] › tests/marketing.spec.js:2947:3 › Photo scan guard + lookup arms (card photo-scan-guard-and-lookup-arms, roadmap J1) › [SV-11] the shipped policyFor, handed a THROWING policy source, fails closed for a code that names a campaign — and the shipped machine refuses the offline override (718ms)
  ✓  291 [chromium] › tests/recipes.spec.js:45:3 › Recipes tab — E2E › GET /api/v1/inventory/recipes returns ingredients-shaped envelope (1.2s)
  ✓  292 [chromium] › tests/recipes.spec.js:59:3 › Recipes tab — E2E › GET /api/v1/inventory/recipes accepts from/to date params (1.1s)
  ✓  293 [chromium] › tests/recipes.spec.js:69:3 › Recipes tab — E2E › GET /api/v1/inventory/recipes/drift returns JSON object (200 even when empty) (1.2s)
  ✓  294 [chromium] › tests/recipes.spec.js:88:3 › Recipes tab — E2E › POST /api/v1/inventory/recipes with non-multiple-of-5 returns 422 invalid_usage_pct (1.3s)
  ✓  295 [chromium] › tests/recipes.spec.js:109:3 › Recipes tab — E2E › POST /api/v1/inventory/recipes with out-of-range returns 422 (1.2s)
  ✓  296 [chromium] › tests/recipes.spec.js:128:3 › Recipes tab — E2E › PUT /api/v1/inventory/recipes/{id} with non-existent id returns 404 (1.2s)
  ✓  297 [chromium] › tests/recipes.spec.js:146:3 › Recipes tab — E2E › PUT /api/v1/inventory/recipes/{id} with non-multiple-of-5 returns 422 (1.1s)
[2m[WebServer] [22m{"time":"2026-10-07T08:18:11.861875211-04:00","level":"ERROR","msg":"GetMyTrainings failed","error":"context canceled"}
  ✓  298 [chromium] › tests/recipes.spec.js:163:3 › Recipes tab — E2E › POST /api/v1/inventory/recipes/merge with same source+target returns 400 (1.2s)
  ✓  299 [chromium] › tests/recipes.spec.js:182:3 › Recipes tab — E2E › GET /api/v1/inventory/menu-cogs without Bearer returns 401 or 503 (1.2s)
  ✓  300 [chromium] › tests/recipes.spec.js:202:3 › Recipes tab — E2E › GET /api/v1/inventory/menu-cogs with wrong Bearer returns 401 or 503 (1.2s)
[2m[WebServer] [22m{"time":"2026-10-07T08:18:16.490061081-04:00","level":"ERROR","msg":"UpdateRecipe","error":"ERROR: invalid input syntax for type uuid: \"synthetic-recipe-id\" (SQLSTATE 22P02)"}
  ✓  301 [chromium] › tests/recipes.spec.js:216:3 › Recipes tab — E2E › slider release fires PUT /api/v1/inventory/recipes/{id} with usage_pct in body (1.4s)
  ✓  302 [chromium] › tests/recipes.spec.js:273:3 › Recipes tab — E2E › slider input event updates the chip live without firing PUT (2.1s)
  ✓  303 [chromium] › tests/recipes.spec.js:327:3 › Recipes tab — E2E › drift banner renders from non-empty drift state (1.5s)
  ✓  304 [chromium] › tests/recipes.spec.js:365:3 › Recipes tab — E2E › summary card shows placeholder on first render before any selection (1.5s)
  ✓  305 [chromium] › tests/recipes.spec.js:372:3 › Recipes tab — E2E › clear-menu-summary action restores the placeholder (2.0s)
  ✓  306 [chromium] › tests/recipes.spec.js:449:3 › Recipes prove sweep — cross-cutting (FR-23 / NFR-8 / NFR-9) › FR-23: cost summary computes real per-ingredient COGS (spend × pct/100) (1.9s)
  ✓  307 [chromium] › tests/recipes.spec.js:497:3 › Recipes prove sweep — cross-cutting (FR-23 / NFR-8 / NFR-9) › NFR-8: slider past-100 → 422 → slider value + chip roll back and inline error shows (2.2s)
  ✓  308 [chromium] › tests/recipes.spec.js:564:3 › Recipes prove sweep — cross-cutting (FR-23 / NFR-8 / NFR-9) › NFR-9: Recipes tab fetches live /drift and renders the returned payload (1.8s)
[2m[WebServer] [22m{"time":"2026-10-07T08:18:28.374527505-04:00","level":"ERROR","msg":"marketing: campaign projection failed; projected_at left NULL","error":"projection not configured (HQ_SYNC_REST_URL and/or HQ_SYNC_SERVICE_KEY empty)","campaign_id":"0f33379c-d315-4367-a5a8-22b4ee702b91"}
  ✓  309 [chromium] › tests/states-marketing-stats.spec.js:288:3 › States · BI Campaigns report › BI success (REAL): funnel, money, the split line, the unknown-rows note, the health card and both slice rows (2.0s)
  ✓  310 [chromium] › tests/states-marketing-stats.spec.js:301:3 › States · BI Campaigns report › BI empty (REAL): "No redemptions yet", and NO money figures at all (931ms)
  ✓  311 [chromium] › tests/states-marketing-stats.spec.js:313:3 › States · BI Campaigns report › BI loading (FIXTURE): skeletons, and no figure on screen before one is known (933ms)
  ✓  312 [chromium] › tests/states-marketing-stats.spec.js:324:3 › States · BI Campaigns report › BI error (FIXTURE): one honest failure card with a Retry, and NOT a figure beside it (990ms)
  ✓  313 [chromium] › tests/states-marketing-stats.spec.js:340:3 › States · BI Campaigns report › BI no-bi-grant (FIXTURE): a 403 names the missing grant instead of an empty report (896ms)
  ✓  314 [chromium] › tests/states-marketing-stats.spec.js:350:3 › States · BI Campaigns report › BI offline (FIXTURE): the failure says it is the network and stays retryable (890ms)
  ✓  315 [chromium] › tests/states-marketing-stats.spec.js:367:3 › States · BI Campaigns report › BI unavailable basis (FIXTURE): an unavailable figure is an em dash with a reason, never 0 (949ms)
  ✓  316 [chromium] › tests/states-marketing-stats.spec.js:382:3 › States · BI Campaigns report › BI long content (FIXTURE): 40 slices with 90-char labels — no clipped word, no sideways scroll (1.5s)
[2m[WebServer] [22m{"time":"2026-10-07T08:18:37.717874666-04:00","level":"ERROR","msg":"marketing: campaign projection failed; projected_at left NULL","error":"projection not configured (HQ_SYNC_REST_URL and/or HQ_SYNC_SERVICE_KEY empty)","campaign_id":"ff2debba-2790-4651-8482-c5957246f877"}
[2m[WebServer] [22m{"time":"2026-10-07T08:18:38.906500983-04:00","level":"INFO","msg":"client log","level":"WARN","message":"-------------- RxDB Open Core RxStorage -------------------------------\nYou are using the free Dexie.js based RxStorage implementation from RxDB https://rxdb.info/rx-storage-dexie.html?console=dexie \nWhile this is a great option, we want to let you know that there are faster storage solutions available in our premium plugins.\nFor professional users and production environments, we highly recommend considering these premium options to enhance performance and reliability.\n https://rxdb.info/premium/?console=dexie \nIf you already purchased premium access you can disable this log by calling the setPremiumFlag() function from rxdb-premium/plugins/shared.\n---------------------------------------------------------------------","user":"Jamal C. (jamal@yumyums.kitchen)","page":"/marketing.html","ua":"Mozilla/5.0 (X11; Linux x86_64) AppleWebKit/537.36 (KHTML, like Gecko) HeadlessChrome/147.0.7727.15 Safari/537.36"}
  ✓  317 [chromium] › tests/states-marketing-stats.spec.js:397:3 › States · Marketing reconciliation queue › MS success (REAL): the header count, the health card, and all three buckets in ladder order (2.6s)
[2m[WebServer] [22m{"time":"2026-10-07T08:18:40.580121706-04:00","level":"INFO","msg":"client log","level":"WARN","message":"-------------- RxDB Open Core RxStorage -------------------------------\nYou are using the free Dexie.js based RxStorage implementation from RxDB https://rxdb.info/rx-storage-dexie.html?console=dexie \nWhile this is a great option, we want to let you know that there are faster storage solutions available in our premium plugins.\nFor professional users and production environments, we highly recommend considering these premium options to enhance performance and reliability.\n https://rxdb.info/premium/?console=dexie \nIf you already purchased premium access you can disable this log by calling the setPremiumFlag() function from rxdb-premium/plugins/shared.\n---------------------------------------------------------------------","user":"Jamal C. (jamal@yumyums.kitchen)","page":"/marketing.html","ua":"Mozilla/5.0 (X11; Linux x86_64) AppleWebKit/537.36 (KHTML, like Gecko) HeadlessChrome/147.0.7727.15 Safari/537.36"}
  ✓  318 [chromium] › tests/states-marketing-stats.spec.js:413:3 › States · Marketing reconciliation queue › MS empty (REAL): "No redemptions yet" and no health figures (1.4s)
[2m[WebServer] [22m{"time":"2026-10-07T08:18:42.164972817-04:00","level":"INFO","msg":"client log","level":"WARN","message":"-------------- RxDB Open Core RxStorage -------------------------------\nYou are using the free Dexie.js based RxStorage implementation from RxDB https://rxdb.info/rx-storage-dexie.html?console=dexie \nWhile this is a great option, we want to let you know that there are faster storage solutions available in our premium plugins.\nFor professional users and production environments, we highly recommend considering these premium options to enhance performance and reliability.\n https://rxdb.info/premium/?console=dexie \nIf you already purchased premium access you can disable this log by calling the setPremiumFlag() function from rxdb-premium/plugins/shared.\n---------------------------------------------------------------------","user":"H4 S. (h4-states-1791375521505-1525@yumyums.kitchen)","page":"/marketing.html","ua":"Mozilla/5.0 (X11; Linux x86_64) AppleWebKit/537.36 (KHTML, like Gecko) HeadlessChrome/147.0.7727.15 Safari/537.36"}
  ✓  319 [chromium] › tests/states-marketing-stats.spec.js:424:3 › States · Marketing reconciliation queue › MS locked (REAL): a team_member gets Managers only, and the section still names itself (1.4s)
[2m[WebServer] [22m{"time":"2026-10-07T08:18:43.057591366-04:00","level":"INFO","msg":"client log","level":"WARN","message":"-------------- RxDB Open Core RxStorage -------------------------------\nYou are using the free Dexie.js based RxStorage implementation from RxDB https://rxdb.info/rx-storage-dexie.html?console=dexie \nWhile this is a great option, we want to let you know that there are faster storage solutions available in our premium plugins.\nFor professional users and production environments, we highly recommend considering these premium options to enhance performance and reliability.\n https://rxdb.info/premium/?console=dexie \nIf you already purchased premium access you can disable this log by calling the setPremiumFlag() function from rxdb-premium/plugins/shared.\n---------------------------------------------------------------------","user":"Jamal C. (jamal@yumyums.kitchen)","page":"/marketing.html","ua":"Mozilla/5.0 (X11; Linux x86_64) AppleWebKit/537.36 (KHTML, like Gecko) HeadlessChrome/147.0.7727.15 Safari/537.36"}
  ✓  320 [chromium] › tests/states-marketing-stats.spec.js:439:3 › States · Marketing reconciliation queue › MS loading (FIXTURE): skeletons, and no count claimed before one is known (808ms)
[2m[WebServer] [22m{"time":"2026-10-07T08:18:44.052927841-04:00","level":"INFO","msg":"client log","level":"WARN","message":"-------------- RxDB Open Core RxStorage -------------------------------\nYou are using the free Dexie.js based RxStorage implementation from RxDB https://rxdb.info/rx-storage-dexie.html?console=dexie \nWhile this is a great option, we want to let you know that there are faster storage solutions available in our premium plugins.\nFor professional users and production environments, we highly recommend considering these premium options to enhance performance and reliability.\n https://rxdb.info/premium/?console=dexie \nIf you already purchased premium access you can disable this log by calling the setPremiumFlag() function from rxdb-premium/plugins/shared.\n---------------------------------------------------------------------","user":"Jamal C. (jamal@yumyums.kitchen)","page":"/marketing.html","ua":"Mozilla/5.0 (X11; Linux x86_64) AppleWebKit/537.36 (KHTML, like Gecko) HeadlessChrome/147.0.7727.15 Safari/537.36"}
  ✓  321 [chromium] › tests/states-marketing-stats.spec.js:451:3 › States · Marketing reconciliation queue › MS error (FIXTURE): one failure card with a Retry, no "No redemptions yet", no zeros (1.0s)
[2m[WebServer] [22m{"time":"2026-10-07T08:18:44.906841574-04:00","level":"INFO","msg":"client log","level":"WARN","message":"-------------- RxDB Open Core RxStorage -------------------------------\nYou are using the free Dexie.js based RxStorage implementation from RxDB https://rxdb.info/rx-storage-dexie.html?console=dexie \nWhile this is a great option, we want to let you know that there are faster storage solutions available in our premium plugins.\nFor professional users and production environments, we highly recommend considering these premium options to enhance performance and reliability.\n https://rxdb.info/premium/?console=dexie \nIf you already purchased premium access you can disable this log by calling the setPremiumFlag() function from rxdb-premium/plugins/shared.\n---------------------------------------------------------------------","user":"Jamal C. (jamal@yumyums.kitchen)","page":"/marketing.html","ua":"Mozilla/5.0 (X11; Linux x86_64) AppleWebKit/537.36 (KHTML, like Gecko) HeadlessChrome/147.0.7727.15 Safari/537.36"}
  ✓  322 [chromium] › tests/states-marketing-stats.spec.js:465:3 › States · Marketing reconciliation queue › MS offline (FIXTURE): the failure says it is the network and stays retryable (804ms)
[2m[WebServer] [22m{"time":"2026-10-07T08:18:45.965081852-04:00","level":"INFO","msg":"client log","level":"WARN","message":"-------------- RxDB Open Core RxStorage -------------------------------\nYou are using the free Dexie.js based RxStorage implementation from RxDB https://rxdb.info/rx-storage-dexie.html?console=dexie \nWhile this is a great option, we want to let you know that there are faster storage solutions available in our premium plugins.\nFor professional users and production environments, we highly recommend considering these premium options to enhance performance and reliability.\n https://rxdb.info/premium/?console=dexie \nIf you already purchased premium access you can disable this log by calling the setPremiumFlag() function from rxdb-premium/plugins/shared.\n---------------------------------------------------------------------","user":"Jamal C. (jamal@yumyums.kitchen)","page":"/marketing.html","ua":"Mozilla/5.0 (X11; Linux x86_64) AppleWebKit/537.36 (KHTML, like Gecko) HeadlessChrome/147.0.7727.15 Safari/537.36"}
  ✓  323 [chromium] › tests/states-marketing-stats.spec.js:476:3 › States · Marketing reconciliation queue › MS long content (FIXTURE): 30 rows with 90-char names — the row keeps both buttons reachable (1.7s)
[2m[WebServer] [22m{"time":"2026-10-07T08:18:47.572272382-04:00","level":"INFO","msg":"client log","level":"WARN","message":"-------------- RxDB Open Core RxStorage -------------------------------\nYou are using the free Dexie.js based RxStorage implementation from RxDB https://rxdb.info/rx-storage-dexie.html?console=dexie \nWhile this is a great option, we want to let you know that there are faster storage solutions available in our premium plugins.\nFor professional users and production environments, we highly recommend considering these premium options to enhance performance and reliability.\n https://rxdb.info/premium/?console=dexie \nIf you already purchased premium access you can disable this log by calling the setPremiumFlag() function from rxdb-premium/plugins/shared.\n---------------------------------------------------------------------","user":"Jamal C. (jamal@yumyums.kitchen)","page":"/marketing.html","ua":"Mozilla/5.0 (X11; Linux x86_64) AppleWebKit/537.36 (KHTML, like Gecko) HeadlessChrome/147.0.7727.15 Safari/537.36"}
  ✓  324 [chromium] › tests/states-marketing-stats.spec.js:493:3 › States · Marketing reconciliation queue › MS sheets (FIXTURE): the add-order sheet shows basis + gap; the decline sheet states what declining does (2.6s)
[2m[WebServer] [22m{"time":"2026-10-07T08:18:47.992492564-04:00","level":"INFO","msg":"client log","level":"WARN","message":"-------------- RxDB Open Core RxStorage -------------------------------\nYou are using the free Dexie.js based RxStorage implementation from RxDB https://rxdb.info/rx-storage-dexie.html?console=dexie \nWhile this is a great option, we want to let you know that there are faster storage solutions available in our premium plugins.\nFor professional users and production environments, we highly recommend considering these premium options to enhance performance and reliability.\n https://rxdb.info/premium/?console=dexie \nIf you already purchased premium access you can disable this log by calling the setPremiumFlag() function from rxdb-premium/plugins/shared.\n---------------------------------------------------------------------","user":"Jamal C. (jamal@yumyums.kitchen)","page":"/marketing.html","ua":"Mozilla/5.0 (X11; Linux x86_64) AppleWebKit/537.36 (KHTML, like Gecko) HeadlessChrome/147.0.7727.15 Safari/537.36"}
  ✓  325 [chromium] › tests/states-marketing-subscribers.spec.js:114:3 › States · Marketing Subscribers (#s3) › loading — count skeletons and four row skeletons, never a blank card (843ms)
[2m[WebServer] [22m{"time":"2026-10-07T08:18:48.865651036-04:00","level":"INFO","msg":"client log","level":"WARN","message":"-------------- RxDB Open Core RxStorage -------------------------------\nYou are using the free Dexie.js based RxStorage implementation from RxDB https://rxdb.info/rx-storage-dexie.html?console=dexie \nWhile this is a great option, we want to let you know that there are faster storage solutions available in our premium plugins.\nFor professional users and production environments, we highly recommend considering these premium options to enhance performance and reliability.\n https://rxdb.info/premium/?console=dexie \nIf you already purchased premium access you can disable this log by calling the setPremiumFlag() function from rxdb-premium/plugins/shared.\n---------------------------------------------------------------------","user":"Jamal C. (jamal@yumyums.kitchen)","page":"/marketing.html","ua":"Mozilla/5.0 (X11; Linux x86_64) AppleWebKit/537.36 (KHTML, like Gecko) HeadlessChrome/147.0.7727.15 Safari/537.36"}
  ✓  326 [chromium] › tests/states-marketing-subscribers.spec.js:127:3 › States · Marketing Subscribers (#s3) › empty — "No subscribers yet" names the four ways in, and zeroed counts (954ms)
[2m[WebServer] [22m{"time":"2026-10-07T08:18:49.905599612-04:00","level":"INFO","msg":"client log","level":"WARN","message":"-------------- RxDB Open Core RxStorage -------------------------------\nYou are using the free Dexie.js based RxStorage implementation from RxDB https://rxdb.info/rx-storage-dexie.html?console=dexie \nWhile this is a great option, we want to let you know that there are faster storage solutions available in our premium plugins.\nFor professional users and production environments, we highly recommend considering these premium options to enhance performance and reliability.\n https://rxdb.info/premium/?console=dexie \nIf you already purchased premium access you can disable this log by calling the setPremiumFlag() function from rxdb-premium/plugins/shared.\n---------------------------------------------------------------------","user":"Jamal C. (jamal@yumyums.kitchen)","page":"/marketing.html","ua":"Mozilla/5.0 (X11; Linux x86_64) AppleWebKit/537.36 (KHTML, like Gecko) HeadlessChrome/147.0.7727.15 Safari/537.36"}
  ✓  327 [chromium] › tests/states-marketing-subscribers.spec.js:141:3 › States · Marketing Subscribers (#s3) › error — loud red banner naming the failure, with a Retry that works (1.1s)
[2m[WebServer] [22m{"time":"2026-10-07T08:18:50.95391856-04:00","level":"INFO","msg":"client log","level":"WARN","message":"-------------- RxDB Open Core RxStorage -------------------------------\nYou are using the free Dexie.js based RxStorage implementation from RxDB https://rxdb.info/rx-storage-dexie.html?console=dexie \nWhile this is a great option, we want to let you know that there are faster storage solutions available in our premium plugins.\nFor professional users and production environments, we highly recommend considering these premium options to enhance performance and reliability.\n https://rxdb.info/premium/?console=dexie \nIf you already purchased premium access you can disable this log by calling the setPremiumFlag() function from rxdb-premium/plugins/shared.\n---------------------------------------------------------------------","user":"Jamal C. (jamal@yumyums.kitchen)","page":"/marketing.html","ua":"Mozilla/5.0 (X11; Linux x86_64) AppleWebKit/537.36 (KHTML, like Gecko) HeadlessChrome/147.0.7727.15 Safari/537.36"}
  ✓  328 [chromium] › tests/states-marketing-subscribers.spec.js:169:3 › States · Marketing Subscribers (#s3) › success + long content — real rows from a real import, masked, with pills (1.3s)
[2m[WebServer] [22m{"time":"2026-10-07T08:18:52.341873837-04:00","level":"INFO","msg":"client log","level":"WARN","message":"-------------- RxDB Open Core RxStorage -------------------------------\nYou are using the free Dexie.js based RxStorage implementation from RxDB https://rxdb.info/rx-storage-dexie.html?console=dexie \nWhile this is a great option, we want to let you know that there are faster storage solutions available in our premium plugins.\nFor professional users and production environments, we highly recommend considering these premium options to enhance performance and reliability.\n https://rxdb.info/premium/?console=dexie \nIf you already purchased premium access you can disable this log by calling the setPremiumFlag() function from rxdb-premium/plugins/shared.\n---------------------------------------------------------------------","user":"Jamal C. (jamal@yumyums.kitchen)","page":"/marketing.html","ua":"Mozilla/5.0 (X11; Linux x86_64) AppleWebKit/537.36 (KHTML, like Gecko) HeadlessChrome/147.0.7727.15 Safari/537.36"}
  ✓  329 [chromium] › tests/states-marketing-subscribers.spec.js:221:3 › States · Marketing Subscribers (#s3) › empty-filtered — "No subscribers match" is not the same message as "none yet" (1.3s)
[2m[WebServer] [22m{"time":"2026-10-07T08:18:54.276825289-04:00","level":"ERROR","msg":"GetManagerHires failed","error":"query assigned templates for hire 729d5924-49a0-48f7-9967-793c0ec6f94d: context canceled"}
[2m[WebServer] [22m{"time":"2026-10-07T08:18:54.656341229-04:00","level":"INFO","msg":"client log","level":"WARN","message":"-------------- RxDB Open Core RxStorage -------------------------------\nYou are using the free Dexie.js based RxStorage implementation from RxDB https://rxdb.info/rx-storage-dexie.html?console=dexie \nWhile this is a great option, we want to let you know that there are faster storage solutions available in our premium plugins.\nFor professional users and production environments, we highly recommend considering these premium options to enhance performance and reliability.\n https://rxdb.info/premium/?console=dexie \nIf you already purchased premium access you can disable this log by calling the setPremiumFlag() function from rxdb-premium/plugins/shared.\n---------------------------------------------------------------------","user":"St S. (st-subs-locked-1791375533714-8049@yumyums.kitchen)","page":"/marketing.html","ua":"Mozilla/5.0 (X11; Linux x86_64) AppleWebKit/537.36 (KHTML, like Gecko) HeadlessChrome/147.0.7727.15 Safari/537.36"}
  ✓  330 [chromium] › tests/states-marketing-subscribers.spec.js:232:3 › States · Marketing Subscribers (#s3) › locked — a team_member gets the real 403 and the whole tab is the Locked state (1.9s)
[2m[WebServer] [22m{"time":"2026-10-07T08:18:55.570925102-04:00","level":"INFO","msg":"client log","level":"WARN","message":"-------------- RxDB Open Core RxStorage -------------------------------\nYou are using the free Dexie.js based RxStorage implementation from RxDB https://rxdb.info/rx-storage-dexie.html?console=dexie \nWhile this is a great option, we want to let you know that there are faster storage solutions available in our premium plugins.\nFor professional users and production environments, we highly recommend considering these premium options to enhance performance and reliability.\n https://rxdb.info/premium/?console=dexie \nIf you already purchased premium access you can disable this log by calling the setPremiumFlag() function from rxdb-premium/plugins/shared.\n---------------------------------------------------------------------","user":"Jamal C. (jamal@yumyums.kitchen)","page":"/marketing.html","ua":"Mozilla/5.0 (X11; Linux x86_64) AppleWebKit/537.36 (KHTML, like Gecko) HeadlessChrome/147.0.7727.15 Safari/537.36"}
  ✓  331 [chromium] › tests/states-marketing-subscribers.spec.js:245:3 › States · Marketing Subscribers (#s3) › offline — last-synced reading kept, rows kept, Resend disabled (1.4s)
[2m[WebServer] [22m{"time":"2026-10-07T08:18:56.988580293-04:00","level":"INFO","msg":"client log","level":"WARN","message":"-------------- RxDB Open Core RxStorage -------------------------------\nYou are using the free Dexie.js based RxStorage implementation from RxDB https://rxdb.info/rx-storage-dexie.html?console=dexie \nWhile this is a great option, we want to let you know that there are faster storage solutions available in our premium plugins.\nFor professional users and production environments, we highly recommend considering these premium options to enhance performance and reliability.\n https://rxdb.info/premium/?console=dexie \nIf you already purchased premium access you can disable this log by calling the setPremiumFlag() function from rxdb-premium/plugins/shared.\n---------------------------------------------------------------------","user":"Jamal C. (jamal@yumyums.kitchen)","page":"/marketing.html","ua":"Mozilla/5.0 (X11; Linux x86_64) AppleWebKit/537.36 (KHTML, like Gecko) HeadlessChrome/147.0.7727.15 Safari/537.36"}
  ✓  332 [chromium] › tests/states-marketing-subscribers.spec.js:282:3 › States · Marketing Subscribers (#s3) › offline-filter — a filter tap that cannot load NEVER leaves the chip over another filter's rows (1.1s)
[2m[WebServer] [22m{"time":"2026-10-07T08:18:57.90962879-04:00","level":"ERROR","msg":"GetManagerHires failed","error":"query assigned templates for hire 729d5924-49a0-48f7-9967-793c0ec6f94d: context canceled"}
[2m[WebServer] [22m{"time":"2026-10-07T08:18:57.916908632-04:00","level":"ERROR","msg":"GetMyTrainings failed","error":"context canceled"}
[2m[WebServer] [22m{"time":"2026-10-07T08:18:58.051984727-04:00","level":"INFO","msg":"client log","level":"WARN","message":"-------------- RxDB Open Core RxStorage -------------------------------\nYou are using the free Dexie.js based RxStorage implementation from RxDB https://rxdb.info/rx-storage-dexie.html?console=dexie \nWhile this is a great option, we want to let you know that there are faster storage solutions available in our premium plugins.\nFor professional users and production environments, we highly recommend considering these premium options to enhance performance and reliability.\n https://rxdb.info/premium/?console=dexie \nIf you already purchased premium access you can disable this log by calling the setPremiumFlag() function from rxdb-premium/plugins/shared.\n---------------------------------------------------------------------","user":"Jamal C. (jamal@yumyums.kitchen)","page":"/marketing.html","ua":"Mozilla/5.0 (X11; Linux x86_64) AppleWebKit/537.36 (KHTML, like Gecko) HeadlessChrome/147.0.7727.15 Safari/537.36"}
  ✓  333 [chromium] › tests/states-marketing-subscribers.spec.js:316:3 › States · Marketing Subscribers (#s3) › offline-cold — nothing cached says so, and never claims "No subscribers yet" (846ms)


  1) [chromium] › tests/inventory.spec.js:949:3 › Inventory › a parse failure states its cause instead of only that it failed 

    Error: [2mexpect([22m[31mlocator[39m[2m).[22mtoContainText[2m([22m[32mexpected[39m[2m)[22m failed

    Locator: locator('[data-action="review-pending"][data-id="pp-1"]')
    Expected substring: [32m"receipt image was too blurry to read"[39m
    Timeout: 5000ms
    Error: element(s) not found

    Call log:
    [2m  - Expect "toContainText" with timeout 5000ms[22m
    [2m  - waiting for locator('[data-action="review-pending"][data-id="pp-1"]')[22m


      950 |     await stubPending(page, { parse_error: 'receipt image was too blurry to read' });
      951 |     const card = page.locator('[data-action="review-pending"][data-id="pp-1"]');
    > 952 |     await expect(card).toContainText('receipt image was too blurry to read');
          |                        ^
      953 |   });
      954 |
      955 |   test('a parse failure with no recorded cause says so rather than standing bare', async ({ page }) => {
        at /home/jcole/projects/hq-worktrees/triage-adv-base-20261007/tests/inventory.spec.js:952:24

    Error Context: ../../../../../tmp/claude-1000/-home-jcole-projects-hq/d35260ba-2f67-4dc1-9824-435e818e0e51/scratchpad/pw-out-xcut-base-touched-specs/inventory-Inventory-a-pars-3e25d-tead-of-only-that-it-failed-chromium/error-context.md

  2) [chromium] › tests/inventory.spec.js:955:3 › Inventory › a parse failure with no recorded cause says so rather than standing bare 

    Error: [2mexpect([22m[31mlocator[39m[2m).[22mtoContainText[2m([22m[32mexpected[39m[2m)[22m failed

    Locator: locator('[data-action="review-pending"][data-id="pp-1"]')
    Expected substring: [32m"No cause was recorded"[39m
    Timeout: 5000ms
    Error: element(s) not found

    Call log:
    [2m  - Expect "toContainText" with timeout 5000ms[22m
    [2m  - waiting for locator('[data-action="review-pending"][data-id="pp-1"]')[22m


      956 |     await stubPending(page, {});
      957 |     const card = page.locator('[data-action="review-pending"][data-id="pp-1"]');
    > 958 |     await expect(card).toContainText('No cause was recorded');
          |                        ^
      959 |   });
      960 |
      961 |   test('Retry parse is offered on a pending row with no parse_error and no items', async ({ page }) => {
        at /home/jcole/projects/hq-worktrees/triage-adv-base-20261007/tests/inventory.spec.js:958:24

    Error Context: ../../../../../tmp/claude-1000/-home-jcole-projects-hq/d35260ba-2f67-4dc1-9824-435e818e0e51/scratchpad/pw-out-xcut-base-touched-specs/inventory-Inventory-a-pars-a6143-o-rather-than-standing-bare-chromium/error-context.md

  3) [chromium] › tests/inventory.spec.js:961:3 › Inventory › Retry parse is offered on a pending row with no parse_error and no items 

    Error: [2mexpect([22m[31mlocator[39m[2m).[22mtoBeVisible[2m([22m[2m)[22m failed

    Locator: locator('[data-action="retry-parse"][data-id="pp-1"]')
    Expected: visible
    Timeout: 5000ms
    Error: element(s) not found

    Call log:
    [2m  - Expect "toBeVisible" with timeout 5000ms[22m
    [2m  - waiting for locator('[data-action="retry-parse"][data-id="pp-1"]')[22m


      964 |     // could be retried exactly once and never again.
      965 |     await stubPending(page, {});
    > 966 |     await expect(page.locator('[data-action="retry-parse"][data-id="pp-1"]')).toBeVisible();
          |                                                                               ^
      967 |   });
      968 |
      969 |   test('a stale re-parse flag on a row with a stored receipt is not a nag — the button is the truth', async ({ page }) => {
        at /home/jcole/projects/hq-worktrees/triage-adv-base-20261007/tests/inventory.spec.js:966:79

    Error Context: ../../../../../tmp/claude-1000/-home-jcole-projects-hq/d35260ba-2f67-4dc1-9824-435e818e0e51/scratchpad/pw-out-xcut-base-touched-specs/inventory-Inventory-Retry--cb098-no-parse-error-and-no-items-chromium/error-context.md

  4) [chromium] › tests/inventory.spec.js:969:3 › Inventory › a stale re-parse flag on a row with a stored receipt is not a nag — the button is the truth 

    Error: [2mexpect([22m[31mlocator[39m[2m).[22mtoBeVisible[2m([22m[2m)[22m failed

    Locator: locator('[data-action="review-pending"][data-id="pp-1"]').locator('[data-action="retry-parse"]')
    Expected: visible
    Timeout: 5000ms
    Error: element(s) not found

    Call log:
    [2m  - Expect "toBeVisible" with timeout 5000ms[22m
    [2m  - waiting for locator('[data-action="review-pending"][data-id="pp-1"]').locator('[data-action="retry-parse"]')[22m


      975 |     await stubPending(page, { retry_requested_at: '2026-09-29T06:00:00Z' });
      976 |     const card = page.locator('[data-action="review-pending"][data-id="pp-1"]');
    > 977 |     await expect(card.locator('[data-action="retry-parse"]')).toBeVisible();
          |                                                               ^
      978 |     await expect(card).not.toContainText('Queued for re-parse');
      979 |     await expect(card).not.toContainText('Retry Parse (All Receipts)');
      980 |   });
        at /home/jcole/projects/hq-worktrees/triage-adv-base-20261007/tests/inventory.spec.js:977:63

    Error Context: ../../../../../tmp/claude-1000/-home-jcole-projects-hq/d35260ba-2f67-4dc1-9824-435e818e0e51/scratchpad/pw-out-xcut-base-touched-specs/inventory-Inventory-a-stal-dac5c-g-—-the-button-is-the-truth-chromium/error-context.md

  5) [chromium] › tests/inventory.spec.js:982:3 › Inventory › a queued re-parse on a row with no stored receipt says when it will run, and survives a reload 

    Error: [2mexpect([22m[31mlocator[39m[2m).[22mtoContainText[2m([22m[32mexpected[39m[2m)[22m failed

    Locator: locator('[data-action="review-pending"][data-id="pp-1"]')
    Expected substring: [32m"Re-parse requested — runs on the next sync if Mercury still has the receipt."[39m
    Timeout: 5000ms
    Error: element(s) not found

    Call log:
    [2m  - Expect "toContainText" with timeout 5000ms[22m
    [2m  - waiting for locator('[data-action="review-pending"][data-id="pp-1"]')[22m


      985 |     await stubPending(page, { retry_requested_at: '2026-09-29T06:00:00Z', receipt_url: null });
      986 |     const copy = 'Re-parse requested — runs on the next sync if Mercury still has the receipt.';
    > 987 |     await expect(page.locator('[data-action="review-pending"][data-id="pp-1"]')).toContainText(copy);
          |                                                                                  ^
      988 |     await page.reload();
      989 |     await waitForHistoryContent(page);
      990 |     await expect(page.locator('[data-action="review-pending"][data-id="pp-1"]')).toContainText(copy);
        at /home/jcole/projects/hq-worktrees/triage-adv-base-20261007/tests/inventory.spec.js:987:82

    Error Context: ../../../../../tmp/claude-1000/-home-jcole-projects-hq/d35260ba-2f67-4dc1-9824-435e818e0e51/scratchpad/pw-out-xcut-base-touched-specs/inventory-Inventory-a-queu-721aa-l-run-and-survives-a-reload-chromium/error-context.md

  6) [chromium] › tests/inventory.spec.js:993:3 › Inventory › line items from a failed parse pre-fill the review form 

    [31mTest timeout of 30000ms exceeded.[39m

    Error: locator.click: Test timeout of 30000ms exceeded.
    Call log:
    [2m  - waiting for locator('[data-action="review-pending"][data-id="pp-1"]').locator('.event-vendor')[22m


       999 |       { name: 'Bread', quantity: 1, price: 2.99 },
      1000 |     ] });
    > 1001 |     await page.locator('[data-action="review-pending"][data-id="pp-1"]').locator('.event-vendor').click();
           |                                                                                                   ^
      1002 |     await expect(page.locator('.review-form')).toBeVisible();
      1003 |     await expect(page.locator('.review-line-item-row')).toHaveCount(2);
      1004 |     await expect(page.locator('.review-li-price').first()).toHaveValue('3.49');
        at /home/jcole/projects/hq-worktrees/triage-adv-base-20261007/tests/inventory.spec.js:1001:99

    Error Context: ../../../../../tmp/claude-1000/-home-jcole-projects-hq/d35260ba-2f67-4dc1-9824-435e818e0e51/scratchpad/pw-out-xcut-base-touched-specs/inventory-Inventory-line-i-a4e20-se-pre-fill-the-review-form-chromium/error-context.md

  7) [chromium] › tests/inventory.spec.js:1008:3 › Inventory › a transient failure is still described in words 

    Error: [2mexpect([22m[31mlocator[39m[2m).[22mtoContainText[2m([22m[32mexpected[39m[2m)[22m failed

    Locator: locator('[data-action="review-pending"][data-id="pp-1"]')
    Expected substring: [32m"Not parsed yet: out of API credits"[39m
    Timeout: 5000ms
    Error: element(s) not found

    Call log:
    [2m  - Expect "toContainText" with timeout 5000ms[22m
    [2m  - waiting for locator('[data-action="review-pending"][data-id="pp-1"]')[22m


      1009 |     await stubPending(page, { parse_error: 'transient: out of API credits' });
      1010 |     const card = page.locator('[data-action="review-pending"][data-id="pp-1"]');
    > 1011 |     await expect(card).toContainText('Not parsed yet: out of API credits');
           |                        ^
      1012 |     await expect(card).toContainText('next sync will retry automatically');
      1013 |   });
      1014 |
        at /home/jcole/projects/hq-worktrees/triage-adv-base-20261007/tests/inventory.spec.js:1011:24

    Error Context: ../../../../../tmp/claude-1000/-home-jcole-projects-hq/d35260ba-2f67-4dc1-9824-435e818e0e51/scratchpad/pw-out-xcut-base-touched-specs/inventory-Inventory-a-tran-f1f64-is-still-described-in-words-chromium/error-context.md

  8) [chromium] › tests/inventory.spec.js:1025:3 › Inventory › a running sync shows elapsed time that actually advances 

    Error: [2mexpect([22m[31mlocator[39m[2m).[22mtoBeVisible[2m([22m[2m)[22m failed

    Locator:  locator('#sync-receipts-chip')
    Expected: visible
    Received: hidden
    Timeout:  5000ms

    Call log:
    [2m  - Expect "toBeVisible" with timeout 5000ms[22m
    [2m  - waiting for locator('#sync-receipts-chip')[22m
    [2m    9 × locator resolved to <div class="" id="sync-receipts-chip"></div>[22m
    [2m      - unexpected value "hidden"[22m


      1035 |     await page.goto('/inventory.html#tab=1');
      1036 |     const chip = page.locator('#sync-receipts-chip');
    > 1037 |     await expect(chip).toBeVisible();
           |                        ^
      1038 |     await expect(chip).toContainText('Working…');
      1039 |     const first = await page.locator('.sync-elapsed').first().textContent();
      1040 |     expect(first.trim()).toMatch(/^\d+s$/);
        at /home/jcole/projects/hq-worktrees/triage-adv-base-20261007/tests/inventory.spec.js:1037:24

    Error Context: ../../../../../tmp/claude-1000/-home-jcole-projects-hq/d35260ba-2f67-4dc1-9824-435e818e0e51/scratchpad/pw-out-xcut-base-touched-specs/inventory-Inventory-a-runn-69592-time-that-actually-advances-chromium/error-context.md

  9) [chromium] › tests/inventory.spec.js:1288:3 › Inventory › a run in flight turns the primary button into a red, ENABLED Cancel 

    Error: [2mexpect([22m[31mlocator[39m[2m).[22mtoContainText[2m([22m[32mexpected[39m[2m)[22m failed

    Locator: locator('#sync-receipts-btn')
    Expected substring: [32m"Cancel Sync"[39m
    Received string:    [31m"Sync Receipts"[39m
    Timeout: 5000ms

    Call log:
    [2m  - Expect "toContainText" with timeout 5000ms[22m
    [2m  - waiting for locator('#sync-receipts-btn')[22m
    [2m    9 × locator resolved to <button type="button" class="sync-btn" id="sync-receipts-btn">Sync Receipts</button>[22m
    [2m      - unexpected value "Sync Receipts"[22m


      1240 |     });
      1241 |     await page.goto('/inventory.html#tab=1');
    > 1242 |     await expect(page.locator('#sync-receipts-btn')).toContainText('Cancel Sync');
           |                                                      ^
      1243 |   }
      1244 |
      1245 |   test('the button paints Cancel before the server answers', async ({ page }) => {
        at runningSync (/home/jcole/projects/hq-worktrees/triage-adv-base-20261007/tests/inventory.spec.js:1242:54)
        at /home/jcole/projects/hq-worktrees/triage-adv-base-20261007/tests/inventory.spec.js:1289:5

    Error Context: ../../../../../tmp/claude-1000/-home-jcole-projects-hq/d35260ba-2f67-4dc1-9824-435e818e0e51/scratchpad/pw-out-xcut-base-touched-specs/inventory-Inventory-a-run--7825f-n-into-a-red-ENABLED-Cancel-chromium/error-context.md

  10) [chromium] › tests/inventory.spec.js:1296:3 › Inventory › cancelling asks first, and backing out does not cancel 

    Error: [2mexpect([22m[31mlocator[39m[2m).[22mtoContainText[2m([22m[32mexpected[39m[2m)[22m failed

    Locator: locator('#sync-receipts-btn')
    Expected substring: [32m"Cancel Sync"[39m
    Received string:    [31m"Sync Receipts"[39m
    Timeout: 5000ms

    Call log:
    [2m  - Expect "toContainText" with timeout 5000ms[22m
    [2m  - waiting for locator('#sync-receipts-btn')[22m
    [2m    9 × locator resolved to <button type="button" class="sync-btn" id="sync-receipts-btn">Sync Receipts</button>[22m
    [2m      - unexpected value "Sync Receipts"[22m


      1240 |     });
      1241 |     await page.goto('/inventory.html#tab=1');
    > 1242 |     await expect(page.locator('#sync-receipts-btn')).toContainText('Cancel Sync');
           |                                                      ^
      1243 |   }
      1244 |
      1245 |   test('the button paints Cancel before the server answers', async ({ page }) => {
        at runningSync (/home/jcole/projects/hq-worktrees/triage-adv-base-20261007/tests/inventory.spec.js:1242:54)
        at /home/jcole/projects/hq-worktrees/triage-adv-base-20261007/tests/inventory.spec.js:1301:5

    Error Context: ../../../../../tmp/claude-1000/-home-jcole-projects-hq/d35260ba-2f67-4dc1-9824-435e818e0e51/scratchpad/pw-out-xcut-base-touched-specs/inventory-Inventory-cancel-85860-backing-out-does-not-cancel-chromium/error-context.md

  11) [chromium] › tests/inventory.spec.js:1313:3 › Inventory › confirming posts the cancel ────────

    Error: [2mexpect([22m[31mlocator[39m[2m).[22mtoContainText[2m([22m[32mexpected[39m[2m)[22m failed

    Locator: locator('#sync-receipts-btn')
    Expected substring: [32m"Cancel Sync"[39m
    Received string:    [31m"Sync Receipts"[39m
    Timeout: 5000ms

    Call log:
    [2m  - Expect "toContainText" with timeout 5000ms[22m
    [2m  - waiting for locator('#sync-receipts-btn')[22m
    [2m    9 × locator resolved to <button type="button" class="sync-btn" id="sync-receipts-btn">Sync Receipts</button>[22m
    [2m      - unexpected value "Sync Receipts"[22m


      1240 |     });
      1241 |     await page.goto('/inventory.html#tab=1');
    > 1242 |     await expect(page.locator('#sync-receipts-btn')).toContainText('Cancel Sync');
           |                                                      ^
      1243 |   }
      1244 |
      1245 |   test('the button paints Cancel before the server answers', async ({ page }) => {
        at runningSync (/home/jcole/projects/hq-worktrees/triage-adv-base-20261007/tests/inventory.spec.js:1242:54)
        at /home/jcole/projects/hq-worktrees/triage-adv-base-20261007/tests/inventory.spec.js:1318:5

    Error Context: ../../../../../tmp/claude-1000/-home-jcole-projects-hq/d35260ba-2f67-4dc1-9824-435e818e0e51/scratchpad/pw-out-xcut-base-touched-specs/inventory-Inventory-confirming-posts-the-cancel-chromium/error-context.md

  12) [chromium] › tests/inventory.spec.js:1325:3 › Inventory › a cancelled run reports what it finished, not just that it stopped 

    Error: [2mexpect([22m[31mlocator[39m[2m).[22mtoBeVisible[2m([22m[2m)[22m failed

    Locator:  locator('#sync-receipts-chip')
    Expected: visible
    Received: hidden
    Timeout:  5000ms

    Call log:
    [2m  - Expect "toBeVisible" with timeout 5000ms[22m
    [2m  - waiting for locator('#sync-receipts-chip')[22m
    [2m    9 × locator resolved to <div class="" id="sync-receipts-chip"></div>[22m
    [2m      - unexpected value "hidden"[22m


      1333 |     await page.goto('/inventory.html#tab=1');
      1334 |     const chip = page.locator('#sync-receipts-chip');
    > 1335 |     await expect(chip).toBeVisible();
           |                        ^
      1336 |     // 1 auto-added + 3 still pending = 4 receipts actually read before the stop.
      1337 |     await expect(chip).toContainText('Sync stopped after 4 receipts');
      1338 |     await expect(chip).toContainText('Nothing was undone');
        at /home/jcole/projects/hq-worktrees/triage-adv-base-20261007/tests/inventory.spec.js:1335:24

    Error Context: ../../../../../tmp/claude-1000/-home-jcole-projects-hq/d35260ba-2f67-4dc1-9824-435e818e0e51/scratchpad/pw-out-xcut-base-touched-specs/inventory-Inventory-a-canc-0ffb5-ed-not-just-that-it-stopped-chromium/error-context.md

  13) [chromium] › tests/inventory.spec.js:1346:3 › Inventory › back link navigates to HQ ──────────

    Error: [2mexpect([22m[31mlocator[39m[2m).[22mtoBeVisible[2m([22m[2m)[22m failed

    Locator:  locator('a.back[href="index.html"]')
    Expected: visible
    Received: hidden
    Timeout:  5000ms

    Call log:
    [2m  - Expect "toBeVisible" with timeout 5000ms[22m
    [2m  - waiting for locator('a.back[href="index.html"]')[22m
    [2m    9 × locator resolved to <a class="back" id="back-hq" href="index.html">HQ  ·  Inventory</a>[22m
    [2m      - unexpected value "hidden"[22m


      1349 |     // href to avoid strict-mode locator violations.
      1350 |     const backLink = page.locator('a.back[href="index.html"]');
    > 1351 |     await expect(backLink).toBeVisible();
           |                            ^
      1352 |     await expect(backLink).toHaveAttribute('href', 'index.html');
      1353 |   });
      1354 |
        at /home/jcole/projects/hq-worktrees/triage-adv-base-20261007/tests/inventory.spec.js:1351:28

    Error Context: ../../../../../tmp/claude-1000/-home-jcole-projects-hq/d35260ba-2f67-4dc1-9824-435e818e0e51/scratchpad/pw-out-xcut-base-touched-specs/inventory-Inventory-back-link-navigates-to-HQ-chromium/error-context.md

  14) [chromium] › tests/inventory.spec.js:1469:3 › Inventory › create new item via Items tab ──────

    Error: [2mexpect([22m[31mlocator[39m[2m).[22mtoHaveValue[2m([22m[32mexpected[39m[2m)[22m failed

    Locator: locator('.item-edit-form .item-edit-name')
    Expected: [32m"Test Item 1791375082459"[39m
    Timeout: 5000ms
    Error: element(s) not found

    Call log:
    [2m  - Expect "toHaveValue" with timeout 5000ms[22m
    [2m  - waiting for locator('.item-edit-form .item-edit-name')[22m


      1480 |     // the edit form, which proves the item was created AND the auto-open fired.
      1481 |     const editName = page.locator('.item-edit-form .item-edit-name');
    > 1482 |     await expect(editName).toHaveValue(itemName, { timeout: 5000 });
           |                            ^
      1483 |   });
      1484 |
      1485 |   // ── Item dropdown in receipt review ────────────────────────────────────
        at /home/jcole/projects/hq-worktrees/triage-adv-base-20261007/tests/inventory.spec.js:1482:28

    Error Context: ../../../../../tmp/claude-1000/-home-jcole-projects-hq/d35260ba-2f67-4dc1-9824-435e818e0e51/scratchpad/pw-out-xcut-base-touched-specs/inventory-Inventory-create-new-item-via-Items-tab-chromium/error-context.md

  15) [chromium] › tests/inventory.spec.js:2186:3 › Inventory › Setup item editor shows alias chips, adds and removes nicknames 

    Error: [2mexpect([22m[31mlocator[39m[2m).[22mtoHaveCount[2m([22m[32mexpected[39m[2m)[22m failed

    Locator:  locator('.item-edit-form[data-item-id="2ac2d17f-591b-4739-982b-c8c14847f5de"]').locator('.alias-chip')
    Expected: [32m2[39m
    Received: [31m1[39m
    Timeout:  5000ms

    Call log:
    [2m  - Expect "toHaveCount" with timeout 5000ms[22m
    [2m  - waiting for locator('.item-edit-form[data-item-id="2ac2d17f-591b-4739-982b-c8c14847f5de"]').locator('.alias-chip')[22m
    [2m    9 × locator resolved to 1 element[22m
    [2m      - unexpected value "1"[22m


      2212 |     await form.locator('.item-alias-input').fill(typedAlias);
      2213 |     await form.locator('button[data-action="add-item-alias"]').click();
    > 2214 |     await expect(form.locator('.alias-chip')).toHaveCount(2);
           |                                               ^
      2215 |     await expect(form.locator('.alias-chips')).toContainText(typedAlias);
      2216 |     // Remove the seeded one
      2217 |     await form.locator('.alias-chip-x[data-alias="' + seededAlias + '"]').click();
        at /home/jcole/projects/hq-worktrees/triage-adv-base-20261007/tests/inventory.spec.js:2214:47

    Error Context: ../../../../../tmp/claude-1000/-home-jcole-projects-hq/d35260ba-2f67-4dc1-9824-435e818e0e51/scratchpad/pw-out-xcut-base-touched-specs/inventory-Inventory-Setup--fe902--adds-and-removes-nicknames-chromium/error-context.md

  16) [chromium] › tests/inventory.spec.js:2767:3 › Inventory › user can set store_location from Setup tab edit form 

    Error: [2mexpect([22m[31mlocator[39m[2m).[22mtoHaveText[2m([22m[32mexpected[39m[2m)[22m failed

    Locator:  locator('.item-row').filter({ hasText: 'Loc Edit Item 1791375179370' }).locator('.item-group-label')
    Expected: [32m"Costco 1791375179370"[39m
    Received: [31m"—"[39m
    Timeout:  5000ms

    Call log:
    [2m  - Expect "toHaveText" with timeout 5000ms[22m
    [2m  - waiting for locator('.item-row').filter({ hasText: 'Loc Edit Item 1791375179370' }).locator('.item-group-label')[22m
    [2m    8 × locator resolved to <span class="item-group-label">—</span>[22m
    [2m      - unexpected value "—"[22m


      2797 |     // Verify the item now shows vendor as location
      2798 |     const itemRow = page.locator('.item-row', { hasText: itemName });
    > 2799 |     await expect(itemRow.locator('.item-group-label')).toHaveText(vendorName);
           |                                                        ^
      2800 |     // Reload and verify persistence
      2801 |     await page.reload();
      2802 |     await page.waitForLoadState('networkidle');
        at /home/jcole/projects/hq-worktrees/triage-adv-base-20261007/tests/inventory.spec.js:2799:56

    Error Context: ../../../../../tmp/claude-1000/-home-jcole-projects-hq/d35260ba-2f67-4dc1-9824-435e818e0e51/scratchpad/pw-out-xcut-base-touched-specs/inventory-Inventory-user-c-5ac84-on-from-Setup-tab-edit-form-chromium/error-context.md

  17) [chromium] › tests/inventory.spec.js:2931:3 › Inventory › creating item opens edit form with store location dropdown 

    Error: [2mexpect([22m[31mlocator[39m[2m).[22mtoBeVisible[2m([22m[2m)[22m failed

    Locator: locator('.item-edit-form')
    Expected: visible
    Timeout: 8000ms
    Error: element(s) not found

    Call log:
    [2m  - Expect "toBeVisible" with timeout 8000ms[22m
    [2m  - waiting for locator('.item-edit-form')[22m


      2940 |     await page.click('[data-action="create-item"]');
      2941 |     // Should open the item's edit form after creation
    > 2942 |     await expect(page.locator('.item-edit-form')).toBeVisible({ timeout: 8000 });
           |                                                   ^
      2943 |     // Store location dropdown should be visible
      2944 |     await expect(page.locator('.item-edit-location')).toBeVisible();
      2945 |     // The edit form should contain the created item's name
        at /home/jcole/projects/hq-worktrees/triage-adv-base-20261007/tests/inventory.spec.js:2942:51

    Error Context: ../../../../../tmp/claude-1000/-home-jcole-projects-hq/d35260ba-2f67-4dc1-9824-435e818e0e51/scratchpad/pw-out-xcut-base-touched-specs/inventory-Inventory-creati-efc78-ith-store-location-dropdown-chromium/error-context.md

  18) [chromium] › tests/inventory.spec.js:3685:3 › PO add item navigates to Inventory Setup › navigating to inventory.html with newItem hash prefills item name and shows Setup tab 

    [31mTest timeout of 30000ms exceeded.[39m

    Error: page.waitForFunction: Test timeout of 30000ms exceeded.

      3692 |
      3693 |     // Wait for Setup tab to be active (tab 7 — was 6 before Phase 999.2-05)
    > 3694 |     await page.waitForFunction(() => {
           |                ^
      3695 |       var btn = document.getElementById('t7');
      3696 |       return btn && btn.className === 'on';
      3697 |     }, { timeout: 5000 });
        at /home/jcole/projects/hq-worktrees/triage-adv-base-20261007/tests/inventory.spec.js:3694:16

    Error Context: ../../../../../tmp/claude-1000/-home-jcole-projects-hq/d35260ba-2f67-4dc1-9824-435e818e0e51/scratchpad/pw-out-xcut-base-touched-specs/inventory-PO-add-item-navi-4675d-em-name-and-shows-Setup-tab-chromium/error-context.md

  19) [chromium] › tests/inventory.spec.js:4550:3 › Inline reparse (260929) › the amount is centred on the card and shares the confirmed cards’ right edge 

    [31mTest timeout of 30000ms exceeded.[39m

    Error: locator.boundingBox: Test timeout of 30000ms exceeded.
    Call log:
    [2m  - waiting for locator('[data-action="toggle-event"][data-id="evt-above"] .event-total')[22m


      4565 |     const [c, t, b, n] = await Promise.all([
      4566 |       card.boundingBox(), total.boundingBox(), card.locator('.approval-badge').boundingBox(),
    > 4567 |       page.locator('[data-action="toggle-event"][data-id="evt-above"] .event-total').boundingBox(),
           |                                                                                      ^
      4568 |     ]);
      4569 |     // Same right edge as the confirmed card's amount.
      4570 |     expect(Math.abs((t.x + t.width) - (n.x + n.width))).toBeLessThanOrEqual(1);
        at /home/jcole/projects/hq-worktrees/triage-adv-base-20261007/tests/inventory.spec.js:4567:86

    Error Context: ../../../../../tmp/claude-1000/-home-jcole-projects-hq/d35260ba-2f67-4dc1-9824-435e818e0e51/scratchpad/pw-out-xcut-base-touched-specs/inventory-Inline-reparse-2-c3d26-confirmed-cards’-right-edge-chromium/error-context.md

  20) [chromium] › tests/marketing.spec.js:1550:3 › Test integrity (card test-integrity-fix, roadmap I1) › [TI-01] a codes/offers row without campaign_id is refused by the v1 schema (VD2), and a v0 store reopens at v1 with its rows 

    Error: the vendored rxdb is missing — `npm ci` in .night-crew/qa/spike-supabase/rxdb

    [2mexpect([22m[31mreceived[39m[2m).[22mtoBe[2m([22m[32mexpected[39m[2m) // Object.is equality[22m

    Expected: [32mtrue[39m
    Received: [31mfalse[39m

      1557 |       fs.existsSync(path.join(qaModules, 'rxdb', 'package.json')),
      1558 |       'the vendored rxdb is missing — `npm ci` in .night-crew/qa/spike-supabase/rxdb',
    > 1559 |     ).toBe(true);
           |       ^
      1560 |     const link = path.join(harnessDir, 'node_modules');
      1561 |     if (!fs.existsSync(link)) fs.symlinkSync(qaModules, link);
      1562 |
        at /home/jcole/projects/hq-worktrees/triage-adv-base-20261007/tests/marketing.spec.js:1559:7

    Error Context: ../../../../../tmp/claude-1000/-home-jcole-projects-hq/d35260ba-2f67-4dc1-9824-435e818e0e51/scratchpad/pw-out-xcut-base-touched-specs/marketing-Test-integrity-c-3b204-reopens-at-v1-with-its-rows-chromium/error-context.md

  20 failed
    [chromium] › tests/inventory.spec.js:949:3 › Inventory › a parse failure states its cause instead of only that it failed 
    [chromium] › tests/inventory.spec.js:955:3 › Inventory › a parse failure with no recorded cause says so rather than standing bare 
    [chromium] › tests/inventory.spec.js:961:3 › Inventory › Retry parse is offered on a pending row with no parse_error and no items 
    [chromium] › tests/inventory.spec.js:969:3 › Inventory › a stale re-parse flag on a row with a stored receipt is not a nag — the button is the truth 
    [chromium] › tests/inventory.spec.js:982:3 › Inventory › a queued re-parse on a row with no stored receipt says when it will run, and survives a reload 
    [chromium] › tests/inventory.spec.js:993:3 › Inventory › line items from a failed parse pre-fill the review form 
    [chromium] › tests/inventory.spec.js:1008:3 › Inventory › a transient failure is still described in words 
    [chromium] › tests/inventory.spec.js:1025:3 › Inventory › a running sync shows elapsed time that actually advances 
    [chromium] › tests/inventory.spec.js:1288:3 › Inventory › a run in flight turns the primary button into a red, ENABLED Cancel 
    [chromium] › tests/inventory.spec.js:1296:3 › Inventory › cancelling asks first, and backing out does not cancel 
    [chromium] › tests/inventory.spec.js:1313:3 › Inventory › confirming posts the cancel ──────────
    [chromium] › tests/inventory.spec.js:1325:3 › Inventory › a cancelled run reports what it finished, not just that it stopped 
    [chromium] › tests/inventory.spec.js:1346:3 › Inventory › back link navigates to HQ ────────────
    [chromium] › tests/inventory.spec.js:1469:3 › Inventory › create new item via Items tab ────────
    [chromium] › tests/inventory.spec.js:2186:3 › Inventory › Setup item editor shows alias chips, adds and removes nicknames 
    [chromium] › tests/inventory.spec.js:2767:3 › Inventory › user can set store_location from Setup tab edit form 
    [chromium] › tests/inventory.spec.js:2931:3 › Inventory › creating item opens edit form with store location dropdown 
    [chromium] › tests/inventory.spec.js:3685:3 › PO add item navigates to Inventory Setup › navigating to inventory.html with newItem hash prefills item name and shows Setup tab 
    [chromium] › tests/inventory.spec.js:4550:3 › Inline reparse (260929) › the amount is centred on the card and shares the confirmed cards’ right edge 
    [chromium] › tests/marketing.spec.js:1550:3 › Test integrity (card test-integrity-fix, roadmap I1) › [TI-01] a codes/offers row without campaign_id is refused by the v1 schema (VD2), and a v0 store reopens at v1 with its rows 
  1 skipped
  312 passed (14.6m)
EXIT_PW=1
# git status --porcelain AFTER:
 M .night-crew/runs/2026-10-02-autonomous/logs/h4/states/bi-loading.png
 M .night-crew/runs/2026-10-02-autonomous/logs/h4/states/ms-declined-bucket.png
 M .night-crew/runs/2026-10-02-autonomous/logs/h4/states/ms-loading.png
 M .night-crew/runs/2026-10-02-autonomous/logs/h4/states/ms-long.png
 M .night-crew/runs/2026-10-02-autonomous/logs/h4/states/ms-sheet-decline.png
 M .night-crew/runs/2026-10-02-autonomous/logs/h4/states/ms-sheet-order-businessdate.png
 M .night-crew/runs/2026-10-02-autonomous/logs/h4/states/ms-sheet-order-nosuggestion.png
 M .night-crew/runs/2026-10-02-autonomous/logs/h4/states/ms-sheet-order-searched-none.png
 M .night-crew/runs/2026-10-02-autonomous/logs/h4/states/ms-sheet-order.png
 M .night-crew/runs/2026-10-02-autonomous/logs/h4/states/ms-success-dark.png
 M .night-crew/runs/2026-10-02-autonomous/logs/h4/states/ms-success.png
 M .night-crew/runs/2026-10-02-autonomous/logs/h5/states/04-success.png
 M .night-crew/runs/2026-10-02-autonomous/logs/h5/states/05-long-content.png
 M .night-crew/runs/2026-10-02-autonomous/logs/h5/states/06-detail-sheet.png
 M .night-crew/runs/2026-10-02-autonomous/logs/h5/states/07-empty-filtered.png
 M .night-crew/runs/2026-10-02-autonomous/logs/h5/states/09-offline-list.png
 M .night-crew/runs/2026-10-02-autonomous/logs/h5/states/10-offline-sheet.png
 M .night-crew/runs/2026-10-02-autonomous/logs/h5/states/11-offline-filter-refused.png
 M .night-crew/runs/2026-10-02-autonomous/logs/h5/states/12-offline-cold.png
# porcelain_lines=19
# end 2026-10-07T08:18:58-04:00
