# card6-e2e.log — G2 Playwright FULL suite (page-touching card -> full fallback). Card redemption-submit-flow, run 20260905.
# HEAD: 07e9835 · isolation TEST_PORT=3106 TEST_DB_NAME=hq_test_e2e_c6 · retries=0
$ npx bddgen && TEST_PORT=3106 TEST_DB_NAME=hq_test_e2e_c6 npx playwright test --retries=0
[2m[WebServer] [22m── reset hq_test_e2e_c6 on localhost:5434 ──
[2m[WebServer] [22m── wrote version.json frontend=1.6.2 ──
[2m[WebServer] [22m{"time":"2026-09-04T21:13:24.820718-04:00","level":"INFO","msg":"serving static files from disk","dir":"../"}
[2m[WebServer] [22m{"time":"2026-09-04T21:13:24.821042-04:00","level":"INFO","msg":"loaded superadmins","count":1}
[2m[WebServer] [22m{"time":"2026-09-04T21:13:24.834571-04:00","level":"INFO","msg":"connected to database"}
[2m[WebServer] [22m{"time":"2026-09-04T21:13:24.858331-04:00","level":"INFO","msg":"OK   0001_users.sql (10.83ms)","source":"stdlog"}
[2m[WebServer] [22m{"time":"2026-09-04T21:13:24.871315-04:00","level":"INFO","msg":"OK   0002_sessions.sql (12.72ms)","source":"stdlog"}
[2m[WebServer] [22m{"time":"2026-09-04T21:13:24.880825-04:00","level":"INFO","msg":"OK   0003_invite_tokens.sql (9.46ms)","source":"stdlog"}
[2m[WebServer] [22m{"time":"2026-09-04T21:13:24.890154-04:00","level":"INFO","msg":"OK   0004_hq_apps.sql (9.28ms)","source":"stdlog"}
[2m[WebServer] [22m{"time":"2026-09-04T21:13:24.904329-04:00","level":"INFO","msg":"OK   0005_app_permissions.sql (14.12ms)","source":"stdlog"}
[2m[WebServer] [22m{"time":"2026-09-04T21:13:24.913135-04:00","level":"INFO","msg":"OK   0006_checklist_templates.sql (8.76ms)","source":"stdlog"}
[2m[WebServer] [22m{"time":"2026-09-04T21:13:24.920691-04:00","level":"INFO","msg":"OK   0007_checklist_schedules.sql (7.51ms)","source":"stdlog"}
[2m[WebServer] [22m{"time":"2026-09-04T21:13:24.930881-04:00","level":"INFO","msg":"OK   0008_template_assignments.sql (10.15ms)","source":"stdlog"}
[2m[WebServer] [22m{"time":"2026-09-04T21:13:24.939977-04:00","level":"INFO","msg":"OK   0009_checklist_sections.sql (9.05ms)","source":"stdlog"}
[2m[WebServer] [22m{"time":"2026-09-04T21:13:24.948912-04:00","level":"INFO","msg":"OK   0010_checklist_fields.sql (8.85ms)","source":"stdlog"}
[2m[WebServer] [22m{"time":"2026-09-04T21:13:24.959098-04:00","level":"INFO","msg":"OK   0011_checklist_submissions.sql (10.14ms)","source":"stdlog"}
[2m[WebServer] [22m{"time":"2026-09-04T21:13:24.970249-04:00","level":"INFO","msg":"OK   0012_submission_responses.sql (11.1ms)","source":"stdlog"}
[2m[WebServer] [22m{"time":"2026-09-04T21:13:24.977964-04:00","level":"INFO","msg":"OK   0013_submission_fail_notes.sql (7.67ms)","source":"stdlog"}
[2m[WebServer] [22m{"time":"2026-09-04T21:13:24.987047-04:00","level":"INFO","msg":"OK   0014_submission_rejections.sql (9.03ms)","source":"stdlog"}
[2m[WebServer] [22m{"time":"2026-09-04T21:13:25.001045-04:00","level":"INFO","msg":"OK   0015_ops.sql (13.96ms)","source":"stdlog"}
[2m[WebServer] [22m{"time":"2026-09-04T21:13:25.00868-04:00","level":"INFO","msg":"OK   0016_lamport_ts.sql (7.6ms)","source":"stdlog"}
[2m[WebServer] [22m{"time":"2026-09-04T21:13:25.01759-04:00","level":"INFO","msg":"OK   0017_users_naming.sql (8.86ms)","source":"stdlog"}
[2m[WebServer] [22m{"time":"2026-09-04T21:13:25.032277-04:00","level":"INFO","msg":"OK   0018_ob_templates.sql (14.63ms)","source":"stdlog"}
[2m[WebServer] [22m{"time":"2026-09-04T21:13:25.048437-04:00","level":"INFO","msg":"OK   0019_ob_items.sql (16.1ms)","source":"stdlog"}
[2m[WebServer] [22m{"time":"2026-09-04T21:13:25.060102-04:00","level":"INFO","msg":"OK   0020_ob_progress.sql (11.62ms)","source":"stdlog"}
[2m[WebServer] [22m{"time":"2026-09-04T21:13:25.142773-04:00","level":"INFO","msg":"OK   0021_ob_signoffs.sql (82.62ms)","source":"stdlog"}
[2m[WebServer] [22m{"time":"2026-09-04T21:13:25.189009-04:00","level":"INFO","msg":"OK   0022_ob_template_assignments.sql (46.19ms)","source":"stdlog"}
[2m[WebServer] [22m{"time":"2026-09-04T21:13:25.208886-04:00","level":"INFO","msg":"OK   0023_multi_role.sql (19.83ms)","source":"stdlog"}
[2m[WebServer] [22m{"time":"2026-09-04T21:13:25.262178-04:00","level":"INFO","msg":"OK   0024_inventory.sql (53.19ms)","source":"stdlog"}
[2m[WebServer] [22m{"time":"2026-09-04T21:13:25.274626-04:00","level":"INFO","msg":"OK   0025_pending_purchases.sql (12.39ms)","source":"stdlog"}
[2m[WebServer] [22m{"time":"2026-09-04T21:13:25.279231-04:00","level":"INFO","msg":"OK   0026_ob_progress_faq.sql (4.57ms)","source":"stdlog"}
[2m[WebServer] [22m{"time":"2026-09-04T21:13:25.282548-04:00","level":"INFO","msg":"OK   0027_ob_section_signoff_roles.sql (3.29ms)","source":"stdlog"}
[2m[WebServer] [22m{"time":"2026-09-04T21:13:25.289991-04:00","level":"INFO","msg":"OK   0028_ob_video_upgrade.sql (7.39ms)","source":"stdlog"}
[2m[WebServer] [22m{"time":"2026-09-04T21:13:25.293257-04:00","level":"INFO","msg":"OK   0029_ob_templates_archived_at.sql (3.24ms)","source":"stdlog"}
[2m[WebServer] [22m{"time":"2026-09-04T21:13:25.304669-04:00","level":"INFO","msg":"OK   0030_item_groups_unique_name.sql (11.34ms)","source":"stdlog"}
[2m[WebServer] [22m{"time":"2026-09-04T21:13:25.312877-04:00","level":"INFO","msg":"OK   0031_remove_placeholder_items.sql (8.16ms)","source":"stdlog"}
[2m[WebServer] [22m{"time":"2026-09-04T21:13:25.344968-04:00","level":"INFO","msg":"OK   0032_item_group_thresholds.sql (32.04ms)","source":"stdlog"}
[2m[WebServer] [22m{"time":"2026-09-04T21:13:25.355561-04:00","level":"INFO","msg":"OK   0033_stock_count_overrides.sql (10.55ms)","source":"stdlog"}
[2m[WebServer] [22m{"time":"2026-09-04T21:13:25.377601-04:00","level":"INFO","msg":"OK   0034_purchase_orders.sql (21.97ms)","source":"stdlog"}
[2m[WebServer] [22m{"time":"2026-09-04T21:13:25.383334-04:00","level":"INFO","msg":"OK   0035_purchase_items_photo_store.sql (5.7ms)","source":"stdlog"}
[2m[WebServer] [22m{"time":"2026-09-04T21:13:25.388523-04:00","level":"INFO","msg":"OK   0036_purchase_items_full_name.sql (5.16ms)","source":"stdlog"}
[2m[WebServer] [22m{"time":"2026-09-04T21:13:25.396484-04:00","level":"INFO","msg":"OK   0037_cutoff_config.sql (7.89ms)","source":"stdlog"}
[2m[WebServer] [22m{"time":"2026-09-04T21:13:25.405542-04:00","level":"INFO","msg":"OK   0038_po_status_extend.sql (9.01ms)","source":"stdlog"}
[2m[WebServer] [22m{"time":"2026-09-04T21:13:25.412496-04:00","level":"INFO","msg":"OK   0039_purchase_items_vendor.sql (6.92ms)","source":"stdlog"}
[2m[WebServer] [22m{"time":"2026-09-04T21:13:25.438399-04:00","level":"INFO","msg":"OK   0040_shopping_lists.sql (25.82ms)","source":"stdlog"}
[2m[WebServer] [22m{"time":"2026-09-04T21:13:25.443492-04:00","level":"INFO","msg":"OK   0041_notification_channel.sql (5.06ms)","source":"stdlog"}
[2m[WebServer] [22m{"time":"2026-09-04T21:13:25.457112-04:00","level":"INFO","msg":"OK   0042_repurchase_tracking.sql (13.56ms)","source":"stdlog"}
[2m[WebServer] [22m{"time":"2026-09-04T21:13:25.4683-04:00","level":"INFO","msg":"OK   0043_alert_log.sql (11.13ms)","source":"stdlog"}
[2m[WebServer] [22m{"time":"2026-09-04T21:13:25.480262-04:00","level":"INFO","msg":"OK   0044_low_stock_alert_log.sql (11.91ms)","source":"stdlog"}
[2m[WebServer] [22m{"time":"2026-09-04T21:13:25.494962-04:00","level":"INFO","msg":"OK   0045_notification_channel_array.sql (14.64ms)","source":"stdlog"}
[2m[WebServer] [22m{"time":"2026-09-04T21:13:25.49819-04:00","level":"INFO","msg":"OK   0046_user_timezone.sql (3.2ms)","source":"stdlog"}
[2m[WebServer] [22m{"time":"2026-09-04T21:13:25.511348-04:00","level":"INFO","msg":"OK   0047_employee_fields.sql (13.11ms)","source":"stdlog"}
[2m[WebServer] [22m{"time":"2026-09-04T21:13:25.514777-04:00","level":"INFO","msg":"OK   0048_notification_default_both.sql (3.4ms)","source":"stdlog"}
[2m[WebServer] [22m{"time":"2026-09-04T21:13:25.525184-04:00","level":"INFO","msg":"OK   0049_ob_sub_items.sql (10.36ms)","source":"stdlog"}
[2m[WebServer] [22m{"time":"2026-09-04T21:13:25.529114-04:00","level":"INFO","msg":"OK   0050_ob_progress_sub_item.sql (3.89ms)","source":"stdlog"}
[2m[WebServer] [22m{"time":"2026-09-04T21:13:25.533042-04:00","level":"INFO","msg":"OK   0051_rejection_field_fk.sql (3.89ms)","source":"stdlog"}
[2m[WebServer] [22m{"time":"2026-09-04T21:13:25.538272-04:00","level":"INFO","msg":"OK   0052_template_name_unique.sql (5.18ms)","source":"stdlog"}
[2m[WebServer] [22m{"time":"2026-09-04T21:13:25.54175-04:00","level":"INFO","msg":"OK   0053_response_field_fk.sql (3.44ms)","source":"stdlog"}
[2m[WebServer] [22m{"time":"2026-09-04T21:13:25.545215-04:00","level":"INFO","msg":"OK   0054_failnote_field_fk.sql (3.43ms)","source":"stdlog"}
[2m[WebServer] [22m{"time":"2026-09-04T21:13:25.548421-04:00","level":"INFO","msg":"OK   0055_item_location_in_store.sql (3.18ms)","source":"stdlog"}
[2m[WebServer] [22m{"time":"2026-09-04T21:13:25.559452-04:00","level":"INFO","msg":"OK   0056_ob_progress_photo.sql (11ms)","source":"stdlog"}
[2m[WebServer] [22m{"time":"2026-09-04T21:13:25.56742-04:00","level":"INFO","msg":"OK   0057_ob_items_photo_type.sql (7.93ms)","source":"stdlog"}
[2m[WebServer] [22m{"time":"2026-09-04T21:13:25.575104-04:00","level":"INFO","msg":"OK   0058_ob_sub_items_photos.sql (7.65ms)","source":"stdlog"}
[2m[WebServer] [22m{"time":"2026-09-04T21:13:25.579454-04:00","level":"INFO","msg":"OK   0059_cleanup_photo_items.sql (4.32ms)","source":"stdlog"}
[2m[WebServer] [22m{"time":"2026-09-04T21:13:25.658077-04:00","level":"INFO","msg":"OK   0060_menu_items.sql (78.59ms)","source":"stdlog"}
[2m[WebServer] [22m{"time":"2026-09-04T21:13:25.667376-04:00","level":"INFO","msg":"OK   0061_daily_menu_sales.sql (9.26ms)","source":"stdlog"}
[2m[WebServer] [22m{"time":"2026-09-04T21:13:25.679125-04:00","level":"INFO","msg":"OK   0062_recipes.sql (11.71ms)","source":"stdlog"}
[2m[WebServer] [22m{"time":"2026-09-04T21:13:25.688245-04:00","level":"INFO","msg":"OK   0063_drift_check_results.sql (9.08ms)","source":"stdlog"}
[2m[WebServer] [22m{"time":"2026-09-04T21:13:25.694958-04:00","level":"INFO","msg":"OK   0064_no_itemized_receipt_seed.sql (6.65ms)","source":"stdlog"}
[2m[WebServer] [22m{"time":"2026-09-04T21:13:25.701436-04:00","level":"INFO","msg":"OK   0065_mercury_category_on_purchase_events.sql (6.43ms)","source":"stdlog"}
[2m[WebServer] [22m{"time":"2026-09-04T21:13:25.707167-04:00","level":"INFO","msg":"OK   0066_mercury_category_on_pending_purchases.sql (5.69ms)","source":"stdlog"}
[2m[WebServer] [22m{"time":"2026-09-04T21:13:25.721676-04:00","level":"INFO","msg":"OK   0067_receipt_sync_runs.sql (14.44ms)","source":"stdlog"}
[2m[WebServer] [22m{"time":"2026-09-04T21:13:25.730246-04:00","level":"INFO","msg":"OK   0068_pending_purchases_bank_tx_uniq.sql (8.52ms)","source":"stdlog"}
[2m[WebServer] [22m{"time":"2026-09-04T21:13:25.735414-04:00","level":"INFO","msg":"OK   0069_pending_purchases_parse_error.sql (5.13ms)","source":"stdlog"}
[2m[WebServer] [22m{"time":"2026-09-04T21:13:25.742056-04:00","level":"INFO","msg":"OK   0070_receipt_urls.sql (6.6ms)","source":"stdlog"}
[2m[WebServer] [22m{"time":"2026-09-04T21:13:25.749206-04:00","level":"INFO","msg":"OK   0071_submission_fail_notes_unique.sql (7.11ms)","source":"stdlog"}
[2m[WebServer] [22m{"time":"2026-09-04T21:13:25.758179-04:00","level":"INFO","msg":"OK   0072_app_timezone_new_york.sql (8.91ms)","source":"stdlog"}
[2m[WebServer] [22m{"time":"2026-09-04T21:13:25.775241-04:00","level":"INFO","msg":"OK   0073_sync_fdw_views.sql (16.89ms)","source":"stdlog"}
[2m[WebServer] [22m{"time":"2026-09-04T21:13:25.781246-04:00","level":"INFO","msg":"OK   0074_sync_fdw_approver_view.sql (5.92ms)","source":"stdlog"}
[2m[WebServer] [22m{"time":"2026-09-04T21:13:25.795509-04:00","level":"INFO","msg":"OK   0075_item_aliases.sql (14.21ms)","source":"stdlog"}
[2m[WebServer] [22m{"time":"2026-09-04T21:13:25.80599-04:00","level":"INFO","msg":"OK   0076_checklist_template_app.sql (10.42ms)","source":"stdlog"}
[2m[WebServer] [22m{"time":"2026-09-04T21:13:25.816851-04:00","level":"INFO","msg":"OK   0077_race_lost_notifications.sql (10.79ms)","source":"stdlog"}
[2m[WebServer] [22m{"time":"2026-09-04T21:13:25.816866-04:00","level":"INFO","msg":"goose: successfully migrated database to version: 77","source":"stdlog"}
[2m[WebServer] [22m{"time":"2026-09-04T21:13:25.816877-04:00","level":"INFO","msg":"database migrations applied successfully"}
[2m[WebServer] [22m{"time":"2026-09-04T21:13:25.885101-04:00","level":"INFO","msg":"upserted superadmin","email":"jamal@yumyums.kitchen"}
[2m[WebServer] [22m{"time":"2026-09-04T21:13:25.910904-04:00","level":"INFO","msg":"seeded template","name":"Setup Checklist","id":"0ed3802e-198c-45f3-87ea-173190b22cc3"}
[2m[WebServer] [22m{"time":"2026-09-04T21:13:25.910929-04:00","level":"INFO","msg":"seeded templates","count":1}
[2m[WebServer] [22m{"time":"2026-09-04T21:13:25.937291-04:00","level":"INFO","msg":"seeded onboarding template","name":"Kitchen Basics Training","id":"76170335-c986-4040-b69c-ec4af817e818"}
[2m[WebServer] [22m{"time":"2026-09-04T21:13:25.944342-04:00","level":"INFO","msg":"inventory: seeded vendors","count":5}
[2m[WebServer] [22m{"time":"2026-09-04T21:13:25.967786-04:00","level":"INFO","msg":"inventory: seeded unique tags","count":19}
[2m[WebServer] [22m{"time":"2026-09-04T21:13:26.010711-04:00","level":"INFO","msg":"inventory: seeded item groups","count":10}
[2m[WebServer] [22m{"time":"2026-09-04T21:13:26.171998-04:00","level":"INFO","msg":"inventory: seeded purchase items from YAML","count":106}
[2m[WebServer] [22m{"time":"2026-09-04T21:13:26.172024-04:00","level":"WARN","msg":"object storage env vars not set, photo and video upload endpoints will return 503","required":"STORAGE_KEY, STORAGE_SECRET, STORAGE_BUCKET, STORAGE_ENDPOINT, STORAGE_REGION"}
[2m[WebServer] [22m{"time":"2026-09-04T21:13:26.172046-04:00","level":"WARN","msg":"HQ_INVENTORY_SERVICE_TOKEN not set, /api/v1/inventory/period-summary AND /api/v1/inventory/menu-cogs will return 503"}
[2m[WebServer] [22m{"time":"2026-09-04T21:13:26.172129-04:00","level":"INFO","msg":"inventory COGS category allowlist","allowlist":["COGS"]}
[2m[WebServer] [22m{"time":"2026-09-04T21:13:26.172448-04:00","level":"INFO","msg":"redemption arbiter not configured; POST /api/v1/marketing/redeem answers 503","missing":"HQ_SYNC_REST_URL and/or HQ_SYNC_SERVICE_KEY"}
[2m[WebServer] [22m{"time":"2026-09-04T21:13:26.172493-04:00","level":"INFO","msg":"receipt worker disabled","reason":"E2E_DISABLE_SCHEDULERS=1"}
[2m[WebServer] [22m{"time":"2026-09-04T21:13:26.172515-04:00","level":"INFO","msg":"alert queue started","delivery_enabled":false}
[2m[WebServer] [22m{"time":"2026-09-04T21:13:26.172524-04:00","level":"INFO","msg":"cutoff scheduler disabled","reason":"E2E_DISABLE_SCHEDULERS=1"}
[2m[WebServer] [22m{"time":"2026-09-04T21:13:26.172533-04:00","level":"INFO","msg":"alerts queue started"}
[2m[WebServer] [22m{"time":"2026-09-04T21:13:26.172536-04:00","level":"INFO","msg":"toast worker disabled, cmd/sync-toast remains available","reason":"TOAST_SYNC_INTERVAL=0"}
[2m[WebServer] [22m{"time":"2026-09-04T21:13:26.172657-04:00","level":"INFO","msg":"server listening","port":"3106"}
[2m[WebServer] [22m{"time":"2026-09-04T21:13:26.172784-04:00","level":"INFO","msg":"reachable at","url":"http://192.168.8.176:3106"}
[2m[WebServer] [22m{"time":"2026-09-04T21:13:26.172795-04:00","level":"INFO","msg":"Yumyums HQ ready, accepting connections"}

Running 867 tests using 1 worker

[2m[WebServer] [22m{"time":"2026-09-04T21:13:31.246438-04:00","level":"ERROR","msg":"cleanupOldDrafts error","error":"cleanup old drafts: context canceled"}
[2m[WebServer] [22m{"time":"2026-09-04T21:13:32.276935-04:00","level":"INFO","msg":"op handler received op","op_type":"SET_FIELD","entity_id":"a87b4901-d0f0-441b-9dd9-5f51d3ad0708","device_id":"70289f43-1df4-48ce-a3aa-b20ae3857216","lamport_ts":4}
  ✓    1 [chromium] › tests/broadcast-rerender.spec.js:61:3 › editprop broadcast re-render › A) live SAVE_TEMPLATE re-renders open runner: surviving answer kept, new field empty (3.4s)
[2m[WebServer] [22m{"time":"2026-09-04T21:13:34.156261-04:00","level":"ERROR","msg":"GetMyTrainings failed","error":"context canceled"}
[2m[WebServer] [22m{"time":"2026-09-04T21:13:34.384573-04:00","level":"ERROR","msg":"cleanupOldDrafts error","error":"cleanup old drafts: context canceled"}
  ✓    2 [chromium] › tests/broadcast-rerender.spec.js:116:3 › editprop broadcast re-render › B) silent gate: catch-up replay shows no toast, live edit surfaces one (2.3s)
[2m[WebServer] [22m{"time":"2026-09-04T21:13:36.50445-04:00","level":"ERROR","msg":"GetMyTrainings failed","error":"query my trainings: context canceled"}
[2m[WebServer] [22m{"time":"2026-09-04T21:13:36.713704-04:00","level":"ERROR","msg":"cleanupOldDrafts error","error":"cleanup old drafts: context canceled"}
[2m[WebServer] [22m{"time":"2026-09-04T21:13:37.29092-04:00","level":"ERROR","msg":"cleanupOldDrafts error","error":"cleanup old drafts: context canceled"}
  ✓    3 [chromium] › tests/broadcast-rerender.spec.js:157:3 › editprop broadcast re-render › D) schedule drops today: open runner is removed live from the device (1.2s)
[2m[WebServer] [22m{"time":"2026-09-04T21:13:37.704429-04:00","level":"ERROR","msg":"GetMyTrainings failed","error":"query my trainings: context canceled"}
[2m[WebServer] [22m{"time":"2026-09-04T21:13:38.000991-04:00","level":"ERROR","msg":"myChecklists error","error":"list fields: context canceled"}
[2m[WebServer] [22m{"time":"2026-09-04T21:13:38.003975-04:00","level":"INFO","msg":"client log","level":"ERROR","message":"loadMyChecklists error: Failed to fetch\nTypeError: Failed to fetch\n    at api (http://localhost:3106/sync.js:24:21)\n    at loadMyChecklists (http://localhost:3106/workflows.html:631:24)\n    at applyOp (http://localhost:3106/sync.js:566:7)\n    at _ws.onmessage (http://localhost:3106/sync.js:275:7)","user":"Jamal C. (jamal@yumyums.kitchen)","page":"/workflows.html","ua":"Mozilla/5.0 (Macintosh; Intel Mac OS X 10_15_7) AppleWebKit/537.36 (KHTML, like Gecko) HeadlessChrome/147.0.7727.15 Safa"}
[2m[WebServer] [22m{"time":"2026-09-04T21:13:38.628435-04:00","level":"INFO","msg":"op handler received op","op_type":"SET_FIELD","entity_id":"c2b3cf90-380b-4e74-bc8b-c971712a373e","device_id":"b6b7d43c-72d0-495c-a92f-df64872b5da0","lamport_ts":13}
  ✓    4 [chromium] › tests/broadcast-rerender.spec.js:232:3 › INV-6 builder discard warning › E) cutting a field with a crew draft warns naming the count, confirm discards (5.8s)
[2m[WebServer] [22m{"time":"2026-09-04T21:13:43.627425-04:00","level":"ERROR","msg":"cleanupOldDrafts error","error":"cleanup old drafts: context canceled"}
[2m[WebServer] [22m{"time":"2026-09-04T21:13:43.718625-04:00","level":"ERROR","msg":"cleanupOldDrafts error","error":"cleanup old drafts: context canceled"}
  ✓    5 [chromium] › tests/broadcast-rerender.spec.js:277:3 › INV-6 builder discard warning › F) cutting a field with NO drafts surfaces no warning (3.8s)
[2m[WebServer] [22m{"time":"2026-09-04T21:13:47.254779-04:00","level":"ERROR","msg":"GetMyTrainings failed","error":"query my trainings: context canceled"}
[2m[WebServer] [22m{"time":"2026-09-04T21:13:47.501607-04:00","level":"ERROR","msg":"cleanupOldDrafts error","error":"cleanup old drafts: context canceled"}
[2m[WebServer] [22m{"time":"2026-09-04T21:13:47.510405-04:00","level":"ERROR","msg":"myChecklists error","error":"iterate submissions: context canceled"}
[2m[WebServer] [22m{"time":"2026-09-04T21:13:47.510522-04:00","level":"ERROR","msg":"listTemplates error","error":"iterate assignments: context canceled"}
[2m[WebServer] [22m{"time":"2026-09-04T21:13:47.513781-04:00","level":"INFO","msg":"client log","level":"ERROR","message":"loadMyChecklists error: Failed to fetch\nTypeError: Failed to fetch\n    at api (http://localhost:3106/sync.js:24:21)\n    at loadMyChecklists (http://localhost:3106/workflows.html:631:24)\n    at applyOp (http://localhost:3106/sync.js:566:7)\n    at _ws.onmessage (http://localhost:3106/sync.js:275:7)","user":"Jamal C. (jamal@yumyums.kitchen)","page":"/workflows.html","ua":"Mozilla/5.0 (Macintosh; Intel Mac OS X 10_15_7) AppleWebKit/537.36 (KHTML, like Gecko) HeadlessChrome/147.0.7727.15 Safa"}
[2m[WebServer] [22m{"time":"2026-09-04T21:13:47.545415-04:00","level":"ERROR","msg":"cleanupOldDrafts error","error":"cleanup old drafts: context canceled"}
[2m[WebServer] [22m{"time":"2026-09-04T21:13:48.044678-04:00","level":"INFO","msg":"op handler received op","op_type":"SET_FIELD","entity_id":"fc414889-5718-4f10-a468-8267a79967de","device_id":"63bb8ecc-e5f9-41df-8124-2d66d93e9a15","lamport_ts":20}
  ✓    6 [chromium] › tests/broadcast-rerender.spec.js:307:3 › INV-6 builder discard warning › G) dropping today from the schedule with a crew draft warns naming the count (5.6s)
  ✓    7 [chromium] › tests/db-isolation.spec.js:43:3 › E2E database isolation (B-76) › the e2e database carries nothing over from the previous invocation (133ms)
  ✓    8 [chromium] › tests/grant-enforcement-parity.spec.js:268:3 › Grant-enforcement parity › PARITY-EQ: every SeedHQApps slug is enforced by a RequirePermission mount or recorded N/A-with-reason (6ms)
  ✓    9 [chromium] › tests/grant-enforcement-parity.spec.js:305:3 › Grant-enforcement parity › PARITY-NA-FRESH: N/A placeholder slugs still have no routes in main.go (8ms)
  ✓   10 [chromium] › tests/grant-enforcement-parity.spec.js:319:5 › Grant-enforcement parity › WITHOUT operations: ungranted team_member gets 403 {forbidden, missing_grant} on every data probe (860ms)
  ✓   11 [chromium] › tests/grant-enforcement-parity.spec.js:357:5 › Grant-enforcement parity › WITH operations: the same probes serve 200 once the user holds the operations grant (860ms)
  ✓   12 [chromium] › tests/grant-enforcement-parity.spec.js:319:5 › Grant-enforcement parity › WITHOUT inventory: ungranted team_member gets 403 {forbidden, missing_grant} on every data probe (909ms)
  ✓   13 [chromium] › tests/grant-enforcement-parity.spec.js:357:5 › Grant-enforcement parity › WITH inventory: the same probes serve 200 once the user holds the inventory grant (941ms)
  ✓   14 [chromium] › tests/grant-enforcement-parity.spec.js:319:5 › Grant-enforcement parity › WITHOUT purchasing: ungranted team_member gets 403 {forbidden, missing_grant} on every data probe (890ms)
  ✓   15 [chromium] › tests/grant-enforcement-parity.spec.js:357:5 › Grant-enforcement parity › WITH purchasing: the same probes serve 200 once the user holds the purchasing grant (930ms)
  ✓   16 [chromium] › tests/grant-enforcement-parity.spec.js:319:5 › Grant-enforcement parity › WITHOUT onboarding: ungranted team_member gets 403 {forbidden, missing_grant} on every data probe (939ms)
  ✓   17 [chromium] › tests/grant-enforcement-parity.spec.js:357:5 › Grant-enforcement parity › WITH onboarding: the same probes serve 200 once the user holds the onboarding grant (897ms)
  ✓   18 [chromium] › tests/grant-enforcement-parity.spec.js:319:5 › Grant-enforcement parity › WITHOUT users: ungranted admin gets 403 {forbidden, missing_grant} on every data probe (886ms)
  ✓   19 [chromium] › tests/grant-enforcement-parity.spec.js:357:5 › Grant-enforcement parity › WITH users: the same probes serve 200 once the user holds the users grant (872ms)
  ✓   20 [chromium] › tests/grant-enforcement-parity.spec.js:384:3 › Grant-enforcement parity › AXIS: users grant on a team_member does NOT open the admin-only users list (874ms)
[2m[WebServer] [22m{"time":"2026-09-04T21:14:03.283486-04:00","level":"ERROR","msg":"GetManagerHires failed","error":"iterate assigned templates for hire 9814e6ee-f337-4e9b-b274-8108694f5b2b: context canceled"}
  ✓   21 [chromium] › tests/grant-enforcement-parity.spec.js:411:3 › Grant-enforcement parity › EXCEPTION notification-preference: self access needs NO users grant (admin-or-self contract) (848ms)
[2m[WebServer] [22m{"time":"2026-09-04T21:14:03.926173-04:00","level":"ERROR","msg":"GetMyTrainings failed","error":"query my trainings: context canceled"}
  ✓   22 [chromium] › tests/index.spec.js:14:1 › index.html shows user display name after login (355ms)
[2m[WebServer] [22m{"time":"2026-09-04T21:14:04.289735-04:00","level":"ERROR","msg":"GetMyTrainings failed","error":"context canceled"}
  ✓   23 [chromium] › tests/index.spec.js:23:1 › logout button redirects to login.html (398ms)
[2m[WebServer] [22m{"time":"2026-09-04T21:14:04.91748-04:00","level":"ERROR","msg":"GetManagerHires failed","error":"query assigned templates for hire 996a295c-5290-45b4-bcf9-7a4b31e639d8: context canceled"}
[2m[WebServer] [22m{"time":"2026-09-04T21:14:05.751576-04:00","level":"ERROR","msg":"GetManagerHires failed","error":"iterate assigned templates for hire 996a295c-5290-45b4-bcf9-7a4b31e639d8: context canceled"}
  ✓   24 [chromium] › tests/index.spec.js:35:1 › superadmin sees all tiles after restricted user logged out (1.4s)
  ✓   25 [chromium] › tests/index.spec.js:101:1 › onboarding badge only shows when user has incomplete trainings (1.4s)
  ✓   26 [chromium] › tests/index.spec.js:136:1 › onboarding badge does not reappear after visiting onboarding and returning (3.0s)
  ✓   27 [chromium] › tests/index.spec.js:169:1 › after logout, visiting index.html redirects to login.html (session cleared) (416ms)
  ✓   28 [chromium] › tests/index.spec.js:211:1 › logout deletes api-cache so the next user is not served the previous one (388ms)
  ✓   29 [chromium] › tests/index.spec.js:245:1 › B-10: logout awaits the device purge before redirecting (the await is honored) (3.4s)
  ✓   30 [chromium] › tests/index.spec.js:297:1 › checkAuth evicts cached /api/v1/me responses instead of trusting them (395ms)
  ✓   31 [chromium] › tests/index.spec.js:327:1 › the /api/v1/me identity probe is cache-busted so api-cache cannot answer it (339ms)
[2m[WebServer] [22m{"time":"2026-09-04T21:14:15.711719-04:00","level":"ERROR","msg":"GetManagerHires failed","error":"iterate assigned templates for hire b4858aa5-87f1-475f-9b00-ffbc38d0bac0: context canceled"}
[2m[WebServer] [22m{"time":"2026-09-04T21:14:15.754886-04:00","level":"ERROR","msg":"GetMyTrainings failed","error":"get user roles: context canceled"}
  ✓   32 [chromium] › tests/index.spec.js:430:1 › a second user signing in never inherits the previous user cached tile list [B1-XT-03] (759ms)
[B1-XT-06] device state after signIn(): {"names":[],"identity":null,"apiKeys":[],"apps":null}
  ✓   33 [chromium] › tests/index.spec.js:493:1 › login.html signIn() purges the previous user device state before the redirect lands [B1-XT-06] (316ms)
[B1-XT-07] device state after acceptInvite(): {"names":[],"identity":null,"apiKeys":[],"apps":null}
  ✓   34 [chromium] › tests/index.spec.js:524:1 › login.html acceptInvite() purges the previous user device state before the redirect lands [B1-XT-07] (505ms)
[2m[WebServer] [22m{"time":"2026-09-04T21:14:17.111288-04:00","level":"ERROR","msg":"GetMyTrainings failed","error":"context canceled"}
[B1-XT-08] device state after same-user re-login: {"names":["hq-identity","api-cache"],"identity":"3408ec5e-ad3a-42ad-bbc4-de107b16a14e","apiKeys":["http://localhost:3106/api/v1/users?__hq_id=3408ec5e-ad3a-42ad-bbc4-de107b16a14e"],"apps":"{\"uid\":\"3408ec5e-ad3a-42ad-bbc4-de107b16a14e\",\"apps\":[{\"slug\":\"users\",\"name\":\"Users\",\"icon\":\"👥\"}]}"}
  ✓   35 [chromium] › tests/index.spec.js:564:1 › the same crew member re-authenticating keeps their offline dataset [B1-XT-08] (492ms)
  ✓   36 [chromium] › tests/index.spec.js:602:1 › the fail-closed branch paints no tiles from an unowned hq_apps [B1-XT-04] (2.4s)
[2m[WebServer] [22m{"time":"2026-09-04T21:14:20.055564-04:00","level":"ERROR","msg":"GetManagerHires failed","error":"iterate assigned templates for hire 996a295c-5290-45b4-bcf9-7a4b31e639d8: context canceled"}
  ✓   37 [chromium] › tests/inventory.spec.js:112:3 › Inventory › shows 7 tabs: Purchases, Stock, Menu, Recipes, Trends, Cost, Setup (919ms)
[2m[WebServer] [22m{"time":"2026-09-04T21:14:20.976645-04:00","level":"ERROR","msg":"GetManagerHires failed","error":"query assigned templates for hire b4858aa5-87f1-475f-9b00-ffbc38d0bac0: context canceled"}
  ✓   38 [chromium] › tests/inventory.spec.js:122:3 › Inventory › Purchases tab is active by default (884ms)
[2m[WebServer] [22m{"time":"2026-09-04T21:14:21.860353-04:00","level":"ERROR","msg":"GetManagerHires failed","error":"iterate assigned templates for hire 6b3f459c-c422-4368-a62e-520c2c9fcd91: context canceled"}
  ✓   39 [chromium] › tests/inventory.spec.js:128:3 › Inventory › Recipes tab activates on #tab=4 hash (1.4s)
[2m[WebServer] [22m{"time":"2026-09-04T21:14:23.310525-04:00","level":"ERROR","msg":"GetManagerHires failed","error":"iterate assigned templates for hire b4858aa5-87f1-475f-9b00-ffbc38d0bac0: context canceled"}
  ✓   40 [chromium] › tests/inventory.spec.js:140:3 › Inventory › Recipes tab loads /api/v1/inventory/recipes and /api/v1/inventory/recipes/drift (885ms)
[2m[WebServer] [22m{"time":"2026-09-04T21:14:24.210062-04:00","level":"ERROR","msg":"GetManagerHires failed","error":"iterate assigned templates for hire 6b3f459c-c422-4368-a62e-520c2c9fcd91: context canceled"}
  ✓   41 [chromium] › tests/inventory.spec.js:153:3 › Inventory › Recipes tab shows empty state when no ingredients (894ms)
[2m[WebServer] [22m{"time":"2026-09-04T21:14:25.111195-04:00","level":"ERROR","msg":"GetManagerHires failed","error":"iterate assigned templates for hire b4858aa5-87f1-475f-9b00-ffbc38d0bac0: context canceled"}
  ✓   42 [chromium] › tests/inventory.spec.js:159:3 › Inventory › menu-item picker uses YYYY-MM-DD since format (contract + source) (863ms)
[2m[WebServer] [22m{"time":"2026-09-04T21:14:25.976787-04:00","level":"ERROR","msg":"GetManagerHires failed","error":"iterate assigned templates for hire b4858aa5-87f1-475f-9b00-ffbc38d0bac0: context canceled"}
  ✓   43 [chromium] › tests/inventory.spec.js:195:3 › Inventory › tapping a menu item name triggers renderRecipeSummary (1.4s)
[2m[WebServer] [22m{"time":"2026-09-04T21:14:27.444196-04:00","level":"ERROR","msg":"GetManagerHires failed","error":"query assigned templates for hire b4858aa5-87f1-475f-9b00-ffbc38d0bac0: context canceled"}
  ✓   44 [chromium] › tests/inventory.spec.js:243:3 › Inventory › tapping a Menu tab card jumps to Recipes with that menu item selected (1.5s)
[2m[WebServer] [22m{"time":"2026-09-04T21:14:28.909259-04:00","level":"ERROR","msg":"GetManagerHires failed","error":"query assigned templates for hire b4858aa5-87f1-475f-9b00-ffbc38d0bac0: context canceled"}
  ✓   45 [chromium] › tests/inventory.spec.js:277:3 › Inventory › Setup tab (now tab 7) renders catalog content when activated (936ms)
[2m[WebServer] [22m{"time":"2026-09-04T21:14:29.858951-04:00","level":"ERROR","msg":"GetManagerHires failed","error":"iterate assigned templates for hire 6b3f459c-c422-4368-a62e-520c2c9fcd91: context canceled"}
  ✓   46 [chromium] › tests/inventory.spec.js:300:3 › Inventory › Purchases tab loads purchase events from API (889ms)
[2m[WebServer] [22m{"time":"2026-09-04T21:14:30.760203-04:00","level":"ERROR","msg":"GetManagerHires failed","error":"iterate assigned templates for hire 6b3f459c-c422-4368-a62e-520c2c9fcd91: context canceled"}
  ✓   47 [chromium] › tests/inventory.spec.js:310:3 › Inventory › Purchases tab shows empty state when no purchases exist (888ms)
[2m[WebServer] [22m{"time":"2026-09-04T21:14:31.659165-04:00","level":"ERROR","msg":"GetManagerHires failed","error":"iterate assigned templates for hire b4858aa5-87f1-475f-9b00-ffbc38d0bac0: context canceled"}
  ✓   48 [chromium] › tests/inventory.spec.js:321:3 › Inventory › vendor filter dropdown is present with All Vendors default (871ms)
[2m[WebServer] [22m{"time":"2026-09-04T21:14:32.543519-04:00","level":"ERROR","msg":"GetManagerHires failed","error":"iterate assigned templates for hire 6b3f459c-c422-4368-a62e-520c2c9fcd91: context canceled"}
  ✓   49 [chromium] › tests/inventory.spec.js:328:3 › Inventory › each event card shows vendor name and total (883ms)
[2m[WebServer] [22m{"time":"2026-09-04T21:14:33.443169-04:00","level":"ERROR","msg":"GetManagerHires failed","error":"query assigned templates for hire b4858aa5-87f1-475f-9b00-ffbc38d0bac0: context canceled"}
  ✓   50 [chromium] › tests/inventory.spec.js:338:3 › Inventory › tapping an event card expands line items (894ms)
[2m[WebServer] [22m{"time":"2026-09-04T21:14:34.343069-04:00","level":"ERROR","msg":"GetManagerHires failed","error":"query assigned templates for hire b4858aa5-87f1-475f-9b00-ffbc38d0bac0: context canceled"}
  ✓   51 [chromium] › tests/inventory.spec.js:351:3 › Inventory › vendor filter has options from API (892ms)
[2m[WebServer] [22m{"time":"2026-09-04T21:14:35.244111-04:00","level":"ERROR","msg":"GetManagerHires failed","error":"iterate assigned templates for hire b4858aa5-87f1-475f-9b00-ffbc38d0bac0: context canceled"}
  ✓   52 [chromium] › tests/inventory.spec.js:363:3 › Inventory › selecting a vendor filters history events (920ms)
[2m[WebServer] [22m{"time":"2026-09-04T21:14:36.176993-04:00","level":"ERROR","msg":"GetManagerHires failed","error":"query assigned templates for hire b4858aa5-87f1-475f-9b00-ffbc38d0bac0: context canceled"}
  ✓   53 [chromium] › tests/inventory.spec.js:389:3 › Inventory › selecting All Vendors resets filter (941ms)
[2m[WebServer] [22m{"time":"2026-09-04T21:14:37.140136-04:00","level":"ERROR","msg":"GetManagerHires failed","error":"iterate assigned templates for hire 996a295c-5290-45b4-bcf9-7a4b31e639d8: context canceled"}
  ✓   54 [chromium] › tests/inventory.spec.js:408:3 › Inventory › Stock tab loads stock levels from API (948ms)
[2m[WebServer] [22m{"time":"2026-09-04T21:14:38.1023-04:00","level":"ERROR","msg":"GetManagerHires failed","error":"query assigned templates for hire b4858aa5-87f1-475f-9b00-ffbc38d0bac0: context canceled"}
  ✓   55 [chromium] › tests/inventory.spec.js:418:3 › Inventory › Stock tab groups items by tag category (951ms)
[2m[WebServer] [22m{"time":"2026-09-04T21:14:39.077019-04:00","level":"ERROR","msg":"GetManagerHires failed","error":"iterate assigned templates for hire 996a295c-5290-45b4-bcf9-7a4b31e639d8: context canceled"}
  ✓   56 [chromium] › tests/inventory.spec.js:429:3 › Inventory › stock item badges are right-aligned in a single container (953ms)
[2m[WebServer] [22m{"time":"2026-09-04T21:14:40.034957-04:00","level":"ERROR","msg":"GetManagerHires failed","error":"iterate assigned templates for hire b4858aa5-87f1-475f-9b00-ffbc38d0bac0: context canceled"}
  ✓   57 [chromium] › tests/inventory.spec.js:446:3 › Inventory › tapping tag header collapses and expands section (956ms)
  ✓   58 [chromium] › tests/inventory.spec.js:466:3 › Inventory › tapping stock item expands detail with purchase info (940ms)
[2m[WebServer] [22m{"time":"2026-09-04T21:14:41.926319-04:00","level":"ERROR","msg":"GetManagerHires failed","error":"query assigned templates for hire b4858aa5-87f1-475f-9b00-ffbc38d0bac0: context canceled"}
  ✓   59 [chromium] › tests/inventory.spec.js:480:3 › Inventory › reorder suggestions section shows Low/Medium items if any exist (922ms)
[2m[WebServer] [22m{"time":"2026-09-04T21:14:42.860218-04:00","level":"ERROR","msg":"GetManagerHires failed","error":"iterate assigned templates for hire b4858aa5-87f1-475f-9b00-ffbc38d0bac0: context canceled"}
  ✓   60 [chromium] › tests/inventory.spec.js:492:3 › Inventory › Override Level button shows override form (923ms)
[2m[WebServer] [22m{"time":"2026-09-04T21:14:43.793872-04:00","level":"ERROR","msg":"GetManagerHires failed","error":"query assigned templates for hire b4858aa5-87f1-475f-9b00-ffbc38d0bac0: context canceled"}
  ✓   61 [chromium] › tests/inventory.spec.js:512:3 › Inventory › Trends tab renders the spend-by-group surface (1.0s)
[2m[WebServer] [22m{"time":"2026-09-04T21:14:44.824931-04:00","level":"ERROR","msg":"GetManagerHires failed","error":"query assigned templates for hire b4858aa5-87f1-475f-9b00-ffbc38d0bac0: context canceled"}
  ✓   62 [chromium] › tests/inventory.spec.js:528:3 › Inventory › Cost tab renders the cost surface (1.0s)
[2m[WebServer] [22m{"time":"2026-09-04T21:14:45.859088-04:00","level":"ERROR","msg":"GetManagerHires failed","error":"iterate assigned templates for hire 6b3f459c-c422-4368-a62e-520c2c9fcd91: context canceled"}
  ✓   63 [chromium] › tests/inventory.spec.js:540:3 › Inventory › Menu tab renders empty state when API returns [] (1.5s)
[2m[WebServer] [22m{"time":"2026-09-04T21:14:47.344079-04:00","level":"ERROR","msg":"GetManagerHires failed","error":"iterate assigned templates for hire 6b3f459c-c422-4368-a62e-520c2c9fcd91: context canceled"}
  ✓   64 [chromium] › tests/inventory.spec.js:557:3 › Inventory › Menu tab renders rows when API returns data (1.6s)
[2m[WebServer] [22m{"time":"2026-09-04T21:14:48.941796-04:00","level":"ERROR","msg":"GetManagerHires failed","error":"iterate assigned templates for hire 6b3f459c-c422-4368-a62e-520c2c9fcd91: context canceled"}
  ✓   65 [chromium] › tests/inventory.spec.js:589:3 › Inventory › pending review items show Needs Review badge (937ms)
[2m[WebServer] [22m{"time":"2026-09-04T21:14:49.904488-04:00","level":"ERROR","msg":"GetManagerHires failed","error":"iterate assigned templates for hire 996a295c-5290-45b4-bcf9-7a4b31e639d8: context canceled"}
  ✓   66 [chromium] › tests/inventory.spec.js:624:3 › Inventory › tapping pending card opens review form (993ms)
[2m[WebServer] [22m{"time":"2026-09-04T21:14:50.892384-04:00","level":"ERROR","msg":"GetManagerHires failed","error":"query assigned templates for hire b4858aa5-87f1-475f-9b00-ffbc38d0bac0: context canceled"}
  ✓   67 [chromium] › tests/inventory.spec.js:630:3 › Inventory › review form has confirm and discard buttons (988ms)
[2m[WebServer] [22m{"time":"2026-09-04T21:14:51.907688-04:00","level":"ERROR","msg":"GetManagerHires failed","error":"iterate assigned templates for hire 996a295c-5290-45b4-bcf9-7a4b31e639d8: context canceled"}
  ✓   68 [chromium] › tests/inventory.spec.js:636:3 › Inventory › review form shows pre-filled vendor and date fields (1.0s)
[2m[WebServer] [22m{"time":"2026-09-04T21:14:52.947931-04:00","level":"ERROR","msg":"GetManagerHires failed","error":"query assigned templates for hire b4858aa5-87f1-475f-9b00-ffbc38d0bac0: context canceled"}
  ✓   69 [chromium] › tests/inventory.spec.js:642:3 › Inventory › review form allows adding a new line item (1.1s)
[2m[WebServer] [22m{"time":"2026-09-04T21:14:54.018273-04:00","level":"ERROR","msg":"GetManagerHires failed","error":"query assigned templates for hire b4858aa5-87f1-475f-9b00-ffbc38d0bac0: context canceled"}
  ✓   70 [chromium] › tests/inventory.spec.js:650:3 › Inventory › All caught up shows when no pending items in review queue (924ms)
[2m[WebServer] [22m{"time":"2026-09-04T21:14:54.95255-04:00","level":"ERROR","msg":"GetManagerHires failed","error":"query assigned templates for hire b4858aa5-87f1-475f-9b00-ffbc38d0bac0: context canceled"}
  ✓   71 [chromium] › tests/inventory.spec.js:663:3 › Inventory › back link navigates to HQ (911ms)
[2m[WebServer] [22m{"time":"2026-09-04T21:14:55.86661-04:00","level":"ERROR","msg":"GetManagerHires failed","error":"iterate assigned templates for hire 6b3f459c-c422-4368-a62e-520c2c9fcd91: context canceled"}
  ✓   72 [chromium] › tests/inventory.spec.js:672:3 › Inventory › HQ launcher has Inventory tile linking to inventory.html (1.4s)
[2m[WebServer] [22m{"time":"2026-09-04T21:14:57.318894-04:00","level":"ERROR","msg":"GetMyTrainings failed","error":"get user roles: context canceled"}
  ✓   73 [chromium] › tests/inventory.spec.js:682:3 › Inventory › Trends and Cost containers exist for future data wiring (888ms)
[2m[WebServer] [22m{"time":"2026-09-04T21:14:58.219492-04:00","level":"ERROR","msg":"GetManagerHires failed","error":"iterate assigned templates for hire 996a295c-5290-45b4-bcf9-7a4b31e639d8: context canceled"}
  ✓   74 [chromium] › tests/inventory.spec.js:689:3 › Inventory › Setup tab exists as 7th tab (880ms)
  ✓   75 [chromium] › tests/inventory.spec.js:693:3 › Inventory › Setup tab has Items and Vendors sub-tabs (924ms)
[2m[WebServer] [22m{"time":"2026-09-04T21:15:00.042728-04:00","level":"ERROR","msg":"GetManagerHires failed","error":"iterate assigned templates for hire 6b3f459c-c422-4368-a62e-520c2c9fcd91: context canceled"}
  ✓   76 [chromium] › tests/inventory.spec.js:700:3 › Inventory › Vendors sub-tab shows vendor list (1.0s)
[2m[WebServer] [22m{"time":"2026-09-04T21:15:01.071431-04:00","level":"ERROR","msg":"GetManagerHires failed","error":"iterate assigned templates for hire 996a295c-5290-45b4-bcf9-7a4b31e639d8: context canceled"}
  ✓   77 [chromium] › tests/inventory.spec.js:713:3 › Inventory › Vendors sub-tab has add vendor form (983ms)
[2m[WebServer] [22m{"time":"2026-09-04T21:15:02.053321-04:00","level":"ERROR","msg":"GetManagerHires failed","error":"iterate assigned templates for hire 996a295c-5290-45b4-bcf9-7a4b31e639d8: context canceled"}
  ✓   78 [chromium] › tests/inventory.spec.js:720:3 › Inventory › tapping vendor expands inline edit form (1.0s)
[2m[WebServer] [22m{"time":"2026-09-04T21:15:03.115746-04:00","level":"ERROR","msg":"GetManagerHires failed","error":"iterate assigned templates for hire 6b3f459c-c422-4368-a62e-520c2c9fcd91: context canceled"}
  ✓   79 [chromium] › tests/inventory.spec.js:733:3 › Inventory › Items sub-tab shows item list or empty state (988ms)
[2m[WebServer] [22m{"time":"2026-09-04T21:15:04.115688-04:00","level":"ERROR","msg":"GetManagerHires failed","error":"query assigned templates for hire b4858aa5-87f1-475f-9b00-ffbc38d0bac0: context canceled"}
  ✓   80 [chromium] › tests/inventory.spec.js:744:3 › Inventory › Items tab has search filter (961ms)
[2m[WebServer] [22m{"time":"2026-09-04T21:15:05.095579-04:00","level":"ERROR","msg":"GetManagerHires failed","error":"iterate assigned templates for hire b4858aa5-87f1-475f-9b00-ffbc38d0bac0: context canceled"}
  ✓   81 [chromium] › tests/inventory.spec.js:751:3 › Inventory › Items search filters items by name (1.9s)
[2m[WebServer] [22m{"time":"2026-09-04T21:15:06.983939-04:00","level":"ERROR","msg":"GetManagerHires failed","error":"iterate assigned templates for hire 6b3f459c-c422-4368-a62e-520c2c9fcd91: context canceled"}
  ✓   82 [chromium] › tests/inventory.spec.js:775:3 › Inventory › Items tab has add item form (981ms)
[2m[WebServer] [22m{"time":"2026-09-04T21:15:07.970378-04:00","level":"ERROR","msg":"GetManagerHires failed","error":"iterate assigned templates for hire 996a295c-5290-45b4-bcf9-7a4b31e639d8: context canceled"}
  ✓   83 [chromium] › tests/inventory.spec.js:783:3 › Inventory › create new item via Items tab (1.1s)
[2m[WebServer] [22m{"time":"2026-09-04T21:15:09.102727-04:00","level":"ERROR","msg":"GetManagerHires failed","error":"iterate assigned templates for hire 996a295c-5290-45b4-bcf9-7a4b31e639d8: context canceled"}
  ✓   84 [chromium] › tests/inventory.spec.js:801:3 › Inventory › review form line item name is readonly (dropdown-only) (1.0s)
[2m[WebServer] [22m{"time":"2026-09-04T21:15:10.136483-04:00","level":"ERROR","msg":"GetManagerHires failed","error":"iterate assigned templates for hire 996a295c-5290-45b4-bcf9-7a4b31e639d8: context canceled"}
  ✓   85 [chromium] › tests/inventory.spec.js:818:3 › Inventory › clicking line item name opens item picker modal (1.0s)
[2m[WebServer] [22m{"time":"2026-09-04T21:15:11.17737-04:00","level":"ERROR","msg":"GetManagerHires failed","error":"query assigned templates for hire b4858aa5-87f1-475f-9b00-ffbc38d0bac0: context canceled"}
  ✓   86 [chromium] › tests/inventory.spec.js:839:3 › Inventory › item modal shows create option when searching (1.2s)
[2m[WebServer] [22m{"time":"2026-09-04T21:15:12.438969-04:00","level":"ERROR","msg":"GetManagerHires failed","error":"iterate assigned templates for hire 996a295c-5290-45b4-bcf9-7a4b31e639d8: context canceled"}
  ✓   87 [chromium] › tests/inventory.spec.js:861:3 › Inventory › item modal create option shows title-cased name (1.3s)
[2m[WebServer] [22m{"time":"2026-09-04T21:15:13.708229-04:00","level":"ERROR","msg":"GetManagerHires failed","error":"query assigned templates for hire 996a295c-5290-45b4-bcf9-7a4b31e639d8: context canceled"}
  ✓   88 [chromium] › tests/inventory.spec.js:883:3 › Inventory › item modal pre-fills search with current line item text (1.1s)
[2m[WebServer] [22m{"time":"2026-09-04T21:15:14.807486-04:00","level":"ERROR","msg":"GetManagerHires failed","error":"iterate assigned templates for hire 996a295c-5290-45b4-bcf9-7a4b31e639d8: context canceled"}
  ✓   89 [chromium] › tests/inventory.spec.js:903:3 › Inventory › create item form pre-fills name with title case (1.3s)
[2m[WebServer] [22m{"time":"2026-09-04T21:15:16.12684-04:00","level":"ERROR","msg":"GetManagerHires failed","error":"iterate assigned templates for hire 996a295c-5290-45b4-bcf9-7a4b31e639d8: context canceled"}
  ✓   90 [chromium] › tests/inventory.spec.js:928:3 › Inventory › confirm receipt blocked when line items not linked to catalog items (1.0s)
[2m[WebServer] [22m{"time":"2026-09-04T21:15:17.191926-04:00","level":"ERROR","msg":"GetManagerHires failed","error":"iterate assigned templates for hire 996a295c-5290-45b4-bcf9-7a4b31e639d8: context canceled"}
  ✓   91 [chromium] › tests/inventory.spec.js:947:3 › Inventory › selecting item from modal fills name and sets item id (1.1s)
[2m[WebServer] [22m{"time":"2026-09-04T21:15:18.29732-04:00","level":"ERROR","msg":"GetManagerHires failed","error":"query assigned templates for hire b4858aa5-87f1-475f-9b00-ffbc38d0bac0: context canceled"}
  ✓   92 [chromium] › tests/inventory.spec.js:977:3 › Inventory › pending review form shows vendor search with + button (1.0s)
[2m[WebServer] [22m{"time":"2026-09-04T21:15:19.321556-04:00","level":"ERROR","msg":"GetManagerHires failed","error":"iterate assigned templates for hire 996a295c-5290-45b4-bcf9-7a4b31e639d8: context canceled"}
  ✓   93 [chromium] › tests/inventory.spec.js:993:3 › Inventory › vendor search filters known vendors as you type (1.0s)
[2m[WebServer] [22m{"time":"2026-09-04T21:15:20.340685-04:00","level":"ERROR","msg":"GetManagerHires failed","error":"iterate assigned templates for hire 996a295c-5290-45b4-bcf9-7a4b31e639d8: context canceled"}
  ✓   94 [chromium] › tests/inventory.spec.js:1017:3 › Inventory › vendor dropdown item click fills the vendor field (1.1s)
[2m[WebServer] [22m{"time":"2026-09-04T21:15:21.420191-04:00","level":"ERROR","msg":"GetManagerHires failed","error":"iterate assigned templates for hire 996a295c-5290-45b4-bcf9-7a4b31e639d8: context canceled"}
  ✓   95 [chromium] › tests/inventory.spec.js:1046:3 › Inventory › review form has tax field and grand total (1.0s)
[2m[WebServer] [22m{"time":"2026-09-04T21:15:22.452723-04:00","level":"ERROR","msg":"GetManagerHires failed","error":"iterate assigned templates for hire 996a295c-5290-45b4-bcf9-7a4b31e639d8: context canceled"}
  ✓   96 [chromium] › tests/inventory.spec.js:1064:3 › Inventory › editing tax updates grand total in real-time (1.0s)
[2m[WebServer] [22m{"time":"2026-09-04T21:15:23.487137-04:00","level":"ERROR","msg":"GetManagerHires failed","error":"iterate assigned templates for hire 996a295c-5290-45b4-bcf9-7a4b31e639d8: context canceled"}
  ✓   97 [chromium] › tests/inventory.spec.js:1083:3 › Inventory › green match banner shows when total equals bank transaction (1.0s)
[2m[WebServer] [22m{"time":"2026-09-04T21:15:24.52181-04:00","level":"ERROR","msg":"GetManagerHires failed","error":"iterate assigned templates for hire 996a295c-5290-45b4-bcf9-7a4b31e639d8: context canceled"}
  ✓   98 [chromium] › tests/inventory.spec.js:1101:3 › Inventory › yellow mismatch banner shows when total differs from bank transaction (1.0s)
[2m[WebServer] [22m{"time":"2026-09-04T21:15:25.553842-04:00","level":"ERROR","msg":"GetManagerHires failed","error":"iterate assigned templates for hire 996a295c-5290-45b4-bcf9-7a4b31e639d8: context canceled"}
  ✓   99 [chromium] › tests/inventory.spec.js:1118:3 › Inventory › bank total displays as positive in mismatch banner (1.0s)
[2m[WebServer] [22m{"time":"2026-09-04T21:15:26.590424-04:00","level":"ERROR","msg":"GetManagerHires failed","error":"iterate assigned templates for hire 996a295c-5290-45b4-bcf9-7a4b31e639d8: context canceled"}
  ✓  100 [chromium] › tests/inventory.spec.js:1135:3 › Inventory › banner switches from mismatch to match when amounts are corrected (1.1s)
[2m[WebServer] [22m{"time":"2026-09-04T21:15:27.630776-04:00","level":"ERROR","msg":"GetManagerHires failed","error":"query assigned templates for hire b4858aa5-87f1-475f-9b00-ffbc38d0bac0: context canceled"}
  ✓  101 [chromium] › tests/inventory.spec.js:1158:3 › Inventory › price input is text type, not number (no spinner arrows) (1.0s)
[2m[WebServer] [22m{"time":"2026-09-04T21:15:28.65849-04:00","level":"ERROR","msg":"GetManagerHires failed","error":"iterate assigned templates for hire 996a295c-5290-45b4-bcf9-7a4b31e639d8: context canceled"}
  ✓  102 [chromium] › tests/inventory.spec.js:1177:3 › Inventory › typing in price field does not lose focus (1.0s)
[2m[WebServer] [22m{"time":"2026-09-04T21:15:29.713984-04:00","level":"ERROR","msg":"GetManagerHires failed","error":"iterate assigned templates for hire 6b3f459c-c422-4368-a62e-520c2c9fcd91: context canceled"}
  ✓  103 [chromium] › tests/inventory.spec.js:1199:3 › Inventory › view receipt button appears on pending review with receipt_url (1.0s)
[2m[WebServer] [22m{"time":"2026-09-04T21:15:30.7322-04:00","level":"ERROR","msg":"GetManagerHires failed","error":"iterate assigned templates for hire 6b3f459c-c422-4368-a62e-520c2c9fcd91: context canceled"}
  ✓  104 [chromium] › tests/inventory.spec.js:1236:3 › Inventory › view receipt button opens fullscreen overlay (1.1s)
[2m[WebServer] [22m{"time":"2026-09-04T21:15:31.842034-04:00","level":"ERROR","msg":"GetManagerHires failed","error":"iterate assigned templates for hire 996a295c-5290-45b4-bcf9-7a4b31e639d8: context canceled"}
  ✓  105 [chromium] › tests/inventory.spec.js:1266:3 › Inventory › confirmed event shows view receipt button when expanded (929ms)
[2m[WebServer] [22m{"time":"2026-09-04T21:15:32.769881-04:00","level":"ERROR","msg":"GetManagerHires failed","error":"iterate assigned templates for hire 996a295c-5290-45b4-bcf9-7a4b31e639d8: context canceled"}
  ✓  106 [chromium] › tests/inventory.spec.js:1281:3 › Inventory › pending reason shows friendly message not raw API error (1.1s)
[2m[WebServer] [22m{"time":"2026-09-04T21:15:33.836492-04:00","level":"ERROR","msg":"GetManagerHires failed","error":"iterate assigned templates for hire 996a295c-5290-45b4-bcf9-7a4b31e639d8: context canceled"}
  ✓  107 [chromium] › tests/inventory.spec.js:1311:3 › Inventory › merge vendors: source deleted, events migrated (positive) (920ms)
[2m[WebServer] [22m{"time":"2026-09-04T21:15:34.759376-04:00","level":"ERROR","msg":"GetManagerHires failed","error":"query assigned templates for hire b4858aa5-87f1-475f-9b00-ffbc38d0bac0: context canceled"}
  ✓  108 [chromium] › tests/inventory.spec.js:1337:3 › Inventory › merge vendors: cannot merge into self (negative) (886ms)
[2m[WebServer] [22m{"time":"2026-09-04T21:15:35.659793-04:00","level":"ERROR","msg":"GetManagerHires failed","error":"query assigned templates for hire b4858aa5-87f1-475f-9b00-ffbc38d0bac0: context canceled"}
  ✓  109 [chromium] › tests/inventory.spec.js:1350:3 › Inventory › merge vendors: invalid source returns error (negative) (891ms)
[2m[WebServer] [22m{"time":"2026-09-04T21:15:36.55819-04:00","level":"ERROR","msg":"GetManagerHires failed","error":"query assigned templates for hire b4858aa5-87f1-475f-9b00-ffbc38d0bac0: context canceled"}
  ✓  110 [chromium] › tests/inventory.spec.js:1365:3 › Inventory › merge items: source deleted, line items migrated (positive) (935ms)
[2m[WebServer] [22m{"time":"2026-09-04T21:15:37.505807-04:00","level":"ERROR","msg":"GetManagerHires failed","error":"iterate assigned templates for hire 996a295c-5290-45b4-bcf9-7a4b31e639d8: context canceled"}
  ✓  111 [chromium] › tests/inventory.spec.js:1386:3 › Inventory › merge items: cannot merge into self (negative) (920ms)
[2m[WebServer] [22m{"time":"2026-09-04T21:15:38.447541-04:00","level":"ERROR","msg":"GetManagerHires failed","error":"iterate assigned templates for hire 6b3f459c-c422-4368-a62e-520c2c9fcd91: context canceled"}
  ✓  112 [chromium] › tests/inventory.spec.js:1404:3 › Inventory › alias auto-matches receipt line in review form (1.1s)
[2m[WebServer] [22m{"time":"2026-09-04T21:15:39.533245-04:00","level":"ERROR","msg":"GetManagerHires failed","error":"query assigned templates for hire b4858aa5-87f1-475f-9b00-ffbc38d0bac0: context canceled"}
  ✓  113 [chromium] › tests/inventory.spec.js:1436:3 › Inventory › linking a receipt line learns the raw name as an alias and future receipts auto-match (1.6s)
[2m[WebServer] [22m{"time":"2026-09-04T21:15:41.0995-04:00","level":"ERROR","msg":"GetManagerHires failed","error":"iterate assigned templates for hire 6b3f459c-c422-4368-a62e-520c2c9fcd91: context canceled"}
  ✓  114 [chromium] › tests/inventory.spec.js:1477:3 › Inventory › Setup item editor shows alias chips, adds and removes nicknames (1.9s)
[2m[WebServer] [22m{"time":"2026-09-04T21:15:43.043497-04:00","level":"ERROR","msg":"GetManagerHires failed","error":"query assigned templates for hire b4858aa5-87f1-475f-9b00-ffbc38d0bac0: context canceled"}
  ✓  115 [chromium] › tests/inventory.spec.js:1519:3 › Inventory › selecting item in modal changes border from orange to no highlight (1.3s)
[2m[WebServer] [22m{"time":"2026-09-04T21:15:44.342542-04:00","level":"ERROR","msg":"GetManagerHires failed","error":"query assigned templates for hire b4858aa5-87f1-475f-9b00-ffbc38d0bac0: context canceled"}
  ✓  116 [chromium] › tests/inventory.spec.js:1555:3 › Inventory › creating item without group is rejected (negative) (868ms)
[2m[WebServer] [22m{"time":"2026-09-04T21:15:45.242688-04:00","level":"ERROR","msg":"GetManagerHires failed","error":"query assigned templates for hire b4858aa5-87f1-475f-9b00-ffbc38d0bac0: context canceled"}
  ✓  117 [chromium] › tests/inventory.spec.js:1566:3 › Inventory › creating item with group succeeds (positive) (918ms)
[2m[WebServer] [22m{"time":"2026-09-04T21:15:46.158608-04:00","level":"ERROR","msg":"GetManagerHires failed","error":"query assigned templates for hire b4858aa5-87f1-475f-9b00-ffbc38d0bac0: context canceled"}
  ✓  118 [chromium] › tests/inventory.spec.js:1578:3 › Inventory › backend rejects confirm when total does not match bank transaction (negative) (899ms)
[2m[WebServer] [22m{"time":"2026-09-04T21:15:47.075759-04:00","level":"ERROR","msg":"GetManagerHires failed","error":"iterate assigned templates for hire b4858aa5-87f1-475f-9b00-ffbc38d0bac0: context canceled"}
  ✓  119 [chromium] › tests/inventory.spec.js:1604:3 › Inventory › backend allows confirm when total matches bank transaction (positive) (909ms)
[2m[WebServer] [22m{"time":"2026-09-04T21:15:47.988831-04:00","level":"ERROR","msg":"GetManagerHires failed","error":"query assigned templates for hire 996a295c-5290-45b4-bcf9-7a4b31e639d8: context canceled"}
  ✓  120 [chromium] › tests/inventory.spec.js:1627:3 › Inventory › create item modal shows error when no group selected (1.3s)
[2m[WebServer] [22m{"time":"2026-09-04T21:15:49.354223-04:00","level":"ERROR","msg":"GetManagerHires failed","error":"iterate assigned templates for hire 996a295c-5290-45b4-bcf9-7a4b31e639d8: context canceled"}
  ✓  121 [chromium] › tests/inventory.spec.js:1653:3 › Inventory › create item modal error clears when group is selected and item created (1.5s)
[2m[WebServer] [22m{"time":"2026-09-04T21:15:50.830334-04:00","level":"ERROR","msg":"GetManagerHires failed","error":"query assigned templates for hire b4858aa5-87f1-475f-9b00-ffbc38d0bac0: context canceled"}
  ✓  122 [chromium] › tests/inventory.spec.js:1681:3 › Inventory › creating duplicate group via API returns existing group (case-insensitive) (919ms)
[2m[WebServer] [22m{"time":"2026-09-04T21:15:51.771351-04:00","level":"ERROR","msg":"GetManagerHires failed","error":"iterate assigned templates for hire 996a295c-5290-45b4-bcf9-7a4b31e639d8: context canceled"}
  ✓  123 [chromium] › tests/inventory.spec.js:1693:3 › Inventory › duplicate group shows toast warning in items tab (996ms)
[2m[WebServer] [22m{"time":"2026-09-04T21:15:52.788559-04:00","level":"ERROR","msg":"GetManagerHires failed","error":"iterate assigned templates for hire 996a295c-5290-45b4-bcf9-7a4b31e639d8: context canceled"}
  ✓  124 [chromium] › tests/inventory.spec.js:1720:3 › Inventory › unlinked line items show orange border (1.0s)
[2m[WebServer] [22m{"time":"2026-09-04T21:15:53.814543-04:00","level":"ERROR","msg":"GetManagerHires failed","error":"query assigned templates for hire b4858aa5-87f1-475f-9b00-ffbc38d0bac0: context canceled"}
  ✓  125 [chromium] › tests/inventory.spec.js:1736:3 › Inventory › auto-matched line items do not show orange border (1.1s)
[2m[WebServer] [22m{"time":"2026-09-04T21:15:54.909743-04:00","level":"ERROR","msg":"GetManagerHires failed","error":"iterate assigned templates for hire 996a295c-5290-45b4-bcf9-7a4b31e639d8: context canceled"}
  ✓  126 [chromium] › tests/inventory.spec.js:1760:3 › Inventory › item selection in review form persists after navigating away and back (2.6s)
[2m[WebServer] [22m{"time":"2026-09-04T21:15:57.565775-04:00","level":"ERROR","msg":"GetManagerHires failed","error":"iterate assigned templates for hire 6b3f459c-c422-4368-a62e-520c2c9fcd91: context canceled"}
  ✓  127 [chromium] › tests/inventory.spec.js:1820:3 › Inventory › reorder suggestions show item name not group name (1.0s)
  ✓  128 [chromium] › tests/inventory.spec.js:1847:3 › Inventory › collapsing a stock group also collapses expanded items within it (1.1s)
[2m[WebServer] [22m{"time":"2026-09-04T21:15:59.619392-04:00","level":"ERROR","msg":"GetManagerHires failed","error":"iterate assigned templates for hire 996a295c-5290-45b4-bcf9-7a4b31e639d8: context canceled"}
  ✓  129 [chromium] › tests/inventory.spec.js:1875:3 › Inventory › expand all button expands all items in a stock group (1.3s)
  ✓  130 [chromium] › tests/inventory.spec.js:1895:3 › Inventory › stock tab reflects threshold changes from Setup without page refresh (1.1s)
[2m[WebServer] [22m{"time":"2026-09-04T21:16:01.974728-04:00","level":"ERROR","msg":"GetManagerHires failed","error":"query assigned templates for hire b4858aa5-87f1-475f-9b00-ffbc38d0bac0: context canceled"}
  ✓  131 [chromium] › tests/inventory.spec.js:1952:3 › Inventory › backend rejects negative threshold values (904ms)
[2m[WebServer] [22m{"time":"2026-09-04T21:16:02.895919-04:00","level":"ERROR","msg":"GetManagerHires failed","error":"query assigned templates for hire b4858aa5-87f1-475f-9b00-ffbc38d0bac0: context canceled"}
  ✓  132 [chromium] › tests/inventory.spec.js:1965:3 › Inventory › frontend shows error for negative threshold values (1.0s)
[2m[WebServer] [22m{"time":"2026-09-04T21:16:03.956905-04:00","level":"ERROR","msg":"GetManagerHires failed","error":"iterate assigned templates for hire 996a295c-5290-45b4-bcf9-7a4b31e639d8: context canceled"}
  ✓  133 [chromium] › tests/inventory.spec.js:1985:3 › Inventory › medium shows n/a when low=0 and high=1 (no medium range) (1.0s)
[2m[WebServer] [22m{"time":"2026-09-04T21:16:05.015254-04:00","level":"ERROR","msg":"GetManagerHires failed","error":"query assigned templates for hire b4858aa5-87f1-475f-9b00-ffbc38d0bac0: context canceled"}
  ✓  134 [chromium] › tests/inventory.spec.js:2003:3 › Inventory › items with different store_locations appear under separate group headers (1.6s)
[2m[WebServer] [22m{"time":"2026-09-04T21:16:06.631923-04:00","level":"ERROR","msg":"GetManagerHires failed","error":"query assigned templates for hire b4858aa5-87f1-475f-9b00-ffbc38d0bac0: context canceled"}
  ✓  135 [chromium] › tests/inventory.spec.js:2031:3 › Inventory › items with null store_location appear under "Category, Unassigned" (1.6s)
[2m[WebServer] [22m{"time":"2026-09-04T21:16:08.204224-04:00","level":"ERROR","msg":"GetManagerHires failed","error":"iterate assigned templates for hire 996a295c-5290-45b4-bcf9-7a4b31e639d8: context canceled"}
[2m[WebServer] [22m{"time":"2026-09-04T21:16:10.375115-04:00","level":"ERROR","msg":"ListGroups tags query failed","error":"context canceled"}
[2m[WebServer] [22m{"time":"2026-09-04T21:16:10.375139-04:00","level":"ERROR","msg":"ListGroups tags query failed","error":"context canceled"}
[2m[WebServer] [22m{"time":"2026-09-04T21:16:10.375147-04:00","level":"ERROR","msg":"ListGroups tags query failed","error":"context canceled"}
  ✓  136 [chromium] › tests/inventory.spec.js:2052:3 › Inventory › user can set store_location from Setup tab edit form (2.5s)
[2m[WebServer] [22m{"time":"2026-09-04T21:16:10.690211-04:00","level":"ERROR","msg":"GetManagerHires failed","error":"iterate assigned templates for hire 996a295c-5290-45b4-bcf9-7a4b31e639d8: context canceled"}
  ✓  137 [chromium] › tests/inventory.spec.js:2100:3 › Inventory › item edit form shows photo thumbnail area and change photo link (1.6s)
[2m[WebServer] [22m{"time":"2026-09-04T21:16:12.30907-04:00","level":"ERROR","msg":"GetManagerHires failed","error":"query assigned templates for hire b4858aa5-87f1-475f-9b00-ffbc38d0bac0: context canceled"}
  ✓  138 [chromium] › tests/inventory.spec.js:2128:3 › Inventory › Setup tab has back link to Purchase Orders (959ms)
[2m[WebServer] [22m{"time":"2026-09-04T21:16:13.296775-04:00","level":"ERROR","msg":"GetManagerHires failed","error":"query assigned templates for hire b4858aa5-87f1-475f-9b00-ffbc38d0bac0: context canceled"}
[2m[WebServer] [22m{"time":"2026-09-04T21:16:14.198346-04:00","level":"ERROR","msg":"GetManagerHires failed","error":"query assigned templates for hire b4858aa5-87f1-475f-9b00-ffbc38d0bac0: context canceled"}
  ✓  139 [chromium] › tests/inventory.spec.js:2161:5 › Inventory › badge reset saves the app timezone, not the device's (device=Asia/Tokyo) (2.0s)
[2m[WebServer] [22m{"time":"2026-09-04T21:16:15.296953-04:00","level":"ERROR","msg":"GetManagerHires failed","error":"query assigned templates for hire b4858aa5-87f1-475f-9b00-ffbc38d0bac0: context canceled"}
[2m[WebServer] [22m{"time":"2026-09-04T21:16:16.19856-04:00","level":"ERROR","msg":"GetManagerHires failed","error":"query assigned templates for hire b4858aa5-87f1-475f-9b00-ffbc38d0bac0: context canceled"}
  ✓  140 [chromium] › tests/inventory.spec.js:2161:5 › Inventory › badge reset saves the app timezone, not the device's (device=America/Chicago) (2.0s)
[2m[WebServer] [22m{"time":"2026-09-04T21:16:17.309193-04:00","level":"ERROR","msg":"GetManagerHires failed","error":"iterate assigned templates for hire 996a295c-5290-45b4-bcf9-7a4b31e639d8: context canceled"}
  ✓  141 [chromium] › tests/inventory.spec.js:2196:3 › Inventory › add item bar does not allow No Group selection (1.0s)
[2m[WebServer] [22m{"time":"2026-09-04T21:16:18.32307-04:00","level":"ERROR","msg":"GetManagerHires failed","error":"iterate assigned templates for hire 996a295c-5290-45b4-bcf9-7a4b31e639d8: context canceled"}
  ✓  142 [chromium] › tests/inventory.spec.js:2204:3 › Inventory › create item without group shows alert (1.5s)
[2m[WebServer] [22m{"time":"2026-09-04T21:16:19.868792-04:00","level":"ERROR","msg":"GetManagerHires failed","error":"iterate assigned templates for hire 996a295c-5290-45b4-bcf9-7a4b31e639d8: context canceled"}
  ✓  143 [chromium] › tests/inventory.spec.js:2216:3 › Inventory › creating item opens edit form with store location dropdown (1.2s)
  ✓  144 [chromium] › tests/inventory.spec.js:2237:3 › Inventory › item with non-vendor store_location shows current value in dropdown, not None (1.6s)
[2m[WebServer] [22m{"time":"2026-09-04T21:16:22.657962-04:00","level":"ERROR","msg":"GetManagerHires failed","error":"query assigned templates for hire b4858aa5-87f1-475f-9b00-ffbc38d0bac0: context canceled"}
  ✓  145 [chromium] › tests/inventory.spec.js:2269:3 › Inventory › store location edit form shows dropdown with vendor names and + Add new option (1.6s)
[2m[WebServer] [22m{"time":"2026-09-04T21:16:24.302717-04:00","level":"ERROR","msg":"GetManagerHires failed","error":"iterate assigned templates for hire 996a295c-5290-45b4-bcf9-7a4b31e639d8: context canceled"}
  ✓  146 [chromium] › tests/inventory.spec.js:2300:3 › Inventory › store location "+ Add new" navigates to Vendors sub-tab and focuses new vendor input (1.6s)
[2m[WebServer] [22m{"time":"2026-09-04T21:16:25.937302-04:00","level":"ERROR","msg":"GetManagerHires failed","error":"iterate assigned templates for hire 996a295c-5290-45b4-bcf9-7a4b31e639d8: context canceled"}
  ✓  147 [chromium] › tests/inventory.spec.js:2328:3 › Inventory › View in Setup link navigates to Setup tab with item expanded (1.1s)
[2m[WebServer] [22m{"time":"2026-09-04T21:16:27.081961-04:00","level":"ERROR","msg":"GetManagerHires failed","error":"iterate assigned templates for hire b4858aa5-87f1-475f-9b00-ffbc38d0bac0: context canceled"}
  ✓  148 [chromium] › tests/inventory.spec.js:2374:3 › Inventory › tapping reorder suggestion expands the stock item below (1.3s)
[2m[WebServer] [22m{"time":"2026-09-04T21:16:28.432124-04:00","level":"ERROR","msg":"GetManagerHires failed","error":"query assigned templates for hire b4858aa5-87f1-475f-9b00-ffbc38d0bac0: context canceled"}
  ✓  149 [chromium] › tests/inventory.spec.js:2417:3 › Inventory › PO suggestions excludes items with no purchase history or stock override (1.0s)
[2m[WebServer] [22m{"time":"2026-09-04T21:16:29.465743-04:00","level":"ERROR","msg":"GetManagerHires failed","error":"iterate assigned templates for hire b4858aa5-87f1-475f-9b00-ffbc38d0bac0: context canceled"}
  ✓  150 [chromium] › tests/inventory.spec.js:2452:3 › Inventory › tapping item photo in PO opens fullscreen lightbox (1.3s)
[2m[WebServer] [22m{"time":"2026-09-04T21:16:30.805067-04:00","level":"ERROR","msg":"GetManagerHires failed","error":"iterate assigned templates for hire 996a295c-5290-45b4-bcf9-7a4b31e639d8: context canceled"}
  ✓  151 [chromium] › tests/inventory.spec.js:2508:3 › Inventory › after simulate-cutoff, Order tab shows next week draft (1.7s)
[2m[WebServer] [22m{"time":"2026-09-04T21:16:32.488298-04:00","level":"ERROR","msg":"GetManagerHires failed","error":"iterate assigned templates for hire 996a295c-5290-45b4-bcf9-7a4b31e639d8: context canceled"}
  ✓  152 [chromium] › tests/inventory.spec.js:2550:3 › Inventory › simulate-cutoff returns 409 when locked PO already exists (1.1s)
[2m[WebServer] [22m{"time":"2026-09-04T21:16:33.53925-04:00","level":"ERROR","msg":"GetManagerHires failed","error":"iterate assigned templates for hire 996a295c-5290-45b4-bcf9-7a4b31e639d8: context canceled"}
  ✓  153 [chromium] › tests/inventory.spec.js:2591:3 › Inventory › seed runs idempotently without duplicating items (1.0s)
[2m[WebServer] [22m{"time":"2026-09-04T21:16:34.592232-04:00","level":"ERROR","msg":"GetManagerHires failed","error":"query assigned templates for hire b4858aa5-87f1-475f-9b00-ffbc38d0bac0: context canceled"}
  ✓  154 [chromium] › tests/inventory.spec.js:2616:3 › Inventory › PO suggestions count matches inventory reorder suggestions (1.2s)
[2m[WebServer] [22m{"time":"2026-09-04T21:16:35.821042-04:00","level":"ERROR","msg":"GetMyTrainings failed","error":"query my trainings: context canceled"}
  ✓  155 [chromium] › tests/inventory.spec.js:2720:3 › Inventory › admin can add and save items on a locked PO without 409 (1.1s)
[2m[WebServer] [22m{"time":"2026-09-04T21:16:36.953424-04:00","level":"ERROR","msg":"GetMyTrainings failed","error":"query my trainings: context canceled"}
[2m[WebServer] [22m{"time":"2026-09-04T21:16:37.695655-04:00","level":"ERROR","msg":"GetManagerHires failed","error":"iterate assigned templates for hire b4858aa5-87f1-475f-9b00-ffbc38d0bac0: context canceled"}
  ✓  156 [chromium] › tests/inventory.spec.js:2792:3 › Inventory › PO tab groups items by store location (1.6s)
  ✓  157 [chromium] › tests/inventory.spec.js:2817:3 › Inventory › editing a locked PO returns 403 for non-admin users (1.2s)
[2m[WebServer] [22m{"time":"2026-09-04T21:16:39.785603-04:00","level":"ERROR","msg":"GetManagerHires failed","error":"query assigned templates for hire b4858aa5-87f1-475f-9b00-ffbc38d0bac0: context canceled"}
  ✓  158 [chromium] › tests/inventory.spec.js:2887:3 › Inventory › upsert with require_draft=true rejects locked PO even for admin (1.1s)
[2m[WebServer] [22m{"time":"2026-09-04T21:16:41.651194-04:00","level":"ERROR","msg":"GetManagerHires failed","error":"iterate hire overviews: context canceled"}
  ✓  159 [chromium] › tests/inventory.spec.js:2933:3 › Inventory › cutoff pill is admin-interactive and would be hidden for non-admin without config (1.2s)
[2m[WebServer] [22m{"time":"2026-09-04T21:16:42.079967-04:00","level":"ERROR","msg":"GetManagerHires failed","error":"iterate assigned templates for hire 6b3f459c-c422-4368-a62e-520c2c9fcd91: context canceled"}
  ✓  160 [chromium] › tests/inventory.spec.js:2970:3 › PO add item navigates to Inventory Setup › navigating to inventory.html with newItem hash prefills item name and shows Setup tab (428ms)
[2m[WebServer] [22m{"time":"2026-09-04T21:16:42.538819-04:00","level":"ERROR","msg":"GetManagerHires failed","error":"iterate assigned templates for hire 996a295c-5290-45b4-bcf9-7a4b31e639d8: context canceled"}
  ✓  161 [chromium] › tests/inventory.spec.js:2998:3 › Receipt sync button › clicking Sync Receipts disables button and shows Syncing… (1.1s)
[2m[WebServer] [22m{"time":"2026-09-04T21:16:43.604258-04:00","level":"ERROR","msg":"GetManagerHires failed","error":"iterate assigned templates for hire b4858aa5-87f1-475f-9b00-ffbc38d0bac0: context canceled"}
  ✓  162 [chromium] › tests/inventory.spec.js:3023:3 › Receipt sync button › reload mid-run shows Syncing… (state survives via GET /status) (920ms)
[2m[WebServer] [22m{"time":"2026-09-04T21:16:44.536352-04:00","level":"ERROR","msg":"GetManagerHires failed","error":"query assigned templates for hire 996a295c-5290-45b4-bcf9-7a4b31e639d8: context canceled"}
  ✓  163 [chromium] › tests/inventory.spec.js:3049:3 › Receipt sync button › completed run shows summary chip with counts (950ms)
[2m[WebServer] [22m{"time":"2026-09-04T21:16:45.485991-04:00","level":"ERROR","msg":"GetManagerHires failed","error":"iterate assigned templates for hire 996a295c-5290-45b4-bcf9-7a4b31e639d8: context canceled"}
  ✓  164 [chromium] › tests/inventory.spec.js:3082:3 › Receipt sync button › completed run with cached > 0 shows skipped segment (918ms)
[2m[WebServer] [22m{"time":"2026-09-04T21:16:46.418136-04:00","level":"ERROR","msg":"GetManagerHires failed","error":"iterate assigned templates for hire 996a295c-5290-45b4-bcf9-7a4b31e639d8: context canceled"}
  ✓  165 [chromium] › tests/inventory.spec.js:3109:3 › Receipt sync button › manual sync chip shows Synced from {date} using lookback_days (915ms)
[2m[WebServer] [22m{"time":"2026-09-04T21:16:47.351495-04:00","level":"ERROR","msg":"GetManagerHires failed","error":"iterate assigned templates for hire 996a295c-5290-45b4-bcf9-7a4b31e639d8: context canceled"}
  ✓  166 [chromium] › tests/inventory.spec.js:3146:3 › Receipt sync button › reprocess_all sync chip shows Reprocessed N pending with correct semantics (919ms)
  ✓  167 [chromium] › tests/inventory.spec.js:3181:3 › Pending card — parse_error display (260607-e1c) › renders Parser error line when parse_error is set (909ms)
[2m[WebServer] [22m{"time":"2026-09-04T21:16:49.204833-04:00","level":"ERROR","msg":"GetManagerHires failed","error":"query assigned templates for hire 996a295c-5290-45b4-bcf9-7a4b31e639d8: context canceled"}
  ✓  168 [chromium] › tests/inventory.spec.js:3211:3 › Retry parse button (260607-koi) › is shown when pending row has parse_error (926ms)
  ✓  169 [chromium] › tests/inventory.spec.js:3239:3 › Retry parse button (260607-koi) › is hidden when parse_error is empty (922ms)
[2m[WebServer] [22m{"time":"2026-09-04T21:16:51.072233-04:00","level":"ERROR","msg":"GetManagerHires failed","error":"iterate assigned templates for hire 996a295c-5290-45b4-bcf9-7a4b31e639d8: context canceled"}
  ✓  170 [chromium] › tests/inventory.spec.js:3267:3 › Retry parse button (260607-koi) › clears parse_error from card on success (1.1s)
[2m[WebServer] [22m{"time":"2026-09-04T21:16:52.136104-04:00","level":"ERROR","msg":"GetManagerHires failed","error":"iterate assigned templates for hire 996a295c-5290-45b4-bcf9-7a4b31e639d8: context canceled"}
  ✓  171 [chromium] › tests/inventory.spec.js:3320:3 › PDF receipt iframe (260607-e1c) › PDF receipt opens in iframe with new-tab link (1.0s)
[2m[WebServer] [22m{"time":"2026-09-04T21:16:53.155501-04:00","level":"ERROR","msg":"GetManagerHires failed","error":"iterate assigned templates for hire b4858aa5-87f1-475f-9b00-ffbc38d0bac0: context canceled"}
  ✓  172 [chromium] › tests/inventory.spec.js:3373:3 › Confirm Receipt disabled state (260607-fxl) › Confirm Receipt button is disabled when totals do not match and items are non-empty (963ms)
[2m[WebServer] [22m{"time":"2026-09-04T21:16:54.123029-04:00","level":"ERROR","msg":"GetManagerHires failed","error":"iterate assigned templates for hire b4858aa5-87f1-475f-9b00-ffbc38d0bac0: context canceled"}
  ✓  173 [chromium] › tests/inventory.spec.js:3401:3 › Confirm Receipt disabled state (260607-fxl) › Confirm Receipt button is disabled when items are empty and pending reason is parse-failed (954ms)
[2m[WebServer] [22m{"time":"2026-09-04T21:16:55.086843-04:00","level":"ERROR","msg":"GetManagerHires failed","error":"query assigned templates for hire 996a295c-5290-45b4-bcf9-7a4b31e639d8: context canceled"}
  ✓  174 [chromium] › tests/inventory.spec.js:3424:3 › Confirm Receipt disabled state (260607-fxl) › Confirm Receipt button is enabled when items match bank total (938ms)
  ✓  175 [chromium] › tests/inventory.spec.js:3453:3 › Retry parse auto-sync (260702-l67) › retry-parse click auto-triggers sync and flips row to Reparsing… (1.1s)
[2m[WebServer] [22m{"time":"2026-09-04T21:16:57.12193-04:00","level":"ERROR","msg":"GetMyTrainings failed","error":"context canceled"}
  ✓  176 [chromium] › tests/inventory.spec.js:3573:3 › Inventory prove sweep — Purchases › FR-3: item-picker selection persists across reload (2.1s)
[2m[WebServer] [22m{"time":"2026-09-04T21:16:59.241381-04:00","level":"ERROR","msg":"GetManagerHires failed","error":"query assigned templates for hire b4858aa5-87f1-475f-9b00-ffbc38d0bac0: context canceled"}
  ✓  177 [chromium] › tests/inventory.spec.js:3647:3 › Inventory prove sweep — Purchases › FR-5: discard sets discarded_at and removes row from queue (979ms)
[2m[WebServer] [22m{"time":"2026-09-04T21:17:00.241677-04:00","level":"ERROR","msg":"GetManagerHires failed","error":"query assigned templates for hire b4858aa5-87f1-475f-9b00-ffbc38d0bac0: context canceled"}
  ✓  178 [chromium] › tests/inventory.spec.js:3692:3 › Inventory prove sweep — Purchases › FR-11: vendor filter + pagination work against a real seed (1.1s)
[2m[WebServer] [22m{"time":"2026-09-04T21:17:01.320071-04:00","level":"ERROR","msg":"GetManagerHires failed","error":"iterate assigned templates for hire 996a295c-5290-45b4-bcf9-7a4b31e639d8: context canceled"}
  ✓  179 [chromium] › tests/inventory.spec.js:3823:3 › Inventory prove sweep — Stock › FR-12: /stock classifies low/medium/high against group thresholds (956ms)
[2m[WebServer] [22m{"time":"2026-09-04T21:17:02.275858-04:00","level":"ERROR","msg":"GetManagerHires failed","error":"query assigned templates for hire b4858aa5-87f1-475f-9b00-ffbc38d0bac0: context canceled"}
  ✓  180 [chromium] › tests/inventory.spec.js:3867:3 › Inventory prove sweep — Stock › FR-13: stock override value wins over derived sum (COALESCE) (933ms)
[2m[WebServer] [22m{"time":"2026-09-04T21:17:03.228918-04:00","level":"ERROR","msg":"GetManagerHires failed","error":"query assigned templates for hire b4858aa5-87f1-475f-9b00-ffbc38d0bac0: context canceled"}
  ✓  181 [chromium] › tests/inventory.spec.js:3902:3 › Inventory prove sweep — Stock › FR-14: manual count requires reason (400) and persists (204) (976ms)
[2m[WebServer] [22m{"time":"2026-09-04T21:17:04.240508-04:00","level":"ERROR","msg":"GetManagerHires failed","error":"iterate assigned templates for hire 996a295c-5290-45b4-bcf9-7a4b31e639d8: context canceled"}
  ✓  182 [chromium] › tests/inventory.spec.js:3946:3 › Inventory prove sweep — Stock › FR-15: reorder-tap expands item + View-in-Setup jumps to Setup tab (1.1s)
[2m[WebServer] [22m{"time":"2026-09-04T21:17:05.364448-04:00","level":"ERROR","msg":"GetManagerHires failed","error":"iterate assigned templates for hire b4858aa5-87f1-475f-9b00-ffbc38d0bac0: context canceled"}
  ✓  183 [chromium] › tests/inventory.spec.js:4028:3 › Inventory prove sweep — Setup › FR-26: item create title-cases, update persists, merge deletes source (997ms)
[2m[WebServer] [22m{"time":"2026-09-04T21:17:06.381537-04:00","level":"ERROR","msg":"GetManagerHires failed","error":"query assigned templates for hire b4858aa5-87f1-475f-9b00-ffbc38d0bac0: context canceled"}
  ✓  184 [chromium] › tests/inventory.spec.js:4086:3 › Inventory prove sweep — Setup › FR-28: group thresholds persist and low<high validation rejects invalid (955ms)
[2m[WebServer] [22m{"time":"2026-09-04T21:17:07.346265-04:00","level":"ERROR","msg":"GetManagerHires failed","error":"query assigned templates for hire b4858aa5-87f1-475f-9b00-ffbc38d0bac0: context canceled"}
  ✓  185 [chromium] › tests/inventory.spec.js:4129:3 › Inventory prove sweep — Setup › FR-29: vendor create title-cases, update renames, merge deletes source (943ms)
[2m[WebServer] [22m{"time":"2026-09-04T21:17:08.295481-04:00","level":"ERROR","msg":"GetManagerHires failed","error":"iterate assigned templates for hire b4858aa5-87f1-475f-9b00-ffbc38d0bac0: context canceled"}
  ✓  186 [chromium] › tests/inventory.spec.js:4181:3 › Inventory prove sweep — Setup › FR-30: tags list endpoint returns a well-formed array (914ms)
[2m[WebServer] [22m{"time":"2026-09-04T21:17:09.207449-04:00","level":"ERROR","msg":"GetManagerHires failed","error":"iterate assigned templates for hire b4858aa5-87f1-475f-9b00-ffbc38d0bac0: context canceled"}
  ✓  187 [chromium] › tests/inventory.spec.js:4199:3 › Inventory prove sweep — Setup › FR-31: repurchase-reset config edit persists and reads back (cross-pkg, read+write via HTTP) (887ms)
  -  188 [chromium] › tests/inventory.spec.js:4234:8 › Inventory prove sweep — Setup › FR-27: photo upload convert/resize (PARKED — needs live DO Spaces S3 client)
[2m[WebServer] [22m{"time":"2026-09-04T21:17:10.121453-04:00","level":"ERROR","msg":"GetManagerHires failed","error":"iterate assigned templates for hire 996a295c-5290-45b4-bcf9-7a4b31e639d8: context canceled"}
[2m[WebServer] [22m{"time":"2026-09-04T21:17:10.128688-04:00","level":"ERROR","msg":"GetMyTrainings failed","error":"timeout: context already done: context canceled"}
  ✓  189 [chromium] › tests/inventory.spec.js:4259:3 › Inventory prove sweep — Menu & cross-cutting › FR-16: Menu tab renders from the LIVE menu-items handler (no stub) (949ms)
[2m[WebServer] [22m{"time":"2026-09-04T21:17:11.057029-04:00","level":"ERROR","msg":"GetManagerHires failed","error":"query assigned templates for hire b4858aa5-87f1-475f-9b00-ffbc38d0bac0: context canceled"}
  ✓  190 [chromium] › tests/inventory.spec.js:4297:3 › Inventory prove sweep — Menu & cross-cutting › NFR-1: create-vendor and create-item title-case; item-EDIT gap is exposed (952ms)
[2m[WebServer] [22m{"time":"2026-09-04T21:17:12.036674-04:00","level":"ERROR","msg":"GetManagerHires failed","error":"iterate assigned templates for hire b4858aa5-87f1-475f-9b00-ffbc38d0bac0: context canceled"}
  ✓  191 [chromium] › tests/inventory.spec.js:4356:3 › Inventory prove sweep — Menu & cross-cutting › NFR-3: unauthenticated Inventory API call redirects to /login.html (1.0s)
  ✓  192 [chromium] › tests/marketing.spec.js:106:3 › Marketing tile + permission seed (card marketing-tile-and-page) › SEED: SeedHQApps registers marketing + marketing-offline-override with their first-registration grants (340ms)
[2m[WebServer] [22m{"time":"2026-09-04T21:17:13.699031-04:00","level":"ERROR","msg":"GetManagerHires failed","error":"iterate hire overviews: context canceled"}
  ✓  193 [chromium] › tests/marketing.spec.js:130:3 › Marketing tile + permission seed (card marketing-tile-and-page) › a team_member with the app grant sees the Marketing tile on the launcher (769ms)
[2m[WebServer] [22m{"time":"2026-09-04T21:17:14.488197-04:00","level":"ERROR","msg":"GetManagerHires failed","error":"iterate assigned templates for hire 6b3f459c-c422-4368-a62e-520c2c9fcd91: context canceled"}
[2m[WebServer] [22m{"time":"2026-09-04T21:17:14.650797-04:00","level":"ERROR","msg":"RequirePermission grant lookup failed","error":"context canceled","grant":"onboarding","user_id":"aebcadbc-216f-4800-9007-687cbc617800"}
[2m[WebServer] [22m{"time":"2026-09-04T21:17:14.702559-04:00","level":"INFO","msg":"client log","level":"WARN","message":"-------------- RxDB Open Core RxStorage -------------------------------\nYou are using the free Dexie.js based RxStorage implementation from RxDB https://rxdb.info/rx-storage-dexie.html?console=dexie \nWhile this is a great option, we want to let you know that there are faster storage solutions available in our premium plugins.\nFor professional users and production environments, we highly recommend considering these premium options to enhance performance and reliability.\n https://rxdb.info/premium/?console=dexie \nIf you already purchased premium access you can disable this log by calling the setPremiumFlag() function from rxdb-premium/plugins/shared.\n---------------------------------------------------------------------","user":"Mkt T. (mkt-scan-1788571034220-3943@yumyums.kitchen)","page":"/marketing.html","ua":"Mozilla/5.0 (Macintosh; Intel Mac OS X 10_15_7) AppleWebKit/537.36 (KHTML, like Gecko) HeadlessChrome/147.0.7727.15 Safa"}
  ✓  194 [chromium] › tests/marketing.spec.js:141:3 › Marketing tile + permission seed (card marketing-tile-and-page) › marketing.html shows Scan live and the other three sub-sections as labeled placeholders (947ms)
[2m[WebServer] [22m{"time":"2026-09-04T21:17:15.860152-04:00","level":"ERROR","msg":"GetManagerHires failed","error":"iterate assigned templates for hire d14ddb58-bfc7-4ca0-bffa-95504ca40f31: context canceled"}
  ✓  195 [chromium] › tests/marketing.spec.js:182:3 › Marketing tile + permission seed (card marketing-tile-and-page) › a user without the marketing grant sees NO Marketing tile (975ms)
[2m[WebServer] [22m{"time":"2026-09-04T21:17:16.169246-04:00","level":"ERROR","msg":"GetManagerHires failed","error":"query assigned templates for hire b4858aa5-87f1-475f-9b00-ffbc38d0bac0: context canceled"}
  ✓  196 [chromium] › tests/marketing.spec.js:214:3 › Marketing tile + permission seed (card marketing-tile-and-page) › the offline_override entitlement renders as a grantable row in the Users access editor (416ms)
[2m[WebServer] [22m{"time":"2026-09-04T21:17:16.87993-04:00","level":"ERROR","msg":"GetManagerHires failed","error":"query assigned templates for hire aebcadbc-216f-4800-9007-687cbc617800: context canceled"}
[2m[WebServer] [22m{"time":"2026-09-04T21:17:17.211081-04:00","level":"ERROR","msg":"GetManagerHires failed","error":"iterate assigned templates for hire aebcadbc-216f-4800-9007-687cbc617800: context canceled"}
  ✓  197 [chromium] › tests/marketing.spec.js:238:3 › Marketing tile + permission seed (card marketing-tile-and-page) › a per-user offline_override grant round-trips to that user's /me/apps (914ms)
[2m[WebServer] [22m{"time":"2026-09-04T21:17:17.537141-04:00","level":"ERROR","msg":"GetManagerHires failed","error":"query assigned templates for hire b4858aa5-87f1-475f-9b00-ffbc38d0bac0: context canceled"}
[2m[WebServer] [22m{"time":"2026-09-04T21:17:17.589799-04:00","level":"INFO","msg":"client log","level":"WARN","message":"-------------- RxDB Open Core RxStorage -------------------------------\nYou are using the free Dexie.js based RxStorage implementation from RxDB https://rxdb.info/rx-storage-dexie.html?console=dexie \nWhile this is a great option, we want to let you know that there are faster storage solutions available in our premium plugins.\nFor professional users and production environments, we highly recommend considering these premium options to enhance performance and reliability.\n https://rxdb.info/premium/?console=dexie \nIf you already purchased premium access you can disable this log by calling the setPremiumFlag() function from rxdb-premium/plugins/shared.\n---------------------------------------------------------------------","user":"Jamal C. (jamal@yumyums.kitchen)","page":"/marketing.html","ua":"Mozilla/5.0 (Macintosh; Intel Mac OS X 10_15_7) AppleWebKit/537.36 (KHTML, like Gecko) HeadlessChrome/147.0.7727.15 Safa"}
  ✓  198 [chromium] › tests/marketing.spec.js:357:3 › Camera scanner decode (card camera-scanner-decode) › a printed QR decodes from an image and its on-device hash equals the committed seed literal (746ms)
[2m[WebServer] [22m{"time":"2026-09-04T21:17:18.286497-04:00","level":"ERROR","msg":"GetManagerHires failed","error":"query assigned templates for hire b4858aa5-87f1-475f-9b00-ffbc38d0bac0: context canceled"}
[2m[WebServer] [22m{"time":"2026-09-04T21:17:18.338815-04:00","level":"INFO","msg":"client log","level":"WARN","message":"-------------- RxDB Open Core RxStorage -------------------------------\nYou are using the free Dexie.js based RxStorage implementation from RxDB https://rxdb.info/rx-storage-dexie.html?console=dexie \nWhile this is a great option, we want to let you know that there are faster storage solutions available in our premium plugins.\nFor professional users and production environments, we highly recommend considering these premium options to enhance performance and reliability.\n https://rxdb.info/premium/?console=dexie \nIf you already purchased premium access you can disable this log by calling the setPremiumFlag() function from rxdb-premium/plugins/shared.\n---------------------------------------------------------------------","user":"Jamal C. (jamal@yumyums.kitchen)","page":"/marketing.html","ua":"Mozilla/5.0 (Macintosh; Intel Mac OS X 10_15_7) AppleWebKit/537.36 (KHTML, like Gecko) HeadlessChrome/147.0.7727.15 Safa"}
  ✓  199 [chromium] › tests/marketing.spec.js:375:3 › Camera scanner decode (card camera-scanner-decode) › done_when: a synced customer's offer resolves OFFLINE from the local replica (image decode) (550ms)
[2m[WebServer] [22m{"time":"2026-09-04T21:17:18.83805-04:00","level":"ERROR","msg":"GetManagerHires failed","error":"iterate assigned templates for hire 6b3f459c-c422-4368-a62e-520c2c9fcd91: context canceled"}
[2m[WebServer] [22m{"time":"2026-09-04T21:17:18.90331-04:00","level":"INFO","msg":"client log","level":"WARN","message":"-------------- RxDB Open Core RxStorage -------------------------------\nYou are using the free Dexie.js based RxStorage implementation from RxDB https://rxdb.info/rx-storage-dexie.html?console=dexie \nWhile this is a great option, we want to let you know that there are faster storage solutions available in our premium plugins.\nFor professional users and production environments, we highly recommend considering these premium options to enhance performance and reliability.\n https://rxdb.info/premium/?console=dexie \nIf you already purchased premium access you can disable this log by calling the setPremiumFlag() function from rxdb-premium/plugins/shared.\n---------------------------------------------------------------------","user":"Jamal C. (jamal@yumyums.kitchen)","page":"/marketing.html","ua":"Mozilla/5.0 (Macintosh; Intel Mac OS X 10_15_7) AppleWebKit/537.36 (KHTML, like Gecko) HeadlessChrome/147.0.7727.15 Safa"}
  ✓  200 [chromium] › tests/marketing.spec.js:397:3 › Camera scanner decode (card camera-scanner-decode) › done_when: an un-synced customer falls back OFFLINE to the QR-embedded offer, marked unverified (image decode) (542ms)
[2m[WebServer] [22m{"time":"2026-09-04T21:17:19.392773-04:00","level":"ERROR","msg":"GetManagerHires failed","error":"iterate assigned templates for hire 20fe6f7b-d59c-4ac1-aafa-1ab8df4f0943: context canceled"}
[2m[WebServer] [22m{"time":"2026-09-04T21:17:19.456757-04:00","level":"INFO","msg":"client log","level":"WARN","message":"-------------- RxDB Open Core RxStorage -------------------------------\nYou are using the free Dexie.js based RxStorage implementation from RxDB https://rxdb.info/rx-storage-dexie.html?console=dexie \nWhile this is a great option, we want to let you know that there are faster storage solutions available in our premium plugins.\nFor professional users and production environments, we highly recommend considering these premium options to enhance performance and reliability.\n https://rxdb.info/premium/?console=dexie \nIf you already purchased premium access you can disable this log by calling the setPremiumFlag() function from rxdb-premium/plugins/shared.\n---------------------------------------------------------------------","user":"Jamal C. (jamal@yumyums.kitchen)","page":"/marketing.html","ua":"Mozilla/5.0 (Macintosh; Intel Mac OS X 10_15_7) AppleWebKit/537.36 (KHTML, like Gecko) HeadlessChrome/147.0.7727.15 Safa"}
  ✓  201 [chromium] › tests/marketing.spec.js:416:3 › Camera scanner decode (card camera-scanner-decode) › resolution order: the local replica beats the QR-embedded offer when both exist (459ms)
[2m[WebServer] [22m{"time":"2026-09-04T21:17:19.850289-04:00","level":"ERROR","msg":"GetManagerHires failed","error":"iterate assigned templates for hire 6b3f459c-c422-4368-a62e-520c2c9fcd91: context canceled"}
[2m[WebServer] [22m{"time":"2026-09-04T21:17:19.902625-04:00","level":"INFO","msg":"client log","level":"WARN","message":"-------------- RxDB Open Core RxStorage -------------------------------\nYou are using the free Dexie.js based RxStorage implementation from RxDB https://rxdb.info/rx-storage-dexie.html?console=dexie \nWhile this is a great option, we want to let you know that there are faster storage solutions available in our premium plugins.\nFor professional users and production environments, we highly recommend considering these premium options to enhance performance and reliability.\n https://rxdb.info/premium/?console=dexie \nIf you already purchased premium access you can disable this log by calling the setPremiumFlag() function from rxdb-premium/plugins/shared.\n---------------------------------------------------------------------","user":"Jamal C. (jamal@yumyums.kitchen)","page":"/marketing.html","ua":"Mozilla/5.0 (Macintosh; Intel Mac OS X 10_15_7) AppleWebKit/537.36 (KHTML, like Gecko) HeadlessChrome/147.0.7727.15 Safa"}
  ✓  202 [chromium] › tests/marketing.spec.js:430:3 › Camera scanner decode (card camera-scanner-decode) › a token in neither replica with no descriptor resolves unknownCode (F2 display) (420ms)
[2m[WebServer] [22m{"time":"2026-09-04T21:17:20.281578-04:00","level":"ERROR","msg":"GetManagerHires failed","error":"query assigned templates for hire b4858aa5-87f1-475f-9b00-ffbc38d0bac0: context canceled"}
[2m[WebServer] [22m{"time":"2026-09-04T21:17:20.335262-04:00","level":"INFO","msg":"client log","level":"WARN","message":"-------------- RxDB Open Core RxStorage -------------------------------\nYou are using the free Dexie.js based RxStorage implementation from RxDB https://rxdb.info/rx-storage-dexie.html?console=dexie \nWhile this is a great option, we want to let you know that there are faster storage solutions available in our premium plugins.\nFor professional users and production environments, we highly recommend considering these premium options to enhance performance and reliability.\n https://rxdb.info/premium/?console=dexie \nIf you already purchased premium access you can disable this log by calling the setPremiumFlag() function from rxdb-premium/plugins/shared.\n---------------------------------------------------------------------","user":"Jamal C. (jamal@yumyums.kitchen)","page":"/marketing.html","ua":"Mozilla/5.0 (Macintosh; Intel Mac OS X 10_15_7) AppleWebKit/537.36 (KHTML, like Gecko) HeadlessChrome/147.0.7727.15 Safa"}
  ✓  203 [chromium] › tests/marketing.spec.js:438:3 › Camera scanner decode (card camera-scanner-decode) › a payload that is not a Yumyums code resolves invalidPayload, loudly (420ms)
[2m[WebServer] [22m{"time":"2026-09-04T21:17:20.725277-04:00","level":"ERROR","msg":"GetManagerHires failed","error":"iterate assigned templates for hire 20fe6f7b-d59c-4ac1-aafa-1ab8df4f0943: context canceled"}
[2m[WebServer] [22m{"time":"2026-09-04T21:17:20.790813-04:00","level":"INFO","msg":"client log","level":"WARN","message":"-------------- RxDB Open Core RxStorage -------------------------------\nYou are using the free Dexie.js based RxStorage implementation from RxDB https://rxdb.info/rx-storage-dexie.html?console=dexie \nWhile this is a great option, we want to let you know that there are faster storage solutions available in our premium plugins.\nFor professional users and production environments, we highly recommend considering these premium options to enhance performance and reliability.\n https://rxdb.info/premium/?console=dexie \nIf you already purchased premium access you can disable this log by calling the setPremiumFlag() function from rxdb-premium/plugins/shared.\n---------------------------------------------------------------------","user":"Jamal C. (jamal@yumyums.kitchen)","page":"/marketing.html","ua":"Mozilla/5.0 (Macintosh; Intel Mac OS X 10_15_7) AppleWebKit/537.36 (KHTML, like Gecko) HeadlessChrome/147.0.7727.15 Safa"}
  ✓  204 [chromium] › tests/marketing.spec.js:448:3 › Camera scanner decode (card camera-scanner-decode) › F3 offline: a locally-redeemed code rejects immediately as spentLocally (465ms)
[2m[WebServer] [22m{"time":"2026-09-04T21:17:21.182527-04:00","level":"ERROR","msg":"GetManagerHires failed","error":"query assigned templates for hire b4858aa5-87f1-475f-9b00-ffbc38d0bac0: context canceled"}
[2m[WebServer] [22m{"time":"2026-09-04T21:17:21.234912-04:00","level":"INFO","msg":"client log","level":"WARN","message":"-------------- RxDB Open Core RxStorage -------------------------------\nYou are using the free Dexie.js based RxStorage implementation from RxDB https://rxdb.info/rx-storage-dexie.html?console=dexie \nWhile this is a great option, we want to let you know that there are faster storage solutions available in our premium plugins.\nFor professional users and production environments, we highly recommend considering these premium options to enhance performance and reliability.\n https://rxdb.info/premium/?console=dexie \nIf you already purchased premium access you can disable this log by calling the setPremiumFlag() function from rxdb-premium/plugins/shared.\n---------------------------------------------------------------------","user":"Jamal C. (jamal@yumyums.kitchen)","page":"/marketing.html","ua":"Mozilla/5.0 (Macintosh; Intel Mac OS X 10_15_7) AppleWebKit/537.36 (KHTML, like Gecko) HeadlessChrome/147.0.7727.15 Safa"}
  ✓  205 [chromium] › tests/marketing.spec.js:462:3 › Camera scanner decode (card camera-scanner-decode) › F3 online: the local redeemed flag does NOT reject — the server decides at submit (439ms)
[2m[WebServer] [22m{"time":"2026-09-04T21:17:21.631921-04:00","level":"ERROR","msg":"GetManagerHires failed","error":"query assigned templates for hire b4858aa5-87f1-475f-9b00-ffbc38d0bac0: context canceled"}
[2m[WebServer] [22m{"time":"2026-09-04T21:17:21.68383-04:00","level":"INFO","msg":"client log","level":"WARN","message":"-------------- RxDB Open Core RxStorage -------------------------------\nYou are using the free Dexie.js based RxStorage implementation from RxDB https://rxdb.info/rx-storage-dexie.html?console=dexie \nWhile this is a great option, we want to let you know that there are faster storage solutions available in our premium plugins.\nFor professional users and production environments, we highly recommend considering these premium options to enhance performance and reliability.\n https://rxdb.info/premium/?console=dexie \nIf you already purchased premium access you can disable this log by calling the setPremiumFlag() function from rxdb-premium/plugins/shared.\n---------------------------------------------------------------------","user":"Jamal C. (jamal@yumyums.kitchen)","page":"/marketing.html","ua":"Mozilla/5.0 (Macintosh; Intel Mac OS X 10_15_7) AppleWebKit/537.36 (KHTML, like Gecko) HeadlessChrome/147.0.7727.15 Safa"}
  ✓  206 [chromium] › tests/marketing.spec.js:477:3 › Camera scanner decode (card camera-scanner-decode) › offline expiry uses clock.isExpired — a +2h server offset expires a code raw Date.now() calls live (432ms)
[2m[WebServer] [22m{"time":"2026-09-04T21:17:22.081749-04:00","level":"ERROR","msg":"GetManagerHires failed","error":"iterate assigned templates for hire 6b3f459c-c422-4368-a62e-520c2c9fcd91: context canceled"}
[2m[WebServer] [22m{"time":"2026-09-04T21:17:22.134773-04:00","level":"INFO","msg":"client log","level":"WARN","message":"-------------- RxDB Open Core RxStorage -------------------------------\nYou are using the free Dexie.js based RxStorage implementation from RxDB https://rxdb.info/rx-storage-dexie.html?console=dexie \nWhile this is a great option, we want to let you know that there are faster storage solutions available in our premium plugins.\nFor professional users and production environments, we highly recommend considering these premium options to enhance performance and reliability.\n https://rxdb.info/premium/?console=dexie \nIf you already purchased premium access you can disable this log by calling the setPremiumFlag() function from rxdb-premium/plugins/shared.\n---------------------------------------------------------------------","user":"Jamal C. (jamal@yumyums.kitchen)","page":"/marketing.html","ua":"Mozilla/5.0 (Macintosh; Intel Mac OS X 10_15_7) AppleWebKit/537.36 (KHTML, like Gecko) HeadlessChrome/147.0.7727.15 Safa"}
[2m[WebServer] [22m{"time":"2026-09-04T21:17:22.218148-04:00","level":"INFO","msg":"client log","level":"WARN","message":"-------------- RxDB Open Core RxStorage -------------------------------\nYou are using the free Dexie.js based RxStorage implementation from RxDB https://rxdb.info/rx-storage-dexie.html?console=dexie \nWhile this is a great option, we want to let you know that there are faster storage solutions available in our premium plugins.\nFor professional users and production environments, we highly recommend considering these premium options to enhance performance and reliability.\n https://rxdb.info/premium/?console=dexie \nIf you already purchased premium access you can disable this log by calling the setPremiumFlag() function from rxdb-premium/plugins/shared.\n---------------------------------------------------------------------","user":"Jamal C. (jamal@yumyums.kitchen)","page":"/marketing.html","ua":"Mozilla/5.0 (Macintosh; Intel Mac OS X 10_15_7) AppleWebKit/537.36 (KHTML, like Gecko) HeadlessChrome/147.0.7727.15 Safa"}
  ✓  207 [chromium] › tests/marketing.spec.js:497:3 › Camera scanner decode (card camera-scanner-decode) › the clock state round-trips a reload (persist → initialState) so a reloaded-offline device keeps its offset (466ms)
[2m[WebServer] [22m{"time":"2026-09-04T21:17:22.555285-04:00","level":"ERROR","msg":"GetManagerHires failed","error":"iterate assigned templates for hire 20fe6f7b-d59c-4ac1-aafa-1ab8df4f0943: context canceled"}
[2m[WebServer] [22m{"time":"2026-09-04T21:17:22.617143-04:00","level":"INFO","msg":"client log","level":"WARN","message":"-------------- RxDB Open Core RxStorage -------------------------------\nYou are using the free Dexie.js based RxStorage implementation from RxDB https://rxdb.info/rx-storage-dexie.html?console=dexie \nWhile this is a great option, we want to let you know that there are faster storage solutions available in our premium plugins.\nFor professional users and production environments, we highly recommend considering these premium options to enhance performance and reliability.\n https://rxdb.info/premium/?console=dexie \nIf you already purchased premium access you can disable this log by calling the setPremiumFlag() function from rxdb-premium/plugins/shared.\n---------------------------------------------------------------------","user":"Jamal C. (jamal@yumyums.kitchen)","page":"/marketing.html","ua":"Mozilla/5.0 (Macintosh; Intel Mac OS X 10_15_7) AppleWebKit/537.36 (KHTML, like Gecko) HeadlessChrome/147.0.7727.15 Safa"}
  ✘  208 [chromium] › tests/marketing.spec.js:521:3 › Camera scanner decode (card camera-scanner-decode) › hash caching: repeated scans of one token digest once (447ms)
[2m[WebServer] [22m{"time":"2026-09-04T21:17:24.088329-04:00","level":"ERROR","msg":"GetManagerHires failed","error":"iterate assigned templates for hire 6b3f459c-c422-4368-a62e-520c2c9fcd91: context canceled"}
[2m[WebServer] [22m{"time":"2026-09-04T21:17:24.151699-04:00","level":"INFO","msg":"client log","level":"WARN","message":"-------------- RxDB Open Core RxStorage -------------------------------\nYou are using the free Dexie.js based RxStorage implementation from RxDB https://rxdb.info/rx-storage-dexie.html?console=dexie \nWhile this is a great option, we want to let you know that there are faster storage solutions available in our premium plugins.\nFor professional users and production environments, we highly recommend considering these premium options to enhance performance and reliability.\n https://rxdb.info/premium/?console=dexie \nIf you already purchased premium access you can disable this log by calling the setPremiumFlag() function from rxdb-premium/plugins/shared.\n---------------------------------------------------------------------","user":"Jamal C. (jamal@yumyums.kitchen)","page":"/marketing.html","ua":"Mozilla/5.0 (Macintosh; Intel Mac OS X 10_15_7) AppleWebKit/537.36 (KHTML, like Gecko) HeadlessChrome/147.0.7727.15 Safa"}
  ✓  209 [chromium] › tests/marketing.spec.js:530:3 › Camera scanner decode (card camera-scanner-decode) › enqueue is serialized per code: two rapid same-code enqueues insert exactly one live attempt (483ms)
[2m[WebServer] [22m{"time":"2026-09-04T21:17:24.55414-04:00","level":"ERROR","msg":"GetManagerHires failed","error":"iterate assigned templates for hire 6b3f459c-c422-4368-a62e-520c2c9fcd91: context canceled"}
[2m[WebServer] [22m{"time":"2026-09-04T21:17:24.606976-04:00","level":"INFO","msg":"client log","level":"WARN","message":"-------------- RxDB Open Core RxStorage -------------------------------\nYou are using the free Dexie.js based RxStorage implementation from RxDB https://rxdb.info/rx-storage-dexie.html?console=dexie \nWhile this is a great option, we want to let you know that there are faster storage solutions available in our premium plugins.\nFor professional users and production environments, we highly recommend considering these premium options to enhance performance and reliability.\n https://rxdb.info/premium/?console=dexie \nIf you already purchased premium access you can disable this log by calling the setPremiumFlag() function from rxdb-premium/plugins/shared.\n---------------------------------------------------------------------","user":"Jamal C. (jamal@yumyums.kitchen)","page":"/marketing.html","ua":"Mozilla/5.0 (Macintosh; Intel Mac OS X 10_15_7) AppleWebKit/537.36 (KHTML, like Gecko) HeadlessChrome/147.0.7727.15 Safa"}
  ✓  210 [chromium] › tests/marketing.spec.js:547:3 › Camera scanner decode (card camera-scanner-decode) › F6: re-scanning the same code re-shows the result instead of erroring or duplicating (464ms)
[2m[WebServer] [22m{"time":"2026-09-04T21:17:25.038966-04:00","level":"ERROR","msg":"GetManagerHires failed","error":"iterate assigned templates for hire 6b3f459c-c422-4368-a62e-520c2c9fcd91: context canceled"}
[2m[WebServer] [22m{"time":"2026-09-04T21:17:25.106104-04:00","level":"INFO","msg":"client log","level":"WARN","message":"-------------- RxDB Open Core RxStorage -------------------------------\nYou are using the free Dexie.js based RxStorage implementation from RxDB https://rxdb.info/rx-storage-dexie.html?console=dexie \nWhile this is a great option, we want to let you know that there are faster storage solutions available in our premium plugins.\nFor professional users and production environments, we highly recommend considering these premium options to enhance performance and reliability.\n https://rxdb.info/premium/?console=dexie \nIf you already purchased premium access you can disable this log by calling the setPremiumFlag() function from rxdb-premium/plugins/shared.\n---------------------------------------------------------------------","user":"Jamal C. (jamal@yumyums.kitchen)","page":"/marketing.html","ua":"Mozilla/5.0 (Macintosh; Intel Mac OS X 10_15_7) AppleWebKit/537.36 (KHTML, like Gecko) HeadlessChrome/147.0.7727.15 Safa"}
  ✓  211 [chromium] › tests/marketing.spec.js:559:3 › Camera scanner decode (card camera-scanner-decode) › camera failure is loud and retryable (headless has no camera; live decode is the attended morning check) (851ms)
[2m[WebServer] [22m{"time":"2026-09-04T21:17:25.902869-04:00","level":"ERROR","msg":"GetManagerHires failed","error":"iterate assigned templates for hire 6b3f459c-c422-4368-a62e-520c2c9fcd91: context canceled"}
[2m[WebServer] [22m{"time":"2026-09-04T21:17:25.955568-04:00","level":"INFO","msg":"client log","level":"WARN","message":"-------------- RxDB Open Core RxStorage -------------------------------\nYou are using the free Dexie.js based RxStorage implementation from RxDB https://rxdb.info/rx-storage-dexie.html?console=dexie \nWhile this is a great option, we want to let you know that there are faster storage solutions available in our premium plugins.\nFor professional users and production environments, we highly recommend considering these premium options to enhance performance and reliability.\n https://rxdb.info/premium/?console=dexie \nIf you already purchased premium access you can disable this log by calling the setPremiumFlag() function from rxdb-premium/plugins/shared.\n---------------------------------------------------------------------","user":"Jamal C. (jamal@yumyums.kitchen)","page":"/marketing.html","ua":"Mozilla/5.0 (Macintosh; Intel Mac OS X 10_15_7) AppleWebKit/537.36 (KHTML, like Gecko) HeadlessChrome/147.0.7727.15 Safa"}
  ✓  212 [chromium] › tests/marketing.spec.js:653:3 › Redemption submit flow (card redemption-submit-flow) › a persistent online/offline indicator renders from boot and reads online on a live probe (472ms)
[2m[WebServer] [22m{"time":"2026-09-04T21:17:26.389974-04:00","level":"ERROR","msg":"GetManagerHires failed","error":"iterate assigned templates for hire 6b3f459c-c422-4368-a62e-520c2c9fcd91: context canceled"}
[2m[WebServer] [22m{"time":"2026-09-04T21:17:26.456209-04:00","level":"INFO","msg":"client log","level":"WARN","message":"-------------- RxDB Open Core RxStorage -------------------------------\nYou are using the free Dexie.js based RxStorage implementation from RxDB https://rxdb.info/rx-storage-dexie.html?console=dexie \nWhile this is a great option, we want to let you know that there are faster storage solutions available in our premium plugins.\nFor professional users and production environments, we highly recommend considering these premium options to enhance performance and reliability.\n https://rxdb.info/premium/?console=dexie \nIf you already purchased premium access you can disable this log by calling the setPremiumFlag() function from rxdb-premium/plugins/shared.\n---------------------------------------------------------------------","user":"Jamal C. (jamal@yumyums.kitchen)","page":"/marketing.html","ua":"Mozilla/5.0 (Macintosh; Intel Mac OS X 10_15_7) AppleWebKit/537.36 (KHTML, like Gecko) HeadlessChrome/147.0.7727.15 Safa"}
  ✓  213 [chromium] › tests/marketing.spec.js:667:3 › Redemption submit flow (card redemption-submit-flow) › confirm-then-burn: no path to redeemed without a validator-passing Toast order number (683ms)
[2m[WebServer] [22m{"time":"2026-09-04T21:17:27.354136-04:00","level":"ERROR","msg":"GetManagerHires failed","error":"iterate hire overviews: context canceled"}
[2m[WebServer] [22m{"time":"2026-09-04T21:17:27.515247-04:00","level":"ERROR","msg":"RequirePermission grant lookup failed","error":"context canceled","grant":"onboarding","user_id":"caf5c2ea-1e18-4214-bb65-c95d7877e837"}
[2m[WebServer] [22m{"time":"2026-09-04T21:17:27.56976-04:00","level":"INFO","msg":"client log","level":"WARN","message":"-------------- RxDB Open Core RxStorage -------------------------------\nYou are using the free Dexie.js based RxStorage implementation from RxDB https://rxdb.info/rx-storage-dexie.html?console=dexie \nWhile this is a great option, we want to let you know that there are faster storage solutions available in our premium plugins.\nFor professional users and production environments, we highly recommend considering these premium options to enhance performance and reliability.\n https://rxdb.info/premium/?console=dexie \nIf you already purchased premium access you can disable this log by calling the setPremiumFlag() function from rxdb-premium/plugins/shared.\n---------------------------------------------------------------------","user":"Mkt T. (mkt-c6-noperm-1788571047055-7490@yumyums.kitchen)","page":"/marketing.html","ua":"Mozilla/5.0 (Macintosh; Intel Mac OS X 10_15_7) AppleWebKit/537.36 (KHTML, like Gecko) HeadlessChrome/147.0.7727.15 Safa"}
  ✓  214 [chromium] › tests/marketing.spec.js:710:3 › Redemption submit flow (card redemption-submit-flow) › offline branch 1: no entitlement -> blocked, no override affordance (966ms)
[2m[WebServer] [22m{"time":"2026-09-04T21:17:28.054582-04:00","level":"ERROR","msg":"GetManagerHires failed","error":"iterate assigned templates for hire 6b3f459c-c422-4368-a62e-520c2c9fcd91: context canceled"}
[2m[WebServer] [22m{"time":"2026-09-04T21:17:28.111472-04:00","level":"INFO","msg":"client log","level":"WARN","message":"-------------- RxDB Open Core RxStorage -------------------------------\nYou are using the free Dexie.js based RxStorage implementation from RxDB https://rxdb.info/rx-storage-dexie.html?console=dexie \nWhile this is a great option, we want to let you know that there are faster storage solutions available in our premium plugins.\nFor professional users and production environments, we highly recommend considering these premium options to enhance performance and reliability.\n https://rxdb.info/premium/?console=dexie \nIf you already purchased premium access you can disable this log by calling the setPremiumFlag() function from rxdb-premium/plugins/shared.\n---------------------------------------------------------------------","user":"Jamal C. (jamal@yumyums.kitchen)","page":"/marketing.html","ua":"Mozilla/5.0 (Macintosh; Intel Mac OS X 10_15_7) AppleWebKit/537.36 (KHTML, like Gecko) HeadlessChrome/147.0.7727.15 Safa"}
  ✓  215 [chromium] › tests/marketing.spec.js:727:3 › Redemption submit flow (card redemption-submit-flow) › offline branch 2: the entitlement offers force-submit behind the §13 confirmation (720ms)
[2m[WebServer] [22m{"time":"2026-09-04T21:17:28.785752-04:00","level":"ERROR","msg":"GetManagerHires failed","error":"iterate assigned templates for hire 6b3f459c-c422-4368-a62e-520c2c9fcd91: context canceled"}
[2m[WebServer] [22m{"time":"2026-09-04T21:17:28.838538-04:00","level":"INFO","msg":"client log","level":"WARN","message":"-------------- RxDB Open Core RxStorage -------------------------------\nYou are using the free Dexie.js based RxStorage implementation from RxDB https://rxdb.info/rx-storage-dexie.html?console=dexie \nWhile this is a great option, we want to let you know that there are faster storage solutions available in our premium plugins.\nFor professional users and production environments, we highly recommend considering these premium options to enhance performance and reliability.\n https://rxdb.info/premium/?console=dexie \nIf you already purchased premium access you can disable this log by calling the setPremiumFlag() function from rxdb-premium/plugins/shared.\n---------------------------------------------------------------------","user":"Jamal C. (jamal@yumyums.kitchen)","page":"/marketing.html","ua":"Mozilla/5.0 (Macintosh; Intel Mac OS X 10_15_7) AppleWebKit/537.36 (KHTML, like Gecko) HeadlessChrome/147.0.7727.15 Safa"}
  ✓  216 [chromium] › tests/marketing.spec.js:768:3 › Redemption submit flow (card redemption-submit-flow) › offline branch 3: requires_online=true refuses the override even WITH the entitlement (§8) (524ms)
[2m[WebServer] [22m{"time":"2026-09-04T21:17:29.32593-04:00","level":"ERROR","msg":"GetManagerHires failed","error":"iterate assigned templates for hire 20fe6f7b-d59c-4ac1-aafa-1ab8df4f0943: context canceled"}
[2m[WebServer] [22m{"time":"2026-09-04T21:17:29.389569-04:00","level":"INFO","msg":"client log","level":"WARN","message":"-------------- RxDB Open Core RxStorage -------------------------------\nYou are using the free Dexie.js based RxStorage implementation from RxDB https://rxdb.info/rx-storage-dexie.html?console=dexie \nWhile this is a great option, we want to let you know that there are faster storage solutions available in our premium plugins.\nFor professional users and production environments, we highly recommend considering these premium options to enhance performance and reliability.\n https://rxdb.info/premium/?console=dexie \nIf you already purchased premium access you can disable this log by calling the setPremiumFlag() function from rxdb-premium/plugins/shared.\n---------------------------------------------------------------------","user":"Jamal C. (jamal@yumyums.kitchen)","page":"/marketing.html","ua":"Mozilla/5.0 (Macintosh; Intel Mac OS X 10_15_7) AppleWebKit/537.36 (KHTML, like Gecko) HeadlessChrome/147.0.7727.15 Safa"}
  ✓  217 [chromium] › tests/marketing.spec.js:789:3 › Redemption submit flow (card redemption-submit-flow) › P-KR4: indicator flips and submit re-arms LIVE when reachability returns — zero page interaction (681ms)
[2m[WebServer] [22m{"time":"2026-09-04T21:17:29.998702-04:00","level":"ERROR","msg":"GetManagerHires failed","error":"iterate assigned templates for hire 6b3f459c-c422-4368-a62e-520c2c9fcd91: context canceled"}
[2m[WebServer] [22m{"time":"2026-09-04T21:17:30.05064-04:00","level":"INFO","msg":"client log","level":"WARN","message":"-------------- RxDB Open Core RxStorage -------------------------------\nYou are using the free Dexie.js based RxStorage implementation from RxDB https://rxdb.info/rx-storage-dexie.html?console=dexie \nWhile this is a great option, we want to let you know that there are faster storage solutions available in our premium plugins.\nFor professional users and production environments, we highly recommend considering these premium options to enhance performance and reliability.\n https://rxdb.info/premium/?console=dexie \nIf you already purchased premium access you can disable this log by calling the setPremiumFlag() function from rxdb-premium/plugins/shared.\n---------------------------------------------------------------------","user":"Jamal C. (jamal@yumyums.kitchen)","page":"/marketing.html","ua":"Mozilla/5.0 (Macintosh; Intel Mac OS X 10_15_7) AppleWebKit/537.36 (KHTML, like Gecko) HeadlessChrome/147.0.7727.15 Safa"}
  ✓  218 [chromium] › tests/marketing.spec.js:812:3 › Redemption submit flow (card redemption-submit-flow) › F2: an unknownCode offline override warns unverifiable and writes offline_override=true AND unverified_code=true (686ms)
[2m[WebServer] [22m{"time":"2026-09-04T21:17:30.689328-04:00","level":"ERROR","msg":"GetManagerHires failed","error":"iterate assigned templates for hire 20fe6f7b-d59c-4ac1-aafa-1ab8df4f0943: context canceled"}
[2m[WebServer] [22m{"time":"2026-09-04T21:17:30.751788-04:00","level":"INFO","msg":"client log","level":"WARN","message":"-------------- RxDB Open Core RxStorage -------------------------------\nYou are using the free Dexie.js based RxStorage implementation from RxDB https://rxdb.info/rx-storage-dexie.html?console=dexie \nWhile this is a great option, we want to let you know that there are faster storage solutions available in our premium plugins.\nFor professional users and production environments, we highly recommend considering these premium options to enhance performance and reliability.\n https://rxdb.info/premium/?console=dexie \nIf you already purchased premium access you can disable this log by calling the setPremiumFlag() function from rxdb-premium/plugins/shared.\n---------------------------------------------------------------------","user":"Jamal C. (jamal@yumyums.kitchen)","page":"/marketing.html","ua":"Mozilla/5.0 (Macintosh; Intel Mac OS X 10_15_7) AppleWebKit/537.36 (KHTML, like Gecko) HeadlessChrome/147.0.7727.15 Safa"}
  ✓  219 [chromium] › tests/marketing.spec.js:851:3 › Redemption submit flow (card redemption-submit-flow) › F6: same-code re-scan is a no-op; a different code prompts; dismiss returns to the interrupted state (569ms)
[2m[WebServer] [22m{"time":"2026-09-04T21:17:31.272332-04:00","level":"ERROR","msg":"GetManagerHires failed","error":"iterate assigned templates for hire 20fe6f7b-d59c-4ac1-aafa-1ab8df4f0943: context canceled"}
[2m[WebServer] [22m{"time":"2026-09-04T21:17:31.333604-04:00","level":"INFO","msg":"client log","level":"WARN","message":"-------------- RxDB Open Core RxStorage -------------------------------\nYou are using the free Dexie.js based RxStorage implementation from RxDB https://rxdb.info/rx-storage-dexie.html?console=dexie \nWhile this is a great option, we want to let you know that there are faster storage solutions available in our premium plugins.\nFor professional users and production environments, we highly recommend considering these premium options to enhance performance and reliability.\n https://rxdb.info/premium/?console=dexie \nIf you already purchased premium access you can disable this log by calling the setPremiumFlag() function from rxdb-premium/plugins/shared.\n---------------------------------------------------------------------","user":"Jamal C. (jamal@yumyums.kitchen)","page":"/marketing.html","ua":"Mozilla/5.0 (Macintosh; Intel Mac OS X 10_15_7) AppleWebKit/537.36 (KHTML, like Gecko) HeadlessChrome/147.0.7727.15 Safa"}
  ✓  220 [chromium] › tests/marketing.spec.js:892:3 › Redemption submit flow (card redemption-submit-flow) › already_used verdict renders when + which device from the local codes replica (603ms)
[2m[WebServer] [22m{"time":"2026-09-04T21:17:31.889711-04:00","level":"ERROR","msg":"GetManagerHires failed","error":"iterate assigned templates for hire 20fe6f7b-d59c-4ac1-aafa-1ab8df4f0943: context canceled"}
[2m[WebServer] [22m{"time":"2026-09-04T21:17:31.9359-04:00","level":"INFO","msg":"client log","level":"WARN","message":"-------------- RxDB Open Core RxStorage -------------------------------\nYou are using the free Dexie.js based RxStorage implementation from RxDB https://rxdb.info/rx-storage-dexie.html?console=dexie \nWhile this is a great option, we want to let you know that there are faster storage solutions available in our premium plugins.\nFor professional users and production environments, we highly recommend considering these premium options to enhance performance and reliability.\n https://rxdb.info/premium/?console=dexie \nIf you already purchased premium access you can disable this log by calling the setPremiumFlag() function from rxdb-premium/plugins/shared.\n---------------------------------------------------------------------","user":"Jamal C. (jamal@yumyums.kitchen)","page":"/marketing.html","ua":"Mozilla/5.0 (Macintosh; Intel Mac OS X 10_15_7) AppleWebKit/537.36 (KHTML, like Gecko) HeadlessChrome/147.0.7727.15 Safa"}
[2m[WebServer] [22m{"time":"2026-09-04T21:17:32.024017-04:00","level":"INFO","msg":"client log","level":"ERROR","message":"[marketing submit] undeclared (state,event) pair {\"event\":\"BOGUS_EVENT\",\"scan\":\"offerReady\",\"conn\":\"online\",\"overlay\":\"none\"}","user":"Jamal C. (jamal@yumyums.kitchen)","page":"/marketing.html","ua":"Mozilla/5.0 (Macintosh; Intel Mac OS X 10_15_7) AppleWebKit/537.36 (KHTML, like Gecko) HeadlessChrome/147.0.7727.15 Safa"}
[2m[WebServer] [22m{"time":"2026-09-04T21:17:32.026741-04:00","level":"INFO","msg":"client log","level":"ERROR","message":"[marketing submit] undeclared (state,event) pair {\"event\":\"BOGUS_EVENT\",\"scan\":\"offerReady\",\"conn\":\"online\",\"overlay\":\"none\"}","user":"Jamal C. (jamal@yumyums.kitchen)","page":"/marketing.html","ua":"Mozilla/5.0 (Macintosh; Intel Mac OS X 10_15_7) AppleWebKit/537.36 (KHTML, like Gecko) HeadlessChrome/147.0.7727.15 Safa"}
[2m[WebServer] [22m{"time":"2026-09-04T21:17:32.026925-04:00","level":"INFO","msg":"client log","level":"ERROR","message":"[marketing submit] undeclared (state,event) pair {\"event\":\"BOGUS_EVENT\",\"scan\":\"offerReady\",\"conn\":\"online\",\"overlay\":\"none\"}","user":"Jamal C. (jamal@yumyums.kitchen)","page":"/marketing.html","ua":"Mozilla/5.0 (Macintosh; Intel Mac OS X 10_15_7) AppleWebKit/537.36 (KHTML, like Gecko) HeadlessChrome/147.0.7727.15 Safa"}
  ✓  221 [chromium] › tests/marketing.spec.js:912:3 › Redemption submit flow (card redemption-submit-flow) › an undeclared machine event raises the modeled unexpectedEvent card — loud, named, retryable, never a dead actor (480ms)
  ✓  222 [chromium] › tests/multi-role.spec.js:31:3 › Multi-role support › invite user with multiple roles returns roles as array (338ms)
[2m[WebServer] [22m{"time":"2026-09-04T21:17:32.754827-04:00","level":"ERROR","msg":"GetManagerHires failed","error":"query assigned templates for hire d14ddb58-bfc7-4ca0-bffa-95504ca40f31: context canceled"}
  ✓  223 [chromium] › tests/multi-role.spec.js:49:3 › Multi-role support › list users returns roles as array not string (319ms)
[2m[WebServer] [22m{"time":"2026-09-04T21:17:33.094414-04:00","level":"ERROR","msg":"GetMyTrainings failed","error":"query my trainings: context canceled"}
  ✓  224 [chromium] › tests/multi-role.spec.js:60:3 › Multi-role support › update user roles returns updated roles array (329ms)
  ✓  225 [chromium] › tests/multi-role.spec.js:82:3 › Multi-role support › onboarding template create with multiple roles returns roles array (320ms)
  ✓  226 [chromium] › tests/multi-role.spec.js:99:3 › Multi-role support › onboarding template update roles from single to multi (354ms)
  ✓  227 [chromium] › tests/multi-role.spec.js:123:3 › Multi-role support › me endpoint returns roles as array (303ms)
[2m[WebServer] [22m{"time":"2026-09-04T21:17:34.415088-04:00","level":"ERROR","msg":"GetManagerHires failed","error":"query assigned templates for hire aebcadbc-216f-4800-9007-687cbc617800: context canceled"}
  ✓  228 [chromium] › tests/multi-role.spec.js:131:3 › Multi-role support › users.html role chips render for edit form (393ms)
[2m[WebServer] [22m{"time":"2026-09-04T21:17:34.801823-04:00","level":"ERROR","msg":"GetManagerHires failed","error":"iterate assigned templates for hire 6b3f459c-c422-4368-a62e-520c2c9fcd91: context canceled"}
  ✓  229 [chromium] › tests/multi-role.spec.js:158:3 › Multi-role support › users.html invite form shows role chips with team_member selected by default (387ms)
[2m[WebServer] [22m{"time":"2026-09-04T21:17:35.219714-04:00","level":"ERROR","msg":"GetManagerHires failed","error":"iterate assigned templates for hire 6b3f459c-c422-4368-a62e-520c2c9fcd91: context canceled"}
  ✓  230 [chromium] › tests/multi-role.spec.js:181:3 › Multi-role support › onboarding.html builder shows role chips (670ms)
[2m[WebServer] [22m{"time":"2026-09-04T21:17:35.976235-04:00","level":"ERROR","msg":"GetManagerHires failed","error":"iterate assigned templates for hire 996a295c-5290-45b4-bcf9-7a4b31e639d8: context canceled"}
[2m[WebServer] [22m{"time":"2026-09-04T21:17:36.302786-04:00","level":"ERROR","msg":"GetManagerHires failed","error":"iterate assigned templates for hire b4858aa5-87f1-475f-9b00-ffbc38d0bac0: context canceled"}
  ✓  231 [chromium] › tests/onboarding.spec.js:118:3 › My Trainings tab › shows empty state when no templates assigned (466ms)
  ✓  232 [chromium] › tests/onboarding.spec.js:127:3 › My Trainings tab › shows assigned template after assignment via API (545ms)
  ✓  233 [chromium] › tests/onboarding.spec.js:153:3 › My Trainings tab › checkbox progress persists after page reload (2.5s)
  ✓  234 [chromium] › tests/onboarding.spec.js:249:3 › My Trainings tab › video part watched state persists after page reload (592ms)
  ✓  235 [chromium] › tests/onboarding.spec.js:310:3 › My Trainings tab › section unlocks after completing all items in previous section (596ms)
  ✓  236 [chromium] › tests/onboarding.spec.js:357:3 › My Trainings tab › video part with URL shows play button in My Trainings (564ms)
[2m[WebServer] [22m{"time":"2026-09-04T21:17:41.918355-04:00","level":"INFO","msg":"client log","level":"WARN","message":"Autoplay blocked: The play() request was interrupted by a call to pause(). https://goo.gl/LdLk22","user":"Jamal C. (jamal@yumyums.kitchen)","page":"/onboarding.html","ua":"Mozilla/5.0 (Macintosh; Intel Mac OS X 10_15_7) AppleWebKit/537.36 (KHTML, like Gecko) HeadlessChrome/147.0.7727.15 Safa"}
  ✓  237 [chromium] › tests/onboarding.spec.js:415:3 › My Trainings tab › video modal close button dismisses the player (652ms)
  ✓  238 [chromium] › tests/onboarding.spec.js:456:3 › My Trainings tab › progress survives template edit — adding new item preserves existing progress (376ms)
  ✓  239 [chromium] › tests/onboarding.spec.js:516:3 › My Trainings tab › progress lost when item is removed from template — negative test (382ms)
  ✓  240 [chromium] › tests/onboarding.spec.js:571:3 › My Trainings tab › FAQ section shows questions and answers (764ms)
[2m[WebServer] [22m{"time":"2026-09-04T21:17:44.297485-04:00","level":"ERROR","msg":"GetManagerHires failed","error":"query assigned templates for hire 5f722a10-f914-4f9b-ad2b-f11ffbf2edc1: context canceled"}
  ✓  241 [chromium] › tests/onboarding.spec.js:651:3 › Manager tab › manager sees hire with assigned training (812ms)
  ✓  242 [chromium] › tests/onboarding.spec.js:696:3 › Manager tab › sign-off form requires readiness rating (notes optional) (4.4s)
  ✓  243 [chromium] › tests/onboarding.spec.js:782:3 › Manager tab › signed-off section shows "By {manager} @ {datetime}" attribution (597ms)
  ✓  244 [chromium] › tests/onboarding.spec.js:822:3 › Manager tab › video part progress persists after page reload (2.6s)
  ✓  245 [chromium] › tests/onboarding.spec.js:887:3 › Manager tab › completing a section unlocks next section and collapses completed one (2.0s)
  ✓  246 [chromium] › tests/onboarding.spec.js:954:3 › Manager tab › video part checked state returned by hireTraining API (405ms)
  ✓  247 [chromium] › tests/onboarding.spec.js:994:3 › Manager tab › backend rejects progress updates for completed sections awaiting sign-off (383ms)
  ✓  248 [chromium] › tests/onboarding.spec.js:1026:3 › Manager tab › sign-off succeeds with rating only (notes optional) (347ms)
  ✓  249 [chromium] › tests/onboarding.spec.js:1069:3 › Manager tab › sign-off via API rejects missing rating (355ms)
  ✓  250 [chromium] › tests/onboarding.spec.js:1096:3 › Manager tab › sign-off records attribution on hire view (568ms)
  ✓  251 [chromium] › tests/onboarding.spec.js:1152:3 › Role-based auto-assignment › My Trainings list shows section-level progress (not item-level) (513ms)
[2m[WebServer] [22m{"time":"2026-09-04T21:17:56.759592-04:00","level":"ERROR","msg":"GetMyTrainings failed","error":"context canceled"}
  ✓  252 [chromium] › tests/onboarding.spec.js:1186:3 › Role-based auto-assignment › FAQ section shows viewed count and completes when all expanded (3.6s)
  ✓  253 [chromium] › tests/onboarding.spec.js:1234:3 › Role-based auto-assignment › FAQ last question stays expanded after completing section (3.6s)
[2m[WebServer] [22m{"time":"2026-09-04T21:18:04.204472-04:00","level":"ERROR","msg":"GetManagerHires failed","error":"query assigned templates for hire 5f722a10-f914-4f9b-ad2b-f11ffbf2edc1: context canceled"}
[2m[WebServer] [22m{"time":"2026-09-04T21:18:04.444225-04:00","level":"ERROR","msg":"GetManagerHires failed","error":"iterate assigned templates for hire 20fe6f7b-d59c-4ac1-aafa-1ab8df4f0943: context canceled"}
  ✓  254 [chromium] › tests/onboarding.spec.js:1283:3 › Role-based auto-assignment › Manager tab shows hires with role-auto-assigned templates (755ms)
[2m[WebServer] [22m{"time":"2026-09-04T21:18:04.971946-04:00","level":"ERROR","msg":"GetManagerHires failed","error":"query assigned templates for hire 5f722a10-f914-4f9b-ad2b-f11ffbf2edc1: context canceled"}
  ✓  255 [chromium] › tests/onboarding.spec.js:1324:3 › Role-based auto-assignment › user with matching role sees template without explicit assignment (834ms)
[2m[WebServer] [22m{"time":"2026-09-04T21:18:05.874131-04:00","level":"ERROR","msg":"GetManagerHires failed","error":"iterate assigned templates for hire 3408ec5e-ad3a-42ad-bbc4-de107b16a14e: context canceled"}
[2m[WebServer] [22m{"time":"2026-09-04T21:18:06.183945-04:00","level":"ERROR","msg":"GetManagerHires failed","error":"iterate hire overviews: context canceled"}
  ✓  256 [chromium] › tests/onboarding.spec.js:1367:3 › Role-based auto-assignment › hire with pending sign-off stays in Active tab, not Completed (1.7s)
[2m[WebServer] [22m{"time":"2026-09-04T21:18:07.308903-04:00","level":"ERROR","msg":"GetManagerHires failed","error":"query assigned templates for hire 3408ec5e-ad3a-42ad-bbc4-de107b16a14e: context canceled"}
  ✓  257 [chromium] › tests/onboarding.spec.js:1436:3 › Sign-off role assignment › builder shows sign-off role picker when Require Sign-off is enabled (724ms)
[2m[WebServer] [22m{"time":"2026-09-04T21:18:08.034851-04:00","level":"ERROR","msg":"GetManagerHires failed","error":"iterate assigned templates for hire 20fe6f7b-d59c-4ac1-aafa-1ab8df4f0943: context canceled"}
  ✓  258 [chromium] › tests/onboarding.spec.js:1468:3 › Sign-off role assignment › sign-off role picker disappears when sign-off is disabled (738ms)
[2m[WebServer] [22m{"time":"2026-09-04T21:18:08.785458-04:00","level":"ERROR","msg":"GetManagerHires failed","error":"query assigned templates for hire 948f6e88-bcf9-428a-8a5a-1a7582776767: context canceled"}
  ✓  259 [chromium] › tests/onboarding.spec.js:1491:3 › Sign-off role assignment › selected sign-off roles persist after save and reopen (797ms)
[2m[WebServer] [22m{"time":"2026-09-04T21:18:09.888205-04:00","level":"ERROR","msg":"GetManagerHires failed","error":"query assigned templates for hire 5f722a10-f914-4f9b-ad2b-f11ffbf2edc1: context canceled"}
[2m[WebServer] [22m{"time":"2026-09-04T21:18:12.464453-04:00","level":"ERROR","msg":"GetManagerHires failed","error":"iterate hire overviews: context canceled"}
[2m[WebServer] [22m{"time":"2026-09-04T21:18:12.578266-04:00","level":"ERROR","msg":"GetManagerHires failed","error":"iterate assigned templates for hire a9163051-215c-4954-9a8b-9c8b3d51c8c9: context canceled"}
  ✓  260 [chromium] › tests/onboarding.spec.js:1531:3 › Sign-off role assignment › manager navigates directly to Manager tab when pending sign-offs exist (3.3s)
  ✓  261 [chromium] › tests/onboarding.spec.js:1596:3 › Sign-off role assignment › non-authorized role cannot sign off even if section is complete (765ms)
[2m[WebServer] [22m{"time":"2026-09-04T21:18:13.640279-04:00","level":"ERROR","msg":"GetManagerHires failed","error":"iterate assigned templates for hire 948f6e88-bcf9-428a-8a5a-1a7582776767: context canceled"}
[2m[WebServer] [22m{"time":"2026-09-04T21:18:13.829276-04:00","level":"ERROR","msg":"GetTemplates failed","error":"context canceled"}
  ✓  262 [chromium] › tests/onboarding.spec.js:1646:3 › Builder tab › shows existing seed template in Builder list (467ms)
[2m[WebServer] [22m{"time":"2026-09-04T21:18:14.13041-04:00","level":"ERROR","msg":"GetManagerHires failed","error":"iterate assigned templates for hire 948f6e88-bcf9-428a-8a5a-1a7582776767: context canceled"}
  ✓  263 [chromium] › tests/onboarding.spec.js:1657:3 › Builder tab › HQ back link prompts when builder has unsaved changes (618ms)
[2m[WebServer] [22m{"time":"2026-09-04T21:18:14.768018-04:00","level":"ERROR","msg":"GetManagerHires failed","error":"iterate assigned templates for hire 6b3f459c-c422-4368-a62e-520c2c9fcd91: context canceled"}
  ✓  264 [chromium] › tests/onboarding.spec.js:1686:3 › Builder tab › can create a new template via Builder (886ms)
[2m[WebServer] [22m{"time":"2026-09-04T21:18:15.691524-04:00","level":"ERROR","msg":"GetManagerHires failed","error":"iterate assigned templates for hire 6b3f459c-c422-4368-a62e-520c2c9fcd91: context canceled"}
  ✓  265 [chromium] › tests/onboarding.spec.js:1744:3 › Builder tab › FAQ question typed in the Builder persists through save (label contract) (954ms)
[2m[WebServer] [22m{"time":"2026-09-04T21:18:16.635348-04:00","level":"ERROR","msg":"GetManagerHires failed","error":"iterate assigned templates for hire d949b011-7c4e-4234-a641-2a565765b237: context canceled"}
  ✓  266 [chromium] › tests/onboarding.spec.js:1792:3 › Builder tab › sub-items persist after save and reopen (936ms)
[2m[WebServer] [22m{"time":"2026-09-04T21:18:17.588719-04:00","level":"ERROR","msg":"GetManagerHires failed","error":"iterate assigned templates for hire 948f6e88-bcf9-428a-8a5a-1a7582776767: context canceled"}
  ✓  267 [chromium] › tests/onboarding.spec.js:1832:3 › Builder tab › save-video-for-later requires part title (782ms)
[2m[WebServer] [22m{"time":"2026-09-04T21:18:18.389163-04:00","level":"ERROR","msg":"GetManagerHires failed","error":"query assigned templates for hire 6b3f459c-c422-4368-a62e-520c2c9fcd91: context canceled"}
  ✓  268 [chromium] › tests/onboarding.spec.js:1883:3 › Builder tab › save-video-for-later uses part title in filename (761ms)
  ✓  269 [chromium] › tests/onboarding.spec.js:1933:3 › Section completion with sub-items › completing all sub-items marks section complete on My Trainings list (569ms)
  ✓  270 [chromium] › tests/onboarding.spec.js:1999:3 › Section completion with sub-items › Manager tab shows correct completion for sub-item checkboxes (602ms)
  ✓  271 [chromium] › tests/onboarding.spec.js:2065:3 › Section completion with sub-items › reference photo URL persists through template save and displays in training (640ms)
  ✓  272 [chromium] › tests/onboarding.spec.js:2205:3 › Reject and unsubmit sections › crew can unsubmit a completed section and re-edit (1.1s)
  ✓  273 [chromium] › tests/onboarding.spec.js:2233:3 › Reject and unsubmit sections › manager can reject a signed-off section (2.2s)
  ✓  274 [chromium] › tests/onboarding.spec.js:2268:3 › Reject and unsubmit sections › manager can reject before sign-off (complete section) (2.2s)
  ✓  275 [chromium] › tests/onboarding.spec.js:2294:3 › Reject and unsubmit sections › unsubmitted section allows proof photo capture button (925ms)
  ✓  276 [chromium] › tests/onboarding.spec.js:2379:3 › Reject and unsubmit sections › reopen reverts a video-led section to active (NFR-5) (382ms)
  ✓  277 [chromium] › tests/onboarding.spec.js:2399:3 › Reject and unsubmit sections › reject reverts a video-led signed-off section to active (NFR-5 / FR-15) (387ms)
  ✓  278 [chromium] › tests/onboarding.spec.js:2445:3 › FR-26: unassign template › unassign is idempotent — second unassign is a no-op, template stays gone (376ms)
  ✓  279 [chromium] › tests/onboarding.spec.js:2474:3 › FR-26: unassign template › unassign of an explicitly-assigned template leaves the role-auto-assign intact (396ms)
  ✓  280 [chromium] › tests/onboarding.spec.js:2585:3 › prove-progress sweep › FR-10: proof-photo URL persists via saveProgress value and round-trips on reload (394ms)
[2m[WebServer] [22m{"time":"2026-09-04T21:18:29.968157-04:00","level":"ERROR","msg":"GetManagerHires failed","error":"iterate assigned templates for hire b4858aa5-87f1-475f-9b00-ffbc38d0bac0: context canceled"}
[2m[WebServer] [22m{"time":"2026-09-04T21:18:30.169054-04:00","level":"ERROR","msg":"GetManagerHires failed","error":"iterate assigned templates for hire a1e0e7dc-24d0-4d39-b81c-361178076ada: context canceled"}
  ✓  281 [chromium] › tests/onboarding.spec.js:2631:3 › prove-progress sweep › FR-14: a manager lacking the sign_off role is refused 403 sign_off_role_required (993ms)
  ✓  282 [chromium] › tests/onboarding.spec.js:2668:3 › prove-progress sweep › FR-21: archived template disappears from /templates and /myTrainings (538ms)
  ✓  283 [chromium] › tests/onboarding.spec.js:2702:3 › prove-progress sweep › FR-29: manager and hire progress % agree for the same template (1.2s)
[2m[WebServer] [22m{"time":"2026-09-04T21:18:32.512878-04:00","level":"ERROR","msg":"GetManagerHires failed","error":"iterate assigned templates for hire caf5c2ea-1e18-4214-bb65-c95d7877e837: context canceled"}
[2m[WebServer] [22m{"time":"2026-09-04T21:18:32.895789-04:00","level":"ERROR","msg":"GetManagerHires failed","error":"query assigned templates for hire 6b3f459c-c422-4368-a62e-520c2c9fcd91: context canceled"}
  ✓  284 [chromium] › tests/onboarding.spec.js:2760:3 › prove-progress sweep › NFR-3: team_member is refused 403 across the manager onboarding endpoints (994ms)
  ✓  285 [chromium] › tests/onboarding.spec.js:2810:3 › prove-progress sweep › FR-28: seed template is present after boot (indirect — idempotent re-seed itself is UNTESTABLE via E2E) (410ms)
  -  286 [chromium] › tests/onboarding.spec.js:2831:8 › prove-progress sweep › FR-18: custom-thumbnail upload persists/renders — PARKED (needs photos/presign + S3 PUT plumbing beyond a fixture)
[2m[WebServer] [22m{"time":"2026-09-04T21:18:33.68979-04:00","level":"ERROR","msg":"GetManagerHires failed","error":"iterate assigned templates for hire d14ddb58-bfc7-4ca0-bffa-95504ca40f31: context canceled"}
[2m[WebServer] [22m{"time":"2026-09-04T21:18:33.993274-04:00","level":"INFO","msg":"client log","level":"WARN","message":"Autoplay blocked: Failed to load because no supported source was found.","user":"Jamal C. (jamal@yumyums.kitchen)","page":"/onboarding.html","ua":"Mozilla/5.0 (Macintosh; Intel Mac OS X 10_15_7) AppleWebKit/537.36 (KHTML, like Gecko) HeadlessChrome/147.0.7727.15 Safa"}
  ✓  287 [chromium] › tests/onboarding.spec.js:2846:3 › Video resilience › a dead video source shows the error overlay instead of a silent black modal [OB-VID-ERR] (813ms)
[2m[WebServer] [22m{"time":"2026-09-04T21:18:34.768357-04:00","level":"ERROR","msg":"GetManagerHires failed","error":"query assigned templates for hire 3911c7ba-9088-4b69-94de-f69a6b1bf4c7: context canceled"}
  ✓  288 [chromium] › tests/onboarding.spec.js:2882:3 › Video resilience › a manager can mark a broken video watched for a hire, with attribution [OB-VID-OVR] (3.8s)
[2m[WebServer] [22m{"time":"2026-09-04T21:18:38.262234-04:00","level":"ERROR","msg":"GetManagerHires failed","error":"iterate assigned templates for hire caf5c2ea-1e18-4214-bb65-c95d7877e837: context canceled"}
  ✓  289 [chromium] › tests/ops-authz-coverage.spec.js:526:3 › /ops ↔ REST authz parity coverage › COVERAGE-EQ: the covered op set equals the set workflowOpRouter handles (324ms)
[2m[WebServer] [22m{"time":"2026-09-04T21:18:38.903569-04:00","level":"ERROR","msg":"GetManagerHires failed","error":"iterate assigned templates for hire 948f6e88-bcf9-428a-8a5a-1a7582776767: context canceled"}
[2m[WebServer] [22m{"time":"2026-09-04T21:18:39.088607-04:00","level":"ERROR","msg":"GetManagerHires failed","error":"iterate assigned templates for hire caf5c2ea-1e18-4214-bb65-c95d7877e837: context canceled"}
  ✓  290 [chromium] › tests/ops-authz-coverage.spec.js:561:3 › /ops ↔ REST authz parity coverage › DEFAULT-REFUSES: an unlisted op type is refused, not silently accepted (481ms)
[2m[WebServer] [22m{"time":"2026-09-04T21:18:40.086691-04:00","level":"ERROR","msg":"GetManagerHires failed","error":"iterate assigned templates for hire 20fe6f7b-d59c-4ac1-aafa-1ab8df4f0943: context canceled"}
  ✓  291 [chromium] › tests/ops-authz-coverage.spec.js:576:5 › /ops ↔ REST authz parity coverage › GATED APPROVE_ITEM: refused (403) at BOTH the REST door and /ops (1.2s)
[2m[WebServer] [22m{"time":"2026-09-04T21:18:41.337593-04:00","level":"ERROR","msg":"GetManagerHires failed","error":"iterate assigned templates for hire 6993a30a-1072-44e6-abd1-e0208a2e05e0: context canceled"}
  ✓  292 [chromium] › tests/ops-authz-coverage.spec.js:576:5 › /ops ↔ REST authz parity coverage › GATED REJECT_ITEM: refused (403) at BOTH the REST door and /ops (1.3s)
[2m[WebServer] [22m{"time":"2026-09-04T21:18:42.5064-04:00","level":"INFO","msg":"op handler received op","op_type":"SET_FIELD","entity_id":"0e7fff16-94c9-4e6f-9667-4796999a1f06","device_id":"coverage-1788571122496-3sljz9rhczl","lamport_ts":1788571122496}
  ✓  293 [chromium] › tests/ops-authz-coverage.spec.js:598:5 › /ops ↔ REST authz parity coverage › OPEN SET_FIELD: accepted at BOTH the REST door and /ops (1.2s)
[2m[WebServer] [22m{"time":"2026-09-04T21:18:43.67769-04:00","level":"INFO","msg":"op handler received op","op_type":"SUBMIT_CHECKLIST","entity_id":"3864aefc-d662-49ef-8092-a8134ec881d4","device_id":"coverage-1788571123658-9y0k30uc3mu","lamport_ts":1788571123658}
  ✓  294 [chromium] › tests/ops-authz-coverage.spec.js:598:5 › /ops ↔ REST authz parity coverage › OPEN SUBMIT_CHECKLIST: accepted at BOTH the REST door and /ops (1.2s)
[2m[WebServer] [22m{"time":"2026-09-04T21:18:44.829696-04:00","level":"INFO","msg":"op handler received op","op_type":"SAVE_TEMPLATE","entity_id":"f21fe758-f715-43cc-adcf-7e17edbf9245","device_id":"coverage-1788571124817-c1cuvfs7xj","lamport_ts":1788571124817}
[2m[WebServer] [22m{"time":"2026-09-04T21:18:45.072971-04:00","level":"ERROR","msg":"GetManagerHires failed","error":"query assigned templates for hire aae879df-b1a7-404c-a720-a7fe7279d8b9: context canceled"}
  ✓  295 [chromium] › tests/ops-authz-coverage.spec.js:617:5 › /ops ↔ REST authz parity coverage › EXCEPTION SAVE_TEMPLATE: still knowingly ungated on /ops (run 2026-07-20c DECISIONS-NEEDED §1-B — is template mutation meant to be crew-writable?) (1.1s)
[2m[WebServer] [22m{"time":"2026-09-04T21:18:45.97118-04:00","level":"INFO","msg":"op handler received op","op_type":"ARCHIVE_TEMPLATE","entity_id":"ec913854-874f-44e4-86a7-2925d5b3c154","device_id":"coverage-1788571125965-2nrojnrtjzc","lamport_ts":1788571125965}
[2m[WebServer] [22m{"time":"2026-09-04T21:18:46.194918-04:00","level":"ERROR","msg":"GetManagerHires failed","error":"iterate assigned templates for hire 3911c7ba-9088-4b69-94de-f69a6b1bf4c7: context canceled"}
  ✓  296 [chromium] › tests/ops-authz-coverage.spec.js:617:5 › /ops ↔ REST authz parity coverage › EXCEPTION ARCHIVE_TEMPLATE: still knowingly ungated on /ops (run 2026-07-20c DECISIONS-NEEDED §1-B — is template mutation meant to be crew-writable?) (1.1s)
[2m[WebServer] [22m{"time":"2026-09-04T21:18:46.558648-04:00","level":"ERROR","msg":"GetManagerHires failed","error":"iterate assigned templates for hire 604df488-f67d-403a-aa33-bb5be022ce69: context canceled"}
[2m[WebServer] [22m{"time":"2026-09-04T21:18:47.153313-04:00","level":"ERROR","msg":"GetMyTrainings failed","error":"context canceled"}
[2m[WebServer] [22m{"time":"2026-09-04T21:18:47.31555-04:00","level":"ERROR","msg":"GetManagerHires failed","error":"iterate assigned templates for hire b4858aa5-87f1-475f-9b00-ffbc38d0bac0: context canceled"}
[2m[WebServer] [22m{"time":"2026-09-04T21:18:47.513342-04:00","level":"ERROR","msg":"GetManagerHires failed","error":"iterate assigned templates for hire 2efa64d9-3776-4e9e-a030-acfded0e9bd4: context canceled"}
  ✓  297 [chromium] › tests/ops-save-template-validation.spec.js:174:3 › /ops SAVE_TEMPLATE requires_approver validation › CREATE: an approverless approval template is refused at /ops AND not written (942ms)
[2m[WebServer] [22m{"time":"2026-09-04T21:18:47.848679-04:00","level":"ERROR","msg":"GetManagerHires failed","error":"iterate assigned templates for hire b4858aa5-87f1-475f-9b00-ffbc38d0bac0: context canceled"}
[2m[WebServer] [22m{"time":"2026-09-04T21:18:47.853395-04:00","level":"ERROR","msg":"GetMyTrainings failed","error":"get user roles: context canceled"}
[2m[WebServer] [22m{"time":"2026-09-04T21:18:48.032326-04:00","level":"ERROR","msg":"GetManagerHires failed","error":"iterate assigned templates for hire 2efa64d9-3776-4e9e-a030-acfded0e9bd4: context canceled"}
  ✓  298 [chromium] › tests/ops-save-template-validation.spec.js:196:3 › /ops SAVE_TEMPLATE requires_approver validation › CREATE: the REST twin refuses the identical payload (parity, in the same run) (507ms)
[2m[WebServer] [22m{"time":"2026-09-04T21:18:48.373658-04:00","level":"ERROR","msg":"GetManagerHires failed","error":"iterate assigned templates for hire 6993a30a-1072-44e6-abd1-e0208a2e05e0: context canceled"}
[2m[WebServer] [22m{"time":"2026-09-04T21:18:48.93892-04:00","level":"ERROR","msg":"GetManagerHires failed","error":"iterate assigned templates for hire b4858aa5-87f1-475f-9b00-ffbc38d0bac0: context canceled"}
[2m[WebServer] [22m{"time":"2026-09-04T21:18:49.144584-04:00","level":"ERROR","msg":"GetManagerHires failed","error":"query assigned templates for hire ddea2730-2483-4808-88ef-c486f3a59d06: context canceled"}
  ✓  299 [chromium] › tests/ops-save-template-validation.spec.js:204:3 › /ops SAVE_TEMPLATE requires_approver validation › UPDATE: stripping the approver over /ops is refused AND the template is untouched (1.1s)
[2m[WebServer] [22m{"time":"2026-09-04T21:18:49.718648-04:00","level":"INFO","msg":"op handler received op","op_type":"SAVE_TEMPLATE","entity_id":"1ae55490-de84-4821-ae66-023827a0ba7e","device_id":"ra-1788571129701-isdtcusdaxc","lamport_ts":1788571129701}
[2m[WebServer] [22m{"time":"2026-09-04T21:18:49.745292-04:00","level":"INFO","msg":"op handler received op","op_type":"SAVE_TEMPLATE","entity_id":"d5a1bdf4-cb7e-4a40-8b92-d2dffe15ea76","device_id":"ra-1788571129731-2rlj0bd52cd","lamport_ts":1788571129731}
[2m[WebServer] [22m{"time":"2026-09-04T21:18:49.935451-04:00","level":"ERROR","msg":"GetManagerHires failed","error":"iterate assigned templates for hire 5c6c5e6f-ccd8-449f-a963-ecd056f4c27b: context canceled"}
  ✓  300 [chromium] › tests/ops-save-template-validation.spec.js:234:3 › /ops SAVE_TEMPLATE requires_approver validation › NOT-A-GATE: the same unprivileged caller's VALID /ops SAVE_TEMPLATE is still accepted (778ms)
[2m[WebServer] [22m{"time":"2026-09-04T21:18:50.292902-04:00","level":"ERROR","msg":"GetManagerHires failed","error":"iterate assigned templates for hire 6b3f459c-c422-4368-a62e-520c2c9fcd91: context canceled"}
  ✓  301 [chromium] › tests/persistence.spec.js:94:3 › Persistence › template with sections and fields round-trips through API [BLD-17] (937ms)
[2m[WebServer] [22m{"time":"2026-09-04T21:18:51.237578-04:00","level":"ERROR","msg":"GetManagerHires failed","error":"iterate assigned templates for hire d949b011-7c4e-4234-a641-2a565765b237: context canceled"}
  ✓  302 [chromium] › tests/persistence.spec.js:124:3 › Persistence › assignments and approvers persist [BLD-18] (898ms)
[2m[WebServer] [22m{"time":"2026-09-04T21:18:52.134705-04:00","level":"ERROR","msg":"GetManagerHires failed","error":"iterate assigned templates for hire d949b011-7c4e-4234-a641-2a565765b237: context canceled"}
[2m[WebServer] [22m{"time":"2026-09-04T21:18:52.685394-04:00","level":"ERROR","msg":"myChecklists error","error":"iterate fail notes: context canceled"}
  ✓  303 [chromium] › tests/persistence.spec.js:160:3 › Persistence › submitted checklist persists in pending approvals [APR-02] (853ms)
[2m[WebServer] [22m{"time":"2026-09-04T21:18:53.001763-04:00","level":"ERROR","msg":"GetManagerHires failed","error":"query assigned templates for hire d949b011-7c4e-4234-a641-2a565765b237: context canceled"}
[2m[WebServer] [22m{"time":"2026-09-04T21:18:53.486717-04:00","level":"ERROR","msg":"myChecklists error","error":"iterate fail notes: context canceled"}
[2m[WebServer] [22m{"time":"2026-09-04T21:18:53.487222-04:00","level":"ERROR","msg":"listTemplates error","error":"iterate assignments: context canceled"}
  ✓  304 [chromium] › tests/persistence.spec.js:191:3 › Persistence › approved submission no longer appears in pending [APR-11] (788ms)
[2m[WebServer] [22m{"time":"2026-09-04T21:18:53.804142-04:00","level":"ERROR","msg":"GetManagerHires failed","error":"iterate assigned templates for hire d949b011-7c4e-4234-a641-2a565765b237: context canceled"}
  ✓  305 [chromium] › tests/persistence.spec.js:222:3 › Persistence › archived template does not appear in template list [BLD-15] (823ms)
[2m[WebServer] [22m{"time":"2026-09-04T21:18:54.654482-04:00","level":"ERROR","msg":"GetManagerHires failed","error":"iterate assigned templates for hire d949b011-7c4e-4234-a641-2a565765b237: context canceled"}
  ✓  306 [chromium] › tests/persistence.spec.js:242:3 › Persistence › updated template reflects changes on next read [BLD-19] (941ms)
[2m[WebServer] [22m{"time":"2026-09-04T21:18:55.60371-04:00","level":"ERROR","msg":"GetManagerHires failed","error":"iterate assigned templates for hire d949b011-7c4e-4234-a641-2a565765b237: context canceled"}
  ✓  307 [chromium] › tests/persistence.spec.js:278:3 › Persistence › section with show-on-days matching today is visible in checklist runner [VIS-02] (3.8s)
[2m[WebServer] [22m{"time":"2026-09-04T21:18:59.390847-04:00","level":"ERROR","msg":"GetManagerHires failed","error":"iterate assigned templates for hire d949b011-7c4e-4234-a641-2a565765b237: context canceled"}
[2m[WebServer] [22m{"time":"2026-09-04T21:19:00.031221-04:00","level":"ERROR","msg":"listTemplates error","error":"iterate assignments: context canceled"}
  ✓  308 [chromium] › tests/persistence.spec.js:331:3 › Persistence › section condition days persist through save and reload [VIS-02] (917ms)
[2m[WebServer] [22m{"time":"2026-09-04T21:19:00.32418-04:00","level":"ERROR","msg":"GetManagerHires failed","error":"iterate assigned templates for hire d949b011-7c4e-4234-a641-2a565765b237: context canceled"}
[2m[WebServer] [22m{"time":"2026-09-04T21:19:00.593671-04:00","level":"ERROR","msg":"myChecklists error","error":"get user role: context canceled"}
[2m[WebServer] [22m{"time":"2026-09-04T21:19:00.596518-04:00","level":"ERROR","msg":"listTemplates error","error":"iterate fields: context canceled"}
[2m[WebServer] [22m{"time":"2026-09-04T21:19:00.634182-04:00","level":"INFO","msg":"client log","level":"ERROR","message":"loadMyChecklists error: Failed to fetch\nTypeError: Failed to fetch\n    at api (http://localhost:3106/sync.js:24:21)\n    at loadMyChecklists (http://localhost:3106/workflows.html:631:24)\n    at applyOp (http://localhost:3106/sync.js:566:7)\n    at _ws.onmessage (http://localhost:3106/sync.js:275:7)","user":"Jamal C. (jamal@yumyums.kitchen)","page":"/workflows.html","ua":"Mozilla/5.0 (Macintosh; Intel Mac OS X 10_15_7) AppleWebKit/537.36 (KHTML, like Gecko) HeadlessChrome/147.0.7727.15 Safa"}
[2m[WebServer] [22m{"time":"2026-09-04T21:19:01.192286-04:00","level":"INFO","msg":"op handler received op","op_type":"SET_FIELD","entity_id":"2f31cabd-4028-473d-ae37-5a7b3091f595","device_id":"fd141f54-e822-4c39-8d13-95ce03a17055","lamport_ts":1788571129735}
  ✓  309 [chromium] › tests/persistence.spec.js:353:3 › Persistence › checked items persist after page reload [FLD-02] (1.9s)
[2m[WebServer] [22m{"time":"2026-09-04T21:19:02.251198-04:00","level":"ERROR","msg":"GetManagerHires failed","error":"iterate assigned templates for hire 6b3f459c-c422-4368-a62e-520c2c9fcd91: context canceled"}
  ✓  310 [chromium] › tests/persistence.spec.js:385:3 › Persistence › draft progress bar reflects saved items after reload [LST-03 RUN-02] (1.1s)
[2m[WebServer] [22m{"time":"2026-09-04T21:19:03.370853-04:00","level":"ERROR","msg":"GetManagerHires failed","error":"iterate assigned templates for hire d949b011-7c4e-4234-a641-2a565765b237: context canceled"}
[2m[WebServer] [22m{"time":"2026-09-04T21:19:03.836949-04:00","level":"ERROR","msg":"myChecklists error","error":"iterate fields: context canceled"}
[2m[WebServer] [22m{"time":"2026-09-04T21:19:03.83695-04:00","level":"ERROR","msg":"cleanupOldDrafts error","error":"cleanup old drafts: context canceled"}
[2m[WebServer] [22m{"time":"2026-09-04T21:19:03.838551-04:00","level":"ERROR","msg":"listTemplates error","error":"iterate fields: context canceled"}
[2m[WebServer] [22m{"time":"2026-09-04T21:19:03.863267-04:00","level":"INFO","msg":"client log","level":"ERROR","message":"loadMyChecklists error: Failed to fetch\nTypeError: Failed to fetch\n    at api (http://localhost:3106/sync.js:24:21)\n    at loadMyChecklists (http://localhost:3106/workflows.html:631:24)\n    at applyOp (http://localhost:3106/sync.js:566:7)\n    at _ws.onmessage (http://localhost:3106/sync.js:275:7)","user":"Jamal C. (jamal@yumyums.kitchen)","page":"/workflows.html","ua":"Mozilla/5.0 (Macintosh; Intel Mac OS X 10_15_7) AppleWebKit/537.36 (KHTML, like Gecko) HeadlessChrome/147.0.7727.15 Safa"}
[2m[WebServer] [22m{"time":"2026-09-04T21:19:07.359789-04:00","level":"INFO","msg":"op handler received op","op_type":"SET_FIELD","entity_id":"3d5301fc-cbd9-46c9-a93f-6249330520df","device_id":"56311fdf-3db1-4b3f-8946-7c3df18fe5e0","lamport_ts":1788571129738}
  ✓  311 [chromium] › tests/persistence.spec.js:406:3 › Persistence › submitted checklist shows as submitted after reload [LST-06] (7.9s)
[2m[WebServer] [22m{"time":"2026-09-04T21:19:11.302451-04:00","level":"ERROR","msg":"GetManagerHires failed","error":"iterate assigned templates for hire 6b3f459c-c422-4368-a62e-520c2c9fcd91: context canceled"}
  ✓  312 [chromium] › tests/persistence.spec.js:443:3 › Persistence › submitted checklist fields are not blank after reload [FLD-R3 FLD-R5] (1.2s)
[2m[WebServer] [22m{"time":"2026-09-04T21:19:12.504687-04:00","level":"ERROR","msg":"GetManagerHires failed","error":"iterate assigned templates for hire d949b011-7c4e-4234-a641-2a565765b237: context canceled"}
[2m[WebServer] [22m{"time":"2026-09-04T21:19:12.954524-04:00","level":"ERROR","msg":"listTemplates error","error":"iterate sections: context canceled"}
[2m[WebServer] [22m{"time":"2026-09-04T21:19:12.955421-04:00","level":"ERROR","msg":"myChecklists error","error":"iterate fail notes: context canceled"}
[2m[WebServer] [22m{"time":"2026-09-04T21:19:12.959193-04:00","level":"ERROR","msg":"listTemplates error","error":"iterate templates: context canceled"}
[2m[WebServer] [22m{"time":"2026-09-04T21:19:12.978231-04:00","level":"INFO","msg":"client log","level":"ERROR","message":"loadMyChecklists error: Failed to fetch\nTypeError: Failed to fetch\n    at api (http://localhost:3106/sync.js:24:21)\n    at loadMyChecklists (http://localhost:3106/workflows.html:631:24)\n    at applyOp (http://localhost:3106/sync.js:566:7)\n    at _ws.onmessage (http://localhost:3106/sync.js:275:7)","user":"Jamal C. (jamal@yumyums.kitchen)","page":"/workflows.html","ua":"Mozilla/5.0 (Macintosh; Intel Mac OS X 10_15_7) AppleWebKit/537.36 (KHTML, like Gecko) HeadlessChrome/147.0.7727.15 Safa"}
  ✓  313 [chromium] › tests/persistence.spec.js:507:3 › Persistence › checkboxes entered OFFLINE survive back-to-list and reopen [OFF-01] (2.5s)
[2m[WebServer] [22m{"time":"2026-09-04T21:19:15.057055-04:00","level":"ERROR","msg":"GetManagerHires failed","error":"iterate assigned templates for hire d949b011-7c4e-4234-a641-2a565765b237: context canceled"}
[2m[WebServer] [22m{"time":"2026-09-04T21:19:15.43058-04:00","level":"ERROR","msg":"listTemplates error","error":"iterate fields: context canceled"}
[2m[WebServer] [22m{"time":"2026-09-04T21:19:15.435703-04:00","level":"ERROR","msg":"cleanupOldDrafts error","error":"cleanup old drafts: context canceled"}
[2m[WebServer] [22m{"time":"2026-09-04T21:19:15.435731-04:00","level":"ERROR","msg":"myChecklists error","error":"iterate submissions: context canceled"}
[2m[WebServer] [22m{"time":"2026-09-04T21:19:15.461869-04:00","level":"INFO","msg":"client log","level":"ERROR","message":"loadMyChecklists error: Failed to fetch\nTypeError: Failed to fetch\n    at api (http://localhost:3106/sync.js:24:21)\n    at loadMyChecklists (http://localhost:3106/workflows.html:631:24)\n    at applyOp (http://localhost:3106/sync.js:566:7)\n    at _ws.onmessage (http://localhost:3106/sync.js:275:7)","user":"Jamal C. (jamal@yumyums.kitchen)","page":"/workflows.html","ua":"Mozilla/5.0 (Macintosh; Intel Mac OS X 10_15_7) AppleWebKit/537.36 (KHTML, like Gecko) HeadlessChrome/147.0.7727.15 Safa"}
  ✓  314 [chromium] › tests/persistence.spec.js:591:3 › Persistence › progress counts pending answers and says they are pending [OFF-02] (2.5s)
[2m[WebServer] [22m{"time":"2026-09-04T21:19:17.551673-04:00","level":"ERROR","msg":"GetManagerHires failed","error":"query assigned templates for hire d949b011-7c4e-4234-a641-2a565765b237: context canceled"}
[2m[WebServer] [22m{"time":"2026-09-04T21:19:17.951138-04:00","level":"ERROR","msg":"listTemplates error","error":"iterate assignments: context canceled"}
[2m[WebServer] [22m{"time":"2026-09-04T21:19:17.955295-04:00","level":"ERROR","msg":"myChecklists error","error":"iterate fail notes: context canceled"}
[2m[WebServer] [22m{"time":"2026-09-04T21:19:17.975118-04:00","level":"INFO","msg":"client log","level":"ERROR","message":"loadMyChecklists error: Failed to fetch\nTypeError: Failed to fetch\n    at api (http://localhost:3106/sync.js:24:21)\n    at loadMyChecklists (http://localhost:3106/workflows.html:631:24)\n    at applyOp (http://localhost:3106/sync.js:566:7)\n    at _ws.onmessage (http://localhost:3106/sync.js:275:7)","user":"Jamal C. (jamal@yumyums.kitchen)","page":"/workflows.html","ua":"Mozilla/5.0 (Macintosh; Intel Mac OS X 10_15_7) AppleWebKit/537.36 (KHTML, like Gecko) HeadlessChrome/147.0.7727.15 Safa"}
  ✓  315 [chromium] › tests/persistence.spec.js:616:3 › Persistence › a field whose save failed is marked Unsaved [OFF-03] (2.5s)
[2m[WebServer] [22m{"time":"2026-09-04T21:19:20.094669-04:00","level":"ERROR","msg":"GetManagerHires failed","error":"iterate assigned templates for hire d949b011-7c4e-4234-a641-2a565765b237: context canceled"}
[2m[WebServer] [22m{"time":"2026-09-04T21:19:20.472763-04:00","level":"ERROR","msg":"myChecklists error","error":"iterate rejections: context canceled"}
[2m[WebServer] [22m{"time":"2026-09-04T21:19:20.473542-04:00","level":"ERROR","msg":"listTemplates error","error":"iterate sections: context canceled"}
[2m[WebServer] [22m{"time":"2026-09-04T21:19:20.494995-04:00","level":"INFO","msg":"client log","level":"ERROR","message":"loadMyChecklists error: Failed to fetch\nTypeError: Failed to fetch\n    at api (http://localhost:3106/sync.js:24:21)\n    at loadMyChecklists (http://localhost:3106/workflows.html:631:24)\n    at applyOp (http://localhost:3106/sync.js:566:7)\n    at _ws.onmessage (http://localhost:3106/sync.js:275:7)","user":"Jamal C. (jamal@yumyums.kitchen)","page":"/workflows.html","ua":"Mozilla/5.0 (Macintosh; Intel Mac OS X 10_15_7) AppleWebKit/537.36 (KHTML, like Gecko) HeadlessChrome/147.0.7727.15 Safa"}
  ✓  316 [chromium] › tests/persistence.spec.js:645:3 › Persistence › a failed save says why, once per burst [OFF-04] (4.0s)
[2m[WebServer] [22m{"time":"2026-09-04T21:19:24.056562-04:00","level":"ERROR","msg":"GetManagerHires failed","error":"iterate assigned templates for hire d949b011-7c4e-4234-a641-2a565765b237: context canceled"}
[2m[WebServer] [22m{"time":"2026-09-04T21:19:24.423332-04:00","level":"ERROR","msg":"myChecklists error","error":"iterate fail notes: context canceled"}
[2m[WebServer] [22m{"time":"2026-09-04T21:19:24.435122-04:00","level":"INFO","msg":"client log","level":"ERROR","message":"loadMyChecklists error: Failed to fetch\nTypeError: Failed to fetch\n    at api (http://localhost:3106/sync.js:24:21)\n    at loadMyChecklists (http://localhost:3106/workflows.html:631:24)\n    at applyOp (http://localhost:3106/sync.js:566:7)\n    at _ws.onmessage (http://localhost:3106/sync.js:275:7)","user":"Jamal C. (jamal@yumyums.kitchen)","page":"/workflows.html","ua":"Mozilla/5.0 (Macintosh; Intel Mac OS X 10_15_7) AppleWebKit/537.36 (KHTML, like Gecko) HeadlessChrome/147.0.7727.15 Safa"}
[2m[WebServer] [22m{"time":"2026-09-04T21:19:26.560632-04:00","level":"INFO","msg":"op handler received op","op_type":"SET_FIELD","entity_id":"5558a81f-f29d-4e8d-bfc1-7dc3fc138e15","device_id":"f5325411-9888-411a-8c18-c7e138755f94","lamport_ts":1788571129742}
  ✓  317 [chromium] › tests/persistence.spec.js:681:3 › Persistence › pending answers sync by themselves when the connection returns [OFF-05] (2.9s)
[2m[WebServer] [22m{"time":"2026-09-04T21:19:26.923099-04:00","level":"ERROR","msg":"GetManagerHires failed","error":"iterate assigned templates for hire d949b011-7c4e-4234-a641-2a565765b237: context canceled"}
[2m[WebServer] [22m{"time":"2026-09-04T21:19:27.351608-04:00","level":"ERROR","msg":"myChecklists error","error":"iterate fail notes: context canceled"}
[2m[WebServer] [22m{"time":"2026-09-04T21:19:27.373445-04:00","level":"INFO","msg":"client log","level":"ERROR","message":"loadMyChecklists error: Failed to fetch\nTypeError: Failed to fetch\n    at api (http://localhost:3106/sync.js:24:21)\n    at loadMyChecklists (http://localhost:3106/workflows.html:631:24)\n    at applyOp (http://localhost:3106/sync.js:566:7)\n    at _ws.onmessage (http://localhost:3106/sync.js:275:7)","user":"Jamal C. (jamal@yumyums.kitchen)","page":"/workflows.html","ua":"Mozilla/5.0 (Macintosh; Intel Mac OS X 10_15_7) AppleWebKit/537.36 (KHTML, like Gecko) HeadlessChrome/147.0.7727.15 Safa"}
[2m[WebServer] [22m{"time":"2026-09-04T21:19:29.478657-04:00","level":"INFO","msg":"op handler received op","op_type":"SET_FIELD","entity_id":"ecc5c03c-51b2-4d61-9719-c31a091087a0","device_id":"313316a4-af96-402f-8974-a9cc0dbd3ae5","lamport_ts":1788571129747}
  ✓  318 [chromium] › tests/persistence.spec.js:715:3 › Persistence › a failure while ONLINE retries itself on the timer tick [OFF-06] (2.8s)
[2m[WebServer] [22m{"time":"2026-09-04T21:19:29.804194-04:00","level":"ERROR","msg":"GetManagerHires failed","error":"iterate assigned templates for hire 6b3f459c-c422-4368-a62e-520c2c9fcd91: context canceled"}
[2m[WebServer] [22m{"time":"2026-09-04T21:19:30.839874-04:00","level":"INFO","msg":"op handler received op","op_type":"SET_FIELD","entity_id":"264d8280-7108-42d1-a1ed-c55f8e3b9070","device_id":"ad47b5a6-45b1-420e-9cd4-072582d21009","lamport_ts":1788571129749}
  ✓  319 [chromium] › tests/persistence.spec.js:741:3 › Persistence › checked field survives back-to-list and reopen without losing state [FLD-02 RUN-18] (1.4s)
[2m[WebServer] [22m{"time":"2026-09-04T21:19:31.237381-04:00","level":"ERROR","msg":"GetManagerHires failed","error":"iterate assigned templates for hire 6b3f459c-c422-4368-a62e-520c2c9fcd91: context canceled"}
[2m[WebServer] [22m{"time":"2026-09-04T21:19:31.619689-04:00","level":"ERROR","msg":"myChecklists error","error":"iterate schedules: context canceled"}
[2m[WebServer] [22m{"time":"2026-09-04T21:19:31.619725-04:00","level":"ERROR","msg":"cleanupOldDrafts error","error":"cleanup old drafts: context canceled"}
[2m[WebServer] [22m{"time":"2026-09-04T21:19:31.620125-04:00","level":"ERROR","msg":"listTemplates error","error":"iterate templates: context canceled"}
[2m[WebServer] [22m{"time":"2026-09-04T21:19:31.646445-04:00","level":"INFO","msg":"client log","level":"ERROR","message":"loadMyChecklists error: Failed to fetch\nTypeError: Failed to fetch\n    at api (http://localhost:3106/sync.js:24:21)\n    at loadMyChecklists (http://localhost:3106/workflows.html:631:24)\n    at applyOp (http://localhost:3106/sync.js:566:7)\n    at _ws.onmessage (http://localhost:3106/sync.js:275:7)","user":"Jamal C. (jamal@yumyums.kitchen)","page":"/workflows.html","ua":"Mozilla/5.0 (Macintosh; Intel Mac OS X 10_15_7) AppleWebKit/537.36 (KHTML, like Gecko) HeadlessChrome/147.0.7727.15 Safa"}
[2m[WebServer] [22m{"time":"2026-09-04T21:19:32.239823-04:00","level":"INFO","msg":"op handler received op","op_type":"SET_FIELD","entity_id":"f2f4c13a-33be-436f-8971-d2a89b67e878","device_id":"907e60cc-1eca-448c-babb-79b0e20e2a3f","lamport_ts":1788571129752}
  ✓  320 [chromium] › tests/persistence.spec.js:807:3 › Persistence › yes/no button is highlighted after save and reopen [FLD-06 FLD-07] (1.4s)
[2m[WebServer] [22m{"time":"2026-09-04T21:19:32.652054-04:00","level":"ERROR","msg":"GetManagerHires failed","error":"iterate assigned templates for hire d949b011-7c4e-4234-a641-2a565765b237: context canceled"}
[2m[WebServer] [22m{"time":"2026-09-04T21:19:33.042262-04:00","level":"ERROR","msg":"myChecklists error","error":"iterate responses: context canceled"}
[2m[WebServer] [22m{"time":"2026-09-04T21:19:33.061998-04:00","level":"INFO","msg":"client log","level":"ERROR","message":"loadMyChecklists error: Failed to fetch\nTypeError: Failed to fetch\n    at api (http://localhost:3106/sync.js:24:21)\n    at loadMyChecklists (http://localhost:3106/workflows.html:631:24)\n    at applyOp (http://localhost:3106/sync.js:566:7)\n    at _ws.onmessage (http://localhost:3106/sync.js:275:7)","user":"Jamal C. (jamal@yumyums.kitchen)","page":"/workflows.html","ua":"Mozilla/5.0 (Macintosh; Intel Mac OS X 10_15_7) AppleWebKit/537.36 (KHTML, like Gecko) HeadlessChrome/147.0.7727.15 Safa"}
[2m[WebServer] [22m{"time":"2026-09-04T21:19:33.623703-04:00","level":"INFO","msg":"op handler received op","op_type":"SET_FIELD","entity_id":"31419831-29b8-42cc-92c4-58c5595157bc","device_id":"f7ec58ca-16df-472d-8251-b6fe2bee36cc","lamport_ts":1788571129755}
  ✓  321 [chromium] › tests/persistence.spec.js:857:3 › Persistence › text field without quotes renders without quotes after reload [FLD-09] (1.4s)
[2m[WebServer] [22m{"time":"2026-09-04T21:19:34.017552-04:00","level":"ERROR","msg":"GetManagerHires failed","error":"iterate assigned templates for hire d949b011-7c4e-4234-a641-2a565765b237: context canceled"}
[2m[WebServer] [22m{"time":"2026-09-04T21:19:34.427466-04:00","level":"ERROR","msg":"listTemplates error","error":"iterate schedules: context canceled"}
[2m[WebServer] [22m{"time":"2026-09-04T21:19:34.427881-04:00","level":"ERROR","msg":"myChecklists error","error":"iterate fail notes: context canceled"}
[2m[WebServer] [22m{"time":"2026-09-04T21:19:34.427864-04:00","level":"ERROR","msg":"cleanupOldDrafts error","error":"cleanup old drafts: context canceled"}
[2m[WebServer] [22m{"time":"2026-09-04T21:19:34.451089-04:00","level":"INFO","msg":"client log","level":"ERROR","message":"loadMyChecklists error: Failed to fetch\nTypeError: Failed to fetch\n    at api (http://localhost:3106/sync.js:24:21)\n    at loadMyChecklists (http://localhost:3106/workflows.html:631:24)\n    at applyOp (http://localhost:3106/sync.js:566:7)\n    at _ws.onmessage (http://localhost:3106/sync.js:275:7)","user":"Jamal C. (jamal@yumyums.kitchen)","page":"/workflows.html","ua":"Mozilla/5.0 (Macintosh; Intel Mac OS X 10_15_7) AppleWebKit/537.36 (KHTML, like Gecko) HeadlessChrome/147.0.7727.15 Safa"}
[2m[WebServer] [22m{"time":"2026-09-04T21:19:35.023634-04:00","level":"INFO","msg":"op handler received op","op_type":"SET_FIELD","entity_id":"d72bc1cc-99b1-4858-b98d-96190d37ca67","device_id":"4ebd2b9b-9f96-4ae9-a2d4-88de05b05fc3","lamport_ts":1788571129758}
  ✓  322 [chromium] › tests/persistence.spec.js:900:3 › Persistence › text field with quotes renders with quotes after reload [FLD-09] (1.4s)
[2m[WebServer] [22m{"time":"2026-09-04T21:19:35.418104-04:00","level":"ERROR","msg":"GetManagerHires failed","error":"iterate assigned templates for hire d949b011-7c4e-4234-a641-2a565765b237: context canceled"}
[2m[WebServer] [22m{"time":"2026-09-04T21:19:35.871244-04:00","level":"ERROR","msg":"listTemplates error","error":"list schedules: context canceled"}
[2m[WebServer] [22m{"time":"2026-09-04T21:19:35.875093-04:00","level":"ERROR","msg":"cleanupOldDrafts error","error":"cleanup old drafts: context canceled"}
[2m[WebServer] [22m{"time":"2026-09-04T21:19:35.875126-04:00","level":"ERROR","msg":"myChecklists error","error":"list submissions: context canceled"}
[2m[WebServer] [22m{"time":"2026-09-04T21:19:35.897199-04:00","level":"INFO","msg":"client log","level":"ERROR","message":"loadMyChecklists error: Failed to fetch\nTypeError: Failed to fetch\n    at api (http://localhost:3106/sync.js:24:21)\n    at loadMyChecklists (http://localhost:3106/workflows.html:631:24)\n    at applyOp (http://localhost:3106/sync.js:566:7)\n    at _ws.onmessage (http://localhost:3106/sync.js:275:7)","user":"Jamal C. (jamal@yumyums.kitchen)","page":"/workflows.html","ua":"Mozilla/5.0 (Macintosh; Intel Mac OS X 10_15_7) AppleWebKit/537.36 (KHTML, like Gecko) HeadlessChrome/147.0.7727.15 Safa"}
[2m[WebServer] [22m{"time":"2026-09-04T21:19:36.457707-04:00","level":"INFO","msg":"op handler received op","op_type":"SET_FIELD","entity_id":"2a708c7e-42ea-473c-8441-e93a7db76a60","device_id":"bb5c31b8-7425-40be-b1f7-f62346f0f5da","lamport_ts":1788571129761}
  ✓  323 [chromium] › tests/persistence.spec.js:945:3 › Persistence › temperature value survives back-to-list and reopen [FLD-11] (1.5s)
[2m[WebServer] [22m{"time":"2026-09-04T21:19:36.881872-04:00","level":"ERROR","msg":"GetManagerHires failed","error":"query assigned templates for hire d949b011-7c4e-4234-a641-2a565765b237: context canceled"}
[2m[WebServer] [22m{"time":"2026-09-04T21:19:37.245418-04:00","level":"ERROR","msg":"myChecklists error","error":"iterate responses: context canceled"}
[2m[WebServer] [22m{"time":"2026-09-04T21:19:37.245425-04:00","level":"ERROR","msg":"cleanupOldDrafts error","error":"cleanup old drafts: context canceled"}
[2m[WebServer] [22m{"time":"2026-09-04T21:19:37.272983-04:00","level":"INFO","msg":"client log","level":"ERROR","message":"loadMyChecklists error: Failed to fetch\nTypeError: Failed to fetch\n    at api (http://localhost:3106/sync.js:24:21)\n    at loadMyChecklists (http://localhost:3106/workflows.html:631:24)\n    at applyOp (http://localhost:3106/sync.js:566:7)\n    at _ws.onmessage (http://localhost:3106/sync.js:275:7)","user":"Jamal C. (jamal@yumyums.kitchen)","page":"/workflows.html","ua":"Mozilla/5.0 (Macintosh; Intel Mac OS X 10_15_7) AppleWebKit/537.36 (KHTML, like Gecko) HeadlessChrome/147.0.7727.15 Safa"}
[2m[WebServer] [22m{"time":"2026-09-04T21:19:37.859286-04:00","level":"INFO","msg":"op handler received op","op_type":"SET_FIELD","entity_id":"15434e17-65d4-4315-b9bb-7da86edea177","device_id":"c4052818-b23a-4f73-8790-5db78c7157b8","lamport_ts":1788571129764}
  ✓  324 [chromium] › tests/persistence.spec.js:996:3 › Persistence › sub-step checks survive back-to-list and reopen [FLD-03] (1.4s)
[2m[WebServer] [22m{"time":"2026-09-04T21:19:38.271292-04:00","level":"ERROR","msg":"GetManagerHires failed","error":"iterate assigned templates for hire 6b3f459c-c422-4368-a62e-520c2c9fcd91: context canceled"}
[2m[WebServer] [22m{"time":"2026-09-04T21:19:38.744946-04:00","level":"ERROR","msg":"listTemplates error","error":"iterate assignments: context canceled"}
[2m[WebServer] [22m{"time":"2026-09-04T21:19:38.751634-04:00","level":"ERROR","msg":"myChecklists error","error":"list fields: context canceled"}
[2m[WebServer] [22m{"time":"2026-09-04T21:19:38.751684-04:00","level":"ERROR","msg":"cleanupOldDrafts error","error":"cleanup old drafts: context canceled"}
[2m[WebServer] [22m{"time":"2026-09-04T21:19:38.777365-04:00","level":"INFO","msg":"client log","level":"ERROR","message":"loadMyChecklists error: Failed to fetch\nTypeError: Failed to fetch\n    at api (http://localhost:3106/sync.js:24:21)\n    at loadMyChecklists (http://localhost:3106/workflows.html:631:24)\n    at applyOp (http://localhost:3106/sync.js:566:7)\n    at _ws.onmessage (http://localhost:3106/sync.js:275:7)","user":"Jamal C. (jamal@yumyums.kitchen)","page":"/workflows.html","ua":"Mozilla/5.0 (Macintosh; Intel Mac OS X 10_15_7) AppleWebKit/537.36 (KHTML, like Gecko) HeadlessChrome/147.0.7727.15 Safa"}
[2m[WebServer] [22m{"time":"2026-09-04T21:19:39.319064-04:00","level":"INFO","msg":"op handler received op","op_type":"SET_FIELD","entity_id":"a91c38f6-2932-46d3-9cc8-1441d66c8661","device_id":"01109cb8-f572-4651-a413-482fdff02277","lamport_ts":1788571129767}
[2m[WebServer] [22m{"time":"2026-09-04T21:19:41.17172-04:00","level":"INFO","msg":"op handler received op","op_type":"SET_FIELD","entity_id":"a91c38f6-2932-46d3-9cc8-1441d66c8661","device_id":"01109cb8-f572-4651-a413-482fdff02277","lamport_ts":1788571129769}
  ✓  325 [chromium] › tests/persistence.spec.js:1054:3 › Persistence › corrective action note and severity survive back-and-reopen [FLD-15] (3.3s)
[2m[WebServer] [22m{"time":"2026-09-04T21:19:41.593941-04:00","level":"ERROR","msg":"GetManagerHires failed","error":"iterate assigned templates for hire d949b011-7c4e-4234-a641-2a565765b237: context canceled"}
[2m[WebServer] [22m{"time":"2026-09-04T21:19:41.994406-04:00","level":"ERROR","msg":"listTemplates error","error":"iterate fields: context canceled"}
[2m[WebServer] [22m{"time":"2026-09-04T21:19:41.995346-04:00","level":"ERROR","msg":"myChecklists error","error":"iterate rejections: context canceled"}
[2m[WebServer] [22m{"time":"2026-09-04T21:19:42.020366-04:00","level":"INFO","msg":"client log","level":"ERROR","message":"loadMyChecklists error: Failed to fetch\nTypeError: Failed to fetch\n    at api (http://localhost:3106/sync.js:24:21)\n    at loadMyChecklists (http://localhost:3106/workflows.html:631:24)\n    at applyOp (http://localhost:3106/sync.js:566:7)\n    at _ws.onmessage (http://localhost:3106/sync.js:275:7)","user":"Jamal C. (jamal@yumyums.kitchen)","page":"/workflows.html","ua":"Mozilla/5.0 (Macintosh; Intel Mac OS X 10_15_7) AppleWebKit/537.36 (KHTML, like Gecko) HeadlessChrome/147.0.7727.15 Safa"}
[2m[WebServer] [22m{"time":"2026-09-04T21:19:42.587482-04:00","level":"INFO","msg":"op handler received op","op_type":"SET_FIELD","entity_id":"53eb395f-1c36-4e72-81aa-2cc4d9c4ef61","device_id":"b7512448-5ff0-432a-8a52-984f5d79544d","lamport_ts":1788571129772}
[2m[WebServer] [22m{"time":"2026-09-04T21:19:44.444117-04:00","level":"INFO","msg":"op handler received op","op_type":"SET_FIELD","entity_id":"53eb395f-1c36-4e72-81aa-2cc4d9c4ef61","device_id":"b7512448-5ff0-432a-8a52-984f5d79544d","lamport_ts":1788571129774}
  ✓  326 [chromium] › tests/persistence.spec.js:1135:3 › Persistence › corrective action note survives SUBMIT, reload and reopen [FLD-15b] (6.3s)
[2m[WebServer] [22m{"time":"2026-09-04T21:19:47.856115-04:00","level":"ERROR","msg":"GetManagerHires failed","error":"iterate assigned templates for hire d949b011-7c4e-4234-a641-2a565765b237: context canceled"}
[2m[WebServer] [22m{"time":"2026-09-04T21:19:48.724728-04:00","level":"ERROR","msg":"listTemplates error","error":"iterate schedules: context canceled"}
[2m[WebServer] [22m{"time":"2026-09-04T21:19:49.324428-04:00","level":"INFO","msg":"op handler received op","op_type":"SET_FIELD","entity_id":"7a9892c7-8261-4cf2-8333-8ffcaa64a0cc","device_id":"db39453d-23c7-4352-bbee-1bda3c9e9896","lamport_ts":1788571129778}
  ✓  327 [chromium] › tests/persistence.spec.js:1203:3 › Persistence › fail photo survives back-to-list and reopen as https:// URL [FLD-16] (2.6s)
[2m[WebServer] [22m{"time":"2026-09-04T21:19:50.439987-04:00","level":"ERROR","msg":"GetManagerHires failed","error":"iterate assigned templates for hire d949b011-7c4e-4234-a641-2a565765b237: context canceled"}
[2m[WebServer] [22m{"time":"2026-09-04T21:19:51.066979-04:00","level":"ERROR","msg":"listTemplates error","error":"iterate schedules: context canceled"}
[2m[WebServer] [22m{"time":"2026-09-04T21:19:51.739102-04:00","level":"INFO","msg":"op handler received op","op_type":"SET_FIELD","entity_id":"b35761eb-1e56-47b5-9b23-e2163d66476c","device_id":"c1744ad3-424f-4a8a-b14e-eacc9350192d","lamport_ts":1788571129781}
[2m[WebServer] [22m{"time":"2026-09-04T21:19:52.086478-04:00","level":"INFO","msg":"client log","level":"ERROR","message":"Fail photo upload failed: Failed to fetch\nTypeError: Failed to fetch\n    at http://localhost:3106/workflows.html:2271:16","user":"Jamal C. (jamal@yumyums.kitchen)","page":"/workflows.html","ua":"Mozilla/5.0 (Macintosh; Intel Mac OS X 10_15_7) AppleWebKit/537.36 (KHTML, like Gecko) HeadlessChrome/147.0.7727.15 Safa"}
  ✓  328 [chromium] › tests/persistence.spec.js:1303:3 › Persistence › photo upload failure notifies the user, not silently [FLD-16D] (2.0s)
[2m[WebServer] [22m{"time":"2026-09-04T21:19:52.50184-04:00","level":"ERROR","msg":"GetManagerHires failed","error":"iterate assigned templates for hire d949b011-7c4e-4234-a641-2a565765b237: context canceled"}
[2m[WebServer] [22m{"time":"2026-09-04T21:19:53.207909-04:00","level":"ERROR","msg":"listTemplates error","error":"iterate sections: context canceled"}
[2m[WebServer] [22m{"time":"2026-09-04T21:19:53.889826-04:00","level":"INFO","msg":"op handler received op","op_type":"SET_FIELD","entity_id":"7291118c-2c41-4876-83c0-310ba12a0cd5","device_id":"1965b8f8-eb50-4d1d-84ae-bd79696c07f8","lamport_ts":1788571129783}
[2m[WebServer] [22m{"time":"2026-09-04T21:19:54.643547-04:00","level":"INFO","msg":"op handler received op","op_type":"SET_FIELD","entity_id":"7291118c-2c41-4876-83c0-310ba12a0cd5","device_id":"1965b8f8-eb50-4d1d-84ae-bd79696c07f8","lamport_ts":1788571129785}
  ✓  329 [chromium] › tests/persistence.spec.js:1350:3 › Persistence › fail photo captured through the camera path survives back-to-list and reopen [FLD-16B] (3.8s)
[2m[WebServer] [22m{"time":"2026-09-04T21:19:56.25102-04:00","level":"ERROR","msg":"GetManagerHires failed","error":"query assigned templates for hire b4858aa5-87f1-475f-9b00-ffbc38d0bac0: context canceled"}
[2m[WebServer] [22m{"time":"2026-09-04T21:19:56.891635-04:00","level":"ERROR","msg":"myChecklists error","error":"list submissions: context canceled"}
[2m[WebServer] [22m{"time":"2026-09-04T21:19:56.893718-04:00","level":"ERROR","msg":"listTemplates error","error":"iterate templates: context canceled"}
[2m[WebServer] [22m{"time":"2026-09-04T21:19:56.919263-04:00","level":"INFO","msg":"client log","level":"ERROR","message":"loadMyChecklists error: Failed to fetch\nTypeError: Failed to fetch\n    at api (http://localhost:3106/sync.js:24:21)\n    at loadMyChecklists (http://localhost:3106/workflows.html:631:24)\n    at applyOp (http://localhost:3106/sync.js:519:7)\n    at _ws.onmessage (http://localhost:3106/sync.js:275:7)","user":"Jamal C. (jamal@yumyums.kitchen)","page":"/workflows.html","ua":"Mozilla/5.0 (Macintosh; Intel Mac OS X 10_15_7) AppleWebKit/537.36 (KHTML, like Gecko) HeadlessChrome/147.0.7727.15 Safa"}
  ✓  330 [chromium] › tests/persistence.spec.js:1463:3 › Persistence › correction photo survives back-to-list and reopen as https:// URL [FLD-CORRECTION-PHOTO] (1.4s)
[2m[WebServer] [22m{"time":"2026-09-04T21:19:57.719437-04:00","level":"ERROR","msg":"GetManagerHires failed","error":"iterate assigned templates for hire 6b3f459c-c422-4368-a62e-520c2c9fcd91: context canceled"}
[2m[WebServer] [22m{"time":"2026-09-04T21:19:58.673474-04:00","level":"ERROR","msg":"myChecklists error","error":"iterate rejections: context canceled"}
[2m[WebServer] [22m{"time":"2026-09-04T21:19:58.682331-04:00","level":"INFO","msg":"client log","level":"ERROR","message":"loadMyChecklists error: Failed to fetch\nTypeError: Failed to fetch\n    at api (http://localhost:3106/sync.js:24:21)\n    at loadMyChecklists (http://localhost:3106/workflows.html:631:24)\n    at applyOp (http://localhost:3106/sync.js:519:7)\n    at _ws.onmessage (http://localhost:3106/sync.js:275:7)","user":"Jamal C. (jamal@yumyums.kitchen)","page":"/workflows.html","ua":"Mozilla/5.0 (Macintosh; Intel Mac OS X 10_15_7) AppleWebKit/537.36 (KHTML, like Gecko) HeadlessChrome/147.0.7727.15 Safa"}
[2m[WebServer] [22m{"time":"2026-09-04T21:19:59.378114-04:00","level":"INFO","msg":"op handler received op","op_type":"SET_FIELD","entity_id":"46208fe7-9c54-4103-a5bd-58989b8a823a","device_id":"5f8fd33d-ee10-4b21-b5eb-9054f2d8b5bc","lamport_ts":1788571129790}
  ✓  331 [chromium] › tests/persistence.spec.js:1540:3 › Persistence › correction photo captured through the camera path survives back-to-list and reopen [FLD-16C] (3.3s)
[2m[WebServer] [22m{"time":"2026-09-04T21:20:00.978099-04:00","level":"ERROR","msg":"GetManagerHires failed","error":"iterate assigned templates for hire d949b011-7c4e-4234-a641-2a565765b237: context canceled"}
[2m[WebServer] [22m{"time":"2026-09-04T21:20:01.416737-04:00","level":"ERROR","msg":"listTemplates error","error":"list templates: context canceled"}
  ✓  332 [chromium] › tests/persistence.spec.js:1694:3 › Persistence › video max_watched_time survives back-to-list and reopen (1.0s)
[2m[WebServer] [22m{"time":"2026-09-04T21:20:02.020002-04:00","level":"ERROR","msg":"GetManagerHires failed","error":"iterate assigned templates for hire 6993a30a-1072-44e6-abd1-e0208a2e05e0: context canceled"}
[2m[WebServer] [22m{"time":"2026-09-04T21:20:02.314264-04:00","level":"ERROR","msg":"listTemplates error","error":"iterate templates: context canceled"}
[2m[WebServer] [22m{"time":"2026-09-04T21:20:02.317929-04:00","level":"ERROR","msg":"listTemplates error","error":"list templates: context canceled"}
  ✓  333 [chromium] › tests/persistence.spec.js:1780:3 › Persistence › video_watch_position progress does not mark section complete (892ms)
[2m[WebServer] [22m{"time":"2026-09-04T21:20:02.933223-04:00","level":"ERROR","msg":"GetManagerHires failed","error":"iterate assigned templates for hire d949b011-7c4e-4234-a641-2a565765b237: context canceled"}
  ✓  334 [chromium] › tests/persistence.spec.js:1877:3 › Persistence › max_watched_time persists after video marked as watched (912ms)
[2m[WebServer] [22m{"time":"2026-09-04T21:20:03.871629-04:00","level":"ERROR","msg":"GetManagerHires failed","error":"query assigned templates for hire d949b011-7c4e-4234-a641-2a565765b237: context canceled"}
[2m[WebServer] [22m{"time":"2026-09-04T21:20:04.156837-04:00","level":"ERROR","msg":"pendingApprovals error","error":"get user role: context canceled"}
  -  335 [chromium] › tests/persistence.spec.js:1974:3 › Persistence › recipe usage_pct round-trips through PUT and GET
[2m[WebServer] [22m{"time":"2026-09-04T21:20:04.547039-04:00","level":"ERROR","msg":"GetManagerHires failed","error":"query assigned templates for hire 638927fd-b362-49fc-840c-6e6af0d138cb: context canceled"}
[2m[WebServer] [22m{"time":"2026-09-04T21:20:04.870454-04:00","level":"ERROR","msg":"GetManagerHires failed","error":"iterate assigned templates for hire d949b011-7c4e-4234-a641-2a565765b237: context canceled"}
  ✓  336 [chromium] › tests/purchasing.spec.js:152:3 › Purchasing tabs › shows 4 tabs: Order, Shopping, PO, History (886ms)
[2m[WebServer] [22m{"time":"2026-09-04T21:20:05.771469-04:00","level":"ERROR","msg":"GetManagerHires failed","error":"query assigned templates for hire d949b011-7c4e-4234-a641-2a565765b237: context canceled"}
  ✓  337 [chromium] › tests/purchasing.spec.js:159:3 › Purchasing tabs › Order tab is active by default (884ms)
[2m[WebServer] [22m{"time":"2026-09-04T21:20:06.675234-04:00","level":"ERROR","msg":"GetManagerHires failed","error":"iterate assigned templates for hire 6b3f459c-c422-4368-a62e-520c2c9fcd91: context canceled"}
  ✓  338 [chromium] › tests/purchasing.spec.js:165:3 › Purchasing tabs › tab switching shows correct section (982ms)
[2m[WebServer] [22m{"time":"2026-09-04T21:20:07.634524-04:00","level":"ERROR","msg":"GetManagerHires failed","error":"iterate assigned templates for hire 6b3f459c-c422-4368-a62e-520c2c9fcd91: context canceled"}
[2m[WebServer] [22m{"time":"2026-09-04T21:20:08.233497-04:00","level":"INFO","msg":"alerts delivery disabled (ALERTS_ENABLED unset), dropping alert","channel":"zoho_cliq","subject":"Shopping List Completed"}
[2m[WebServer] [22m{"time":"2026-09-04T21:20:08.233528-04:00","level":"INFO","msg":"alerts delivery disabled (ALERTS_ENABLED unset), dropping alert","channel":"email","subject":"Shopping List Completed"}
  ✓  339 [chromium] › tests/purchasing.spec.js:190:3 › Shopping tab › Shopping tab shows specific empty-state stub when no active list exists (1.5s)
[2m[WebServer] [22m{"time":"2026-09-04T21:20:09.105835-04:00","level":"ERROR","msg":"GetManagerHires failed","error":"iterate assigned templates for hire d949b011-7c4e-4234-a641-2a565765b237: context canceled"}
  ✓  340 [chromium] › tests/purchasing.spec.js:217:3 › Shopping tab › Shopping tab renders grouped vendor sections with checks, thumbnails, and locations (1.5s)
[2m[WebServer] [22m{"time":"2026-09-04T21:20:10.604727-04:00","level":"ERROR","msg":"GetManagerHires failed","error":"iterate assigned templates for hire d949b011-7c4e-4234-a641-2a565765b237: context canceled"}
  ✓  341 [chromium] › tests/purchasing.spec.js:269:3 › Shopping tab › shopping item check-off survives page reload (2.5s)
[2m[WebServer] [22m{"time":"2026-09-04T21:20:13.155553-04:00","level":"ERROR","msg":"GetManagerHires failed","error":"iterate assigned templates for hire d949b011-7c4e-4234-a641-2a565765b237: context canceled"}
  -  342 [chromium] › tests/purchasing.spec.js:302:3 › Shopping tab › vendor section completion persists after reload
[2m[WebServer] [22m{"time":"2026-09-04T21:20:14.073701-04:00","level":"ERROR","msg":"GetManagerHires failed","error":"iterate assigned templates for hire d949b011-7c4e-4234-a641-2a565765b237: context canceled"}
  ✓  343 [chromium] › tests/purchasing.spec.js:352:3 › Shopping tab › store location edit persists after reload (2.6s)
[2m[WebServer] [22m{"time":"2026-09-04T21:20:16.639106-04:00","level":"ERROR","msg":"GetManagerHires failed","error":"iterate assigned templates for hire d949b011-7c4e-4234-a641-2a565765b237: context canceled"}
  ✓  344 [chromium] › tests/purchasing.spec.js:396:3 › Shopping tab › shopping aisle location does not overwrite catalog store_location (862ms)
[2m[WebServer] [22m{"time":"2026-09-04T21:20:17.506079-04:00","level":"ERROR","msg":"GetManagerHires failed","error":"iterate assigned templates for hire d949b011-7c4e-4234-a641-2a565765b237: context canceled"}
  -  345 [chromium] › tests/purchasing.spec.js:422:3 › Shopping tab › toast appears when checking item without photo
[2m[WebServer] [22m{"time":"2026-09-04T21:20:18.341516-04:00","level":"ERROR","msg":"GetManagerHires failed","error":"iterate assigned templates for hire d949b011-7c4e-4234-a641-2a565765b237: context canceled"}
  ✓  346 [chromium] › tests/purchasing.spec.js:455:3 › Shopping tab › No photo badge shows on checked item without photo and disappears after photo upload (1.6s)
[2m[WebServer] [22m{"time":"2026-09-04T21:20:20.01825-04:00","level":"ERROR","msg":"GetManagerHires failed","error":"iterate assigned templates for hire 6b3f459c-c422-4368-a62e-520c2c9fcd91: context canceled"}
[2m[WebServer] [22m{"time":"2026-09-04T21:20:20.712872-04:00","level":"INFO","msg":"alerts delivery disabled (ALERTS_ENABLED unset), dropping alert","channel":"zoho_cliq","subject":"Shopping List Completed"}
[2m[WebServer] [22m{"time":"2026-09-04T21:20:20.712896-04:00","level":"INFO","msg":"alerts delivery disabled (ALERTS_ENABLED unset), dropping alert","channel":"email","subject":"Shopping List Completed"}
  ✓  347 [chromium] › tests/purchasing.spec.js:542:3 › Shopping tab › FR-12: completing the last vendor section cascades list and PO to completed (1.0s)
[2m[WebServer] [22m{"time":"2026-09-04T21:20:21.04391-04:00","level":"ERROR","msg":"GetManagerHires failed","error":"iterate assigned templates for hire d949b011-7c4e-4234-a641-2a565765b237: context canceled"}
[2m[WebServer] [22m{"time":"2026-09-04T21:20:21.770607-04:00","level":"INFO","msg":"alerts delivery disabled (ALERTS_ENABLED unset), dropping alert","channel":"zoho_cliq","subject":"Shopping List Completed"}
[2m[WebServer] [22m{"time":"2026-09-04T21:20:21.770634-04:00","level":"INFO","msg":"alerts delivery disabled (ALERTS_ENABLED unset), dropping alert","channel":"email","subject":"Shopping List Completed"}
  ✓  348 [chromium] › tests/purchasing.spec.js:579:3 › Shopping tab › FR-24: completing a vendor section with checked items records a repurchase_log row (1.0s)
[2m[WebServer] [22m{"time":"2026-09-04T21:20:22.07869-04:00","level":"ERROR","msg":"GetManagerHires failed","error":"iterate assigned templates for hire d949b011-7c4e-4234-a641-2a565765b237: context canceled"}
  ✓  349 [chromium] › tests/purchasing.spec.js:668:3 › History tab › History tab renders #history-content container (891ms)
[2m[WebServer] [22m{"time":"2026-09-04T21:20:23.006913-04:00","level":"ERROR","msg":"GetManagerHires failed","error":"iterate assigned templates for hire 6b3f459c-c422-4368-a62e-520c2c9fcd91: context canceled"}
  ✓  350 [chromium] › tests/purchasing.spec.js:681:3 › History tab › empty state shows "No completed" when there is no history (917ms)
[2m[WebServer] [22m{"time":"2026-09-04T21:20:23.921921-04:00","level":"ERROR","msg":"GetManagerHires failed","error":"iterate assigned templates for hire 6b3f459c-c422-4368-a62e-520c2c9fcd91: context canceled"}
[2m[WebServer] [22m{"time":"2026-09-04T21:20:24.584237-04:00","level":"INFO","msg":"alerts delivery disabled (ALERTS_ENABLED unset), dropping alert","channel":"zoho_cliq","subject":"Shopping List Completed"}
[2m[WebServer] [22m{"time":"2026-09-04T21:20:24.584268-04:00","level":"INFO","msg":"alerts delivery disabled (ALERTS_ENABLED unset), dropping alert","channel":"email","subject":"Shopping List Completed"}
  ✓  351 [chromium] › tests/purchasing.spec.js:702:3 › History tab › history tab shows seeded completed shopping list with week label (1.1s)
[2m[WebServer] [22m{"time":"2026-09-04T21:20:24.978602-04:00","level":"ERROR","msg":"GetManagerHires failed","error":"iterate assigned templates for hire d949b011-7c4e-4234-a641-2a565765b237: context canceled"}
[2m[WebServer] [22m{"time":"2026-09-04T21:20:25.638446-04:00","level":"INFO","msg":"alerts delivery disabled (ALERTS_ENABLED unset), dropping alert","channel":"zoho_cliq","subject":"Shopping List Completed"}
[2m[WebServer] [22m{"time":"2026-09-04T21:20:25.638473-04:00","level":"INFO","msg":"alerts delivery disabled (ALERTS_ENABLED unset), dropping alert","channel":"email","subject":"Shopping List Completed"}
  ✓  352 [chromium] › tests/purchasing.spec.js:714:3 › History tab › tapping history entry expands the vendor breakdown detail (1.1s)
[2m[WebServer] [22m{"time":"2026-09-04T21:20:26.089837-04:00","level":"ERROR","msg":"GetManagerHires failed","error":"iterate assigned templates for hire 6b3f459c-c422-4368-a62e-520c2c9fcd91: context canceled"}
[2m[WebServer] [22m{"time":"2026-09-04T21:20:26.754687-04:00","level":"INFO","msg":"alerts delivery disabled (ALERTS_ENABLED unset), dropping alert","channel":"zoho_cliq","subject":"Shopping List Completed"}
[2m[WebServer] [22m{"time":"2026-09-04T21:20:26.754711-04:00","level":"INFO","msg":"alerts delivery disabled (ALERTS_ENABLED unset), dropping alert","channel":"email","subject":"Shopping List Completed"}
  ✓  353 [chromium] › tests/purchasing.spec.js:736:3 › History tab › history card shows vendor breakdown and section count (1.1s)
[2m[WebServer] [22m{"time":"2026-09-04T21:20:27.173452-04:00","level":"ERROR","msg":"GetManagerHires failed","error":"iterate assigned templates for hire 6b3f459c-c422-4368-a62e-520c2c9fcd91: context canceled"}
[2m[WebServer] [22m{"time":"2026-09-04T21:20:27.829139-04:00","level":"INFO","msg":"alerts delivery disabled (ALERTS_ENABLED unset), dropping alert","channel":"zoho_cliq","subject":"Shopping List Completed"}
[2m[WebServer] [22m{"time":"2026-09-04T21:20:27.829163-04:00","level":"INFO","msg":"alerts delivery disabled (ALERTS_ENABLED unset), dropping alert","channel":"email","subject":"Shopping List Completed"}
  ✓  354 [chromium] › tests/purchasing.spec.js:753:3 › History tab › FR-17: shopping/history returns completed lists with vendor-section shape (993ms)
[2m[WebServer] [22m{"time":"2026-09-04T21:20:28.167453-04:00","level":"ERROR","msg":"GetManagerHires failed","error":"iterate assigned templates for hire 6b3f459c-c422-4368-a62e-520c2c9fcd91: context canceled"}
  ✓  355 [chromium] › tests/purchasing.spec.js:792:3 › PO tab › PO tab shows stub or locked PO (899ms)
[2m[WebServer] [22m{"time":"2026-09-04T21:20:29.056194-04:00","level":"ERROR","msg":"GetManagerHires failed","error":"iterate assigned templates for hire d949b011-7c4e-4234-a641-2a565765b237: context canceled"}
  -  356 [chromium] › tests/purchasing.spec.js:804:3 › PO tab › PO tab shows approve button for admin when PO is locked
[2m[WebServer] [22m{"time":"2026-09-04T21:20:29.889701-04:00","level":"ERROR","msg":"GetManagerHires failed","error":"iterate assigned templates for hire d949b011-7c4e-4234-a641-2a565765b237: context canceled"}
  ✓  357 [chromium] › tests/purchasing.spec.js:848:3 › Item picker store_location enforcement › item without store_location shows "Set location in Setup" instead of Add button (1.8s)
[2m[WebServer] [22m{"time":"2026-09-04T21:20:31.657765-04:00","level":"ERROR","msg":"GetManagerHires failed","error":"iterate assigned templates for hire d949b011-7c4e-4234-a641-2a565765b237: context canceled"}
  ✓  358 [chromium] › tests/purchasing.spec.js:876:3 › Item picker store_location enforcement › item with store_location shows normal Add button (1.8s)
[2m[WebServer] [22m{"time":"2026-09-04T21:20:33.424454-04:00","level":"ERROR","msg":"GetManagerHires failed","error":"iterate assigned templates for hire d949b011-7c4e-4234-a641-2a565765b237: context canceled"}
  ✓  359 [chromium] › tests/purchasing.spec.js:906:3 › Item picker store_location enforcement › items grouped by store_location with headers in picker (1.8s)
[2m[WebServer] [22m{"time":"2026-09-04T21:20:35.20645-04:00","level":"ERROR","msg":"GetManagerHires failed","error":"iterate assigned templates for hire d949b011-7c4e-4234-a641-2a565765b237: context canceled"}
  ✓  360 [chromium] › tests/purchasing.spec.js:953:3 › Item picker store_location enforcement › item picker renders all items when catalog exceeds 30 (2.1s)
[2m[WebServer] [22m{"time":"2026-09-04T21:20:37.333171-04:00","level":"ERROR","msg":"GetManagerHires failed","error":"iterate assigned templates for hire 6b3f459c-c422-4368-a62e-520c2c9fcd91: context canceled"}
  ✓  361 [chromium] › tests/purchasing.spec.js:984:3 › Item picker store_location enforcement › item picker stays open after scrolling to bottom of list (1.7s)
[2m[WebServer] [22m{"time":"2026-09-04T21:20:39.040664-04:00","level":"ERROR","msg":"GetManagerHires failed","error":"iterate assigned templates for hire d949b011-7c4e-4234-a641-2a565765b237: context canceled"}
  ✓  362 [chromium] › tests/purchasing.spec.js:1005:3 › Item picker store_location enforcement › addItemToPO guard blocks items without store_location via toast (1.4s)
[2m[WebServer] [22m{"time":"2026-09-04T21:20:40.434992-04:00","level":"ERROR","msg":"GetManagerHires failed","error":"iterate assigned templates for hire 6b3f459c-c422-4368-a62e-520c2c9fcd91: context canceled"}
  ✓  363 [chromium] › tests/purchasing.spec.js:1043:3 › Item card Setup deep link › clicking item info on Order tab navigates to Inventory Setup with item expanded (1.7s)
[2m[WebServer] [22m{"time":"2026-09-04T21:20:42.137606-04:00","level":"ERROR","msg":"GetManagerHires failed","error":"iterate assigned templates for hire 6b3f459c-c422-4368-a62e-520c2c9fcd91: context canceled"}
[2m[WebServer] [22m{"time":"2026-09-04T21:20:42.146384-04:00","level":"ERROR","msg":"GetMyTrainings failed","error":"context canceled"}
  ✓  364 [chromium] › tests/purchasing.spec.js:1084:3 › Purchasing Suggestions › suggestions from inventory appear on purchasing.html Order tab (2.4s)
[2m[WebServer] [22m{"time":"2026-09-04T21:20:44.483186-04:00","level":"ERROR","msg":"GetManagerHires failed","error":"iterate assigned templates for hire 6b3f459c-c422-4368-a62e-520c2c9fcd91: context canceled"}
  ✓  365 [chromium] › tests/purchasing.spec.js:1153:3 › Order tab prove-sweep (FR-1/2/4/6) › FR-1: locked-week draft rolls to next week (POST /orders returns a next-week draft) (1.0s)
[2m[WebServer] [22m{"time":"2026-09-04T21:20:45.499769-04:00","level":"ERROR","msg":"GetManagerHires failed","error":"iterate assigned templates for hire 6b3f459c-c422-4368-a62e-520c2c9fcd91: context canceled"}
  ✓  366 [chromium] › tests/purchasing.spec.js:1185:3 › Order tab prove-sweep (FR-1/2/4/6) › FR-2: qty stepper persists across reload and qty-0 removes the line (4.1s)
[2m[WebServer] [22m{"time":"2026-09-04T21:20:49.555184-04:00","level":"ERROR","msg":"GetManagerHires failed","error":"iterate assigned templates for hire d949b011-7c4e-4234-a641-2a565765b237: context canceled"}
  ✓  367 [chromium] › tests/purchasing.spec.js:1237:3 › Order tab prove-sweep (FR-1/2/4/6) › FR-4: restock suggestions render and Add Selected persists them onto the order (2.7s)
[2m[WebServer] [22m{"time":"2026-09-04T21:20:52.237843-04:00","level":"ERROR","msg":"GetManagerHires failed","error":"iterate assigned templates for hire d949b011-7c4e-4234-a641-2a565765b237: context canceled"}
[2m[WebServer] [22m{"time":"2026-09-04T21:20:53.862428-04:00","level":"ERROR","msg":"GetManagerHires failed","error":"iterate hire overviews: context canceled"}
  ✓  368 [chromium] › tests/purchasing.spec.js:1290:3 › Order tab prove-sweep (FR-1/2/4/6) › FR-6: cutoff config is admin-settable and returns 403 for a non-admin (2.5s)
[2m[WebServer] [22m{"time":"2026-09-04T21:20:54.754652-04:00","level":"ERROR","msg":"GetManagerHires failed","error":"query assigned templates for hire d949b011-7c4e-4234-a641-2a565765b237: context canceled"}
  ✓  369 [chromium] › tests/purchasing.spec.js:1407:3 › PO tab prove-sweep (FR-13/14/15/16) › FR-13: locked PO renders read-only with a Locked status badge (1.6s)
[2m[WebServer] [22m{"time":"2026-09-04T21:20:56.404546-04:00","level":"ERROR","msg":"GetManagerHires failed","error":"iterate assigned templates for hire 6b3f459c-c422-4368-a62e-520c2c9fcd91: context canceled"}
[2m[WebServer] [22m{"time":"2026-09-04T21:20:58.100712-04:00","level":"ERROR","msg":"GetManagerHires failed","error":"iterate hire overviews: context canceled"}
  ✓  370 [chromium] › tests/purchasing.spec.js:1440:3 › PO tab prove-sweep (FR-13/14/15/16) › FR-14: admin edits a locked PO (200) but a non-admin is refused 403 (2.6s)
[2m[WebServer] [22m{"time":"2026-09-04T21:20:59.007914-04:00","level":"ERROR","msg":"GetManagerHires failed","error":"iterate assigned templates for hire 6b3f459c-c422-4368-a62e-520c2c9fcd91: context canceled"}
  ✓  371 [chromium] › tests/purchasing.spec.js:1506:3 › PO tab prove-sweep (FR-13/14/15/16) › FR-15: approve button visible for admin+locked, hidden for a non-admin (2.5s)
[2m[WebServer] [22m{"time":"2026-09-04T21:21:01.486557-04:00","level":"ERROR","msg":"GetManagerHires failed","error":"iterate assigned templates for hire d949b011-7c4e-4234-a641-2a565765b237: context canceled"}
[2m[WebServer] [22m{"time":"2026-09-04T21:21:02.244376-04:00","level":"INFO","msg":"alerts delivery disabled (ALERTS_ENABLED unset), dropping alert","channel":"zoho_cliq","subject":"Shopping List Completed"}
[2m[WebServer] [22m{"time":"2026-09-04T21:21:02.2444-04:00","level":"INFO","msg":"alerts delivery disabled (ALERTS_ENABLED unset), dropping alert","channel":"email","subject":"Shopping List Completed"}
  ✓  372 [chromium] › tests/purchasing.spec.js:1553:3 › PO tab prove-sweep (FR-13/14/15/16) › FR-16: approve snapshots the PO and both 409 refusals fire (1.1s)
  ✓  373 [chromium] › tests/purchasing.spec.js:1690:3 › Purchasing state/auth prove-sweep (NFR-1/NFR-2/FR-23) › NFR-1: PO state machine valid transitions + optimistic-lock 409 on stale transition (398ms)
[2m[WebServer] [22m{"time":"2026-09-04T21:21:03.289759-04:00","level":"ERROR","msg":"GetManagerHires failed","error":"query assigned templates for hire 388b82c0-ecdd-45df-b85f-7523e4524033: context canceled"}
  ✓  374 [chromium] › tests/purchasing.spec.js:1741:3 › Purchasing state/auth prove-sweep (NFR-1/NFR-2/FR-23) › NFR-2: non-admin (team_member) is refused 403 across 5+ purchasing admin endpoints (609ms)
[2m[WebServer] [22m{"time":"2026-09-04T21:21:03.642971-04:00","level":"ERROR","msg":"GetManagerHires failed","error":"query assigned templates for hire aebcadbc-216f-4800-9007-687cbc617800: context canceled"}
  ✓  375 [chromium] › tests/purchasing.spec.js:1792:3 › Purchasing state/auth prove-sweep (NFR-1/NFR-2/FR-23) › FR-23: manual repurchase-reset advances last_reset_at (observable effect) (343ms)
[2m[WebServer] [22m{"time":"2026-09-04T21:21:03.973221-04:00","level":"ERROR","msg":"GetManagerHires failed","error":"iterate assigned templates for hire 948f6e88-bcf9-428a-8a5a-1a7582776767: context canceled"}
  ✓  376 [chromium] › tests/receipt-carousel.spec.js:54:3 › Receipt overlay carousel › single attachment renders simple iframe overlay without carousel nav (1.1s)
[2m[WebServer] [22m{"time":"2026-09-04T21:21:05.056379-04:00","level":"ERROR","msg":"GetManagerHires failed","error":"iterate assigned templates for hire d949b011-7c4e-4234-a641-2a565765b237: context canceled"}
  ✓  377 [chromium] › tests/receipt-carousel.spec.js:123:3 › Receipt overlay carousel › multi attachment renders carousel with prev/next and counter (1.2s)
[2m[WebServer] [22m{"time":"2026-09-04T21:21:06.26714-04:00","level":"ERROR","msg":"GetManagerHires failed","error":"query assigned templates for hire 14c11b75-a485-46c7-9ce9-0a8dcd7a24bc: context canceled"}
  ✓  378 [chromium] › tests/recipes.spec.js:32:3 › Recipes tab — E2E › GET /api/v1/inventory/recipes returns ingredients-shaped envelope (930ms)
[2m[WebServer] [22m{"time":"2026-09-04T21:21:07.197377-04:00","level":"ERROR","msg":"GetManagerHires failed","error":"query assigned templates for hire 14c11b75-a485-46c7-9ce9-0a8dcd7a24bc: context canceled"}
  ✓  379 [chromium] › tests/recipes.spec.js:46:3 › Recipes tab — E2E › GET /api/v1/inventory/recipes accepts from/to date params (918ms)
[2m[WebServer] [22m{"time":"2026-09-04T21:21:08.110525-04:00","level":"ERROR","msg":"GetManagerHires failed","error":"query assigned templates for hire 14c11b75-a485-46c7-9ce9-0a8dcd7a24bc: context canceled"}
  ✓  380 [chromium] › tests/recipes.spec.js:56:3 › Recipes tab — E2E › GET /api/v1/inventory/recipes/drift returns JSON object (200 even when empty) (905ms)
[2m[WebServer] [22m{"time":"2026-09-04T21:21:09.022374-04:00","level":"ERROR","msg":"GetManagerHires failed","error":"iterate assigned templates for hire 14c11b75-a485-46c7-9ce9-0a8dcd7a24bc: context canceled"}
  ✓  381 [chromium] › tests/recipes.spec.js:75:3 › Recipes tab — E2E › POST /api/v1/inventory/recipes with non-multiple-of-5 returns 422 invalid_usage_pct (886ms)
[2m[WebServer] [22m{"time":"2026-09-04T21:21:09.915887-04:00","level":"ERROR","msg":"GetManagerHires failed","error":"iterate assigned templates for hire d949b011-7c4e-4234-a641-2a565765b237: context canceled"}
  ✓  382 [chromium] › tests/recipes.spec.js:96:3 › Recipes tab — E2E › POST /api/v1/inventory/recipes with out-of-range returns 422 (889ms)
[2m[WebServer] [22m{"time":"2026-09-04T21:21:10.805392-04:00","level":"ERROR","msg":"GetManagerHires failed","error":"iterate assigned templates for hire 14c11b75-a485-46c7-9ce9-0a8dcd7a24bc: context canceled"}
  ✓  383 [chromium] › tests/recipes.spec.js:115:3 › Recipes tab — E2E › PUT /api/v1/inventory/recipes/{id} with non-existent id returns 404 (951ms)
[2m[WebServer] [22m{"time":"2026-09-04T21:21:11.772403-04:00","level":"ERROR","msg":"GetManagerHires failed","error":"iterate assigned templates for hire 14c11b75-a485-46c7-9ce9-0a8dcd7a24bc: context canceled"}
  ✓  384 [chromium] › tests/recipes.spec.js:133:3 › Recipes tab — E2E › PUT /api/v1/inventory/recipes/{id} with non-multiple-of-5 returns 422 (930ms)
[2m[WebServer] [22m{"time":"2026-09-04T21:21:12.717289-04:00","level":"ERROR","msg":"GetManagerHires failed","error":"iterate assigned templates for hire d949b011-7c4e-4234-a641-2a565765b237: context canceled"}
  ✓  385 [chromium] › tests/recipes.spec.js:150:3 › Recipes tab — E2E › POST /api/v1/inventory/recipes/merge with same source+target returns 400 (884ms)
[2m[WebServer] [22m{"time":"2026-09-04T21:21:13.628977-04:00","level":"ERROR","msg":"GetManagerHires failed","error":"iterate assigned templates for hire 14c11b75-a485-46c7-9ce9-0a8dcd7a24bc: context canceled"}
  ✓  386 [chromium] › tests/recipes.spec.js:169:3 › Recipes tab — E2E › GET /api/v1/inventory/menu-cogs without Bearer returns 401 or 503 (910ms)
[2m[WebServer] [22m{"time":"2026-09-04T21:21:14.555712-04:00","level":"ERROR","msg":"GetManagerHires failed","error":"iterate assigned templates for hire d949b011-7c4e-4234-a641-2a565765b237: context canceled"}
  ✓  387 [chromium] › tests/recipes.spec.js:189:3 › Recipes tab — E2E › GET /api/v1/inventory/menu-cogs with wrong Bearer returns 401 or 503 (909ms)
[2m[WebServer] [22m{"time":"2026-09-04T21:21:15.460909-04:00","level":"ERROR","msg":"GetManagerHires failed","error":"iterate assigned templates for hire 14c11b75-a485-46c7-9ce9-0a8dcd7a24bc: context canceled"}
[2m[WebServer] [22m{"time":"2026-09-04T21:21:16.111257-04:00","level":"ERROR","msg":"UpdateRecipe","error":"ERROR: invalid input syntax for type uuid: \"synthetic-recipe-id\" (SQLSTATE 22P02)"}
  ✓  388 [chromium] › tests/recipes.spec.js:203:3 › Recipes tab — E2E › slider release fires PUT /api/v1/inventory/recipes/{id} with usage_pct in body (937ms)
[2m[WebServer] [22m{"time":"2026-09-04T21:21:16.419075-04:00","level":"ERROR","msg":"GetManagerHires failed","error":"iterate assigned templates for hire d949b011-7c4e-4234-a641-2a565765b237: context canceled"}
  ✓  389 [chromium] › tests/recipes.spec.js:260:3 › Recipes tab — E2E › slider input event updates the chip live without firing PUT (1.6s)
[2m[WebServer] [22m{"time":"2026-09-04T21:21:18.034537-04:00","level":"ERROR","msg":"GetManagerHires failed","error":"iterate assigned templates for hire d949b011-7c4e-4234-a641-2a565765b237: context canceled"}
  ✓  390 [chromium] › tests/recipes.spec.js:314:3 › Recipes tab — E2E › drift banner renders from non-empty drift state (951ms)
[2m[WebServer] [22m{"time":"2026-09-04T21:21:19.000145-04:00","level":"ERROR","msg":"GetManagerHires failed","error":"iterate assigned templates for hire d949b011-7c4e-4234-a641-2a565765b237: context canceled"}
  ✓  391 [chromium] › tests/recipes.spec.js:352:3 › Recipes tab — E2E › summary card shows placeholder on first render before any selection (926ms)
[2m[WebServer] [22m{"time":"2026-09-04T21:21:19.920742-04:00","level":"ERROR","msg":"GetManagerHires failed","error":"iterate assigned templates for hire 14c11b75-a485-46c7-9ce9-0a8dcd7a24bc: context canceled"}
  ✓  392 [chromium] › tests/recipes.spec.js:359:3 › Recipes tab — E2E › clear-menu-summary action restores the placeholder (1.5s)
[2m[WebServer] [22m{"time":"2026-09-04T21:21:21.405647-04:00","level":"ERROR","msg":"GetManagerHires failed","error":"iterate assigned templates for hire 14c11b75-a485-46c7-9ce9-0a8dcd7a24bc: context canceled"}
  ✓  393 [chromium] › tests/recipes.spec.js:436:3 › Recipes prove sweep — cross-cutting (FR-23 / NFR-8 / NFR-9) › FR-23: cost summary computes real per-ingredient COGS (spend × pct/100) (1.4s)
[2m[WebServer] [22m{"time":"2026-09-04T21:21:22.840049-04:00","level":"ERROR","msg":"GetManagerHires failed","error":"iterate assigned templates for hire 14c11b75-a485-46c7-9ce9-0a8dcd7a24bc: context canceled"}
  ✓  394 [chromium] › tests/recipes.spec.js:484:3 › Recipes prove sweep — cross-cutting (FR-23 / NFR-8 / NFR-9) › NFR-8: slider past-100 → 422 → slider value + chip roll back and inline error shows (1.5s)
[2m[WebServer] [22m{"time":"2026-09-04T21:21:24.389163-04:00","level":"ERROR","msg":"GetManagerHires failed","error":"iterate assigned templates for hire 14c11b75-a485-46c7-9ce9-0a8dcd7a24bc: context canceled"}
  ✓  395 [chromium] › tests/recipes.spec.js:551:3 › Recipes prove sweep — cross-cutting (FR-23 / NFR-8 / NFR-9) › NFR-9: Recipes tab fetches live /drift and renders the returned payload (1.1s)
  ✓  396 [chromium] › tests/repo-hygiene.spec.js:41:1 › no source file under sync-rxdb/ contains a NUL byte (5ms)
  ✓  397 [chromium] › tests/repo-hygiene.spec.js:66:1 › scopeFingerprint still joins its operands with a real NUL at runtime (2ms)
  ✓  398 [chromium] › tests/repo-hygiene.spec.js:104:1 › no sync-rxdb source spells the merged row-visibility-rls slug (narrow, subset) (2ms)
  ✓  399 [chromium] › tests/repo-hygiene.spec.js:184:1 › no live comment gates activation on a DONE roadmap card (fact-shaped, whole tree) (96ms)
  ✓  400 [chromium] › tests/repo-hygiene.spec.js:244:1 › night-crew.toml records the spec files its Operations tokens really select (3ms)
[2m[WebServer] [22m{"time":"2026-09-04T21:21:25.64933-04:00","level":"ERROR","msg":"GetManagerHires failed","error":"iterate assigned templates for hire d949b011-7c4e-4234-a641-2a565765b237: context canceled"}
[2m[WebServer] [22m{"time":"2026-09-04T21:21:26.258299-04:00","level":"ERROR","msg":"GetManagerHires failed","error":"iterate assigned templates for hire 14c11b75-a485-46c7-9ce9-0a8dcd7a24bc: context canceled"}
[2m[WebServer] [22m{"time":"2026-09-04T21:21:27.055687-04:00","level":"INFO","msg":"op handler received op","op_type":"SET_FIELD","entity_id":"788e5818-9c6d-410a-8b4b-61f708c491ff","device_id":"f9613318-bc14-41c3-b233-0507e433f1f9","lamport_ts":1788571129792}
  ✓  401 [chromium] › tests/repro-cut-task.spec.js:88:3 › AC-6a: mid-run edit re-renders open devices, surviving answers intact › cut a task mid-run → surviving checkbox stays checked on the observing device (live + catch-up) (3.5s)
[2m[WebServer] [22m{"time":"2026-09-04T21:21:29.150902-04:00","level":"ERROR","msg":"GetManagerHires failed","error":"iterate assigned templates for hire 14c11b75-a485-46c7-9ce9-0a8dcd7a24bc: context canceled"}
[2m[WebServer] [22m{"time":"2026-09-04T21:21:29.504511-04:00","level":"ERROR","msg":"listTemplates error","error":"iterate fields: context canceled"}
[2m[WebServer] [22m{"time":"2026-09-04T21:21:29.507492-04:00","level":"ERROR","msg":"myChecklists error","error":"iterate fail notes: context canceled"}
[2m[WebServer] [22m{"time":"2026-09-04T21:21:29.507945-04:00","level":"ERROR","msg":"listTemplates error","error":"iterate sections: context canceled"}
[2m[WebServer] [22m{"time":"2026-09-04T21:21:29.526813-04:00","level":"INFO","msg":"client log","level":"ERROR","message":"loadMyChecklists error: Failed to fetch\nTypeError: Failed to fetch\n    at api (http://localhost:3106/sync.js:24:21)\n    at loadMyChecklists (http://localhost:3106/workflows.html:631:24)\n    at applyOp (http://localhost:3106/sync.js:566:7)\n    at _ws.onmessage (http://localhost:3106/sync.js:275:7)","user":"Jamal C. (jamal@yumyums.kitchen)","page":"/workflows.html","ua":"Mozilla/5.0 (Macintosh; Intel Mac OS X 10_15_7) AppleWebKit/537.36 (KHTML, like Gecko) HeadlessChrome/147.0.7727.15 Safa"}
[2m[WebServer] [22m{"time":"2026-09-04T21:21:30.139486-04:00","level":"INFO","msg":"op handler received op","op_type":"SET_FIELD","entity_id":"03c1da4c-b45d-45f5-9ab2-c9e94a6b6d0c","device_id":"711eff48-25f7-43b4-8887-c5bfc7fb2796","lamport_ts":1788571129795}
[2m[WebServer] [22m{"time":"2026-09-04T21:21:30.189746-04:00","level":"INFO","msg":"op handler received op","op_type":"SET_FIELD","entity_id":"408031a9-e854-4a11-9f64-cdecdf9b15b7","device_id":"711eff48-25f7-43b4-8887-c5bfc7fb2796","lamport_ts":1788571129797}
[2m[WebServer] [22m{"time":"2026-09-04T21:21:31.717812-04:00","level":"ERROR","msg":"myChecklists error","error":"list assignments: context canceled"}
[2m[WebServer] [22m{"time":"2026-09-04T21:21:31.719854-04:00","level":"INFO","msg":"client log","level":"ERROR","message":"loadMyChecklists error: Failed to fetch\nTypeError: Failed to fetch\n    at api (http://localhost:3106/sync.js:24:21)\n    at loadMyChecklists (http://localhost:3106/workflows.html:631:24)\n    at rerenderOpenChecklistAfterSave (http://localhost:3106/sync.js:588:53)\n    at applyOp (http://localhost:3106/sync.js:554:7)\n    at _ws.onmessage (http://localhost:3106/sync.js:275:7)","user":"Jamal C. (jamal@yumyums.kitchen)","page":"/workflows.html","ua":"Mozilla/5.0 (Macintosh; Intel Mac OS X 10_15_7) AppleWebKit/537.36 (KHTML, like Gecko) HeadlessChrome/147.0.7727.15 Safa"}
  ✓  402 [chromium] › tests/repro-cut-task.spec.js:153:3 › AC-6b: submitted record byte-identical after later template edits › a later edit (rename + add + cut) does not change the submitted record’s rendered review (3.1s)
[2m[WebServer] [22m{"time":"2026-09-04T21:21:32.187445-04:00","level":"ERROR","msg":"GetManagerHires failed","error":"iterate assigned templates for hire 14c11b75-a485-46c7-9ce9-0a8dcd7a24bc: context canceled"}
  ✓  403 [chromium] › tests/states-cost.spec.js:178:3 › Cost tab (#s6) — State Enumeration › Empty — no sales data renders the honest low-data card (450ms)
[2m[WebServer] [22m{"time":"2026-09-04T21:21:32.681474-04:00","level":"ERROR","msg":"GetManagerHires failed","error":"iterate assigned templates for hire d949b011-7c4e-4234-a641-2a565765b237: context canceled"}
  ✓  404 [chromium] › tests/states-cost.spec.js:198:3 › Cost tab (#s6) — State Enumeration › Loading — skeleton shown in #s6 while the request is in flight (3.3s)
[2m[WebServer] [22m{"time":"2026-09-04T21:21:36.013731-04:00","level":"ERROR","msg":"GetManagerHires failed","error":"iterate assigned templates for hire d949b011-7c4e-4234-a641-2a565765b237: context canceled"}
  ✓  405 [chromium] › tests/states-cost.spec.js:209:3 › Cost tab (#s6) — State Enumeration › Error — inline error card + Retry, never a blank tab (453ms)
[2m[WebServer] [22m{"time":"2026-09-04T21:21:36.481251-04:00","level":"ERROR","msg":"GetManagerHires failed","error":"iterate assigned templates for hire d949b011-7c4e-4234-a641-2a565765b237: context canceled"}
  ✓  406 [chromium] › tests/states-cost.spec.js:219:3 › Cost tab (#s6) — State Enumeration › Populated — sortable table + two movers strips (542ms)
[2m[WebServer] [22m{"time":"2026-09-04T21:21:37.048378-04:00","level":"ERROR","msg":"GetManagerHires failed","error":"iterate assigned templates for hire d949b011-7c4e-4234-a641-2a565765b237: context canceled"}
  ✓  407 [chromium] › tests/states-cost.spec.js:267:3 › Cost tab (#s6) — State Enumeration › Populated — table sorts on header click (601ms)
[2m[WebServer] [22m{"time":"2026-09-04T21:21:37.646514-04:00","level":"ERROR","msg":"GetManagerHires failed","error":"iterate assigned templates for hire d949b011-7c4e-4234-a641-2a565765b237: context canceled"}
  ✓  408 [chromium] › tests/states-cost.spec.js:294:3 › Cost tab (#s6) — State Enumeration › Edge: no recipe — revenue + units shown, cost/margin/% marked, never a silent 0 (513ms)
[2m[WebServer] [22m{"time":"2026-09-04T21:21:38.186299-04:00","level":"ERROR","msg":"GetManagerHires failed","error":"iterate assigned templates for hire 6b3f459c-c422-4368-a62e-520c2c9fcd91: context canceled"}
  ✓  409 [chromium] › tests/states-cost.spec.js:315:3 › Cost tab (#s6) — State Enumeration › Edge: zero revenue — % renders "—", units + cost + negative margin still shown (531ms)
[2m[WebServer] [22m{"time":"2026-09-04T21:21:38.72526-04:00","level":"ERROR","msg":"GetManagerHires failed","error":"iterate assigned templates for hire 6b3f459c-c422-4368-a62e-520c2c9fcd91: context canceled"}
  ✓  410 [chromium] › tests/states-cost.spec.js:334:3 › Cost tab (#s6) — State Enumeration › Edge: partially-sparse — reads as "no sales data yet", not "everything is losing money" (490ms)
[2m[WebServer] [22m{"time":"2026-09-04T21:21:39.235273-04:00","level":"ERROR","msg":"GetManagerHires failed","error":"iterate assigned templates for hire d949b011-7c4e-4234-a641-2a565765b237: context canceled"}
  ✓  411 [chromium] › tests/states-cost.spec.js:363:3 › Cost tab (#s6) — State Enumeration › Loss-red marks a REAL loss in a populated window (457ms)
[2m[WebServer] [22m{"time":"2026-09-04T21:21:39.706078-04:00","level":"ERROR","msg":"GetManagerHires failed","error":"iterate assigned templates for hire d949b011-7c4e-4234-a641-2a565765b237: context canceled"}
  ✓  412 [chromium] › tests/states-cost.spec.js:379:3 › Cost tab (#s6) — State Enumeration › Loss-red is WITHHELD when the window has no sales at all (454ms)
[2m[WebServer] [22m{"time":"2026-09-04T21:21:40.194785-04:00","level":"ERROR","msg":"GetManagerHires failed","error":"iterate assigned templates for hire 14c11b75-a485-46c7-9ce9-0a8dcd7a24bc: context canceled"}
  ✓  413 [chromium] › tests/states-cost.spec.js:394:3 › Cost tab (#s6) — State Enumeration › Edge: one rankable row — shown once as Best, never mirrored into Worst (545ms)
[2m[WebServer] [22m{"time":"2026-09-04T21:21:40.754359-04:00","level":"ERROR","msg":"GetManagerHires failed","error":"query assigned templates for hire 6b3f459c-c422-4368-a62e-520c2c9fcd91: context canceled"}
  ✓  414 [chromium] › tests/states-cost.spec.js:412:3 › Cost tab (#s6) — State Enumeration › Edge: long menu item name — does not blow out the 480px mobile shell (547ms)
[2m[WebServer] [22m{"time":"2026-09-04T21:21:41.315853-04:00","level":"ERROR","msg":"GetManagerHires failed","error":"iterate assigned templates for hire d949b011-7c4e-4234-a641-2a565765b237: context canceled"}
[2m[WebServer] [22m{"time":"2026-09-04T21:21:41.327146-04:00","level":"ERROR","msg":"GetMyTrainings failed","error":"context canceled"}
  ✓  415 [chromium] › tests/states-cost.spec.js:431:3 › Cost tab (#s6) — State Enumeration › Page still works when #cost-container is absent from the DOM (1.3s)
[2m[WebServer] [22m{"time":"2026-09-04T21:21:42.611673-04:00","level":"ERROR","msg":"GetManagerHires failed","error":"iterate assigned templates for hire d949b011-7c4e-4234-a641-2a565765b237: context canceled"}
  ✓  416 [chromium] › tests/states-cost.spec.js:467:3 › Cost tab (#s6) — State Enumeration › Edge: known 0%-food-cost gap — rendered as the data says, not papered over (560ms)
[2m[WebServer] [22m{"time":"2026-09-04T21:21:43.440987-04:00","level":"ERROR","msg":"GetManagerHires failed","error":"query assigned templates for hire 6b3f459c-c422-4368-a62e-520c2c9fcd91: context canceled"}
[2m[WebServer] [22m{"time":"2026-09-04T21:21:43.591794-04:00","level":"ERROR","msg":"RequirePermission grant lookup failed","error":"context canceled","grant":"onboarding","user_id":"d64a5940-743f-4c5f-a2e9-1f0f4edafcf5"}
[2m[WebServer] [22m{"time":"2026-09-04T21:21:43.671483-04:00","level":"INFO","msg":"client log","level":"ERROR","message":"loadVendors forbidden\nError: forbidden\n    at api (http://localhost:3106/inventory.html:466:34)\n    at async loadVendors (http://localhost:3106/inventory.html:876:14)","user":"Gate T. (f5-cost-ungated-1788571302945-3756@yumyums.kitchen)","page":"/inventory.html","ua":"Mozilla/5.0 (Macintosh; Intel Mac OS X 10_15_7) AppleWebKit/537.36 (KHTML, like Gecko) HeadlessChrome/147.0.7727.15 Safa"}
  ✓  417 [chromium] › tests/states-cost.spec.js:573:3 › Cost tab — gating › Edge: ungated user — #t6/#s6 absent, GET /inventory/cost returns 403 (904ms)
[2m[WebServer] [22m{"time":"2026-09-04T21:21:44.361769-04:00","level":"ERROR","msg":"GetManagerHires failed","error":"iterate assigned templates for hire 14c11b75-a485-46c7-9ce9-0a8dcd7a24bc: context canceled"}
[2m[WebServer] [22m{"time":"2026-09-04T21:21:44.501865-04:00","level":"ERROR","msg":"RequirePermission grant lookup failed","error":"context canceled","grant":"onboarding","user_id":"cef7bb1d-aa66-4ba5-a71a-f9e737510484"}
[2m[WebServer] [22m{"time":"2026-09-04T21:21:44.586581-04:00","level":"INFO","msg":"client log","level":"ERROR","message":"loadVendors forbidden\nError: forbidden\n    at api (http://localhost:3106/inventory.html:466:34)\n    at async loadVendors (http://localhost:3106/inventory.html:876:14)","user":"Gate T. (f5-cost-deeplink-1788571303855-427@yumyums.kitchen)","page":"/inventory.html","ua":"Mozilla/5.0 (Macintosh; Intel Mac OS X 10_15_7) AppleWebKit/537.36 (KHTML, like Gecko) HeadlessChrome/147.0.7727.15 Safa"}
  ✓  418 [chromium] › tests/states-cost.spec.js:606:3 › Cost tab — gating › Ungated deep link (#tab=6) falls back instead of rendering a tab shell (889ms)
[2m[WebServer] [22m{"time":"2026-09-04T21:21:45.243546-04:00","level":"ERROR","msg":"GetManagerHires failed","error":"iterate assigned templates for hire a475716e-3455-4e1f-b289-1fb883304adf: context canceled"}
[2m[WebServer] [22m{"time":"2026-09-04T21:21:45.479611-04:00","level":"INFO","msg":"client log","level":"ERROR","message":"loadVendors forbidden\nError: forbidden\n    at api (http://localhost:3106/inventory.html:466:34)\n    at async loadVendors (http://localhost:3106/inventory.html:876:14)","user":"Gate T. (f5-cost-granted-1788571304754-3485@yumyums.kitchen)","page":"/inventory.html","ua":"Mozilla/5.0 (Macintosh; Intel Mac OS X 10_15_7) AppleWebKit/537.36 (KHTML, like Gecko) HeadlessChrome/147.0.7727.15 Safa"}
  ✓  419 [chromium] › tests/states-cost.spec.js:623:3 › Cost tab — gating › Granted user — #t6/#s6 render and GET /inventory/cost returns 200 (846ms)
[2m[WebServer] [22m{"time":"2026-09-04T21:21:46.113357-04:00","level":"ERROR","msg":"GetManagerHires failed","error":"query assigned templates for hire b4858aa5-87f1-475f-9b00-ffbc38d0bac0: context canceled"}
[2m[WebServer] [22m{"time":"2026-09-04T21:21:46.265262-04:00","level":"ERROR","msg":"RequirePermission grant lookup failed","error":"context canceled","grant":"onboarding","user_id":"d30e2f90-c368-4f9f-b13f-3f7b0cac1165"}
[2m[WebServer] [22m{"time":"2026-09-04T21:21:46.362848-04:00","level":"INFO","msg":"client log","level":"ERROR","message":"loadVendors forbidden\nError: forbidden\n    at api (http://localhost:3106/inventory.html:466:34)\n    at async loadVendors (http://localhost:3106/inventory.html:876:14)","user":"Gate T. (f5-mixed-cost-only-1788571305611-1807@yumyums.kitchen)","page":"/inventory.html","ua":"Mozilla/5.0 (Macintosh; Intel Mac OS X 10_15_7) AppleWebKit/537.36 (KHTML, like Gecko) HeadlessChrome/147.0.7727.15 Safa"}
  ✓  420 [chromium] › tests/states-cost.spec.js:639:3 › Cost tab — gating › Mixed: Cost-only grant renders #t6, hides #t5, and 403s /inventory/trends (887ms)
[2m[WebServer] [22m{"time":"2026-09-04T21:21:46.721503-04:00","level":"ERROR","msg":"GetManagerHires failed","error":"iterate assigned templates for hire d949b011-7c4e-4234-a641-2a565765b237: context canceled"}
[2m[WebServer] [22m{"time":"2026-09-04T21:21:46.812297-04:00","level":"ERROR","msg":"ListPurchaseEvents line_items query failed","error":"context canceled"}
[2m[WebServer] [22m{"time":"2026-09-04T21:21:46.812353-04:00","level":"ERROR","msg":"GetStock rows iteration failed","error":"context canceled"}
  ✓  421 [chromium] › tests/states-cost.spec.js:667:3 › Cost tab — gating › Superadmin with zero explicit grants sees both tabs and gets 200 from both (380ms)
[2m[WebServer] [22m{"time":"2026-09-04T21:21:47.138947-04:00","level":"ERROR","msg":"GetManagerHires failed","error":"iterate assigned templates for hire d949b011-7c4e-4234-a641-2a565765b237: context canceled"}
[2m[WebServer] [22m{"time":"2026-09-04T21:21:47.749518-04:00","level":"ERROR","msg":"listTemplates error","error":"iterate assignments: context canceled"}
  ✓  422 [chromium] › tests/states-sync-rxdb-conflict-notice.spec.js:321:3 › conflict notice — State Enumeration Table › empty — no banner; copy scoped to the record and to the retention window (910ms)
[2m[WebServer] [22m{"time":"2026-09-04T21:21:48.067445-04:00","level":"ERROR","msg":"GetManagerHires failed","error":"query assigned templates for hire 14c11b75-a485-46c7-9ce9-0a8dcd7a24bc: context canceled"}
  ✓  423 [chromium] › tests/states-sync-rxdb-conflict-notice.spec.js:346:3 › conflict notice — State Enumeration Table › loading — two skeletons, no spinner, NO COUNT in the header (1.5s)
[2m[WebServer] [22m{"time":"2026-09-04T21:21:49.535825-04:00","level":"ERROR","msg":"GetManagerHires failed","error":"iterate assigned templates for hire 14c11b75-a485-46c7-9ce9-0a8dcd7a24bc: context canceled"}
  ✓  424 [chromium] › tests/states-sync-rxdb-conflict-notice.spec.js:360:3 › conflict notice — State Enumeration Table › success — banner carries BOTH A-1 figures; a restored row names the value back and keeps Undo (809ms)
[2m[WebServer] [22m{"time":"2026-09-04T21:21:50.356634-04:00","level":"ERROR","msg":"GetManagerHires failed","error":"query assigned templates for hire 14c11b75-a485-46c7-9ce9-0a8dcd7a24bc: context canceled"}
  ✓  425 [chromium] › tests/states-sync-rxdb-conflict-notice.spec.js:386:3 › conflict notice — State Enumeration Table › error — a FAILED restore is still to review, and the count does not move (872ms)
[2m[WebServer] [22m{"time":"2026-09-04T21:21:51.236397-04:00","level":"ERROR","msg":"GetManagerHires failed","error":"iterate assigned templates for hire 14c11b75-a485-46c7-9ce9-0a8dcd7a24bc: context canceled"}
[2m[WebServer] [22m{"time":"2026-09-04T21:21:51.769168-04:00","level":"ERROR","msg":"listTemplates error","error":"iterate assignments: context canceled"}
  ✓  426 [chromium] › tests/states-sync-rxdb-conflict-notice.spec.js:426:3 › conflict notice — State Enumeration Table › edge/outcomes — Keep theirs and Undo, drawn: headline frozen, second figure moving (836ms)
[2m[WebServer] [22m{"time":"2026-09-04T21:21:52.086867-04:00","level":"ERROR","msg":"GetManagerHires failed","error":"iterate assigned templates for hire 14c11b75-a485-46c7-9ce9-0a8dcd7a24bc: context canceled"}
[2m[WebServer] [22m{"time":"2026-09-04T21:21:52.641203-04:00","level":"ERROR","msg":"listTemplates error","error":"iterate assignments: context canceled"}
  ✓  427 [chromium] › tests/states-sync-rxdb-conflict-notice.spec.js:451:3 › conflict notice — State Enumeration Table › edge/novalue — no Restore, "Not recoverable", and TWO actions (not one) (857ms)
[2m[WebServer] [22m{"time":"2026-09-04T21:21:52.969491-04:00","level":"ERROR","msg":"GetManagerHires failed","error":"iterate assigned templates for hire 14c11b75-a485-46c7-9ce9-0a8dcd7a24bc: context canceled"}
  ✓  428 [chromium] › tests/states-sync-rxdb-conflict-notice.spec.js:476:3 › conflict notice — State Enumeration Table › edge/many — ONE banner, per-group chips, collapse sheet-wide, attribution parity (839ms)
[2m[WebServer] [22m{"time":"2026-09-04T21:21:53.821615-04:00","level":"ERROR","msg":"GetManagerHires failed","error":"iterate assigned templates for hire 14c11b75-a485-46c7-9ce9-0a8dcd7a24bc: context canceled"}
[2m[WebServer] [22m{"time":"2026-09-04T21:21:54.427837-04:00","level":"ERROR","msg":"listTemplates error","error":"iterate sections: context canceled"}
  ✓  429 [chromium] › tests/states-sync-rxdb-conflict-notice.spec.js:518:3 › conflict notice — State Enumeration Table › edge/confirm — A-2: the tap does NOT write; the confirm lists every value it replaces (922ms)
[2m[WebServer] [22m{"time":"2026-09-04T21:21:54.752071-04:00","level":"ERROR","msg":"GetManagerHires failed","error":"iterate assigned templates for hire 14c11b75-a485-46c7-9ce9-0a8dcd7a24bc: context canceled"}
  ✓  430 [chromium] › tests/states-sync-rxdb-conflict-notice.spec.js:558:3 › conflict notice — State Enumeration Table › edge/a1-banner — FOUR banner lines coexist at 480px, and collapse takes no row exit (891ms)
[2m[WebServer] [22m{"time":"2026-09-04T21:21:55.653892-04:00","level":"ERROR","msg":"GetManagerHires failed","error":"iterate assigned templates for hire 14c11b75-a485-46c7-9ce9-0a8dcd7a24bc: context canceled"}
  ✓  431 [chromium] › tests/states-sync-rxdb-conflict-notice.spec.js:599:3 › conflict notice — State Enumeration Table › edge/longvalue — wraps inside the card, never truncated, no sideways scroll (745ms)
[2m[WebServer] [22m{"time":"2026-09-04T21:21:56.423748-04:00","level":"ERROR","msg":"GetManagerHires failed","error":"query assigned templates for hire 14c11b75-a485-46c7-9ce9-0a8dcd7a24bc: context canceled"}
[2m[WebServer] [22m{"time":"2026-09-04T21:21:56.990541-04:00","level":"ERROR","msg":"listTemplates error","error":"iterate assignments: context canceled"}
  ✓  432 [chromium] › tests/states-sync-rxdb-conflict-notice.spec.js:644:3 › conflict notice — State Enumeration Table › edge/removed — A-3: the question keeps its LABEL, struck through and read-only (885ms)
[2m[WebServer] [22m{"time":"2026-09-04T21:21:57.318885-04:00","level":"ERROR","msg":"GetManagerHires failed","error":"iterate assigned templates for hire 14c11b75-a485-46c7-9ce9-0a8dcd7a24bc: context canceled"}
[2m[WebServer] [22m{"time":"2026-09-04T21:21:57.854129-04:00","level":"ERROR","msg":"listTemplates error","error":"iterate schedules: context canceled"}
  ✓  433 [chromium] › tests/states-sync-rxdb-conflict-notice.spec.js:677:3 › conflict notice — State Enumeration Table › edge/removed-fallback — a snapshot with no label falls back to the raw field id, and does not throw (842ms)
[2m[WebServer] [22m{"time":"2026-09-04T21:21:58.169033-04:00","level":"ERROR","msg":"GetManagerHires failed","error":"iterate assigned templates for hire 14c11b75-a485-46c7-9ce9-0a8dcd7a24bc: context canceled"}
  ✓  434 [chromium] › tests/states-sync-rxdb-conflict-notice.spec.js:701:3 › conflict notice — State Enumeration Table › edge/storage — both halves, bad one first, and half (a) is not muted-only (701ms)
[2m[WebServer] [22m{"time":"2026-09-04T21:21:58.888473-04:00","level":"ERROR","msg":"GetManagerHires failed","error":"iterate assigned templates for hire 14c11b75-a485-46c7-9ce9-0a8dcd7a24bc: context canceled"}
  ✓  435 [chromium] › tests/states-sync-rxdb-conflict-notice.spec.js:729:3 › conflict notice — State Enumeration Table › edge/cap — 10 groups shown, "and N more", and the banner reports the TRUE total (937ms)
[2m[WebServer] [22m{"time":"2026-09-04T21:21:59.852696-04:00","level":"ERROR","msg":"GetManagerHires failed","error":"iterate assigned templates for hire 14c11b75-a485-46c7-9ce9-0a8dcd7a24bc: context canceled"}
  ✓  436 [chromium] › tests/states-sync-rxdb-conflict-notice.spec.js:768:3 › conflict notice — the recovery path actually runs › Restore -> green + Undo -> back to two values, with the headline never moving (748ms)
[2m[WebServer] [22m{"time":"2026-09-04T21:22:00.623271-04:00","level":"ERROR","msg":"GetManagerHires failed","error":"iterate assigned templates for hire d949b011-7c4e-4234-a641-2a565765b237: context canceled"}
  ✓  437 [chromium] › tests/states-sync-rxdb-conflict-notice.spec.js:788:3 › conflict notice — the recovery path actually runs › a restore that does not land leaves the row failed, both values on screen, and still to review (669ms)
[2m[WebServer] [22m{"time":"2026-09-04T21:22:01.284276-04:00","level":"ERROR","msg":"GetManagerHires failed","error":"query assigned templates for hire 14c11b75-a485-46c7-9ce9-0a8dcd7a24bc: context canceled"}
[2m[WebServer] [22m{"time":"2026-09-04T21:22:01.683472-04:00","level":"ERROR","msg":"listTemplates error","error":"iterate fields: context canceled"}
  ✓  438 [chromium] › tests/states-sync-rxdb-conflict-notice.spec.js:800:3 › conflict notice — the recovery path actually runs › the batch confirm COMMITS only on Replace, and only the still-to-review rows (705ms)
[2m[WebServer] [22m{"time":"2026-09-04T21:22:02.002098-04:00","level":"ERROR","msg":"GetManagerHires failed","error":"iterate assigned templates for hire 14c11b75-a485-46c7-9ce9-0a8dcd7a24bc: context canceled"}
[2m[WebServer] [22m{"time":"2026-09-04T21:22:02.332798-04:00","level":"ERROR","msg":"listTemplates error","error":"iterate assignments: context canceled"}
  ✓  439 [chromium] › tests/states-sync-rxdb-conflict-notice.spec.js:817:3 › conflict notice — the recovery path actually runs › Dismiss is the only way a row leaves the sheet (638ms)
[2m[WebServer] [22m{"time":"2026-09-04T21:22:02.678968-04:00","level":"ERROR","msg":"GetManagerHires failed","error":"iterate assigned templates for hire d949b011-7c4e-4234-a641-2a565765b237: context canceled"}
  ✓  440 [chromium] › tests/states-trends.spec.js:215:3 › Trends tab (#s5) — State Enumeration › Empty — no confirmed COGS in the window renders the honest empty card (535ms)
[2m[WebServer] [22m{"time":"2026-09-04T21:22:03.233295-04:00","level":"ERROR","msg":"GetManagerHires failed","error":"iterate assigned templates for hire d949b011-7c4e-4234-a641-2a565765b237: context canceled"}
  ✓  441 [chromium] › tests/states-trends.spec.js:230:3 › Trends tab (#s5) — State Enumeration › Loading — skeleton shown in #s5 while the request is in flight (516ms)
[2m[WebServer] [22m{"time":"2026-09-04T21:22:03.765422-04:00","level":"ERROR","msg":"GetManagerHires failed","error":"iterate assigned templates for hire d949b011-7c4e-4234-a641-2a565765b237: context canceled"}
  ✓  442 [chromium] › tests/states-trends.spec.js:240:3 › Trends tab (#s5) — State Enumeration › Error — 500 renders an inline error with Retry, never a zeroed chart (538ms)
[2m[WebServer] [22m{"time":"2026-09-04T21:22:04.311424-04:00","level":"ERROR","msg":"GetManagerHires failed","error":"iterate assigned templates for hire 14c11b75-a485-46c7-9ce9-0a8dcd7a24bc: context canceled"}
  ✓  443 [chromium] › tests/states-trends.spec.js:253:3 › Trends tab (#s5) — State Enumeration › Populated — chart, legend, completeness block and table all render (658ms)
[2m[WebServer] [22m{"time":"2026-09-04T21:22:04.973715-04:00","level":"ERROR","msg":"GetManagerHires failed","error":"query assigned templates for hire d949b011-7c4e-4234-a641-2a565765b237: context canceled"}
  ✓  444 [chromium] › tests/states-trends.spec.js:294:3 › Trends tab (#s5) — State Enumeration › Populated — tapping a column opens that week’s per-group breakdown (671ms)
[2m[WebServer] [22m{"time":"2026-09-04T21:22:05.655133-04:00","level":"ERROR","msg":"GetManagerHires failed","error":"iterate assigned templates for hire 14c11b75-a485-46c7-9ce9-0a8dcd7a24bc: context canceled"}
  ✓  445 [chromium] › tests/states-trends.spec.js:309:3 › Trends tab (#s5) — State Enumeration › Edge: net-zero cell — omitted cells are disclosed, never drawn as $0.00 (650ms)
[2m[WebServer] [22m{"time":"2026-09-04T21:22:06.302345-04:00","level":"ERROR","msg":"GetManagerHires failed","error":"iterate assigned templates for hire d949b011-7c4e-4234-a641-2a565765b237: context canceled"}
  ✓  446 [chromium] › tests/states-trends.spec.js:331:3 › Trends tab (#s5) — State Enumeration › Edge: offsetting unitemized — near-zero net is labelled net, not clean (644ms)
[2m[WebServer] [22m{"time":"2026-09-04T21:22:06.955214-04:00","level":"ERROR","msg":"GetManagerHires failed","error":"iterate assigned templates for hire 6b3f459c-c422-4368-a62e-520c2c9fcd91: context canceled"}
  ✓  447 [chromium] › tests/states-trends.spec.js:352:3 › Trends tab (#s5) — State Enumeration › Edge: rounding drift — hero stays the payroll figure and the gap is named (573ms)
[2m[WebServer] [22m{"time":"2026-09-04T21:22:07.533524-04:00","level":"ERROR","msg":"GetManagerHires failed","error":"query assigned templates for hire d949b011-7c4e-4234-a641-2a565765b237: context canceled"}
  ✓  448 [chromium] › tests/states-trends.spec.js:370:3 › Trends tab (#s5) — State Enumeration › Edge: all-unlinked — unlinked-only window is a chart, not the empty card (549ms)
[2m[WebServer] [22m{"time":"2026-09-04T21:22:08.108374-04:00","level":"ERROR","msg":"GetManagerHires failed","error":"iterate assigned templates for hire 6b3f459c-c422-4368-a62e-520c2c9fcd91: context canceled"}
  ✓  449 [chromium] › tests/states-trends.spec.js:383:3 › Trends tab (#s5) — State Enumeration › Edge: long group name — the 480px shell does not scroll horizontally (542ms)
[2m[WebServer] [22m{"time":"2026-09-04T21:22:08.682243-04:00","level":"ERROR","msg":"GetManagerHires failed","error":"query assigned templates for hire ddea2730-2483-4808-88ef-c486f3a59d06: context canceled"}
  ✓  450 [chromium] › tests/states-trends.spec.js:402:3 › Trends tab (#s5) — State Enumeration › Hazard: removing the Trends nodes never throws and never breaks other tabs (515ms)
[2m[WebServer] [22m{"time":"2026-09-04T21:22:09.424496-04:00","level":"ERROR","msg":"GetManagerHires failed","error":"query assigned templates for hire 14c11b75-a485-46c7-9ce9-0a8dcd7a24bc: context canceled"}
[2m[WebServer] [22m{"time":"2026-09-04T21:22:09.655598-04:00","level":"INFO","msg":"client log","level":"ERROR","message":"loadVendors forbidden\nError: forbidden\n    at api (http://localhost:3106/inventory.html:466:34)\n    at async loadVendors (http://localhost:3106/inventory.html:876:14)","user":"Gate T. (f5-trends-ungated-1788571328955-4810@yumyums.kitchen)","page":"/inventory.html","ua":"Mozilla/5.0 (Macintosh; Intel Mac OS X 10_15_7) AppleWebKit/537.36 (KHTML, like Gecko) HeadlessChrome/147.0.7727.15 Safa"}
  ✓  451 [chromium] › tests/states-trends.spec.js:525:3 › Trends tab — gating › Edge: ungated user — #t5/#s5 absent, GET /inventory/trends returns 403 (873ms)
[2m[WebServer] [22m{"time":"2026-09-04T21:22:10.308288-04:00","level":"ERROR","msg":"GetManagerHires failed","error":"iterate assigned templates for hire d949b011-7c4e-4234-a641-2a565765b237: context canceled"}
[2m[WebServer] [22m{"time":"2026-09-04T21:22:10.531659-04:00","level":"INFO","msg":"client log","level":"ERROR","message":"loadVendors forbidden\nError: forbidden\n    at api (http://localhost:3106/inventory.html:466:34)\n    at async loadVendors (http://localhost:3106/inventory.html:876:14)","user":"Gate T. (f5-trends-deeplink-1788571329836-8983@yumyums.kitchen)","page":"/inventory.html","ua":"Mozilla/5.0 (Macintosh; Intel Mac OS X 10_15_7) AppleWebKit/537.36 (KHTML, like Gecko) HeadlessChrome/147.0.7727.15 Safa"}
  ✓  452 [chromium] › tests/states-trends.spec.js:559:3 › Trends tab — gating › Ungated deep link (#tab=5) falls back instead of rendering a tab shell (806ms)
[2m[WebServer] [22m{"time":"2026-09-04T21:22:10.988781-04:00","level":"ERROR","msg":"GetManagerHires failed","error":"iterate assigned templates for hire aae879df-b1a7-404c-a720-a7fe7279d8b9: context canceled"}
[2m[WebServer] [22m{"time":"2026-09-04T21:22:11.174825-04:00","level":"ERROR","msg":"GetManagerHires failed","error":"query assigned templates for hire 604df488-f67d-403a-aa33-bb5be022ce69: context canceled"}
[2m[WebServer] [22m{"time":"2026-09-04T21:22:11.413872-04:00","level":"INFO","msg":"client log","level":"ERROR","message":"loadVendors forbidden\nError: forbidden\n    at api (http://localhost:3106/inventory.html:466:34)\n    at async loadVendors (http://localhost:3106/inventory.html:876:14)","user":"Gate T. (f5-trends-granted-1788571330654-6849@yumyums.kitchen)","page":"/inventory.html","ua":"Mozilla/5.0 (Macintosh; Intel Mac OS X 10_15_7) AppleWebKit/537.36 (KHTML, like Gecko) HeadlessChrome/147.0.7727.15 Safa"}
  ✓  453 [chromium] › tests/states-trends.spec.js:577:3 › Trends tab — gating › Granted user — #t5/#s5 render and GET /inventory/trends returns 200 (894ms)
[2m[WebServer] [22m{"time":"2026-09-04T21:22:11.913062-04:00","level":"ERROR","msg":"GetManagerHires failed","error":"iterate assigned templates for hire 996a295c-5290-45b4-bcf9-7a4b31e639d8: context canceled"}
[2m[WebServer] [22m{"time":"2026-09-04T21:22:12.112898-04:00","level":"ERROR","msg":"GetManagerHires failed","error":"iterate assigned templates for hire 604df488-f67d-403a-aa33-bb5be022ce69: context canceled"}
  ✓  454 [chromium] › tests/states-trends.spec.js:594:3 › Trends tab — gating › Umbrella: a whole-app `inventory` grant alone opens Trends (949ms)
[2m[WebServer] [22m{"time":"2026-09-04T21:22:12.888738-04:00","level":"ERROR","msg":"GetManagerHires failed","error":"iterate assigned templates for hire 996a295c-5290-45b4-bcf9-7a4b31e639d8: context canceled"}
[2m[WebServer] [22m{"time":"2026-09-04T21:22:13.070341-04:00","level":"ERROR","msg":"GetManagerHires failed","error":"query assigned templates for hire 2efa64d9-3776-4e9e-a030-acfded0e9bd4: context canceled"}
[2m[WebServer] [22m{"time":"2026-09-04T21:22:13.312196-04:00","level":"INFO","msg":"client log","level":"ERROR","message":"loadVendors forbidden\nError: forbidden\n    at api (http://localhost:3106/inventory.html:466:34)\n    at async loadVendors (http://localhost:3106/inventory.html:876:14)","user":"Gate T. (f5-mixed-trends-only-1788571332531-6691@yumyums.kitchen)","page":"/inventory.html","ua":"Mozilla/5.0 (Macintosh; Intel Mac OS X 10_15_7) AppleWebKit/537.36 (KHTML, like Gecko) HeadlessChrome/147.0.7727.15 Safa"}
  ✓  455 [chromium] › tests/states-trends.spec.js:609:3 › Trends tab — gating › Mixed: Trends-only grant renders #t5, hides #t6, and 403s /inventory/cost (924ms)
[2m[WebServer] [22m{"time":"2026-09-04T21:22:13.720063-04:00","level":"ERROR","msg":"GetManagerHires failed","error":"iterate assigned templates for hire d949b011-7c4e-4234-a641-2a565765b237: context canceled"}
[2m[WebServer] [22m{"time":"2026-09-04T21:22:13.780888-04:00","level":"ERROR","msg":"GetManagerHires failed","error":"iterate assigned templates for hire b4858aa5-87f1-475f-9b00-ffbc38d0bac0: context canceled"}
  ✓  456 [chromium] › tests/storage-banner.spec.js:43:1 › banner shows when health reports storage unreachable (392ms)
[2m[WebServer] [22m{"time":"2026-09-04T21:22:14.11462-04:00","level":"ERROR","msg":"GetManagerHires failed","error":"iterate assigned templates for hire d949b011-7c4e-4234-a641-2a565765b237: context canceled"}
[2m[WebServer] [22m{"time":"2026-09-04T21:22:14.156761-04:00","level":"ERROR","msg":"GetManagerHires failed","error":"iterate assigned templates for hire 14c11b75-a485-46c7-9ce9-0a8dcd7a24bc: context canceled"}
  ✓  457 [chromium] › tests/storage-banner.spec.js:54:1 › banner stays hidden when storage is ok (363ms)
[2m[WebServer] [22m{"time":"2026-09-04T21:22:14.496717-04:00","level":"ERROR","msg":"GetManagerHires failed","error":"iterate assigned templates for hire d949b011-7c4e-4234-a641-2a565765b237: context canceled"}
[2m[WebServer] [22m{"time":"2026-09-04T21:22:14.542609-04:00","level":"ERROR","msg":"GetManagerHires failed","error":"iterate assigned templates for hire 14c11b75-a485-46c7-9ce9-0a8dcd7a24bc: context canceled"}
  ✓  458 [chromium] › tests/storage-banner.spec.js:63:1 › banner stays hidden when storage is unconfigured (374ms)
[2m[WebServer] [22m{"time":"2026-09-04T21:22:14.879062-04:00","level":"ERROR","msg":"GetManagerHires failed","error":"iterate assigned templates for hire d949b011-7c4e-4234-a641-2a565765b237: context canceled"}
[2m[WebServer] [22m{"time":"2026-09-04T21:22:14.920601-04:00","level":"ERROR","msg":"GetManagerHires failed","error":"iterate assigned templates for hire 14c11b75-a485-46c7-9ce9-0a8dcd7a24bc: context canceled"}
  ✓  459 [chromium] › tests/storage-banner.spec.js:72:1 › banner stays hidden when health omits the storage field (old backend) (366ms)
  ✓  460 [chromium] › tests/storage-banner.spec.js:81:1 › live /api/v1/health carries the storage field (87ms)
[2m[WebServer] [22m{"time":"2026-09-04T21:22:15.376231-04:00","level":"ERROR","msg":"GetManagerHires failed","error":"query assigned templates for hire 6b3f459c-c422-4368-a62e-520c2c9fcd91: context canceled"}
[B1-XT-01] status served to user B: [33m503[39m
[B1-XT-01] body served to user B  : {"error":"offline"}
  ✓  461 [chromium] › tests/sw-api-cache-partition.spec.js:92:1 › offline, user B is served user A cached /api/v1/users roster from api-cache [B1-XT-01] (5.6s)
[2m[WebServer] [22m{"time":"2026-09-04T21:22:20.951816-04:00","level":"ERROR","msg":"GetManagerHires failed","error":"iterate assigned templates for hire b6080b05-acf5-48b1-af4f-0fb5bb63d53a: context canceled"}
[B1-XT-02] api-cache keys: [
  "http://localhost:3106/api/v1/users?__hq_id=3408ec5e-ad3a-42ad-bbc4-de107b16a14e",
  "http://localhost:3106/api/v1/me/apps?__hq_id=3408ec5e-ad3a-42ad-bbc4-de107b16a14e"
]
  ✓  462 [chromium] › tests/sw-api-cache-partition.spec.js:144:1 › api-cache entries are keyed by the identity that fetched them [B1-XT-02] (2.0s)
[2m[WebServer] [22m{"time":"2026-09-04T21:22:22.95511-04:00","level":"ERROR","msg":"GetManagerHires failed","error":"iterate assigned templates for hire 604df488-f67d-403a-aa33-bb5be022ce69: context canceled"}
[B1-XT-05] control: write observable after [33m2[39m ms
[B1-XT-05] api-cache keys with no identity: []
  ✓  463 [chromium] › tests/sw-api-cache-partition.spec.js:237:1 › with no device identity the worker writes NOTHING to api-cache [B1-XT-05] (7.9s)
  ✓  464 [chromium] › tests/sw-manifest.spec.js:38:1 › every URL in the committed precache manifest is committed in HEAD (33ms)
  ✓  465 [chromium] › tests/sw-manifest.spec.js:60:1 › the RxDB client layer IS precached, from a fresh build and from the committed artifact (1.7s)
  ✓  466 [chromium] › tests/sw-manifest.spec.js:200:1 › every precached URL is actually staged into the production image (26ms)
  ✓  467 [chromium] › tests/sw-manifest.spec.js:226:1 › the Obligation-5 guard actually fails when a precached asset is not staged (13ms)
  skipped (not in HEAD): zz-sw-manifest-staged-probe.html
  ✓  468 [chromium] › tests/sw-manifest.spec.js:249:1 › a STAGED-but-uncommitted file never enters a freshly built manifest (1.8s)
  skipped (not in HEAD): zz-sw-manifest-probe.html
  ✓  469 [chromium] › tests/sw-manifest.spec.js:296:1 › an untracked file in the repo root never enters a freshly built manifest (1.8s)
  ✓  470 [chromium] › tests/sw-manifest.spec.js:345:1 › the reachability guard REDS when a precached page imports a SKIPPED path (4ms)
  ✓  471 [chromium] › tests/sw-manifest.spec.js:366:1 › the reachability guard REDS when a precached page imports a NEVER-GLOBBED path (3ms)
  ✓  472 [chromium] › tests/sw-manifest.spec.js:382:1 › the reachability guard STAYS GREEN on a skipped file nobody references (2ms)
  ✓  473 [chromium] › tests/sw-manifest.spec.js:400:1 › a BARE module specifier is not read as a missing file (2ms)
  ✓  474 [chromium] › tests/sw-manifest.spec.js:415:1 › the reachability guard reports itself UNTRUSTWORTHY rather than passing vacuously (17ms)
  ✓  475 [chromium] › tests/sw-manifest.spec.js:433:1 › every canary edge in build-sw.js still exists in the real tree (6ms)
  ✓  476 [chromium] › tests/sw-manifest.spec.js:462:1 › build-sw.js exits NON-ZERO when a precached page imports a dropped file (1.0s)
[2m[WebServer] [22m{"time":"2026-09-04T21:22:38.627071-04:00","level":"ERROR","msg":"listTemplates error","error":"iterate fields: context canceled"}
  ✓  477 [chromium] › tests/sync-fill-view.spec.js:200:3 › [FILL-01] the fill view reads the open checklist from RxDB › a response that exists ONLY in RxDB answers the field in the runner (1.1s)
  ✓  478 [chromium] › tests/sync-fill-view.spec.js:264:3 › [FILL-01] the fill view reads the open checklist from RxDB › with the flag OFF the same fixture renders unanswered — no scope, no database, no IndexedDB (3.2s)
[2m[WebServer] [22m{"time":"2026-09-04T21:22:42.12883-04:00","level":"ERROR","msg":"GetManagerHires failed","error":"iterate assigned templates for hire d949b011-7c4e-4234-a641-2a565765b237: context canceled"}
[2m[WebServer] [22m{"time":"2026-09-04T21:22:42.440293-04:00","level":"ERROR","msg":"listTemplates error","error":"iterate schedules: context canceled"}
[2m[WebServer] [22m{"time":"2026-09-04T21:22:42.440408-04:00","level":"ERROR","msg":"listTemplates error","error":"iterate schedules: context canceled"}
[2m[WebServer] [22m{"time":"2026-09-04T21:22:42.440472-04:00","level":"ERROR","msg":"listTemplates error","error":"iterate schedules: context canceled"}
[2m[WebServer] [22m{"time":"2026-09-04T21:22:42.440591-04:00","level":"ERROR","msg":"listTemplates error","error":"iterate sections: context canceled"}
[2m[WebServer] [22m{"time":"2026-09-04T21:22:42.440816-04:00","level":"ERROR","msg":"listTemplates error","error":"iterate schedules: context canceled"}
[2m[WebServer] [22m{"time":"2026-09-04T21:22:42.440962-04:00","level":"ERROR","msg":"listTemplates error","error":"iterate fields: context canceled"}
  ✓  479 [chromium] › tests/sync-fill-view.spec.js:314:3 › [FILL-02] the fill view holds multiple concurrent per-checklist scopes › setup + food prep live at once, pairwise-distinct identifiers, and cancelling one leaves the other (636ms)
[2m[WebServer] [22m{"time":"2026-09-04T21:22:42.794691-04:00","level":"ERROR","msg":"GetManagerHires failed","error":"query assigned templates for hire 6b3f459c-c422-4368-a62e-520c2c9fcd91: context canceled"}
[2m[WebServer] [22m{"time":"2026-09-04T21:22:43.092865-04:00","level":"ERROR","msg":"myChecklists error","error":"iterate fail notes: context canceled"}
[2m[WebServer] [22m{"time":"2026-09-04T21:22:43.093286-04:00","level":"ERROR","msg":"listTemplates error","error":"iterate sections: context canceled"}
[2m[WebServer] [22m{"time":"2026-09-04T21:22:43.093434-04:00","level":"ERROR","msg":"listTemplates error","error":"iterate sections: context canceled"}
[2m[WebServer] [22m{"time":"2026-09-04T21:22:43.094656-04:00","level":"ERROR","msg":"listTemplates error","error":"iterate assignments: context canceled"}
  ✓  480 [chromium] › tests/sync-fill-view.spec.js:368:3 › [FILL-02] the fill view holds multiple concurrent per-checklist scopes › the fill scope carries the crew member — two users on one phone do not share a checkpoint [F-2] (634ms)
[2m[WebServer] [22m{"time":"2026-09-04T21:22:44.425686-04:00","level":"INFO","msg":"client log","level":"WARN","message":"-------------- RxDB Open Core RxStorage -------------------------------\nYou are using the free Dexie.js based RxStorage implementation from RxDB https://rxdb.info/rx-storage-dexie.html?console=dexie \nWhile this is a great option, we want to let you know that there are faster storage solutions available in our premium plugins.\nFor professional users and production environments, we highly recommend considering these premium options to enhance performance and reliability.\n https://rxdb.info/premium/?console=dexie \nIf you already purchased premium access you can disable this log by calling the setPremiumFlag() function from rxdb-premium/plugins/shared.\n---------------------------------------------------------------------","user":"Jamal C. (jamal@yumyums.kitchen)","page":"/workflows.html","ua":"Mozilla/5.0 (Macintosh; Intel Mac OS X 10_15_7) AppleWebKit/537.36 (KHTML, like Gecko) HeadlessChrome/147.0.7727.15 Safa"}
  ✓  481 [chromium] › tests/sync-fill-view.spec.js:451:3 › [FILL-04] the overlay renders only THIS submission and MY drafts (F-A) › a resident foreign-submission row and a foreign-user draft do NOT answer the fields (2.6s)
[2m[WebServer] [22m{"time":"2026-09-04T21:22:46.759003-04:00","level":"ERROR","msg":"listTemplates error","error":"iterate sections: context canceled"}
[2m[WebServer] [22m{"time":"2026-09-04T21:22:46.759248-04:00","level":"ERROR","msg":"listTemplates error","error":"iterate fields: context canceled"}
[2m[WebServer] [22m{"time":"2026-09-04T21:22:46.760967-04:00","level":"ERROR","msg":"listTemplates error","error":"iterate assignments: context canceled"}
[2m[WebServer] [22m{"time":"2026-09-04T21:22:46.761599-04:00","level":"ERROR","msg":"listTemplates error","error":"iterate assignments: context canceled"}
[2m[WebServer] [22m{"time":"2026-09-04T21:22:46.761765-04:00","level":"ERROR","msg":"listTemplates error","error":"iterate assignments: context canceled"}
[2m[WebServer] [22m{"time":"2026-09-04T21:22:46.761994-04:00","level":"ERROR","msg":"listTemplates error","error":"iterate sections: context canceled"}
  ✓  482 [chromium] › tests/sync-fill-view.spec.js:510:3 › [FILL-04] the overlay renders only THIS submission and MY drafts (F-A) › ...while THIS submission's rows and MY OWN draft do answer them (1.1s)
[2m[WebServer] [22m{"time":"2026-09-04T21:22:48.172808-04:00","level":"ERROR","msg":"listTemplates error","error":"iterate fields: context canceled"}
[2m[WebServer] [22m{"time":"2026-09-04T21:22:48.173235-04:00","level":"ERROR","msg":"listTemplates error","error":"iterate fields: context canceled"}
[2m[WebServer] [22m{"time":"2026-09-04T21:22:48.173586-04:00","level":"ERROR","msg":"listTemplates error","error":"iterate fields: context canceled"}
[2m[WebServer] [22m{"time":"2026-09-04T21:22:48.173735-04:00","level":"ERROR","msg":"listTemplates error","error":"iterate assignments: context canceled"}
[2m[WebServer] [22m{"time":"2026-09-04T21:22:48.174078-04:00","level":"ERROR","msg":"listTemplates error","error":"iterate schedules: context canceled"}
  ✓  483 [chromium] › tests/sync-fill-view.spec.js:554:3 › [FILL-05] the fill scope closes on every exit, and survives a fast reopen › switching to the Approvals tab closes the open checklist's scope [F-B] (1.4s)
[2m[WebServer] [22m{"time":"2026-09-04T21:22:48.541213-04:00","level":"ERROR","msg":"GetManagerHires failed","error":"query assigned templates for hire 6b3f459c-c422-4368-a62e-520c2c9fcd91: context canceled"}
[2m[WebServer] [22m{"time":"2026-09-04T21:22:49.231252-04:00","level":"ERROR","msg":"listTemplates error","error":"iterate schedules: context canceled"}
[2m[WebServer] [22m{"time":"2026-09-04T21:22:49.231554-04:00","level":"ERROR","msg":"listTemplates error","error":"iterate schedules: context canceled"}
[2m[WebServer] [22m{"time":"2026-09-04T21:22:49.233711-04:00","level":"ERROR","msg":"listTemplates error","error":"iterate assignments: context canceled"}
[2m[WebServer] [22m{"time":"2026-09-04T21:22:49.234093-04:00","level":"ERROR","msg":"listTemplates error","error":"list assignments: context canceled"}
[2m[WebServer] [22m{"time":"2026-09-04T21:22:49.234288-04:00","level":"ERROR","msg":"listTemplates error","error":"iterate sections: context canceled"}
  ✓  484 [chromium] › tests/sync-fill-view.spec.js:590:3 › [FILL-05] the fill scope closes on every exit, and survives a fast reopen › a close immediately followed by a reopen leaves a LIVE replication, not a cancelled one [F-C] (1.0s)
[2m[WebServer] [22m{"time":"2026-09-04T21:22:49.612481-04:00","level":"ERROR","msg":"GetManagerHires failed","error":"iterate assigned templates for hire d949b011-7c4e-4234-a641-2a565765b237: context canceled"}
[2m[WebServer] [22m{"time":"2026-09-04T21:22:49.913257-04:00","level":"ERROR","msg":"myChecklists error","error":"iterate responses: context canceled"}
[2m[WebServer] [22m{"time":"2026-09-04T21:22:49.914272-04:00","level":"ERROR","msg":"listTemplates error","error":"iterate assignments: context canceled"}
[2m[WebServer] [22m{"time":"2026-09-04T21:22:49.914642-04:00","level":"ERROR","msg":"listTemplates error","error":"iterate schedules: context canceled"}
[2m[WebServer] [22m{"time":"2026-09-04T21:22:49.914877-04:00","level":"ERROR","msg":"listTemplates error","error":"iterate sections: context canceled"}
[2m[WebServer] [22m{"time":"2026-09-04T21:22:49.915206-04:00","level":"ERROR","msg":"listTemplates error","error":"iterate sections: context canceled"}
[2m[WebServer] [22m{"time":"2026-09-04T21:22:49.915475-04:00","level":"ERROR","msg":"listTemplates error","error":"iterate sections: context canceled"}
  ✓  485 [chromium] › tests/sync-fill-view.spec.js:643:3 › [FILL-03] a transient storage failure does not brick sync until reload (C2 G6 F-1) › a rejected createDatabase is EVICTED — the next open succeeds, and no dead scope is reported live (662ms)
[2m[WebServer] [22m{"time":"2026-09-04T21:22:50.999579-04:00","level":"ERROR","msg":"listTemplates error","error":"iterate fields: context canceled"}
[2m[WebServer] [22m{"time":"2026-09-04T21:22:51.000223-04:00","level":"ERROR","msg":"listTemplates error","error":"iterate schedules: context canceled"}
[2m[WebServer] [22m{"time":"2026-09-04T21:22:51.000736-04:00","level":"ERROR","msg":"listTemplates error","error":"iterate sections: context canceled"}
[2m[WebServer] [22m{"time":"2026-09-04T21:22:51.001009-04:00","level":"ERROR","msg":"listTemplates error","error":"iterate assignments: context canceled"}
[2m[WebServer] [22m{"time":"2026-09-04T21:22:51.001161-04:00","level":"ERROR","msg":"listTemplates error","error":"iterate schedules: context canceled"}
  ✓  486 [chromium] › tests/sync-one-row.spec.js:186:3 › skeleton — one row, real write path to an RxDB-served read › a value written by POST /saveResponse is served to the page out of RxDB, behind the flag (1.1s)
[2m[WebServer] [22m{"time":"2026-09-04T21:22:51.367248-04:00","level":"ERROR","msg":"GetManagerHires failed","error":"query assigned templates for hire 14c11b75-a485-46c7-9ce9-0a8dcd7a24bc: context canceled"}
[2m[WebServer] [22m{"time":"2026-09-04T21:22:53.623889-04:00","level":"ERROR","msg":"listTemplates error","error":"iterate sections: context canceled"}
  ✓  487 [chromium] › tests/sync-one-row.spec.js:261:3 › skeleton — one row, real write path to an RxDB-served read › the flag is OFF by default — no database, no IndexedDB, and the surface stays absent (2.6s)
[2m[WebServer] [22m{"time":"2026-09-04T21:22:53.964678-04:00","level":"ERROR","msg":"GetManagerHires failed","error":"query assigned templates for hire d949b011-7c4e-4234-a641-2a565765b237: context canceled"}
[2m[WebServer] [22m{"time":"2026-09-04T21:22:54.276388-04:00","level":"ERROR","msg":"myChecklists error","error":"iterate rejections: context canceled"}
[2m[WebServer] [22m{"time":"2026-09-04T21:22:54.276836-04:00","level":"ERROR","msg":"listTemplates error","error":"iterate schedules: context canceled"}
[2m[WebServer] [22m{"time":"2026-09-04T21:22:54.277132-04:00","level":"ERROR","msg":"listTemplates error","error":"iterate sections: context canceled"}
[2m[WebServer] [22m{"time":"2026-09-04T21:22:54.277407-04:00","level":"ERROR","msg":"listTemplates error","error":"iterate assignments: context canceled"}
[2m[WebServer] [22m{"time":"2026-09-04T21:22:54.277555-04:00","level":"ERROR","msg":"listTemplates error","error":"iterate fields: context canceled"}
[2m[WebServer] [22m{"time":"2026-09-04T21:22:54.277812-04:00","level":"ERROR","msg":"listTemplates error","error":"iterate assignments: context canceled"}
  ✓  488 [chromium] › tests/sync-one-row.spec.js:293:3 › skeleton — one row, real write path to an RxDB-served read › the call site holds multiple concurrent per-checklist scopes, and is idempotent per scope (645ms)
  ✓  489 [chromium] › tests/sync-rxdb-client.spec.js:52:3 › vendor pin — fails LOUDLY on upgrade › vendor/package.json, the generated bundle and PINNED_VENDOR all agree (1.3s)
  ✓  490 [chromium] › tests/sync-rxdb-client.spec.js:69:3 › vendor pin — fails LOUDLY on upgrade › assertVendorPin throws with an actionable message when the bundle moves (9ms)
  ✓  491 [chromium] › tests/sync-rxdb-client.spec.js:86:3 › supabase-js URL derivation (the coupling decision 51 accepted) › given <origin>/sync it derives <origin>/sync/rest/v1 and <origin>/sync/realtime/v1 (6ms)
  ✓  492 [chromium] › tests/sync-rxdb-client.spec.js:117:3 › the door's addresses › the REST rewrite case table is non-empty (1ms)
  ✓  493 [chromium] › tests/sync-rxdb-client.spec.js:123:5 › the door's addresses › rewriteRestPath: /sync/rest/v1/checklist_templates -> /sync/rest/checklist_templates (2ms)
  ✓  494 [chromium] › tests/sync-rxdb-client.spec.js:123:5 › the door's addresses › rewriteRestPath: /sync/rest/v1/rpc/hq_can_see_template -> /sync/rest/rpc/hq_can_see_template (2ms)
  ✓  495 [chromium] › tests/sync-rxdb-client.spec.js:123:5 › the door's addresses › rewriteRestPath: /sync/rest/v1 -> /sync/rest (1ms)
  ✓  496 [chromium] › tests/sync-rxdb-client.spec.js:123:5 › the door's addresses › rewriteRestPath: /sync/rest/v1/v1 -> /sync/rest/v1 (1ms)
  ✓  497 [chromium] › tests/sync-rxdb-client.spec.js:123:5 › the door's addresses › rewriteRestPath: /sync/realtime/v1/websocket -> /sync/realtime/v1/websocket (1ms)
  ✓  498 [chromium] › tests/sync-rxdb-client.spec.js:123:5 › the door's addresses › rewriteRestPath: /api/v1/workflow/templates -> /api/v1/workflow/templates (1ms)
  ✓  499 [chromium] › tests/sync-rxdb-client.spec.js:129:3 › the door's addresses › rewriteRealtimeUrl points at /sync/realtime/socket/websocket and DROPS apikey (3ms)
  ✓  500 [chromium] › tests/sync-rxdb-client.spec.js:141:3 › the door's addresses › the constants match backend/internal/sync/proxy.go (3ms)
  ✓  501 [chromium] › tests/sync-rxdb-client.spec.js:157:3 › createHQSupabaseClient — same-origin, gateway-less, credential-free › a REST query lands on /sync/rest/<table> with no /v1 and no credentials (11ms)
  ✓  502 [chromium] › tests/sync-rxdb-client.spec.js:183:3 › createHQSupabaseClient — same-origin, gateway-less, credential-free › the realtime handshake goes to /sync/realtime/socket/websocket?vsn=1.0.0 (2.7s)
  ✓  503 [chromium] › tests/sync-rxdb-client.spec.js:204:3 › createHQSupabaseClient — same-origin, gateway-less, credential-free › nothing anywhere in the client layer fetches /api/v1/sync/token (4ms)
  ✓  504 [chromium] › tests/sync-rxdb-client.spec.js:215:3 › createHQSupabaseClient — same-origin, gateway-less, credential-free › construction makes no network request at all (203ms)
  ✓  505 [chromium] › tests/sync-rxdb-client.spec.js:228:3 › createHQSupabaseClient — same-origin, gateway-less, credential-free › createHQSyncClient exposes the HQ conflict handler, not RxDB's default (3ms)
  ✓  506 [chromium] › tests/sync-rxdb-client.spec.js:628:3 › [SCOPE-01] replication is scoped to the open checklist (C-2) › the fixture really does hold rows for a checklist this device never opened (11ms)
  ✓  507 [chromium] › tests/sync-rxdb-client.spec.js:664:3 › [SCOPE-01] replication is scoped to the open checklist (C-2) › the vendored plugin still offers pull.queryBuilder as the scoping seam (3ms)
  ✓  508 [chromium] › tests/sync-rxdb-client.spec.js:672:3 › [SCOPE-01] replication is scoped to the open checklist (C-2) › a device does NOT hold rows for a checklist it never opened (11ms)
  ✓  509 [chromium] › tests/sync-rxdb-client.spec.js:692:3 › [SCOPE-01] replication is scoped to the open checklist (C-2) › an offline DRAFT on the open checklist still replicates (2ms)
  ✓  510 [chromium] › tests/sync-rxdb-client.spec.js:707:3 › [SCOPE-01] replication is scoped to the open checklist (C-2) › replication REFUSES to start unscoped — C-2 is not a default, it is a gate (2ms)
  ✓  511 [chromium] › tests/sync-rxdb-client.spec.js:717:3 › [SCOPE-01] replication is scoped to the open checklist (C-2) › scoped AND batched — the pull keeps its batch size (4ms)
  ✓  512 [chromium] › tests/sync-rxdb-client.spec.js:731:3 › [SCOPE-01] replication is scoped to the open checklist (C-2) › scope values are QUOTED, so an id cannot rewrite the predicate [F-4] (2ms)
  ✓  513 [chromium] › tests/sync-rxdb-client.spec.js:753:3 › [SCOPE-01] replication is scoped to the open checklist (C-2) › an omitted templateId is REFUSED, not widened to every template [F-5] (2ms)
  ✓  514 [chromium] › tests/sync-rxdb-client.spec.js:772:3 › [SCOPE-01] replication is scoped to the open checklist (C-2) › a collection with no scope case refuses EAGERLY, not inside pull.handler [F-3] (4ms)
  ✓  515 [chromium] › tests/sync-rxdb-client.spec.js:840:3 › [SCOPE-03] the LIST scope — per-user, with a mandatory date floor › the list fixture is DISCRIMINATING, not merely populated (12ms)
  ✓  516 [chromium] › tests/sync-rxdb-client.spec.js:871:3 › [SCOPE-03] the LIST scope — per-user, with a mandatory date floor › a list scope with NO DATE FLOOR is REFUSED — the floor is the bound, not a default (4ms)
  ✓  517 [chromium] › tests/sync-rxdb-client.spec.js:904:3 › [SCOPE-03] the LIST scope — per-user, with a mandatory date floor › a list scope with no userId and no templates is REFUSED too (3ms)
  ✓  518 [chromium] › tests/sync-rxdb-client.spec.js:917:3 › [SCOPE-03] the LIST scope — per-user, with a mandatory date floor › a date floor cannot carry PostgREST logic-tree punctuation [F-4, on the new key] (1ms)
  ✓  519 [chromium] › tests/sync-rxdb-client.spec.js:927:3 › [SCOPE-03] the LIST scope — per-user, with a mandatory date floor › the list scope holds THIS user's rows since the floor, and nothing else (8ms)
  ✓  520 [chromium] › tests/sync-rxdb-client.spec.js:943:3 › [SCOPE-03] the LIST scope — per-user, with a mandatory date floor › the floor really is applied per collection, on each one's OWN time column (4ms)
  ✓  521 [chromium] › tests/sync-rxdb-client.spec.js:960:3 › [SCOPE-03] the LIST scope — per-user, with a mandatory date floor › the list scope is still BATCHED — C-2 is both halves (4ms)
  ✓  522 [chromium] › tests/sync-rxdb-client.spec.js:970:3 › [SCOPE-03] the LIST scope — per-user, with a mandatory date floor › the FILL scope is untouched — a second mode is not a rewrite of the first (3ms)
  ✓  523 [chromium] › tests/sync-rxdb-client.spec.js:983:3 › [SCOPE-03] the LIST scope — per-user, with a mandatory date floor › two crew members on ONE phone do not inherit each other's checkpoint (2ms)
  ✓  524 [chromium] › tests/sync-rxdb-client.spec.js:1032:3 › [SCOPE-04] the Realtime filter — three collections, and the one it cannot express › the vendored plugin still subscribes with no filter of its own (2ms)
  ✓  525 [chromium] › tests/sync-rxdb-client.spec.js:1040:5 › [SCOPE-04] the Realtime filter — three collections, and the one it cannot express › [fill] the filter is present on EXACTLY THREE collections and ABSENT on responses (2ms)
  ✓  526 [chromium] › tests/sync-rxdb-client.spec.js:1040:5 › [SCOPE-04] the Realtime filter — three collections, and the one it cannot express › [list] the filter is present on EXACTLY THREE collections and ABSENT on responses (1ms)
  ✓  527 [chromium] › tests/sync-rxdb-client.spec.js:1059:3 › [SCOPE-04] the Realtime filter — three collections, and the one it cannot express › every emitted filter is ONE `column=op.value` clause — the only shape Realtime takes (13ms)
  ✓  528 [chromium] › tests/sync-rxdb-client.spec.js:1086:3 › [SCOPE-04] the Realtime filter — three collections, and the one it cannot express › the filter reaches the plugin's channel — registered under the replication identifier (3ms)
  ✓  529 [chromium] › tests/sync-rxdb-client.spec.js:1123:3 › [SCOPE-04] the Realtime filter — three collections, and the one it cannot express › the channel shim injects the registered filter into the postgres_changes binding (3ms)
  ✓  530 [chromium] › tests/sync-rxdb-client.spec.js:1156:3 › [SCOPE-04] the Realtime filter — three collections, and the one it cannot express › the shim is installed by createHQSupabaseClient, not left to the caller (1ms)
  ✓  531 [chromium] › tests/sync-rxdb-client.spec.js:1291:3 › [SCOPE-02] the checkpoint is per-scope, not per-table (F-1) › RxDB really keys the checkpoint meta store by [collection.name, replicationIdentifier] (4ms)
  ✓  532 [chromium] › tests/sync-rxdb-client.spec.js:1302:3 › [SCOPE-02] the checkpoint is per-scope, not per-table (F-1) › opening an OLDER checklist after a newer one still replicates its rows (4ms)
  ✓  533 [chromium] › tests/sync-rxdb-client.spec.js:1320:3 › [SCOPE-02] the checkpoint is per-scope, not per-table (F-1) › ...and that is the SAME set a device with a fresh checkpoint would get (3ms)
  ✓  534 [chromium] › tests/sync-rxdb-client.spec.js:1330:3 › [SCOPE-02] the checkpoint is per-scope, not per-table (F-1) › a different scope mints a different replicationIdentifier — per collection (4ms)
  ✓  535 [chromium] › tests/sync-rxdb-client.spec.js:1340:3 › [SCOPE-02] the checkpoint is per-scope, not per-table (F-1) › the SAME scope still RESUMES — the fix did not just disable checkpoints (4ms)
  ✓  536 [chromium] › tests/sync-rxdb-client.spec.js:1353:3 › [SCOPE-02] the checkpoint is per-scope, not per-table (F-1) › the fingerprint is deterministic and scope-sensitive (2ms)
  ✓  537 [chromium] › tests/sync-rxdb-client.spec.js:1430:3 › [SCOPE-05] concurrent fill scopes, and the fill scope's user identity (F-2) › TWO concurrent fill scopes — setup + food prep — are two replications with pairwise-distinct identifiers (4ms)
  ✓  538 [chromium] › tests/sync-rxdb-client.spec.js:1442:3 › [SCOPE-05] concurrent fill scopes, and the fill scope's user identity (F-2) › ...and neither concurrent scope starves the other — a shared meta store, both sets of rows (4ms)
  ✓  539 [chromium] › tests/sync-rxdb-client.spec.js:1459:3 › [SCOPE-05] concurrent fill scopes, and the fill scope's user identity (F-2) › a SECOND crew member on the same phone gets their own identifiers, not a resumed cursor [F-2] (3ms)
  ✓  540 [chromium] › tests/sync-rxdb-client.spec.js:1474:3 › [SCOPE-05] concurrent fill scopes, and the fill scope's user identity (F-2) › the FILL scope REFUSES a missing userId — it is not an optional argument [F-2] (4ms)
  ✓  541 [chromium] › tests/sync-rxdb-client.spec.js:1504:3 › [SCOPE-05] concurrent fill scopes, and the fill scope's user identity (F-2) › the fill scope's userId is IDENTITY, not a filter clause — no collection filters on it (6ms)
  ✓  542 [chromium] › tests/sync-rxdb-client.spec.js:1522:3 › [SCOPE-05] concurrent fill scopes, and the fill scope's user identity (F-2) › the same crew member re-opening the same checklist still RESUMES (5ms)
  ✓  543 [chromium] › tests/sync-rxdb-client.spec.js:1538:3 › expandGrantSlugs — obligation 4 › inventory expands to the two per-tab surfaces the user can actually reach (1ms)
  ✓  544 [chromium] › tests/sync-rxdb-client.spec.js:1544:3 › expandGrantSlugs — obligation 4 › the umbrella table matches what main.go actually mounts (2ms)
  ✓  545 [chromium] › tests/sync-rxdb-client.spec.js:1553:3 › expandGrantSlugs — obligation 4 › a narrow per-tab grant is NOT widened — expansion is one-way (1ms)
  ✓  546 [chromium] › tests/sync-rxdb-client.spec.js:1558:3 › expandGrantSlugs — obligation 4 › idempotent, de-duplicating, order-independent, and empty-safe (3ms)
[2m[WebServer] [22m{"time":"2026-09-04T21:22:59.831674-04:00","level":"ERROR","msg":"myChecklists error","error":"list fail notes: context canceled"}
[2m[WebServer] [22m{"time":"2026-09-04T21:22:59.832704-04:00","level":"ERROR","msg":"listTemplates error","error":"iterate assignments: context canceled"}
[2m[WebServer] [22m{"time":"2026-09-04T21:22:59.832993-04:00","level":"ERROR","msg":"listTemplates error","error":"iterate fields: context canceled"}
  ✓  547 [chromium] › tests/sync-rxdb-client.spec.js:1604:3 › workflows.html actually imports and constructs the client › window.HQSync is constructed, pinned and umbrella-expanded (615ms)
[2m[WebServer] [22m{"time":"2026-09-04T21:23:00.628177-04:00","level":"ERROR","msg":"listTemplates error","error":"iterate fields: context canceled"}
[2m[WebServer] [22m{"time":"2026-09-04T21:23:00.628555-04:00","level":"ERROR","msg":"listTemplates error","error":"iterate fields: context canceled"}
[2m[WebServer] [22m{"time":"2026-09-04T21:23:00.628691-04:00","level":"ERROR","msg":"listTemplates error","error":"iterate fields: context canceled"}
[2m[WebServer] [22m{"time":"2026-09-04T21:23:00.628923-04:00","level":"ERROR","msg":"listTemplates error","error":"iterate schedules: context canceled"}
[2m[WebServer] [22m{"time":"2026-09-04T21:23:00.629125-04:00","level":"ERROR","msg":"listTemplates error","error":"iterate sections: context canceled"}
  ✓  548 [chromium] › tests/sync-rxdb-client.spec.js:1659:3 › workflows.html actually imports and constructs the client › B-149: a grant envelope whose uid mismatches the device is treated as nothing cached (771ms)
[2m[WebServer] [22m{"time":"2026-09-04T21:23:00.953287-04:00","level":"ERROR","msg":"GetManagerHires failed","error":"iterate assigned templates for hire 14c11b75-a485-46c7-9ce9-0a8dcd7a24bc: context canceled"}
[2m[WebServer] [22m{"time":"2026-09-04T21:23:01.27485-04:00","level":"ERROR","msg":"listTemplates error","error":"iterate fields: context canceled"}
  ✓  549 [chromium] › tests/sync-rxdb-client.spec.js:1699:3 › workflows.html actually imports and constructs the client › the RxDB collections carry HQ's conflict handler, not RxDB's default (633ms)
  ✓  550 [chromium] › tests/sync-rxdb-client.spec.js:1741:3 › workflows.html actually imports and constructs the client › no user write path was rerouted — workflows.html still autosaves through the API (2ms)
[2m[WebServer] [22m{"time":"2026-09-04T21:23:01.624476-04:00","level":"ERROR","msg":"GetManagerHires failed","error":"iterate assigned templates for hire 14c11b75-a485-46c7-9ce9-0a8dcd7a24bc: context canceled"}
[2m[WebServer] [22m{"time":"2026-09-04T21:23:01.834982-04:00","level":"ERROR","msg":"myChecklists error","error":"iterate submissions: context canceled"}
[2m[WebServer] [22m{"time":"2026-09-04T21:23:01.835168-04:00","level":"ERROR","msg":"listTemplates error","error":"list schedules: context canceled"}
  ✓  551 [chromium] › tests/sync-rxdb-client.spec.js:1785:3 › workflows.html actually imports and constructs the client › nothing reads from RxDB on a code path that can execute offline — window.HQSync.db is undefined at end of load (B-88) (537ms)
  ✓  552 [chromium] › tests/sync-rxdb-conflict-notice.spec.js:144:3 › A-3 — the frozen label out of template_snapshot (decision 95) › the malformed-snapshot fixture is non-empty and covers every level (2ms)
  ✓  553 [chromium] › tests/sync-rxdb-conflict-notice.spec.js:152:3 › A-3 — the frozen label out of template_snapshot (decision 95) › reads a top-level field label (41ms)
  ✓  554 [chromium] › tests/sync-rxdb-conflict-notice.spec.js:158:3 › A-3 — the frozen label out of template_snapshot (decision 95) › reads a label nested in sub_steps — Field.SubSteps is a real nested list (2ms)
  ✓  555 [chromium] › tests/sync-rxdb-conflict-notice.spec.js:163:3 › A-3 — the frozen label out of template_snapshot (decision 95) › returns null — never throws — for an id the snapshot does not carry (3ms)
  ✓  556 [chromium] › tests/sync-rxdb-conflict-notice.spec.js:171:5 › A-3 — the frozen label out of template_snapshot (decision 95) › malformed snapshot (undefined) returns null and does not throw (3ms)
  ✓  557 [chromium] › tests/sync-rxdb-conflict-notice.spec.js:171:5 › A-3 — the frozen label out of template_snapshot (decision 95) › malformed snapshot (null) returns null and does not throw (2ms)
  ✓  558 [chromium] › tests/sync-rxdb-conflict-notice.spec.js:171:5 › A-3 — the frozen label out of template_snapshot (decision 95) › malformed snapshot (a string) returns null and does not throw (2ms)
  ✓  559 [chromium] › tests/sync-rxdb-conflict-notice.spec.js:171:5 › A-3 — the frozen label out of template_snapshot (decision 95) › malformed snapshot (a number) returns null and does not throw (2ms)
  ✓  560 [chromium] › tests/sync-rxdb-conflict-notice.spec.js:171:5 › A-3 — the frozen label out of template_snapshot (decision 95) › malformed snapshot (an array) returns null and does not throw (2ms)
  ✓  561 [chromium] › tests/sync-rxdb-conflict-notice.spec.js:171:5 › A-3 — the frozen label out of template_snapshot (decision 95) › malformed snapshot (no sections key) returns null and does not throw (2ms)
  ✓  562 [chromium] › tests/sync-rxdb-conflict-notice.spec.js:171:5 › A-3 — the frozen label out of template_snapshot (decision 95) › malformed snapshot (sections is a string) returns null and does not throw (2ms)
  ✓  563 [chromium] › tests/sync-rxdb-conflict-notice.spec.js:171:5 › A-3 — the frozen label out of template_snapshot (decision 95) › malformed snapshot (sections is an object) returns null and does not throw (2ms)
  ✓  564 [chromium] › tests/sync-rxdb-conflict-notice.spec.js:171:5 › A-3 — the frozen label out of template_snapshot (decision 95) › malformed snapshot (a section is null) returns null and does not throw (2ms)
  ✓  565 [chromium] › tests/sync-rxdb-conflict-notice.spec.js:171:5 › A-3 — the frozen label out of template_snapshot (decision 95) › malformed snapshot (a section is a string) returns null and does not throw (2ms)
  ✓  566 [chromium] › tests/sync-rxdb-conflict-notice.spec.js:171:5 › A-3 — the frozen label out of template_snapshot (decision 95) › malformed snapshot (fields is missing) returns null and does not throw (2ms)
  ✓  567 [chromium] › tests/sync-rxdb-conflict-notice.spec.js:171:5 › A-3 — the frozen label out of template_snapshot (decision 95) › malformed snapshot (fields is a number) returns null and does not throw (2ms)
  ✓  568 [chromium] › tests/sync-rxdb-conflict-notice.spec.js:171:5 › A-3 — the frozen label out of template_snapshot (decision 95) › malformed snapshot (a field is null) returns null and does not throw (2ms)
  ✓  569 [chromium] › tests/sync-rxdb-conflict-notice.spec.js:171:5 › A-3 — the frozen label out of template_snapshot (decision 95) › malformed snapshot (a field has no id) returns null and does not throw (2ms)
  ✓  570 [chromium] › tests/sync-rxdb-conflict-notice.spec.js:171:5 › A-3 — the frozen label out of template_snapshot (decision 95) › malformed snapshot (the label is a number) returns null and does not throw (2ms)
  ✓  571 [chromium] › tests/sync-rxdb-conflict-notice.spec.js:171:5 › A-3 — the frozen label out of template_snapshot (decision 95) › malformed snapshot (the label is empty) returns null and does not throw (2ms)
  ✓  572 [chromium] › tests/sync-rxdb-conflict-notice.spec.js:171:5 › A-3 — the frozen label out of template_snapshot (decision 95) › malformed snapshot (the label is an object) returns null and does not throw (2ms)
  ✓  573 [chromium] › tests/sync-rxdb-conflict-notice.spec.js:171:5 › A-3 — the frozen label out of template_snapshot (decision 95) › malformed snapshot (sub_steps is a string) returns null and does not throw (2ms)
  ✓  574 [chromium] › tests/sync-rxdb-conflict-notice.spec.js:184:3 › A-3 — the frozen label out of template_snapshot (decision 95) › a CYCLIC snapshot terminates rather than blowing the stack (2ms)
  ✓  575 [chromium] › tests/sync-rxdb-conflict-notice.spec.js:193:3 › A-3 — the frozen label out of template_snapshot (decision 95) › a THROWING accessor is a malformed snapshot, not a crash (1ms)
  ✓  576 [chromium] › tests/sync-rxdb-conflict-notice.spec.js:201:3 › A-3 — the frozen label out of template_snapshot (decision 95) › a row falls back to the RAW FIELD ID when the snapshot carries no label (9ms)
  ✓  577 [chromium] › tests/sync-rxdb-conflict-notice.spec.js:215:3 › A-3 — the frozen label out of template_snapshot (decision 95) › a removed row PREFERS the frozen label, and is read-only (3ms)
  ✓  578 [chromium] › tests/sync-rxdb-conflict-notice.spec.js:235:3 › A-3 — the frozen label out of template_snapshot (decision 95) › counting follows READING A — a removed row is in the chip base, not the +N (5ms)
  ✓  579 [chromium] › tests/sync-rxdb-conflict-notice.spec.js:262:3 › the counting rule (UI-SPEC rules 1-8) › rule 1/2 — headline counts answer rows; the chip is the same figure per group (3ms)
  ✓  580 [chromium] › tests/sync-rxdb-conflict-notice.spec.js:271:3 › the counting rule (UI-SPEC rules 1-8) › rule 3 — what was DONE to a row never changes the headline (4ms)
  ✓  581 [chromium] › tests/sync-rxdb-conflict-notice.spec.js:283:3 › the counting rule (UI-SPEC rules 1-8) › rule 4 — unidentifiable rows are counted SEPARATELY, never folded in (5ms)
  ✓  582 [chromium] › tests/sync-rxdb-conflict-notice.spec.js:299:3 › the counting rule (UI-SPEC rules 1-8) › rule 5 — the record id is document + field, so a retry REPLACES a row (3ms)
  ✓  583 [chromium] › tests/sync-rxdb-conflict-notice.spec.js:311:3 › the counting rule (UI-SPEC rules 1-8) › rule 6 — reviewed is restored/kept; untouched, FAILED and in-flight are not (9ms)
  ✓  584 [chromium] › tests/sync-rxdb-conflict-notice.spec.js:333:3 › the counting rule (UI-SPEC rules 1-8) › rule 6 wording — nothing handled / some handled / all handled (5ms)
  ✓  585 [chromium] › tests/sync-rxdb-conflict-notice.spec.js:343:3 › the counting rule (UI-SPEC rules 1-8) › rule 7 — Restore all N is the still-to-review figure, never the chip base (4ms)
  ✓  586 [chromium] › tests/sync-rxdb-conflict-notice.spec.js:362:3 › the counting rule (UI-SPEC rules 1-8) › rule 8 — collapse triggers on >1 group OR >2 rows, and applies sheet-wide (5ms)
  ✓  587 [chromium] › tests/sync-rxdb-conflict-notice.spec.js:382:3 › retention (decision 96) › the window is READ from sync-schema, not restated (3ms)
  ✓  588 [chromium] › tests/sync-rxdb-conflict-notice.spec.js:393:3 › retention (decision 96) › records outside the window are swept and are NOT in any count (3ms)
  ✓  589 [chromium] › tests/sync-rxdb-conflict-notice.spec.js:406:3 › retention (decision 96) › an unreadable timestamp is KEPT, not silently swept (1ms)
  ✓  590 [chromium] › tests/sync-rxdb-conflict-notice.spec.js:433:3 › the cap (decision 97) › caps at MAX_GROUPS groups (7ms)
  ✓  591 [chromium] › tests/sync-rxdb-conflict-notice.spec.js:444:3 › the cap (decision 97) › rows below the line are NOT dropped and the banner reports the TRUE total (6ms)
  ✓  592 [chromium] › tests/sync-rxdb-conflict-notice.spec.js:479:3 › V-2 — the document chip is unique on the sheet › the two ids the shipped plate collided on now render different chips (7ms)
  ✓  593 [chromium] › tests/sync-rxdb-conflict-notice.spec.js:492:3 › V-2 — the document chip is unique on the sheet › no two groups on one sheet EVER carry the same chip (11ms)
  ✓  594 [chromium] › tests/sync-rxdb-conflict-notice.spec.js:501:3 › V-2 — the document chip is unique on the sheet › assignDocChips is total and stable, and grouping never depended on it (7ms)
  ✓  595 [chromium] › tests/sync-rxdb-conflict-notice.spec.js:523:3 › F-5 — buildSheetModel survives a non-array `records` › a truthy non-array is an empty sheet, not a TypeError (16ms)
  ✓  596 [chromium] › tests/sync-rxdb-conflict-notice.spec.js:547:3 › value + attribution rendering › values render as a crew member reads them, and are NEVER truncated (8ms)
  ✓  597 [chromium] › tests/sync-rxdb-conflict-notice.spec.js:597:3 › value + attribution rendering › F-2 — a deep `_v` chain is BOUNDED, not a stack overflow (50ms)
  ✓  598 [chromium] › tests/sync-rxdb-conflict-notice.spec.js:628:3 › value + attribution rendering › F-2 — a throwing getter on `_v` degrades, it does not propagate (3ms)
  ✓  599 [chromium] › tests/sync-rxdb-conflict-notice.spec.js:646:3 › value + attribution rendering › F-2 — and it holds THROUGH buildSheetModel, which is where it renders (46ms)
  ✓  600 [chromium] › tests/sync-rxdb-conflict-notice.spec.js:678:3 › value + attribution rendering › a null actor degrades to "someone else" — never an invented name (2ms)
  ✓  601 [chromium] › tests/sync-rxdb-conflict-notice.spec.js:685:3 › value + attribution rendering › A-2.3 — every row carries name AND time, collapsed or not (7ms)
  ✓  602 [chromium] › tests/sync-rxdb-conflict-notice.spec.js:703:3 › recording a conflict › one record per clash, keyed by document + field, carrying BOTH values (4ms)
  ✓  603 [chromium] › tests/sync-rxdb-conflict-notice.spec.js:724:3 › recording a conflict › an emission with no clashes writes nothing (2ms)
  ✓  604 [chromium] › tests/sync-rxdb-conflict.spec.js:262:3 › sync-rxdb conflict handler — the case table is real › the case table is non-empty and names exactly the decided rules (21ms)
  ✓  605 [chromium] › tests/sync-rxdb-conflict.spec.js:283:3 › reproduction — RxDB 17.4.0 default conflict handler (decision 50) › the default is unconditional master-wins: a strictly-LATER local write is discarded (3ms)
  ✓  606 [chromium] › tests/sync-rxdb-conflict.spec.js:311:3 › reproduction — RxDB 17.4.0 default conflict handler (decision 50) › the default destroys an edit to a DIFFERENT field than the one master changed (2ms)
  ✓  607 [chromium] › tests/sync-rxdb-conflict.spec.js:327:3 › reproduction — RxDB 17.4.0 default conflict handler (decision 50) › assumedMasterState is present in the input RxDB actually hands the handler (2ms)
  ✓  608 [chromium] › tests/sync-rxdb-conflict.spec.js:358:5 › HQ conflict handler — field-level three-way merge › resolve: different fields, different people — BOTH survive (2ms)
  ✓  609 [chromium] › tests/sync-rxdb-conflict.spec.js:358:5 › HQ conflict handler — field-level three-way merge › resolve: only the fork changed a field — the fork value survives (2ms)
  ✓  610 [chromium] › tests/sync-rxdb-conflict.spec.js:358:5 › HQ conflict handler — field-level three-way merge › resolve: only master changed a field — the master value survives (2ms)
  ✓  611 [chromium] › tests/sync-rxdb-conflict.spec.js:358:5 › HQ conflict handler — field-level three-way merge › resolve: genuine same-field clash — master wins AND the fork value is recorded (2ms)
  ✓  612 [chromium] › tests/sync-rxdb-conflict.spec.js:358:5 › HQ conflict handler — field-level three-way merge › resolve: both sides made the SAME edit — convergent, not a clash (2ms)
  ✓  613 [chromium] › tests/sync-rxdb-conflict.spec.js:358:5 › HQ conflict handler — field-level three-way merge › resolve: a clash on one field does not destroy a clean merge on another (3ms)
  ✓  614 [chromium] › tests/sync-rxdb-conflict.spec.js:358:5 › HQ conflict handler — field-level three-way merge › resolve: a field the fork invented (present in NEITHER assumed nor master) survives (2ms)
  ✓  615 [chromium] › tests/sync-rxdb-conflict.spec.js:358:5 › HQ conflict handler — field-level three-way merge › resolve: nested values compare by VALUE, not by identity (2ms)
  ✓  616 [chromium] › tests/sync-rxdb-conflict.spec.js:358:5 › HQ conflict handler — field-level three-way merge › resolve: _deleted participates in the merge — an UNCONTESTED local delete survives (2ms)
  ✓  617 [chromium] › tests/sync-rxdb-conflict.spec.js:358:5 › HQ conflict handler — field-level three-way merge › resolve: an enum clash on checklists — status completed vs approved (2ms)
  ✓  618 [chromium] › tests/sync-rxdb-conflict.spec.js:376:3 › HQ conflict handler — field-level three-way merge › the resolved document keeps master's RxDB metadata, never the fork's (3ms)
  ✓  619 [chromium] › tests/sync-rxdb-conflict.spec.js:393:3 › HQ conflict handler — field-level three-way merge › provenance (who-and-when) is merged but NEVER reported as a clash (4ms)
  ✓  620 [chromium] › tests/sync-rxdb-conflict.spec.js:419:3 › HQ conflict handler — field-level three-way merge › an unchanged row on both sides resolves to master with no clashes (2ms)
  ✓  621 [chromium] › tests/sync-rxdb-conflict.spec.js:430:3 › HQ conflict handler — field-level three-way merge › the resolved document never carries a field absent from all three inputs (55ms)
  ✓  622 [chromium] › tests/sync-rxdb-conflict.spec.js:447:3 › HQ conflict handler — field-level three-way merge › no clock, no timestamp, participates in any decision (decision 50 rejected LWW) (2ms)
  ✓  623 [chromium] › tests/sync-rxdb-conflict.spec.js:468:3 › HQ conflict handler — the assumedMasterState-absent fallback › with no baseline, master wins on EVERY field and every difference is recorded (3ms)
  ✓  624 [chromium] › tests/sync-rxdb-conflict.spec.js:494:3 › HQ conflict handler — the assumedMasterState-absent fallback › with no baseline, a diverging _deleted IS reported (the only path that reaches it) (2ms)
  ✓  625 [chromium] › tests/sync-rxdb-conflict.spec.js:505:3 › HQ conflict handler — the assumedMasterState-absent fallback › with no baseline and an identical fork, nothing is reported (2ms)
  ✓  626 [chromium] › tests/sync-rxdb-conflict.spec.js:518:3 › HQ conflict handler — the assumedMasterState-absent fallback › with no baseline, provenance and metadata are still never reported (1ms)
  ✓  627 [chromium] › tests/sync-rxdb-conflict.spec.js:528:3 › HQ conflict handler — the assumedMasterState-absent fallback › the baseline flag distinguishes a three-way merge from the fallback (1ms)
  ✓  628 [chromium] › tests/sync-rxdb-conflict.spec.js:538:3 › HQ conflict handler — the assumedMasterState-absent fallback › a missing realMasterState throws loudly rather than guessing (3ms)
  ✓  629 [chromium] › tests/sync-rxdb-conflict.spec.js:548:3 › HQ conflict handler — the RxDB adapter › isEqual is the injected one, byte-for-byte — the handler does not redefine equality (2ms)
  ✓  630 [chromium] › tests/sync-rxdb-conflict.spec.js:558:3 › HQ conflict handler — the RxDB adapter › constructed with the REAL RxDB isEqual, the reproduced loss no longer happens (3ms)
  ✓  631 [chromium] › tests/sync-rxdb-conflict.spec.js:577:3 › HQ conflict handler — the RxDB adapter › resolve returns a bare document (RxDB overwrites _rev/_meta/_attachments itself) (2ms)
  ✓  632 [chromium] › tests/sync-rxdb-conflict.spec.js:590:3 › HQ conflict handler — the RxDB adapter › onClash fires once per clashing field, with the discarded value recoverable (4ms)
  ✓  633 [chromium] › tests/sync-rxdb-conflict.spec.js:612:3 › HQ conflict handler — the RxDB adapter › onClash does NOT fire when nothing was lost (1ms)
[hq-sync] conflict notice handler threw Error: C2 UI blew up
    at onClash [90m(/Users/jamal/projects/yumyums/wt-20260905-c6/[39mtests/sync-rxdb-conflict.spec.js:628:30[90m)[39m
    at Object.resolve [90m(file:///Users/jamal/projects/yumyums/wt-20260905-c6/[39msync-rxdb/conflict-handler.js:388:13[90m)[39m
    at [90m/Users/jamal/projects/yumyums/wt-20260905-c6/[39mtests/sync-rxdb-conflict.spec.js:630:31
    at [90m/Users/jamal/projects/yumyums/wt-20260905-c6/[39mnode_modules/[4mplaywright[24m/lib/worker/workerMain.js:326:9
    at [90m/Users/jamal/projects/yumyums/wt-20260905-c6/[39mnode_modules/[4mplaywright[24m/lib/worker/testInfo.js:320:11
    at TimeoutManager.withRunnable [90m(/Users/jamal/projects/yumyums/wt-20260905-c6/[39mnode_modules/[4mplaywright[24m/lib/worker/timeoutManager.js:75:14[90m)[39m
    at TestInfoImpl._runWithTimeout [90m(/Users/jamal/projects/yumyums/wt-20260905-c6/[39mnode_modules/[4mplaywright[24m/lib/worker/testInfo.js:318:7[90m)[39m
    at [90m/Users/jamal/projects/yumyums/wt-20260905-c6/[39mnode_modules/[4mplaywright[24m/lib/worker/workerMain.js:324:7
    at WorkerMain._runTest [90m(/Users/jamal/projects/yumyums/wt-20260905-c6/[39mnode_modules/[4mplaywright[24m/lib/worker/workerMain.js:297:5[90m)[39m
    at WorkerMain.runTestGroup [90m(/Users/jamal/projects/yumyums/wt-20260905-c6/[39mnode_modules/[4mplaywright[24m/lib/worker/workerMain.js:203:9[90m)[39m
    at process.<anonymous> [90m(/Users/jamal/projects/yumyums/wt-20260905-c6/[39mnode_modules/[4mplaywright[24m/lib/common/process.js:73:22[90m)[39m
  ✓  634 [chromium] › tests/sync-rxdb-conflict.spec.js:624:3 › HQ conflict handler — the RxDB adapter › a throwing onClash never breaks replication (4ms)
  ✓  635 [chromium] › tests/sync-rxdb-conflict.spec.js:658:3 › describeConflict — the conflict$ contract C2 builds against › extracts the document id, the baseline mode and every discarded value (4ms)
  ✓  636 [chromium] › tests/sync-rxdb-conflict.spec.js:669:3 › describeConflict — the conflict$ contract C2 builds against › carries who-and-when for the WINNING write, so the sheet can say "Dana M., 6:12 PM" (2ms)
  ✓  637 [chromium] › tests/sync-rxdb-conflict.spec.js:676:3 › describeConflict — the conflict$ contract C2 builds against › honours a custom primary path (1ms)
  ✓  638 [chromium] › tests/sync-rxdb-conflict.spec.js:683:3 › describeConflict — the conflict$ contract C2 builds against › reports nothing when the merge lost nothing (2ms)
  ✓  639 [chromium] › tests/sync-rxdb-conflict.spec.js:719:3 › describeConflict agrees with the handler it was configured beside (G6) › a handler exposes the merge options it was constructed with (4ms)
  ✓  640 [chromium] › tests/sync-rxdb-conflict.spec.js:733:3 › describeConflict agrees with the handler it was configured beside (G6) › a CUSTOM provenanceFields entry is suppressed by BOTH the handler and describeConflict (4ms)
  ✓  641 [chromium] › tests/sync-rxdb-conflict.spec.js:765:3 › describeConflict agrees with the handler it was configured beside (G6) › a CUSTOM reservedFields entry is suppressed by BOTH the handler and describeConflict (3ms)
  ✓  642 [chromium] › tests/sync-rxdb-conflict.spec.js:782:3 › describeConflict agrees with the handler it was configured beside (G6) › the call SHAPE startHQReplication uses is the one that threads (simulated, not driven) (2ms)
  ✓  643 [chromium] › tests/sync-rxdb-conflict.spec.js:815:3 › describeConflict agrees with the handler it was configured beside (G6) › startHQReplication REALLY threads the handler options into conflict$ (driven) (167ms)
  ✓  644 [chromium] › tests/sync-schema.spec.js:106:3 › sync schema — collection definitions › the fixture list is non-empty and names the four collections the card owns (1ms)
  ✓  645 [chromium] › tests/sync-schema.spec.js:112:3 › sync schema — collection definitions › the module exports exactly the four replicated collections and one local collection (2ms)
  ✓  646 [chromium] › tests/sync-schema.spec.js:120:5 › sync schema — collection definitions › templates — satisfies the RxDB schema contract and maps to checklist_templates (9ms)
  ✓  647 [chromium] › tests/sync-schema.spec.js:150:5 › sync schema — collection definitions › templates — does NOT declare _modified or _deleted (decision 78) (3ms)
  ✓  648 [chromium] › tests/sync-schema.spec.js:167:5 › sync schema — collection definitions › templates — carries who-and-when (updated_by + updated_at) (decision 79) (3ms)
  ✓  649 [chromium] › tests/sync-schema.spec.js:177:5 › sync schema — collection definitions › templates — carries none of the retired op-log columns (2ms)
  ✓  650 [chromium] › tests/sync-schema.spec.js:120:5 › sync schema — collection definitions › checklists — satisfies the RxDB schema contract and maps to checklist_submissions (10ms)
  ✓  651 [chromium] › tests/sync-schema.spec.js:150:5 › sync schema — collection definitions › checklists — does NOT declare _modified or _deleted (decision 78) (3ms)
  ✓  652 [chromium] › tests/sync-schema.spec.js:167:5 › sync schema — collection definitions › checklists — carries who-and-when (updated_by + updated_at) (decision 79) (3ms)
  ✓  653 [chromium] › tests/sync-schema.spec.js:177:5 › sync schema — collection definitions › checklists — carries none of the retired op-log columns (2ms)
  ✓  654 [chromium] › tests/sync-schema.spec.js:120:5 › sync schema — collection definitions › responses — satisfies the RxDB schema contract and maps to submission_responses (8ms)
  ✓  655 [chromium] › tests/sync-schema.spec.js:150:5 › sync schema — collection definitions › responses — does NOT declare _modified or _deleted (decision 78) (3ms)
  ✓  656 [chromium] › tests/sync-schema.spec.js:167:5 › sync schema — collection definitions › responses — carries who-and-when (answered_by + answered_at) (decision 79) (3ms)
  ✓  657 [chromium] › tests/sync-schema.spec.js:177:5 › sync schema — collection definitions › responses — carries none of the retired op-log columns (2ms)
  ✓  658 [chromium] › tests/sync-schema.spec.js:120:5 › sync schema — collection definitions › approvals — satisfies the RxDB schema contract and maps to submission_rejections (9ms)
  ✓  659 [chromium] › tests/sync-schema.spec.js:150:5 › sync schema — collection definitions › approvals — does NOT declare _modified or _deleted (decision 78) (3ms)
  ✓  660 [chromium] › tests/sync-schema.spec.js:167:5 › sync schema — collection definitions › approvals — carries who-and-when (rejected_by + rejected_at) (decision 79) (3ms)
  ✓  661 [chromium] › tests/sync-schema.spec.js:177:5 › sync schema — collection definitions › approvals — carries none of the retired op-log columns (2ms)
  ✓  662 [chromium] › tests/sync-schema.spec.js:191:3 › sync schema — the local conflict record (decision 89) › is declared local, replication-ready in shape, and carries no table mapping (6ms)
  ✓  663 [chromium] › tests/sync-schema.spec.js:214:3 › sync schema — the local conflict record (decision 89) › retention is ONE named constant, and the number 30 is not scattered (3ms)
  ✓  664 [chromium] › tests/sync-schema.spec.js:257:3 › sync schema — the self-hosted per-table SQL contract › the SQL file exists and creates exactly the four replicated tables (1ms)
  ✓  665 [chromium] › tests/sync-schema.spec.js:265:5 › sync schema — the self-hosted per-table SQL contract › checklist_templates — carries all six items of the self-hosted table contract (6ms)
  ✓  666 [chromium] › tests/sync-schema.spec.js:265:5 › sync schema — the self-hosted per-table SQL contract › checklist_submissions — carries all six items of the self-hosted table contract (6ms)
  ✓  667 [chromium] › tests/sync-schema.spec.js:265:5 › sync schema — the self-hosted per-table SQL contract › submission_responses — carries all six items of the self-hosted table contract (6ms)
  ✓  668 [chromium] › tests/sync-schema.spec.js:265:5 › sync schema — the self-hosted per-table SQL contract › submission_rejections — carries all six items of the self-hosted table contract (5ms)
  ✓  669 [chromium] › tests/sync-schema.spec.js:296:3 › sync schema — the self-hosted per-table SQL contract › writes NO policy — RLS predicates belong to sync-rxdb-row-visibility-rls (1ms)
  ✓  670 [chromium] › tests/sync-schema.spec.js:303:3 › sync schema — the self-hosted per-table SQL contract › declares NO table for the overwritten-answer record (decision 89) (2ms)
  ✓  671 [chromium] › tests/sync-schema.spec.js:311:3 › sync schema — the self-hosted per-table SQL contract › carries no lamport_ts column — the op-log layer is being retired (1ms)
[2m[WebServer] [22m{"time":"2026-09-04T21:23:04.205741-04:00","level":"ERROR","msg":"GetManagerHires failed","error":"iterate assigned templates for hire 6993a30a-1072-44e6-abd1-e0208a2e05e0: context canceled"}
[2m[WebServer] [22m{"time":"2026-09-04T21:23:04.536829-04:00","level":"ERROR","msg":"GetManagerHires failed","error":"query assigned templates for hire 14c11b75-a485-46c7-9ce9-0a8dcd7a24bc: context canceled"}
[2m[WebServer] [22m{"time":"2026-09-04T21:23:05.006637-04:00","level":"ERROR","msg":"listTemplates error","error":"iterate schedules: context canceled"}
[2m[WebServer] [22m{"time":"2026-09-04T21:23:05.010885-04:00","level":"ERROR","msg":"myChecklists error","error":"iterate fail notes: context canceled"}
[2m[WebServer] [22m{"time":"2026-09-04T21:23:05.01192-04:00","level":"ERROR","msg":"listTemplates error","error":"iterate sections: context canceled"}
[2m[WebServer] [22m{"time":"2026-09-04T21:23:05.018128-04:00","level":"ERROR","msg":"myChecklists error","error":"iterate templates: context canceled"}
[2m[WebServer] [22m{"time":"2026-09-04T21:23:05.018129-04:00","level":"ERROR","msg":"cleanupOldDrafts error","error":"cleanup old drafts: context canceled"}
[2m[WebServer] [22m{"time":"2026-09-04T21:23:05.026867-04:00","level":"INFO","msg":"client log","level":"ERROR","message":"loadMyChecklists error: Failed to fetch\nTypeError: Failed to fetch\n    at api (http://localhost:3106/sync.js:24:21)\n    at loadMyChecklists (http://localhost:3106/workflows.html:631:24)\n    at applyOp (http://localhost:3106/sync.js:566:7)\n    at _ws.onmessage (http://localhost:3106/sync.js:275:7)","user":"Jamal C. (jamal@yumyums.kitchen)","page":"/workflows.html","ua":"Mozilla/5.0 (Macintosh; Intel Mac OS X 10_15_7) AppleWebKit/537.36 (KHTML, like Gecko) HeadlessChrome/147.0.7727.15 Safa"}
[2m[WebServer] [22m{"time":"2026-09-04T21:23:05.030737-04:00","level":"INFO","msg":"client log","level":"ERROR","message":"loadMyChecklists error: Failed to fetch\nTypeError: Failed to fetch\n    at api (http://localhost:3106/sync.js:24:21)\n    at loadMyChecklists (http://localhost:3106/workflows.html:631:24)\n    at applyOp (http://localhost:3106/sync.js:566:7)\n    at _ws.onmessage (http://localhost:3106/sync.js:275:7)","user":"Jamal C. (jamal@yumyums.kitchen)","page":"/workflows.html","ua":"Mozilla/5.0 (Macintosh; Intel Mac OS X 10_15_7) AppleWebKit/537.36 (KHTML, like Gecko) HeadlessChrome/147.0.7727.15 Safa"}
[2m[WebServer] [22m{"time":"2026-09-04T21:23:05.033527-04:00","level":"INFO","msg":"client log","level":"ERROR","message":"loadMyChecklists error: Failed to fetch\nTypeError: Failed to fetch\n    at api (http://localhost:3106/sync.js:24:21)\n    at loadMyChecklists (http://localhost:3106/workflows.html:631:24)\n    at applyOp (http://localhost:3106/sync.js:566:7)\n    at _ws.onmessage (http://localhost:3106/sync.js:275:7)","user":"Jamal C. (jamal@yumyums.kitchen)","page":"/workflows.html","ua":"Mozilla/5.0 (Macintosh; Intel Mac OS X 10_15_7) AppleWebKit/537.36 (KHTML, like Gecko) HeadlessChrome/147.0.7727.15 Safa"}
[2m[WebServer] [22m{"time":"2026-09-04T21:23:05.045729-04:00","level":"INFO","msg":"client log","level":"ERROR","message":"loadMyChecklists error: Failed to fetch\nTypeError: Failed to fetch\n    at api (http://localhost:3106/sync.js:24:21)\n    at loadMyChecklists (http://localhost:3106/workflows.html:631:24)\n    at applyOp (http://localhost:3106/sync.js:566:7)\n    at _ws.onmessage (http://localhost:3106/sync.js:275:7)","user":"Jamal C. (jamal@yumyums.kitchen)","page":"/workflows.html","ua":"Mozilla/5.0 (Macintosh; Intel Mac OS X 10_15_7) AppleWebKit/537.36 (KHTML, like Gecko) HeadlessChrome/147.0.7727.15 Safa"}
[2m[WebServer] [22m{"time":"2026-09-04T21:23:05.048583-04:00","level":"INFO","msg":"client log","level":"ERROR","message":"loadMyChecklists error: Failed to fetch\nTypeError: Failed to fetch\n    at api (http://localhost:3106/sync.js:24:21)\n    at loadMyChecklists (http://localhost:3106/workflows.html:631:24)\n    at applyOp (http://localhost:3106/sync.js:566:7)\n    at _ws.onmessage (http://localhost:3106/sync.js:275:7)","user":"Jamal C. (jamal@yumyums.kitchen)","page":"/workflows.html","ua":"Mozilla/5.0 (Macintosh; Intel Mac OS X 10_15_7) AppleWebKit/537.36 (KHTML, like Gecko) HeadlessChrome/147.0.7727.15 Safa"}
[2m[WebServer] [22m{"time":"2026-09-04T21:23:05.048997-04:00","level":"INFO","msg":"client log","level":"ERROR","message":"loadMyChecklists error: Failed to fetch\nTypeError: Failed to fetch\n    at api (http://localhost:3106/sync.js:24:21)\n    at loadMyChecklists (http://localhost:3106/workflows.html:631:24)\n    at applyOp (http://localhost:3106/sync.js:566:7)\n    at _ws.onmessage (http://localhost:3106/sync.js:275:7)","user":"Jamal C. (jamal@yumyums.kitchen)","page":"/workflows.html","ua":"Mozilla/5.0 (Macintosh; Intel Mac OS X 10_15_7) AppleWebKit/537.36 (KHTML, like Gecko) HeadlessChrome/147.0.7727.15 Safa"}
[2m[WebServer] [22m{"time":"2026-09-04T21:23:05.05174-04:00","level":"INFO","msg":"client log","level":"ERROR","message":"loadMyChecklists error: Failed to fetch\nTypeError: Failed to fetch\n    at api (http://localhost:3106/sync.js:24:21)\n    at loadMyChecklists (http://localhost:3106/workflows.html:631:24)\n    at applyOp (http://localhost:3106/sync.js:566:7)\n    at _ws.onmessage (http://localhost:3106/sync.js:275:7)","user":"Jamal C. (jamal@yumyums.kitchen)","page":"/workflows.html","ua":"Mozilla/5.0 (Macintosh; Intel Mac OS X 10_15_7) AppleWebKit/537.36 (KHTML, like Gecko) HeadlessChrome/147.0.7727.15 Safa"}
[2m[WebServer] [22m{"time":"2026-09-04T21:23:05.46843-04:00","level":"ERROR","msg":"GetManagerHires failed","error":"iterate assigned templates for hire 14c11b75-a485-46c7-9ce9-0a8dcd7a24bc: context canceled"}
  ✓  672 [chromium] › tests/sync.spec.js:117:3 › Cross-device: shared checklist › two contexts see the same checklist from My Checklists [LC-04] (1.6s)
[2m[WebServer] [22m{"time":"2026-09-04T21:23:06.156835-04:00","level":"ERROR","msg":"GetManagerHires failed","error":"query assigned templates for hire 14c11b75-a485-46c7-9ce9-0a8dcd7a24bc: context canceled"}
[2m[WebServer] [22m{"time":"2026-09-04T21:23:06.603109-04:00","level":"ERROR","msg":"listTemplates error","error":"iterate fields: context canceled"}
[2m[WebServer] [22m{"time":"2026-09-04T21:23:06.606932-04:00","level":"ERROR","msg":"listTemplates error","error":"iterate templates: context canceled"}
[2m[WebServer] [22m{"time":"2026-09-04T21:23:06.614026-04:00","level":"ERROR","msg":"myChecklists error","error":"iterate fail notes: context canceled"}
[2m[WebServer] [22m{"time":"2026-09-04T21:23:06.637971-04:00","level":"INFO","msg":"client log","level":"ERROR","message":"loadMyChecklists error: Failed to fetch\nTypeError: Failed to fetch\n    at api (http://localhost:3106/sync.js:24:21)\n    at loadMyChecklists (http://localhost:3106/workflows.html:631:24)\n    at applyOp (http://localhost:3106/sync.js:566:7)\n    at _ws.onmessage (http://localhost:3106/sync.js:275:7)","user":"Jamal C. (jamal@yumyums.kitchen)","page":"/workflows.html","ua":"Mozilla/5.0 (Macintosh; Intel Mac OS X 10_15_7) AppleWebKit/537.36 (KHTML, like Gecko) HeadlessChrome/147.0.7727.15 Safa"}
[2m[WebServer] [22m{"time":"2026-09-04T21:23:07.27455-04:00","level":"INFO","msg":"op handler received op","op_type":"SET_FIELD","entity_id":"cda12c6e-a96b-4664-a189-55212c77d795","device_id":"120f5efc-22b9-4581-82cc-3786b0467230","lamport_ts":1788571129800}
[2m[WebServer] [22m{"time":"2026-09-04T21:23:09.158648-04:00","level":"ERROR","msg":"GetManagerHires failed","error":"iterate assigned templates for hire 14c11b75-a485-46c7-9ce9-0a8dcd7a24bc: context canceled"}
  ✓  673 [chromium] › tests/sync.spec.js:135:3 › Cross-device: shared checklist › Device B sees field changes from Device A after reload [SYN-03] (3.8s)
[2m[WebServer] [22m{"time":"2026-09-04T21:23:09.887325-04:00","level":"ERROR","msg":"GetManagerHires failed","error":"iterate assigned templates for hire 14c11b75-a485-46c7-9ce9-0a8dcd7a24bc: context canceled"}
[2m[WebServer] [22m{"time":"2026-09-04T21:23:10.264138-04:00","level":"ERROR","msg":"listTemplates error","error":"iterate assignments: context canceled"}
[2m[WebServer] [22m{"time":"2026-09-04T21:23:10.268104-04:00","level":"ERROR","msg":"myChecklists error","error":"iterate fail notes: context canceled"}
[2m[WebServer] [22m{"time":"2026-09-04T21:23:10.28774-04:00","level":"INFO","msg":"client log","level":"ERROR","message":"loadMyChecklists error: Failed to fetch\nTypeError: Failed to fetch\n    at api (http://localhost:3106/sync.js:24:21)\n    at loadMyChecklists (http://localhost:3106/workflows.html:631:24)\n    at applyOp (http://localhost:3106/sync.js:566:7)\n    at _ws.onmessage (http://localhost:3106/sync.js:275:7)","user":"Jamal C. (jamal@yumyums.kitchen)","page":"/workflows.html","ua":"Mozilla/5.0 (Macintosh; Intel Mac OS X 10_15_7) AppleWebKit/537.36 (KHTML, like Gecko) HeadlessChrome/147.0.7727.15 Safa"}
[2m[WebServer] [22m{"time":"2026-09-04T21:23:10.936691-04:00","level":"INFO","msg":"op handler received op","op_type":"SET_FIELD","entity_id":"d3641a5a-6955-4a49-ae42-776042944fe2","device_id":"cf5b523a-ca38-4742-9b9f-2d7ab8dcb6bc","lamport_ts":1788571129803}
  ✓  674 [chromium] › tests/sync.spec.js:172:3 › Cross-device: op log › saving a field generates a SET_FIELD op visible via ops/since [SYN-01] (3.0s)
[2m[WebServer] [22m{"time":"2026-09-04T21:23:12.881982-04:00","level":"ERROR","msg":"GetManagerHires failed","error":"iterate assigned templates for hire d949b011-7c4e-4234-a641-2a565765b237: context canceled"}
  ✓  675 [chromium] › tests/sync.spec.js:192:3 › Cross-device: op log › template creation generates SAVE_TEMPLATE op [SYN-10] (2.1s)
[2m[WebServer] [22m{"time":"2026-09-04T21:23:14.982006-04:00","level":"ERROR","msg":"GetManagerHires failed","error":"iterate assigned templates for hire 14c11b75-a485-46c7-9ce9-0a8dcd7a24bc: context canceled"}
  ✓  676 [chromium] › tests/sync.spec.js:204:3 › Cross-device: op log › archiving template generates ARCHIVE_TEMPLATE op [SYN-10] (3.2s)
[2m[WebServer] [22m{"time":"2026-09-04T21:23:18.1943-04:00","level":"ERROR","msg":"GetManagerHires failed","error":"query assigned templates for hire 14c11b75-a485-46c7-9ce9-0a8dcd7a24bc: context canceled"}
  ✓  677 [chromium] › tests/sync.spec.js:217:3 › Cross-device: op log › multiple ops on same entity have incrementing lamport_ts [SYN-01] (3.1s)
[2m[WebServer] [22m{"time":"2026-09-04T21:23:21.338781-04:00","level":"ERROR","msg":"GetManagerHires failed","error":"iterate assigned templates for hire d949b011-7c4e-4234-a641-2a565765b237: context canceled"}
[2m[WebServer] [22m{"time":"2026-09-04T21:23:21.656666-04:00","level":"ERROR","msg":"myChecklists error","error":"iterate fail notes: context canceled"}
[2m[WebServer] [22m{"time":"2026-09-04T21:23:21.664543-04:00","level":"ERROR","msg":"listTemplates error","error":"iterate fields: context canceled"}
[2m[WebServer] [22m{"time":"2026-09-04T21:23:21.667848-04:00","level":"ERROR","msg":"pendingApprovals error","error":"iterate pending approvals: context canceled"}
[2m[WebServer] [22m{"time":"2026-09-04T21:23:21.676481-04:00","level":"ERROR","msg":"listTemplates error","error":"list templates: context canceled"}
[2m[WebServer] [22m{"time":"2026-09-04T21:23:21.676964-04:00","level":"ERROR","msg":"listTemplates error","error":"list sections: context canceled"}
[2m[WebServer] [22m{"time":"2026-09-04T21:23:21.699658-04:00","level":"INFO","msg":"client log","level":"ERROR","message":"loadMyChecklists error: Failed to fetch\nTypeError: Failed to fetch\n    at api (http://localhost:3106/sync.js:24:21)\n    at loadMyChecklists (http://localhost:3106/workflows.html:631:24)\n    at applyOp (http://localhost:3106/sync.js:566:7)\n    at _ws.onmessage (http://localhost:3106/sync.js:275:7)","user":"Jamal C. (jamal@yumyums.kitchen)","page":"/workflows.html","ua":"Mozilla/5.0 (Macintosh; Intel Mac OS X 10_15_7) AppleWebKit/537.36 (KHTML, like Gecko) HeadlessChrome/147.0.7727.15 Safa"}
[2m[WebServer] [22m{"time":"2026-09-04T21:23:22.34068-04:00","level":"INFO","msg":"op handler received op","op_type":"SET_FIELD","entity_id":"399005c7-766c-4b92-9388-58a9b540c2eb","device_id":"169ad230-2c19-497c-aba5-61011bd34779","lamport_ts":1788571129805}
  ✓  678 [chromium] › tests/sync.spec.js:255:3 › Cross-device: regressions › checking a field does not uncheck itself via WS echo [SYN-02] (3.9s)
[2m[WebServer] [22m{"time":"2026-09-04T21:23:25.236576-04:00","level":"ERROR","msg":"GetManagerHires failed","error":"iterate assigned templates for hire 14c11b75-a485-46c7-9ce9-0a8dcd7a24bc: context canceled"}
[2m[WebServer] [22m{"time":"2026-09-04T21:23:25.62378-04:00","level":"ERROR","msg":"listTemplates error","error":"iterate assignments: context canceled"}
[2m[WebServer] [22m{"time":"2026-09-04T21:23:25.626381-04:00","level":"ERROR","msg":"myChecklists error","error":"list fail notes: context canceled"}
[2m[WebServer] [22m{"time":"2026-09-04T21:23:25.65531-04:00","level":"INFO","msg":"client log","level":"ERROR","message":"loadMyChecklists error: Failed to fetch\nTypeError: Failed to fetch\n    at api (http://localhost:3106/sync.js:24:21)\n    at loadMyChecklists (http://localhost:3106/workflows.html:631:24)\n    at applyOp (http://localhost:3106/sync.js:566:7)\n    at _ws.onmessage (http://localhost:3106/sync.js:275:7)","user":"Jamal C. (jamal@yumyums.kitchen)","page":"/workflows.html","ua":"Mozilla/5.0 (Macintosh; Intel Mac OS X 10_15_7) AppleWebKit/537.36 (KHTML, like Gecko) HeadlessChrome/147.0.7727.15 Safa"}
[2m[WebServer] [22m{"time":"2026-09-04T21:23:26.287813-04:00","level":"INFO","msg":"op handler received op","op_type":"SET_FIELD","entity_id":"5550015c-c31b-44c7-815b-58edeef16bc4","device_id":"9e324427-52dd-41e0-958a-0453bd522031","lamport_ts":1788571129808}
  ✓  679 [chromium] › tests/sync.spec.js:272:3 › Cross-device: regressions › no "updated by" toast appears for own field saves [RUN-16 SYN-02] (3.9s)
[2m[WebServer] [22m{"time":"2026-09-04T21:23:29.19875-04:00","level":"ERROR","msg":"GetManagerHires failed","error":"iterate assigned templates for hire d949b011-7c4e-4234-a641-2a565765b237: context canceled"}
[2m[WebServer] [22m{"time":"2026-09-04T21:23:29.643549-04:00","level":"ERROR","msg":"myChecklists error","error":"iterate fail notes: context canceled"}
[2m[WebServer] [22m{"time":"2026-09-04T21:23:29.651645-04:00","level":"ERROR","msg":"listTemplates error","error":"iterate schedules: context canceled"}
[2m[WebServer] [22m{"time":"2026-09-04T21:23:29.674061-04:00","level":"INFO","msg":"client log","level":"ERROR","message":"loadMyChecklists error: Failed to fetch\nTypeError: Failed to fetch\n    at api (http://localhost:3106/sync.js:24:21)\n    at loadMyChecklists (http://localhost:3106/workflows.html:631:24)\n    at applyOp (http://localhost:3106/sync.js:566:7)\n    at _ws.onmessage (http://localhost:3106/sync.js:275:7)","user":"Jamal C. (jamal@yumyums.kitchen)","page":"/workflows.html","ua":"Mozilla/5.0 (Macintosh; Intel Mac OS X 10_15_7) AppleWebKit/537.36 (KHTML, like Gecko) HeadlessChrome/147.0.7727.15 Safa"}
[2m[WebServer] [22m{"time":"2026-09-04T21:23:30.320392-04:00","level":"INFO","msg":"op handler received op","op_type":"SET_FIELD","entity_id":"ef3a4b3a-73a4-482b-a832-ee0f2bdb43e2","device_id":"40c878c9-a2ed-4dd1-b5a1-2d0de421dde0","lamport_ts":1788571129811}
  ✓  680 [chromium] › tests/sync.spec.js:289:3 › Cross-device: regressions › catch-up replay of the op backlog shows no "updated by" toast flood [SYN-02] (5.8s)
[2m[WebServer] [22m{"time":"2026-09-04T21:23:34.756304-04:00","level":"ERROR","msg":"myChecklists error","error":"iterate submissions: context canceled"}
[2m[WebServer] [22m{"time":"2026-09-04T21:23:35.104788-04:00","level":"ERROR","msg":"GetManagerHires failed","error":"iterate assigned templates for hire d949b011-7c4e-4234-a641-2a565765b237: context canceled"}
[2m[WebServer] [22m{"time":"2026-09-04T21:23:35.431965-04:00","level":"ERROR","msg":"myChecklists error","error":"iterate rejections: context canceled"}
[2m[WebServer] [22m{"time":"2026-09-04T21:23:35.433697-04:00","level":"ERROR","msg":"pendingApprovals error","error":"iterate pending approvals: timeout: context already done: context canceled"}
[2m[WebServer] [22m{"time":"2026-09-04T21:23:35.43503-04:00","level":"ERROR","msg":"listTemplates error","error":"iterate fields: context canceled"}
[2m[WebServer] [22m{"time":"2026-09-04T21:23:35.441492-04:00","level":"ERROR","msg":"pendingApprovals error","error":"get user role: context canceled"}
[2m[WebServer] [22m{"time":"2026-09-04T21:23:35.445247-04:00","level":"INFO","msg":"client log","level":"ERROR","message":"loadMyChecklists error: Failed to fetch\nTypeError: Failed to fetch\n    at api (http://localhost:3106/sync.js:24:21)\n    at loadMyChecklists (http://localhost:3106/workflows.html:631:24)\n    at applyOp (http://localhost:3106/sync.js:566:7)\n    at _ws.onmessage (http://localhost:3106/sync.js:275:7)","user":"Jamal C. (jamal@yumyums.kitchen)","page":"/workflows.html","ua":"Mozilla/5.0 (Macintosh; Intel Mac OS X 10_15_7) AppleWebKit/537.36 (KHTML, like Gecko) HeadlessChrome/147.0.7727.15 Safa"}
[2m[WebServer] [22m{"time":"2026-09-04T21:23:36.020192-04:00","level":"ERROR","msg":"GetManagerHires failed","error":"iterate assigned templates for hire d949b011-7c4e-4234-a641-2a565765b237: context canceled"}
[2m[WebServer] [22m{"time":"2026-09-04T21:23:36.922021-04:00","level":"INFO","msg":"op handler received op","op_type":"SET_FIELD","entity_id":"f88fd45f-61ec-47ca-a05d-34ecee2cfd7e","device_id":"5f0c480d-bd8e-455e-a992-bf533ac992f2","lamport_ts":1788571129813}
  ✓  681 [chromium] › tests/sync.spec.js:328:3 › Cross-device: regressions › live field edit from another device still shows the "updated by" toast [SYN-02] (3.6s)
[2m[WebServer] [22m{"time":"2026-09-04T21:23:38.734301-04:00","level":"ERROR","msg":"GetManagerHires failed","error":"iterate assigned templates for hire 14c11b75-a485-46c7-9ce9-0a8dcd7a24bc: context canceled"}
[2m[WebServer] [22m{"time":"2026-09-04T21:23:39.132567-04:00","level":"ERROR","msg":"cleanupOldDrafts error","error":"cleanup old drafts: context canceled"}
[2m[WebServer] [22m{"time":"2026-09-04T21:23:39.132637-04:00","level":"ERROR","msg":"myChecklists error","error":"iterate assignments: context canceled"}
[2m[WebServer] [22m{"time":"2026-09-04T21:23:39.137216-04:00","level":"ERROR","msg":"listTemplates error","error":"list schedules: context canceled"}
[2m[WebServer] [22m{"time":"2026-09-04T21:23:39.175921-04:00","level":"INFO","msg":"client log","level":"ERROR","message":"loadMyChecklists error: Failed to fetch\nTypeError: Failed to fetch\n    at api (http://localhost:3106/sync.js:24:21)\n    at loadMyChecklists (http://localhost:3106/workflows.html:631:24)\n    at applyOp (http://localhost:3106/sync.js:566:7)\n    at _ws.onmessage (http://localhost:3106/sync.js:275:7)","user":"Jamal C. (jamal@yumyums.kitchen)","page":"/workflows.html","ua":"Mozilla/5.0 (Macintosh; Intel Mac OS X 10_15_7) AppleWebKit/537.36 (KHTML, like Gecko) HeadlessChrome/147.0.7727.15 Safa"}
[2m[WebServer] [22m{"time":"2026-09-04T21:23:39.804204-04:00","level":"INFO","msg":"op handler received op","op_type":"SET_FIELD","entity_id":"0111e84c-91e0-4277-8413-1a610e1391f0","device_id":"fe84ed03-dd39-437e-ac95-92c8f6e78fbf","lamport_ts":1788571129816}
  ✓  682 [chromium] › tests/sync.spec.js:357:3 › Cross-device: regressions › SET_FIELD op includes user_name in payload [SYN-01] (3.0s)
[2m[WebServer] [22m{"time":"2026-09-04T21:23:41.754373-04:00","level":"ERROR","msg":"GetManagerHires failed","error":"iterate assigned templates for hire 14c11b75-a485-46c7-9ce9-0a8dcd7a24bc: context canceled"}
[2m[WebServer] [22m{"time":"2026-09-04T21:23:42.164145-04:00","level":"ERROR","msg":"listTemplates error","error":"list sections: context canceled"}
[2m[WebServer] [22m{"time":"2026-09-04T21:23:42.16852-04:00","level":"ERROR","msg":"myChecklists error","error":"iterate responses: context canceled"}
[2m[WebServer] [22m{"time":"2026-09-04T21:23:42.171956-04:00","level":"ERROR","msg":"listTemplates error","error":"iterate schedules: context canceled"}
[2m[WebServer] [22m{"time":"2026-09-04T21:23:42.175952-04:00","level":"ERROR","msg":"listTemplates error","error":"iterate templates: context canceled"}
[2m[WebServer] [22m{"time":"2026-09-04T21:23:42.1952-04:00","level":"INFO","msg":"client log","level":"ERROR","message":"loadMyChecklists error: Failed to fetch\nTypeError: Failed to fetch\n    at api (http://localhost:3106/sync.js:24:21)\n    at loadMyChecklists (http://localhost:3106/workflows.html:631:24)\n    at applyOp (http://localhost:3106/sync.js:566:7)\n    at _ws.onmessage (http://localhost:3106/sync.js:275:7)","user":"Jamal C. (jamal@yumyums.kitchen)","page":"/workflows.html","ua":"Mozilla/5.0 (Macintosh; Intel Mac OS X 10_15_7) AppleWebKit/537.36 (KHTML, like Gecko) HeadlessChrome/147.0.7727.15 Safa"}
[2m[WebServer] [22m{"time":"2026-09-04T21:23:43.087668-04:00","level":"INFO","msg":"op handler received op","op_type":"SET_FIELD","entity_id":"0f26bd32-ae7d-463d-a8f7-cf70e0c37282","device_id":"c9655df5-b450-4c28-8360-3d0bb80ef88e","lamport_ts":1788571129819}
  ✓  683 [chromium] › tests/sync.spec.js:374:3 › Cross-device: regressions › save status clears after rapid field saves [RUN-04] (6.2s)
[2m[WebServer] [22m{"time":"2026-09-04T21:23:47.981034-04:00","level":"ERROR","msg":"GetManagerHires failed","error":"iterate assigned templates for hire d949b011-7c4e-4234-a641-2a565765b237: context canceled"}
[2m[WebServer] [22m{"time":"2026-09-04T21:23:47.988879-04:00","level":"ERROR","msg":"GetMyTrainings failed","error":"context canceled"}
[2m[WebServer] [22m{"time":"2026-09-04T21:23:48.360234-04:00","level":"ERROR","msg":"myChecklists error","error":"list fields: context canceled"}
[2m[WebServer] [22m{"time":"2026-09-04T21:23:48.360242-04:00","level":"ERROR","msg":"cleanupOldDrafts error","error":"cleanup old drafts: context canceled"}
[2m[WebServer] [22m{"time":"2026-09-04T21:23:48.362518-04:00","level":"ERROR","msg":"listTemplates error","error":"iterate schedules: context canceled"}
[2m[WebServer] [22m{"time":"2026-09-04T21:23:48.394592-04:00","level":"INFO","msg":"client log","level":"ERROR","message":"loadMyChecklists error: Failed to fetch\nTypeError: Failed to fetch\n    at api (http://localhost:3106/sync.js:24:21)\n    at loadMyChecklists (http://localhost:3106/workflows.html:631:24)\n    at applyOp (http://localhost:3106/sync.js:566:7)\n    at _ws.onmessage (http://localhost:3106/sync.js:275:7)","user":"Jamal C. (jamal@yumyums.kitchen)","page":"/workflows.html","ua":"Mozilla/5.0 (Macintosh; Intel Mac OS X 10_15_7) AppleWebKit/537.36 (KHTML, like Gecko) HeadlessChrome/147.0.7727.15 Safa"}
[2m[WebServer] [22m{"time":"2026-09-04T21:23:49.036527-04:00","level":"INFO","msg":"op handler received op","op_type":"SET_FIELD","entity_id":"1e119bcb-fde9-411c-9305-fd05a0ce3874","device_id":"2101e0f7-75b9-4540-b531-eb8f5ab38e71","lamport_ts":1788571129822}
  ✓  684 [chromium] › tests/sync.spec.js:398:3 › Cross-device: regressions › field attribution shows user name not undefined after save [RUN-03] (3.0s)
[2m[WebServer] [22m{"time":"2026-09-04T21:23:50.953224-04:00","level":"ERROR","msg":"GetManagerHires failed","error":"iterate assigned templates for hire d949b011-7c4e-4234-a641-2a565765b237: context canceled"}
[2m[WebServer] [22m{"time":"2026-09-04T21:23:51.337425-04:00","level":"ERROR","msg":"myChecklists error","error":"iterate fields: context canceled"}
[2m[WebServer] [22m{"time":"2026-09-04T21:23:51.349481-04:00","level":"ERROR","msg":"listTemplates error","error":"iterate fields: context canceled"}
[2m[WebServer] [22m{"time":"2026-09-04T21:23:51.390791-04:00","level":"INFO","msg":"client log","level":"ERROR","message":"loadMyChecklists error: Failed to fetch\nTypeError: Failed to fetch\n    at api (http://localhost:3106/sync.js:24:21)\n    at loadMyChecklists (http://localhost:3106/workflows.html:631:24)\n    at applyOp (http://localhost:3106/sync.js:566:7)\n    at _ws.onmessage (http://localhost:3106/sync.js:275:7)","user":"Jamal C. (jamal@yumyums.kitchen)","page":"/workflows.html","ua":"Mozilla/5.0 (Macintosh; Intel Mac OS X 10_15_7) AppleWebKit/537.36 (KHTML, like Gecko) HeadlessChrome/147.0.7727.15 Safa"}
[2m[WebServer] [22m{"time":"2026-09-04T21:23:52.02096-04:00","level":"INFO","msg":"op handler received op","op_type":"SET_FIELD","entity_id":"202301ec-7023-4e04-9e95-7f3c4020ad95","device_id":"a8560285-1d00-4142-b5f8-52ca6f98a741","lamport_ts":1788571129825}
[2m[WebServer] [22m{"time":"2026-09-04T21:23:53.551577-04:00","level":"INFO","msg":"op handler received op","op_type":"SET_FIELD","entity_id":"202301ec-7023-4e04-9e95-7f3c4020ad95","device_id":"a8560285-1d00-4142-b5f8-52ca6f98a741","lamport_ts":1788571129827}
  ✓  685 [chromium] › tests/sync.spec.js:414:3 › Cross-device: regressions › unchecked field stays unchecked after navigating away and returning [FLD-01 RUN-18] (5.5s)
[2m[WebServer] [22m{"time":"2026-09-04T21:23:56.50023-04:00","level":"ERROR","msg":"GetManagerHires failed","error":"iterate assigned templates for hire d949b011-7c4e-4234-a641-2a565765b237: context canceled"}
[2m[WebServer] [22m{"time":"2026-09-04T21:23:56.94046-04:00","level":"ERROR","msg":"listTemplates error","error":"iterate sections: context canceled"}
[2m[WebServer] [22m{"time":"2026-09-04T21:23:58.553188-04:00","level":"INFO","msg":"op handler received op","op_type":"SET_FIELD","entity_id":"cbb26a0b-f056-4c8a-ad9b-65f847f14140","device_id":"604c7c59-1300-42a1-9868-165cf40a3479","lamport_ts":1788571129829}
[2m[WebServer] [22m{"time":"2026-09-04T21:23:58.938479-04:00","level":"ERROR","msg":"GetManagerHires failed","error":"iterate assigned templates for hire 14c11b75-a485-46c7-9ce9-0a8dcd7a24bc: context canceled"}
[2m[WebServer] [22m{"time":"2026-09-04T21:23:59.686662-04:00","level":"INFO","msg":"op handler received op","op_type":"SET_FIELD","entity_id":"cbb26a0b-f056-4c8a-ad9b-65f847f14140","device_id":"604c7c59-1300-42a1-9868-165cf40a3479","lamport_ts":1788571129831}
[2m[WebServer] [22m{"time":"2026-09-04T21:23:59.800677-04:00","level":"ERROR","msg":"listTemplates error","error":"iterate schedules: context canceled"}
  ✓  686 [chromium] › tests/sync.spec.js:446:3 › Cross-device: regressions › list page progress decrements when another device unchecks a field [LST-17] (3.6s)
[2m[WebServer] [22m{"time":"2026-09-04T21:24:00.113564-04:00","level":"ERROR","msg":"GetManagerHires failed","error":"iterate assigned templates for hire 14c11b75-a485-46c7-9ce9-0a8dcd7a24bc: context canceled"}
[2m[WebServer] [22m{"time":"2026-09-04T21:24:00.437119-04:00","level":"ERROR","msg":"pendingApprovals error","error":"iterate pending approvals: context canceled"}
[2m[WebServer] [22m{"time":"2026-09-04T21:24:00.449884-04:00","level":"ERROR","msg":"listTemplates error","error":"list templates: context canceled"}
[2m[WebServer] [22m{"time":"2026-09-04T21:24:00.450622-04:00","level":"ERROR","msg":"myChecklists error","error":"list assigned templates: context canceled"}
[2m[WebServer] [22m{"time":"2026-09-04T21:24:00.470327-04:00","level":"INFO","msg":"client log","level":"ERROR","message":"loadMyChecklists error: Failed to fetch\nTypeError: Failed to fetch\n    at api (http://localhost:3106/sync.js:24:21)\n    at loadMyChecklists (http://localhost:3106/workflows.html:631:24)\n    at show (http://localhost:3106/workflows.html:3836:5)\n    at init (http://localhost:3106/workflows.html:3917:5)","user":"Jamal C. (jamal@yumyums.kitchen)","page":"/workflows.html","ua":"Mozilla/5.0 (Macintosh; Intel Mac OS X 10_15_7) AppleWebKit/537.36 (KHTML, like Gecko) HeadlessChrome/147.0.7727.15 Safa"}
[2m[WebServer] [22m{"time":"2026-09-04T21:24:00.475383-04:00","level":"INFO","msg":"client log","level":"ERROR","message":"loadMyChecklists error: Failed to fetch\nTypeError: Failed to fetch\n    at api (http://localhost:3106/sync.js:24:21)\n    at loadMyChecklists (http://localhost:3106/workflows.html:631:24)\n    at applyOp (http://localhost:3106/sync.js:566:7)\n    at _ws.onmessage (http://localhost:3106/sync.js:275:7)","user":"Jamal C. (jamal@yumyums.kitchen)","page":"/workflows.html","ua":"Mozilla/5.0 (Macintosh; Intel Mac OS X 10_15_7) AppleWebKit/537.36 (KHTML, like Gecko) HeadlessChrome/147.0.7727.15 Safa"}
[2m[WebServer] [22m{"time":"2026-09-04T21:24:01.140042-04:00","level":"INFO","msg":"op handler received op","op_type":"SET_FIELD","entity_id":"e9d5d989-4120-43c2-981f-e35fa3c821e7","device_id":"a8c8ba8b-ba45-4a23-9a3b-2725e2bea70e","lamport_ts":1788571129833}
[2m[WebServer] [22m{"time":"2026-09-04T21:24:01.183779-04:00","level":"INFO","msg":"op handler received op","op_type":"SET_FIELD","entity_id":"7fb9ebf7-6ca1-4ac6-9ef0-2c5c6aca9623","device_id":"a8c8ba8b-ba45-4a23-9a3b-2725e2bea70e","lamport_ts":1788571129835}
[2m[WebServer] [22m{"time":"2026-09-04T21:24:01.218145-04:00","level":"INFO","msg":"op handler received op","op_type":"SET_FIELD","entity_id":"7890d2cf-790d-4ca2-bbe4-85929e4ea267","device_id":"a8c8ba8b-ba45-4a23-9a3b-2725e2bea70e","lamport_ts":1788571129837}
[2m[WebServer] [22m{"time":"2026-09-04T21:24:01.252864-04:00","level":"INFO","msg":"op handler received op","op_type":"SET_FIELD","entity_id":"d5323216-e5ce-4e6e-affd-9c71cf45f25a","device_id":"a8c8ba8b-ba45-4a23-9a3b-2725e2bea70e","lamport_ts":1788571129839}
[2m[WebServer] [22m{"time":"2026-09-04T21:24:03.63182-04:00","level":"ERROR","msg":"GetManagerHires failed","error":"iterate assigned templates for hire d949b011-7c4e-4234-a641-2a565765b237: context canceled"}
[2m[WebServer] [22m{"time":"2026-09-04T21:24:04.452329-04:00","level":"INFO","msg":"op handler received op","op_type":"SET_FIELD","entity_id":"d5323216-e5ce-4e6e-affd-9c71cf45f25a","device_id":"a8c8ba8b-ba45-4a23-9a3b-2725e2bea70e","lamport_ts":1788571129841}
  ✓  687 [chromium] › tests/sync.spec.js:491:3 › Cross-device: regressions › unchecking "Do C" on Device A live-unchecks it on Device B's OPEN runner (Friday-checklist shape) [FLD-LIVE-01] (7.5s)
[2m[WebServer] [22m{"time":"2026-09-04T21:24:07.604486-04:00","level":"ERROR","msg":"GetManagerHires failed","error":"iterate assigned templates for hire 14c11b75-a485-46c7-9ce9-0a8dcd7a24bc: context canceled"}
[2m[WebServer] [22m{"time":"2026-09-04T21:24:12.042309-04:00","level":"INFO","msg":"op handler received op","op_type":"SET_FIELD","entity_id":"b93c78e9-af31-4d01-92a6-c5dd81250fb4","device_id":"476947bd-164f-4458-a625-05219c733792","lamport_ts":1788571129843}
[2m[WebServer] [22m{"time":"2026-09-04T21:24:12.583127-04:00","level":"INFO","msg":"op handler received op","op_type":"SET_FIELD","entity_id":"96e1b94c-fb3c-4a04-968f-31b486c057fb","device_id":"476947bd-164f-4458-a625-05219c733792","lamport_ts":1788571129845}
[2m[WebServer] [22m{"time":"2026-09-04T21:24:13.131812-04:00","level":"INFO","msg":"op handler received op","op_type":"SET_FIELD","entity_id":"7a26adc3-0e76-40a5-b996-367c1cacc2e8","device_id":"476947bd-164f-4458-a625-05219c733792","lamport_ts":1788571129847}
[2m[WebServer] [22m{"time":"2026-09-04T21:24:13.665143-04:00","level":"INFO","msg":"op handler received op","op_type":"SET_FIELD","entity_id":"6ea88e1f-af53-4f6f-9c66-b7493c1aee8a","device_id":"476947bd-164f-4458-a625-05219c733792","lamport_ts":1788571129849}
[2m[WebServer] [22m{"time":"2026-09-04T21:24:15.47035-04:00","level":"INFO","msg":"op handler received op","op_type":"SET_FIELD","entity_id":"6ea88e1f-af53-4f6f-9c66-b7493c1aee8a","device_id":"476947bd-164f-4458-a625-05219c733792","lamport_ts":1788571129851}
  ✓  688 [chromium] › tests/sync.spec.js:553:3 › Cross-device: regressions › two TABS same browser: unchecking Do C on tab A live-unchecks tab B (shared IndexedDB) [FLD-LIVE-02] (8.3s)
[2m[WebServer] [22m{"time":"2026-09-04T21:24:15.869254-04:00","level":"ERROR","msg":"GetManagerHires failed","error":"iterate assigned templates for hire 14c11b75-a485-46c7-9ce9-0a8dcd7a24bc: context canceled"}
[2m[WebServer] [22m{"time":"2026-09-04T21:24:16.23856-04:00","level":"ERROR","msg":"myChecklists error","error":"list schedules: context canceled"}
[2m[WebServer] [22m{"time":"2026-09-04T21:24:16.238571-04:00","level":"ERROR","msg":"cleanupOldDrafts error","error":"cleanup old drafts: context canceled"}
[2m[WebServer] [22m{"time":"2026-09-04T21:24:16.240743-04:00","level":"ERROR","msg":"listTemplates error","error":"iterate schedules: context canceled"}
[2m[WebServer] [22m{"time":"2026-09-04T21:24:16.248402-04:00","level":"ERROR","msg":"listTemplates error","error":"iterate assignments: context canceled"}
[2m[WebServer] [22m{"time":"2026-09-04T21:24:16.268821-04:00","level":"INFO","msg":"client log","level":"ERROR","message":"loadMyChecklists error: Failed to fetch\nTypeError: Failed to fetch\n    at api (http://localhost:3106/sync.js:24:21)\n    at loadMyChecklists (http://localhost:3106/workflows.html:631:24)\n    at applyOp (http://localhost:3106/sync.js:566:7)\n    at _ws.onmessage (http://localhost:3106/sync.js:275:7)","user":"Jamal C. (jamal@yumyums.kitchen)","page":"/workflows.html","ua":"Mozilla/5.0 (Macintosh; Intel Mac OS X 10_15_7) AppleWebKit/537.36 (KHTML, like Gecko) HeadlessChrome/147.0.7727.15 Safa"}
[2m[WebServer] [22m{"time":"2026-09-04T21:24:16.923171-04:00","level":"INFO","msg":"op handler received op","op_type":"SET_FIELD","entity_id":"1aa3e3ba-9085-4c52-8ea1-b38bcf3a2812","device_id":"6cb80b20-f71b-49ad-8061-40a80e9797cc","lamport_ts":1788571129854}
[2m[WebServer] [22m{"time":"2026-09-04T21:24:16.970013-04:00","level":"INFO","msg":"op handler received op","op_type":"SET_FIELD","entity_id":"5f49c7e3-0957-45c5-9d63-e2ee4bd388ee","device_id":"6cb80b20-f71b-49ad-8061-40a80e9797cc","lamport_ts":1788571129856}
[2m[WebServer] [22m{"time":"2026-09-04T21:24:17.000661-04:00","level":"INFO","msg":"op handler received op","op_type":"SET_FIELD","entity_id":"68397ebe-642a-4e55-82b5-e2dc3ec89db8","device_id":"6cb80b20-f71b-49ad-8061-40a80e9797cc","lamport_ts":1788571129858}
[2m[WebServer] [22m{"time":"2026-09-04T21:24:17.032241-04:00","level":"INFO","msg":"op handler received op","op_type":"SET_FIELD","entity_id":"35d54153-7940-420d-9645-b40ff20baff6","device_id":"6cb80b20-f71b-49ad-8061-40a80e9797cc","lamport_ts":1788571129860}
[2m[WebServer] [22m{"time":"2026-09-04T21:24:21.437661-04:00","level":"ERROR","msg":"GetManagerHires failed","error":"query assigned templates for hire 14c11b75-a485-46c7-9ce9-0a8dcd7a24bc: context canceled"}
  ✓  689 [chromium] › tests/sync.spec.js:655:3 › Cross-device: regressions › rejection reason live-reaches the submitter's other device without reload [RJT-LIVE-01] (11.4s)
[2m[WebServer] [22m{"time":"2026-09-04T21:24:27.27011-04:00","level":"ERROR","msg":"GetManagerHires failed","error":"iterate assigned templates for hire 14c11b75-a485-46c7-9ce9-0a8dcd7a24bc: context canceled"}
[2m[WebServer] [22m{"time":"2026-09-04T21:24:27.610313-04:00","level":"ERROR","msg":"pendingApprovals error","error":"iterate pending approvals: context canceled"}
[2m[WebServer] [22m{"time":"2026-09-04T21:24:27.612196-04:00","level":"ERROR","msg":"myChecklists error","error":"iterate fail notes: context canceled"}
[2m[WebServer] [22m{"time":"2026-09-04T21:24:27.615248-04:00","level":"ERROR","msg":"listTemplates error","error":"list sections: context canceled"}
[2m[WebServer] [22m{"time":"2026-09-04T21:24:27.618707-04:00","level":"ERROR","msg":"pendingApprovals error","error":"iterate pending approvals: context canceled"}
[2m[WebServer] [22m{"time":"2026-09-04T21:24:27.632287-04:00","level":"INFO","msg":"client log","level":"ERROR","message":"loadMyChecklists error: Failed to fetch\nTypeError: Failed to fetch\n    at api (http://localhost:3106/sync.js:24:21)\n    at loadMyChecklists (http://localhost:3106/workflows.html:631:24)\n    at applyOp (http://localhost:3106/sync.js:566:7)\n    at _ws.onmessage (http://localhost:3106/sync.js:275:7)","user":"Jamal C. (jamal@yumyums.kitchen)","page":"/workflows.html","ua":"Mozilla/5.0 (Macintosh; Intel Mac OS X 10_15_7) AppleWebKit/537.36 (KHTML, like Gecko) HeadlessChrome/147.0.7727.15 Safa"}
[2m[WebServer] [22m{"time":"2026-09-04T21:24:28.303013-04:00","level":"INFO","msg":"op handler received op","op_type":"SET_FIELD","entity_id":"5dd74adb-f1b7-46f4-8814-36b33a75b4da","device_id":"b3322258-3d68-4c4a-9415-2893aadb0796","lamport_ts":1788571129862}
[2m[WebServer] [22m{"time":"2026-09-04T21:24:28.350016-04:00","level":"INFO","msg":"op handler received op","op_type":"SET_FIELD","entity_id":"1e007a56-6bb3-4844-a96c-f04b378b117f","device_id":"b3322258-3d68-4c4a-9415-2893aadb0796","lamport_ts":1788571129864}
[2m[WebServer] [22m{"time":"2026-09-04T21:24:32.737849-04:00","level":"ERROR","msg":"GetManagerHires failed","error":"iterate assigned templates for hire 14c11b75-a485-46c7-9ce9-0a8dcd7a24bc: context canceled"}
[2m[WebServer] [22m{"time":"2026-09-04T21:24:36.170885-04:00","level":"INFO","msg":"op handler received op","op_type":"SET_FIELD","entity_id":"5dd74adb-f1b7-46f4-8814-36b33a75b4da","device_id":"4084c6cf-22f7-407e-9e00-561d61fcedf0","lamport_ts":1788571129868}
  ✓  690 [chromium] › tests/sync.spec.js:719:3 › Cross-device: regressions › observer list count reflects live state after a rejection, not the frozen submission snapshot [RJT-LIVE-02] (11.8s)
[2m[WebServer] [22m{"time":"2026-09-04T21:24:39.070787-04:00","level":"ERROR","msg":"GetManagerHires failed","error":"iterate assigned templates for hire 14c11b75-a485-46c7-9ce9-0a8dcd7a24bc: context canceled"}
[2m[WebServer] [22m{"time":"2026-09-04T21:24:39.45673-04:00","level":"ERROR","msg":"listTemplates error","error":"iterate assignments: context canceled"}
[2m[WebServer] [22m{"time":"2026-09-04T21:24:39.458624-04:00","level":"ERROR","msg":"myChecklists error","error":"iterate fail notes: context canceled"}
[2m[WebServer] [22m{"time":"2026-09-04T21:24:39.465485-04:00","level":"ERROR","msg":"listTemplates error","error":"iterate fields: context canceled"}
[2m[WebServer] [22m{"time":"2026-09-04T21:24:39.481582-04:00","level":"INFO","msg":"client log","level":"ERROR","message":"loadMyChecklists error: Failed to fetch\nTypeError: Failed to fetch\n    at api (http://localhost:3106/sync.js:24:21)\n    at loadMyChecklists (http://localhost:3106/workflows.html:631:24)\n    at applyOp (http://localhost:3106/sync.js:566:7)\n    at _ws.onmessage (http://localhost:3106/sync.js:275:7)","user":"Jamal C. (jamal@yumyums.kitchen)","page":"/workflows.html","ua":"Mozilla/5.0 (Macintosh; Intel Mac OS X 10_15_7) AppleWebKit/537.36 (KHTML, like Gecko) HeadlessChrome/147.0.7727.15 Safa"}
[2m[WebServer] [22m{"time":"2026-09-04T21:24:40.152589-04:00","level":"INFO","msg":"op handler received op","op_type":"SET_FIELD","entity_id":"5ae40feb-826a-4235-8364-00626b57f07a","device_id":"e03b8a61-04e4-4068-81a7-202f22e4354b","lamport_ts":1788571129871}
[2m[WebServer] [22m{"time":"2026-09-04T21:24:40.199347-04:00","level":"INFO","msg":"op handler received op","op_type":"SET_FIELD","entity_id":"c97676f9-3f67-4889-82e4-8aa84393041d","device_id":"e03b8a61-04e4-4068-81a7-202f22e4354b","lamport_ts":1788571129873}
[2m[WebServer] [22m{"time":"2026-09-04T21:24:44.599245-04:00","level":"ERROR","msg":"GetManagerHires failed","error":"iterate assigned templates for hire d949b011-7c4e-4234-a641-2a565765b237: context canceled"}
[2m[WebServer] [22m{"time":"2026-09-04T21:24:48.007555-04:00","level":"ERROR","msg":"myChecklists error","error":"iterate responses: context canceled"}
  ✓  691 [chromium] › tests/sync.spec.js:786:3 › Cross-device: regressions › approval live-updates the submitter's other device to Approved without reload [RJT-LIVE-03] (9.2s)
[2m[WebServer] [22m{"time":"2026-09-04T21:24:48.369918-04:00","level":"ERROR","msg":"GetManagerHires failed","error":"iterate assigned templates for hire d949b011-7c4e-4234-a641-2a565765b237: context canceled"}
[2m[WebServer] [22m{"time":"2026-09-04T21:24:48.765578-04:00","level":"ERROR","msg":"pendingApprovals error","error":"iterate pending approvals: context canceled"}
[2m[WebServer] [22m{"time":"2026-09-04T21:24:48.776565-04:00","level":"ERROR","msg":"myChecklists error","error":"iterate fail notes: context canceled"}
[2m[WebServer] [22m{"time":"2026-09-04T21:24:48.808741-04:00","level":"INFO","msg":"client log","level":"ERROR","message":"loadMyChecklists error: Failed to fetch\nTypeError: Failed to fetch\n    at api (http://localhost:3106/sync.js:24:21)\n    at loadMyChecklists (http://localhost:3106/workflows.html:631:24)\n    at applyOp (http://localhost:3106/sync.js:566:7)\n    at _ws.onmessage (http://localhost:3106/sync.js:275:7)","user":"Jamal C. (jamal@yumyums.kitchen)","page":"/workflows.html","ua":"Mozilla/5.0 (Macintosh; Intel Mac OS X 10_15_7) AppleWebKit/537.36 (KHTML, like Gecko) HeadlessChrome/147.0.7727.15 Safa"}
[2m[WebServer] [22m{"time":"2026-09-04T21:24:49.500946-04:00","level":"ERROR","msg":"GetManagerHires failed","error":"iterate assigned templates for hire 14c11b75-a485-46c7-9ce9-0a8dcd7a24bc: context canceled"}
[2m[WebServer] [22m{"time":"2026-09-04T21:24:50.470137-04:00","level":"INFO","msg":"op handler received op","op_type":"SET_FIELD","entity_id":"49534d09-1883-447c-b356-34c3556ba1e9","device_id":"b8269fcb-f25b-4c6a-b252-a4921c40980b","lamport_ts":1788571129875}
  ✓  692 [chromium] › tests/sync.spec.js:836:3 › Cross-device: regressions › sub-step checks on Device A appear checked on Device B [SYN-03] (8.1s)
[2m[WebServer] [22m{"time":"2026-09-04T21:24:56.406559-04:00","level":"ERROR","msg":"GetManagerHires failed","error":"iterate assigned templates for hire 14c11b75-a485-46c7-9ce9-0a8dcd7a24bc: context canceled"}
[2m[WebServer] [22m{"time":"2026-09-04T21:24:56.856201-04:00","level":"ERROR","msg":"myChecklists error","error":"iterate submissions: context canceled"}
[2m[WebServer] [22m{"time":"2026-09-04T21:24:56.858871-04:00","level":"ERROR","msg":"listTemplates error","error":"iterate fields: context canceled"}
[2m[WebServer] [22m{"time":"2026-09-04T21:24:56.892043-04:00","level":"INFO","msg":"client log","level":"ERROR","message":"loadMyChecklists error: Failed to fetch\nTypeError: Failed to fetch\n    at api (http://localhost:3106/sync.js:24:21)\n    at loadMyChecklists (http://localhost:3106/workflows.html:631:24)\n    at applyOp (http://localhost:3106/sync.js:566:7)\n    at _ws.onmessage (http://localhost:3106/sync.js:275:7)","user":"Jamal C. (jamal@yumyums.kitchen)","page":"/workflows.html","ua":"Mozilla/5.0 (Macintosh; Intel Mac OS X 10_15_7) AppleWebKit/537.36 (KHTML, like Gecko) HeadlessChrome/147.0.7727.15 Safa"}
[2m[WebServer] [22m{"time":"2026-09-04T21:24:57.702696-04:00","level":"INFO","msg":"op handler received op","op_type":"SET_FIELD","entity_id":"254e5160-1d7a-4ec9-b87e-122870f45d00","device_id":"9de071da-5570-4582-b3b0-7170dcc3e0a6","lamport_ts":1788571129878}
[2m[WebServer] [22m{"time":"2026-09-04T21:24:59.585366-04:00","level":"ERROR","msg":"GetManagerHires failed","error":"iterate assigned templates for hire 14c11b75-a485-46c7-9ce9-0a8dcd7a24bc: context canceled"}
  ✓  693 [chromium] › tests/sync.spec.js:883:3 › Cross-device: regressions › submit on Device A updates runner view to submitted on Device B [SYN-03] (8.6s)
[2m[WebServer] [22m{"time":"2026-09-04T21:25:04.998478-04:00","level":"ERROR","msg":"GetManagerHires failed","error":"iterate assigned templates for hire d949b011-7c4e-4234-a641-2a565765b237: context canceled"}
[2m[WebServer] [22m{"time":"2026-09-04T21:25:05.56464-04:00","level":"ERROR","msg":"myChecklists error","error":"list schedules: context canceled"}
[2m[WebServer] [22m{"time":"2026-09-04T21:25:05.584679-04:00","level":"INFO","msg":"client log","level":"ERROR","message":"loadMyChecklists error: Failed to fetch\nTypeError: Failed to fetch\n    at api (http://localhost:3106/sync.js:24:21)\n    at loadMyChecklists (http://localhost:3106/workflows.html:631:24)\n    at applyOp (http://localhost:3106/sync.js:566:7)\n    at _ws.onmessage (http://localhost:3106/sync.js:275:7)","user":"Jamal C. (jamal@yumyums.kitchen)","page":"/workflows.html","ua":"Mozilla/5.0 (Macintosh; Intel Mac OS X 10_15_7) AppleWebKit/537.36 (KHTML, like Gecko) HeadlessChrome/147.0.7727.15 Safa"}
  ✓  694 [chromium] › tests/sync.spec.js:928:3 › Cross-device: regressions › temperature input keeps cursor position while typing [SYN-09] (1.4s)
[2m[WebServer] [22m{"time":"2026-09-04T21:25:06.398537-04:00","level":"ERROR","msg":"GetManagerHires failed","error":"iterate assigned templates for hire d949b011-7c4e-4234-a641-2a565765b237: context canceled"}
[2m[WebServer] [22m{"time":"2026-09-04T21:25:06.672371-04:00","level":"ERROR","msg":"myChecklists error","error":"iterate responses: context canceled"}
[2m[WebServer] [22m{"time":"2026-09-04T21:25:06.673012-04:00","level":"ERROR","msg":"listTemplates error","error":"iterate fields: context canceled"}
[2m[WebServer] [22m{"time":"2026-09-04T21:25:06.677133-04:00","level":"ERROR","msg":"listTemplates error","error":"iterate templates: context canceled"}
[2m[WebServer] [22m{"time":"2026-09-04T21:25:06.695467-04:00","level":"INFO","msg":"client log","level":"ERROR","message":"loadMyChecklists error: Failed to fetch\nTypeError: Failed to fetch\n    at api (http://localhost:3106/sync.js:24:21)\n    at loadMyChecklists (http://localhost:3106/workflows.html:631:24)\n    at applyOp (http://localhost:3106/sync.js:566:7)\n    at _ws.onmessage (http://localhost:3106/sync.js:275:7)","user":"Jamal C. (jamal@yumyums.kitchen)","page":"/workflows.html","ua":"Mozilla/5.0 (Macintosh; Intel Mac OS X 10_15_7) AppleWebKit/537.36 (KHTML, like Gecko) HeadlessChrome/147.0.7727.15 Safa"}
[2m[WebServer] [22m{"time":"2026-09-04T21:25:06.701316-04:00","level":"INFO","msg":"client log","level":"ERROR","message":"loadMyChecklists error: Failed to fetch\nTypeError: Failed to fetch\n    at api (http://localhost:3106/sync.js:24:21)\n    at loadMyChecklists (http://localhost:3106/workflows.html:631:24)\n    at show (http://localhost:3106/workflows.html:3836:5)\n    at init (http://localhost:3106/workflows.html:3917:5)","user":"anonymous","page":"/workflows.html","ua":"Mozilla/5.0 (Macintosh; Intel Mac OS X 10_15_7) AppleWebKit/537.36 (KHTML, like Gecko) HeadlessChrome/147.0.7727.15 Safa"}
  ✓  695 [chromium] › tests/sync.spec.js:958:3 › Cross-device: regressions › generateUUID works when crypto.randomUUID is unavailable [SYN-11] (596ms)
[2m[WebServer] [22m{"time":"2026-09-04T21:25:07.013392-04:00","level":"ERROR","msg":"GetManagerHires failed","error":"query assigned templates for hire 14c11b75-a485-46c7-9ce9-0a8dcd7a24bc: context canceled"}
[2m[WebServer] [22m{"time":"2026-09-04T21:25:07.490993-04:00","level":"ERROR","msg":"listTemplates error","error":"iterate fields: context canceled"}
[2m[WebServer] [22m{"time":"2026-09-04T21:25:07.493617-04:00","level":"ERROR","msg":"myChecklists error","error":"iterate responses: context canceled"}
[2m[WebServer] [22m{"time":"2026-09-04T21:25:07.528608-04:00","level":"INFO","msg":"client log","level":"ERROR","message":"loadMyChecklists error: Failed to fetch\nTypeError: Failed to fetch\n    at api (http://localhost:3106/sync.js:24:21)\n    at loadMyChecklists (http://localhost:3106/workflows.html:631:24)\n    at applyOp (http://localhost:3106/sync.js:566:7)\n    at _ws.onmessage (http://localhost:3106/sync.js:275:7)","user":"Jamal C. (jamal@yumyums.kitchen)","page":"/workflows.html","ua":"Mozilla/5.0 (Macintosh; Intel Mac OS X 10_15_7) AppleWebKit/537.36 (KHTML, like Gecko) HeadlessChrome/147.0.7727.15 Safa"}
  ✓  696 [chromium] › tests/sync.spec.js:977:3 › Cross-device: regressions › two tabs on same origin have different device_ids for sync [SYN-07] (1.6s)
[2m[WebServer] [22m{"time":"2026-09-04T21:25:08.618065-04:00","level":"ERROR","msg":"GetManagerHires failed","error":"iterate assigned templates for hire 14c11b75-a485-46c7-9ce9-0a8dcd7a24bc: context canceled"}
[2m[WebServer] [22m{"time":"2026-09-04T21:25:09.438873-04:00","level":"ERROR","msg":"GetManagerHires failed","error":"iterate assigned templates for hire 14c11b75-a485-46c7-9ce9-0a8dcd7a24bc: context canceled"}
[2m[WebServer] [22m{"time":"2026-09-04T21:25:11.505049-04:00","level":"INFO","msg":"op handler received op","op_type":"SET_FIELD","entity_id":"3fe67dc5-63a9-4d3d-a740-fada7dc53204","device_id":"059fbe26-aba3-4c8a-a134-3c374b89b967","lamport_ts":1788571129882}
  ✓  697 [chromium] › tests/sync.spec.js:1006:3 › Cross-device: regressions › list page progress updates when another device completes a field [LST-17] (3.3s)
  ✓  698 [chromium] › tests/sync.spec.js:1040:3 › Cross-device: auth › ops/since endpoint requires authentication [SYN-08] (97ms)
  ✓  699 [chromium] › tests/sync.spec.js:1048:3 › Cross-device: auth › WebSocket endpoint requires authentication [SYN-08] (130ms)
[2m[WebServer] [22m{"time":"2026-09-04T21:25:12.219825-04:00","level":"ERROR","msg":"GetManagerHires failed","error":"iterate assigned templates for hire 14c11b75-a485-46c7-9ce9-0a8dcd7a24bc: context canceled"}
[2m[WebServer] [22m{"time":"2026-09-04T21:25:13.003778-04:00","level":"ERROR","msg":"GetManagerHires failed","error":"iterate assigned templates for hire 14c11b75-a485-46c7-9ce9-0a8dcd7a24bc: context canceled"}
[2m[WebServer] [22m{"time":"2026-09-04T21:25:16.971101-04:00","level":"INFO","msg":"op handler received op","op_type":"SET_FIELD","entity_id":"5af8de1a-e00b-4949-b0d7-5fc0c5fe3bcd","device_id":"05c0caf9-75eb-4d2c-9c71-d249e947b048","lamport_ts":1788571129884}
  ✓  700 [chromium] › tests/sync.spec.js:1327:3 › Convergence matrix (W-3): surviving answers converge across devices › checkbox answer converges (live + catch-up) (5.6s)
[2m[WebServer] [22m{"time":"2026-09-04T21:25:17.833472-04:00","level":"ERROR","msg":"GetManagerHires failed","error":"iterate assigned templates for hire d949b011-7c4e-4234-a641-2a565765b237: context canceled"}
[2m[WebServer] [22m{"time":"2026-09-04T21:25:18.645118-04:00","level":"ERROR","msg":"GetManagerHires failed","error":"query assigned templates for hire 14c11b75-a485-46c7-9ce9-0a8dcd7a24bc: context canceled"}
[2m[WebServer] [22m{"time":"2026-09-04T21:25:23.470954-04:00","level":"INFO","msg":"op handler received op","op_type":"SET_FIELD","entity_id":"bd04ec0b-f555-4521-aeae-bf6cd959b1db","device_id":"9c0fe4a5-1139-4142-960d-f55420863870","lamport_ts":1788571129886}
  ✓  701 [chromium] › tests/sync.spec.js:1343:3 › Convergence matrix (W-3): surviving answers converge across devices › yes/no answer converges (live + catch-up) (6.6s)
[2m[WebServer] [22m{"time":"2026-09-04T21:25:24.407232-04:00","level":"ERROR","msg":"GetManagerHires failed","error":"iterate assigned templates for hire 14c11b75-a485-46c7-9ce9-0a8dcd7a24bc: context canceled"}
[2m[WebServer] [22m{"time":"2026-09-04T21:25:25.094787-04:00","level":"ERROR","msg":"GetManagerHires failed","error":"query assigned templates for hire 6b3f459c-c422-4368-a62e-520c2c9fcd91: context canceled"}
[2m[WebServer] [22m{"time":"2026-09-04T21:25:25.098372-04:00","level":"ERROR","msg":"GetMyTrainings failed","error":"get user roles: context canceled"}
[2m[WebServer] [22m{"time":"2026-09-04T21:25:27.176212-04:00","level":"INFO","msg":"op handler received op","op_type":"SET_FIELD","entity_id":"830bb013-3526-4ec6-80cd-bd5753334495","device_id":"09bc4d9e-eb1c-449f-b6f1-fd835e496f7d","lamport_ts":1788571129888}
  ✓  702 [chromium] › tests/sync.spec.js:1359:3 › Convergence matrix (W-3): surviving answers converge across devices › text answer converges (live + catch-up) (3.7s)
[2m[WebServer] [22m{"time":"2026-09-04T21:25:28.16864-04:00","level":"ERROR","msg":"GetManagerHires failed","error":"iterate assigned templates for hire 14c11b75-a485-46c7-9ce9-0a8dcd7a24bc: context canceled"}
[2m[WebServer] [22m{"time":"2026-09-04T21:25:28.938238-04:00","level":"ERROR","msg":"GetManagerHires failed","error":"query assigned templates for hire 14c11b75-a485-46c7-9ce9-0a8dcd7a24bc: context canceled"}
[2m[WebServer] [22m{"time":"2026-09-04T21:25:36.53251-04:00","level":"INFO","msg":"op handler received op","op_type":"SET_FIELD","entity_id":"63e74d4a-ed61-46f9-893f-5533b87e8b19","device_id":"78977312-99e2-49be-b254-5644d92c8f14","lamport_ts":1788571129890}
  ✓  703 [chromium] › tests/sync.spec.js:1372:3 › Convergence matrix (W-3): surviving answers converge across devices › temperature answer converges (live + catch-up) (9.3s)
[2m[WebServer] [22m{"time":"2026-09-04T21:25:37.452906-04:00","level":"ERROR","msg":"GetManagerHires failed","error":"iterate assigned templates for hire d949b011-7c4e-4234-a641-2a565765b237: context canceled"}
[2m[WebServer] [22m{"time":"2026-09-04T21:25:38.1801-04:00","level":"ERROR","msg":"GetManagerHires failed","error":"iterate assigned templates for hire 14c11b75-a485-46c7-9ce9-0a8dcd7a24bc: context canceled"}
[2m[WebServer] [22m{"time":"2026-09-04T21:25:43.936267-04:00","level":"INFO","msg":"op handler received op","op_type":"SET_FIELD","entity_id":"95485268-5477-41e0-a2e1-7a88758fa637","device_id":"070f2a4b-c31e-4bf2-a9f1-234255fb1524","lamport_ts":1788571129892}
  ✓  704 [chromium] › tests/sync.spec.js:1394:3 › Convergence matrix (W-3): surviving answers converge across devices › sub-step checked state converges (live + catch-up) (7.4s)
[2m[WebServer] [22m{"time":"2026-09-04T21:25:44.818352-04:00","level":"ERROR","msg":"GetManagerHires failed","error":"iterate assigned templates for hire d949b011-7c4e-4234-a641-2a565765b237: context canceled"}
[2m[WebServer] [22m{"time":"2026-09-04T21:25:46.64469-04:00","level":"ERROR","msg":"GetManagerHires failed","error":"iterate assigned templates for hire b6080b05-acf5-48b1-af4f-0fb5bb63d53a: context canceled"}
[2m[WebServer] [22m{"time":"2026-09-04T21:25:47.245339-04:00","level":"ERROR","msg":"myChecklists error","error":"iterate responses: context canceled"}
[2m[WebServer] [22m{"time":"2026-09-04T21:25:47.249037-04:00","level":"ERROR","msg":"cleanupOldDrafts error","error":"cleanup old drafts: context canceled"}
[2m[WebServer] [22m{"time":"2026-09-04T21:25:47.249073-04:00","level":"ERROR","msg":"myChecklists error","error":"get user role: context canceled"}
[2m[WebServer] [22m{"time":"2026-09-04T21:25:47.260296-04:00","level":"ERROR","msg":"myChecklists error","error":"get user role: context canceled"}
[2m[WebServer] [22m{"time":"2026-09-04T21:25:47.264506-04:00","level":"INFO","msg":"client log","level":"ERROR","message":"loadMyChecklists error: Failed to fetch\nTypeError: Failed to fetch\n    at api (http://localhost:3106/sync.js:24:21)\n    at loadMyChecklists (http://localhost:3106/workflows.html:631:24)\n    at applyOp (http://localhost:3106/sync.js:544:7)\n    at wsCatchUp (http://localhost:3106/sync.js:312:7)","user":"Jamal C. (jamal@yumyums.kitchen)","page":"/workflows.html","ua":"Mozilla/5.0 (Macintosh; Intel Mac OS X 10_15_7) AppleWebKit/537.36 (KHTML, like Gecko) HeadlessChrome/147.0.7727.15 Safa"}
[2m[WebServer] [22m{"time":"2026-09-04T21:25:47.266514-04:00","level":"INFO","msg":"client log","level":"ERROR","message":"loadMyChecklists error: Failed to fetch\nTypeError: Failed to fetch\n    at api (http://localhost:3106/sync.js:24:21)\n    at loadMyChecklists (http://localhost:3106/workflows.html:631:24)\n    at rerenderOpenChecklistAfterSave (http://localhost:3106/sync.js:588:53)\n    at applyOp (http://localhost:3106/sync.js:554:7)\n    at wsCatchUp (http://localhost:3106/sync.js:312:7)","user":"Jamal C. (jamal@yumyums.kitchen)","page":"/workflows.html","ua":"Mozilla/5.0 (Macintosh; Intel Mac OS X 10_15_7) AppleWebKit/537.36 (KHTML, like Gecko) HeadlessChrome/147.0.7727.15 Safa"}
[2m[WebServer] [22m{"time":"2026-09-04T21:25:47.268713-04:00","level":"INFO","msg":"client log","level":"ERROR","message":"loadMyChecklists error: Failed to fetch\nTypeError: Failed to fetch\n    at api (http://localhost:3106/sync.js:24:21)\n    at loadMyChecklists (http://localhost:3106/workflows.html:631:24)\n    at rerenderOpenChecklistAfterSave (http://localhost:3106/sync.js:588:53)\n    at applyOp (http://localhost:3106/sync.js:554:7)\n    at wsCatchUp (http://localhost:3106/sync.js:312:7)","user":"Jamal C. (jamal@yumyums.kitchen)","page":"/workflows.html","ua":"Mozilla/5.0 (Macintosh; Intel Mac OS X 10_15_7) AppleWebKit/537.36 (KHTML, like Gecko) HeadlessChrome/147.0.7727.15 Safa"}
[2m[WebServer] [22m{"time":"2026-09-04T21:25:47.271098-04:00","level":"INFO","msg":"client log","level":"ERROR","message":"loadMyChecklists error: Failed to fetch\nTypeError: Failed to fetch\n    at api (http://localhost:3106/sync.js:24:21)\n    at loadMyChecklists (http://localhost:3106/workflows.html:631:24)\n    at rerenderOpenChecklistAfterSave (http://localhost:3106/sync.js:588:53)\n    at applyOp (http://localhost:3106/sync.js:554:7)\n    at wsCatchUp (http://localhost:3106/sync.js:312:7)","user":"Jamal C. (jamal@yumyums.kitchen)","page":"/workflows.html","ua":"Mozilla/5.0 (Macintosh; Intel Mac OS X 10_15_7) AppleWebKit/537.36 (KHTML, like Gecko) HeadlessChrome/147.0.7727.15 Safa"}
[2m[WebServer] [22m{"time":"2026-09-04T21:25:47.280269-04:00","level":"INFO","msg":"client log","level":"ERROR","message":"loadMyChecklists error: Failed to fetch\nTypeError: Failed to fetch\n    at api (http://localhost:3106/sync.js:24:21)\n    at loadMyChecklists (http://localhost:3106/workflows.html:631:24)\n    at rerenderOpenChecklistAfterSave (http://localhost:3106/sync.js:588:53)\n    at applyOp (http://localhost:3106/sync.js:554:7)\n    at wsCatchUp (http://localhost:3106/sync.js:312:7)","user":"Jamal C. (jamal@yumyums.kitchen)","page":"/workflows.html","ua":"Mozilla/5.0 (Macintosh; Intel Mac OS X 10_15_7) AppleWebKit/537.36 (KHTML, like Gecko) HeadlessChrome/147.0.7727.15 Safa"}
[2m[WebServer] [22m{"time":"2026-09-04T21:25:47.284389-04:00","level":"INFO","msg":"client log","level":"ERROR","message":"loadMyChecklists error: Failed to fetch\nTypeError: Failed to fetch\n    at api (http://localhost:3106/sync.js:24:21)\n    at loadMyChecklists (http://localhost:3106/workflows.html:631:24)\n    at rerenderOpenChecklistAfterSave (http://localhost:3106/sync.js:588:53)\n    at applyOp (http://localhost:3106/sync.js:554:7)\n    at wsCatchUp (http://localhost:3106/sync.js:312:7)","user":"Jamal C. (jamal@yumyums.kitchen)","page":"/workflows.html","ua":"Mozilla/5.0 (Macintosh; Intel Mac OS X 10_15_7) AppleWebKit/537.36 (KHTML, like Gecko) HeadlessChrome/147.0.7727.15 Safa"}
[2m[WebServer] [22m{"time":"2026-09-04T21:25:47.286545-04:00","level":"INFO","msg":"client log","level":"ERROR","message":"loadMyChecklists error: Failed to fetch\nTypeError: Failed to fetch\n    at api (http://localhost:3106/sync.js:24:21)\n    at loadMyChecklists (http://localhost:3106/workflows.html:631:24)\n    at rerenderOpenChecklistAfterSave (http://localhost:3106/sync.js:588:53)\n    at applyOp (http://localhost:3106/sync.js:554:7)\n    at wsCatchUp (http://localhost:3106/sync.js:312:7)","user":"Jamal C. (jamal@yumyums.kitchen)","page":"/workflows.html","ua":"Mozilla/5.0 (Macintosh; Intel Mac OS X 10_15_7) AppleWebKit/537.36 (KHTML, like Gecko) HeadlessChrome/147.0.7727.15 Safa"}
[2m[WebServer] [22m{"time":"2026-09-04T21:25:47.287274-04:00","level":"INFO","msg":"client log","level":"ERROR","message":"loadMyChecklists error: Failed to fetch\nTypeError: Failed to fetch\n    at api (http://localhost:3106/sync.js:24:21)\n    at loadMyChecklists (http://localhost:3106/workflows.html:631:24)\n    at rerenderOpenChecklistAfterSave (http://localhost:3106/sync.js:588:53)\n    at applyOp (http://localhost:3106/sync.js:554:7)\n    at wsCatchUp (http://localhost:3106/sync.js:312:7)","user":"Jamal C. (jamal@yumyums.kitchen)","page":"/workflows.html","ua":"Mozilla/5.0 (Macintosh; Intel Mac OS X 10_15_7) AppleWebKit/537.36 (KHTML, like Gecko) HeadlessChrome/147.0.7727.15 Safa"}
[2m[WebServer] [22m{"time":"2026-09-04T21:25:47.28855-04:00","level":"INFO","msg":"client log","level":"ERROR","message":"loadMyChecklists error: Failed to fetch\nTypeError: Failed to fetch\n    at api (http://localhost:3106/sync.js:24:21)\n    at loadMyChecklists (http://localhost:3106/workflows.html:631:24)\n    at applyOp (http://localhost:3106/sync.js:544:7)\n    at wsCatchUp (http://localhost:3106/sync.js:312:7)","user":"Jamal C. (jamal@yumyums.kitchen)","page":"/workflows.html","ua":"Mozilla/5.0 (Macintosh; Intel Mac OS X 10_15_7) AppleWebKit/537.36 (KHTML, like Gecko) HeadlessChrome/147.0.7727.15 Safa"}
[2m[WebServer] [22m{"time":"2026-09-04T21:25:47.290312-04:00","level":"INFO","msg":"client log","level":"ERROR","message":"loadMyChecklists error: Failed to fetch\nTypeError: Failed to fetch\n    at api (http://localhost:3106/sync.js:24:21)\n    at loadMyChecklists (http://localhost:3106/workflows.html:631:24)\n    at rerenderOpenChecklistAfterSave (http://localhost:3106/sync.js:588:53)\n    at applyOp (http://localhost:3106/sync.js:554:7)\n    at wsCatchUp (http://localhost:3106/sync.js:312:7)","user":"Jamal C. (jamal@yumyums.kitchen)","page":"/workflows.html","ua":"Mozilla/5.0 (Macintosh; Intel Mac OS X 10_15_7) AppleWebKit/537.36 (KHTML, like Gecko) HeadlessChrome/147.0.7727.15 Safa"}
[2m[WebServer] [22m{"time":"2026-09-04T21:25:47.290442-04:00","level":"INFO","msg":"client log","level":"ERROR","message":"loadMyChecklists error: Failed to fetch\nTypeError: Failed to fetch\n    at api (http://localhost:3106/sync.js:24:21)\n    at loadMyChecklists (http://localhost:3106/workflows.html:631:24)\n    at rerenderOpenChecklistAfterSave (http://localhost:3106/sync.js:588:53)\n    at applyOp (http://localhost:3106/sync.js:554:7)\n    at wsCatchUp (http://localhost:3106/sync.js:312:7)","user":"Jamal C. (jamal@yumyums.kitchen)","page":"/workflows.html","ua":"Mozilla/5.0 (Macintosh; Intel Mac OS X 10_15_7) AppleWebKit/537.36 (KHTML, like Gecko) HeadlessChrome/147.0.7727.15 Safa"}
[2m[WebServer] [22m{"time":"2026-09-04T21:25:47.290444-04:00","level":"INFO","msg":"client log","level":"ERROR","message":"loadMyChecklists error: Failed to fetch\nTypeError: Failed to fetch\n    at api (http://localhost:3106/sync.js:24:21)\n    at loadMyChecklists (http://localhost:3106/workflows.html:631:24)\n    at rerenderOpenChecklistAfterSave (http://localhost:3106/sync.js:588:53)\n    at applyOp (http://localhost:3106/sync.js:554:7)\n    at wsCatchUp (http://localhost:3106/sync.js:312:7)","user":"Jamal C. (jamal@yumyums.kitchen)","page":"/workflows.html","ua":"Mozilla/5.0 (Macintosh; Intel Mac OS X 10_15_7) AppleWebKit/537.36 (KHTML, like Gecko) HeadlessChrome/147.0.7727.15 Safa"}
[2m[WebServer] [22m{"time":"2026-09-04T21:25:47.292168-04:00","level":"INFO","msg":"client log","level":"ERROR","message":"loadMyChecklists error: Failed to fetch\nTypeError: Failed to fetch\n    at api (http://localhost:3106/sync.js:24:21)\n    at loadMyChecklists (http://localhost:3106/workflows.html:631:24)\n    at rerenderOpenChecklistAfterSave (http://localhost:3106/sync.js:588:53)\n    at applyOp (http://localhost:3106/sync.js:554:7)\n    at wsCatchUp (http://localhost:3106/sync.js:312:7)","user":"Jamal C. (jamal@yumyums.kitchen)","page":"/workflows.html","ua":"Mozilla/5.0 (Macintosh; Intel Mac OS X 10_15_7) AppleWebKit/537.36 (KHTML, like Gecko) HeadlessChrome/147.0.7727.15 Safa"}
[2m[WebServer] [22m{"time":"2026-09-04T21:25:47.292168-04:00","level":"INFO","msg":"client log","level":"ERROR","message":"loadMyChecklists error: Failed to fetch\nTypeError: Failed to fetch\n    at api (http://localhost:3106/sync.js:24:21)\n    at loadMyChecklists (http://localhost:3106/workflows.html:631:24)\n    at rerenderOpenChecklistAfterSave (http://localhost:3106/sync.js:588:53)\n    at applyOp (http://localhost:3106/sync.js:554:7)\n    at wsCatchUp (http://localhost:3106/sync.js:312:7)","user":"Jamal C. (jamal@yumyums.kitchen)","page":"/workflows.html","ua":"Mozilla/5.0 (Macintosh; Intel Mac OS X 10_15_7) AppleWebKit/537.36 (KHTML, like Gecko) HeadlessChrome/147.0.7727.15 Safa"}
[2m[WebServer] [22m{"time":"2026-09-04T21:25:47.294419-04:00","level":"INFO","msg":"client log","level":"ERROR","message":"loadMyChecklists error: Failed to fetch\nTypeError: Failed to fetch\n    at api (http://localhost:3106/sync.js:24:21)\n    at loadMyChecklists (http://localhost:3106/workflows.html:631:24)\n    at rerenderOpenChecklistAfterSave (http://localhost:3106/sync.js:588:53)\n    at applyOp (http://localhost:3106/sync.js:554:7)\n    at wsCatchUp (http://localhost:3106/sync.js:312:7)","user":"Jamal C. (jamal@yumyums.kitchen)","page":"/workflows.html","ua":"Mozilla/5.0 (Macintosh; Intel Mac OS X 10_15_7) AppleWebKit/537.36 (KHTML, like Gecko) HeadlessChrome/147.0.7727.15 Safa"}
[2m[WebServer] [22m{"time":"2026-09-04T21:25:47.294926-04:00","level":"INFO","msg":"client log","level":"ERROR","message":"loadMyChecklists error: Failed to fetch\nTypeError: Failed to fetch\n    at api (http://localhost:3106/sync.js:24:21)\n    at loadMyChecklists (http://localhost:3106/workflows.html:631:24)\n    at rerenderOpenChecklistAfterSave (http://localhost:3106/sync.js:588:53)\n    at applyOp (http://localhost:3106/sync.js:554:7)\n    at wsCatchUp (http://localhost:3106/sync.js:312:7)","user":"Jamal C. (jamal@yumyums.kitchen)","page":"/workflows.html","ua":"Mozilla/5.0 (Macintosh; Intel Mac OS X 10_15_7) AppleWebKit/537.36 (KHTML, like Gecko) HeadlessChrome/147.0.7727.15 Safa"}
[2m[WebServer] [22m{"time":"2026-09-04T21:25:47.295623-04:00","level":"INFO","msg":"client log","level":"ERROR","message":"loadMyChecklists error: Failed to fetch\nTypeError: Failed to fetch\n    at api (http://localhost:3106/sync.js:24:21)\n    at loadMyChecklists (http://localhost:3106/workflows.html:631:24)\n    at applyOp (http://localhost:3106/sync.js:544:7)\n    at wsCatchUp (http://localhost:3106/sync.js:312:7)","user":"Jamal C. (jamal@yumyums.kitchen)","page":"/workflows.html","ua":"Mozilla/5.0 (Macintosh; Intel Mac OS X 10_15_7) AppleWebKit/537.36 (KHTML, like Gecko) HeadlessChrome/147.0.7727.15 Safa"}
[2m[WebServer] [22m{"time":"2026-09-04T21:25:47.296175-04:00","level":"INFO","msg":"client log","level":"ERROR","message":"loadMyChecklists error: Failed to fetch\nTypeError: Failed to fetch\n    at api (http://localhost:3106/sync.js:24:21)\n    at loadMyChecklists (http://localhost:3106/workflows.html:631:24)\n    at rerenderOpenChecklistAfterSave (http://localhost:3106/sync.js:588:53)\n    at applyOp (http://localhost:3106/sync.js:554:7)\n    at wsCatchUp (http://localhost:3106/sync.js:312:7)","user":"Jamal C. (jamal@yumyums.kitchen)","page":"/workflows.html","ua":"Mozilla/5.0 (Macintosh; Intel Mac OS X 10_15_7) AppleWebKit/537.36 (KHTML, like Gecko) HeadlessChrome/147.0.7727.15 Safa"}
[2m[WebServer] [22m{"time":"2026-09-04T21:25:47.297299-04:00","level":"INFO","msg":"client log","level":"ERROR","message":"loadMyChecklists error: Failed to fetch\nTypeError: Failed to fetch\n    at api (http://localhost:3106/sync.js:24:21)\n    at loadMyChecklists (http://localhost:3106/workflows.html:631:24)\n    at rerenderOpenChecklistAfterSave (http://localhost:3106/sync.js:588:53)\n    at applyOp (http://localhost:3106/sync.js:554:7)\n    at wsCatchUp (http://localhost:3106/sync.js:312:7)","user":"Jamal C. (jamal@yumyums.kitchen)","page":"/workflows.html","ua":"Mozilla/5.0 (Macintosh; Intel Mac OS X 10_15_7) AppleWebKit/537.36 (KHTML, like Gecko) HeadlessChrome/147.0.7727.15 Safa"}
[2m[WebServer] [22m{"time":"2026-09-04T21:25:47.299063-04:00","level":"INFO","msg":"client log","level":"ERROR","message":"loadMyChecklists error: Failed to fetch\nTypeError: Failed to fetch\n    at api (http://localhost:3106/sync.js:24:21)\n    at loadMyChecklists (http://localhost:3106/workflows.html:631:24)\n    at rerenderOpenChecklistAfterSave (http://localhost:3106/sync.js:588:53)\n    at applyOp (http://localhost:3106/sync.js:554:7)\n    at wsCatchUp (http://localhost:3106/sync.js:312:7)","user":"Jamal C. (jamal@yumyums.kitchen)","page":"/workflows.html","ua":"Mozilla/5.0 (Macintosh; Intel Mac OS X 10_15_7) AppleWebKit/537.36 (KHTML, like Gecko) HeadlessChrome/147.0.7727.15 Safa"}
[2m[WebServer] [22m{"time":"2026-09-04T21:25:47.299248-04:00","level":"INFO","msg":"client log","level":"ERROR","message":"loadMyChecklists error: Failed to fetch\nTypeError: Failed to fetch\n    at api (http://localhost:3106/sync.js:24:21)\n    at loadMyChecklists (http://localhost:3106/workflows.html:631:24)\n    at rerenderOpenChecklistAfterSave (http://localhost:3106/sync.js:588:53)\n    at applyOp (http://localhost:3106/sync.js:554:7)\n    at wsCatchUp (http://localhost:3106/sync.js:312:7)","user":"Jamal C. (jamal@yumyums.kitchen)","page":"/workflows.html","ua":"Mozilla/5.0 (Macintosh; Intel Mac OS X 10_15_7) AppleWebKit/537.36 (KHTML, like Gecko) HeadlessChrome/147.0.7727.15 Safa"}
[2m[WebServer] [22m{"time":"2026-09-04T21:25:47.299969-04:00","level":"INFO","msg":"client log","level":"ERROR","message":"loadMyChecklists error: Failed to fetch\nTypeError: Failed to fetch\n    at api (http://localhost:3106/sync.js:24:21)\n    at loadMyChecklists (http://localhost:3106/workflows.html:631:24)\n    at rerenderOpenChecklistAfterSave (http://localhost:3106/sync.js:588:53)\n    at applyOp (http://localhost:3106/sync.js:554:7)\n    at wsCatchUp (http://localhost:3106/sync.js:312:7)","user":"Jamal C. (jamal@yumyums.kitchen)","page":"/workflows.html","ua":"Mozilla/5.0 (Macintosh; Intel Mac OS X 10_15_7) AppleWebKit/537.36 (KHTML, like Gecko) HeadlessChrome/147.0.7727.15 Safa"}
[2m[WebServer] [22m{"time":"2026-09-04T21:25:47.300122-04:00","level":"INFO","msg":"client log","level":"ERROR","message":"loadMyChecklists error: Failed to fetch\nTypeError: Failed to fetch\n    at api (http://localhost:3106/sync.js:24:21)\n    at loadMyChecklists (http://localhost:3106/workflows.html:631:24)\n    at rerenderOpenChecklistAfterSave (http://localhost:3106/sync.js:588:53)\n    at applyOp (http://localhost:3106/sync.js:554:7)\n    at wsCatchUp (http://localhost:3106/sync.js:312:7)","user":"Jamal C. (jamal@yumyums.kitchen)","page":"/workflows.html","ua":"Mozilla/5.0 (Macintosh; Intel Mac OS X 10_15_7) AppleWebKit/537.36 (KHTML, like Gecko) HeadlessChrome/147.0.7727.15 Safa"}
[2m[WebServer] [22m{"time":"2026-09-04T21:25:47.302867-04:00","level":"INFO","msg":"client log","level":"ERROR","message":"loadMyChecklists error: Failed to fetch\nTypeError: Failed to fetch\n    at api (http://localhost:3106/sync.js:24:21)\n    at loadMyChecklists (http://localhost:3106/workflows.html:631:24)\n    at rerenderOpenChecklistAfterSave (http://localhost:3106/sync.js:588:53)\n    at applyOp (http://localhost:3106/sync.js:554:7)\n    at wsCatchUp (http://localhost:3106/sync.js:312:7)","user":"Jamal C. (jamal@yumyums.kitchen)","page":"/workflows.html","ua":"Mozilla/5.0 (Macintosh; Intel Mac OS X 10_15_7) AppleWebKit/537.36 (KHTML, like Gecko) HeadlessChrome/147.0.7727.15 Safa"}
[2m[WebServer] [22m{"time":"2026-09-04T21:25:47.303382-04:00","level":"INFO","msg":"client log","level":"ERROR","message":"loadMyChecklists error: Failed to fetch\nTypeError: Failed to fetch\n    at api (http://localhost:3106/sync.js:24:21)\n    at loadMyChecklists (http://localhost:3106/workflows.html:631:24)\n    at rerenderOpenChecklistAfterSave (http://localhost:3106/sync.js:588:53)\n    at applyOp (http://localhost:3106/sync.js:554:7)\n    at wsCatchUp (http://localhost:3106/sync.js:312:7)","user":"Jamal C. (jamal@yumyums.kitchen)","page":"/workflows.html","ua":"Mozilla/5.0 (Macintosh; Intel Mac OS X 10_15_7) AppleWebKit/537.36 (KHTML, like Gecko) HeadlessChrome/147.0.7727.15 Safa"}
[2m[WebServer] [22m{"time":"2026-09-04T21:25:47.303733-04:00","level":"INFO","msg":"client log","level":"ERROR","message":"loadMyChecklists error: Failed to fetch\nTypeError: Failed to fetch\n    at api (http://localhost:3106/sync.js:24:21)\n    at loadMyChecklists (http://localhost:3106/workflows.html:631:24)\n    at rerenderOpenChecklistAfterSave (http://localhost:3106/sync.js:588:53)\n    at applyOp (http://localhost:3106/sync.js:554:7)\n    at wsCatchUp (http://localhost:3106/sync.js:312:7)","user":"Jamal C. (jamal@yumyums.kitchen)","page":"/workflows.html","ua":"Mozilla/5.0 (Macintosh; Intel Mac OS X 10_15_7) AppleWebKit/537.36 (KHTML, like Gecko) HeadlessChrome/147.0.7727.15 Safa"}
[2m[WebServer] [22m{"time":"2026-09-04T21:25:47.303853-04:00","level":"INFO","msg":"client log","level":"ERROR","message":"loadMyChecklists error: Failed to fetch\nTypeError: Failed to fetch\n    at api (http://localhost:3106/sync.js:24:21)\n    at loadMyChecklists (http://localhost:3106/workflows.html:631:24)\n    at applyOp (http://localhost:3106/sync.js:519:7)\n    at wsCatchUp (http://localhost:3106/sync.js:312:7)","user":"Jamal C. (jamal@yumyums.kitchen)","page":"/workflows.html","ua":"Mozilla/5.0 (Macintosh; Intel Mac OS X 10_15_7) AppleWebKit/537.36 (KHTML, like Gecko) HeadlessChrome/147.0.7727.15 Safa"}
[2m[WebServer] [22m{"time":"2026-09-04T21:25:47.306099-04:00","level":"INFO","msg":"client log","level":"ERROR","message":"loadMyChecklists error: Failed to fetch\nTypeError: Failed to fetch\n    at api (http://localhost:3106/sync.js:24:21)\n    at loadMyChecklists (http://localhost:3106/workflows.html:631:24)\n    at rerenderOpenChecklistAfterSave (http://localhost:3106/sync.js:588:53)\n    at applyOp (http://localhost:3106/sync.js:554:7)\n    at wsCatchUp (http://localhost:3106/sync.js:312:7)","user":"Jamal C. (jamal@yumyums.kitchen)","page":"/workflows.html","ua":"Mozilla/5.0 (Macintosh; Intel Mac OS X 10_15_7) AppleWebKit/537.36 (KHTML, like Gecko) HeadlessChrome/147.0.7727.15 Safa"}
[2m[WebServer] [22m{"time":"2026-09-04T21:25:47.306794-04:00","level":"INFO","msg":"client log","level":"ERROR","message":"loadMyChecklists error: Failed to fetch\nTypeError: Failed to fetch\n    at api (http://localhost:3106/sync.js:24:21)\n    at loadMyChecklists (http://localhost:3106/workflows.html:631:24)\n    at rerenderOpenChecklistAfterSave (http://localhost:3106/sync.js:588:53)\n    at applyOp (http://localhost:3106/sync.js:554:7)\n    at wsCatchUp (http://localhost:3106/sync.js:312:7)","user":"Jamal C. (jamal@yumyums.kitchen)","page":"/workflows.html","ua":"Mozilla/5.0 (Macintosh; Intel Mac OS X 10_15_7) AppleWebKit/537.36 (KHTML, like Gecko) HeadlessChrome/147.0.7727.15 Safa"}
[2m[WebServer] [22m{"time":"2026-09-04T21:25:47.307232-04:00","level":"INFO","msg":"client log","level":"ERROR","message":"loadMyChecklists error: Failed to fetch\nTypeError: Failed to fetch\n    at api (http://localhost:3106/sync.js:24:21)\n    at loadMyChecklists (http://localhost:3106/workflows.html:631:24)\n    at rerenderOpenChecklistAfterSave (http://localhost:3106/sync.js:588:53)\n    at applyOp (http://localhost:3106/sync.js:554:7)\n    at wsCatchUp (http://localhost:3106/sync.js:312:7)","user":"Jamal C. (jamal@yumyums.kitchen)","page":"/workflows.html","ua":"Mozilla/5.0 (Macintosh; Intel Mac OS X 10_15_7) AppleWebKit/537.36 (KHTML, like Gecko) HeadlessChrome/147.0.7727.15 Safa"}
[2m[WebServer] [22m{"time":"2026-09-04T21:25:47.307257-04:00","level":"INFO","msg":"client log","level":"ERROR","message":"loadMyChecklists error: Failed to fetch\nTypeError: Failed to fetch\n    at api (http://localhost:3106/sync.js:24:21)\n    at loadMyChecklists (http://localhost:3106/workflows.html:631:24)\n    at rerenderOpenChecklistAfterSave (http://localhost:3106/sync.js:588:53)\n    at applyOp (http://localhost:3106/sync.js:554:7)\n    at wsCatchUp (http://localhost:3106/sync.js:312:7)","user":"Jamal C. (jamal@yumyums.kitchen)","page":"/workflows.html","ua":"Mozilla/5.0 (Macintosh; Intel Mac OS X 10_15_7) AppleWebKit/537.36 (KHTML, like Gecko) HeadlessChrome/147.0.7727.15 Safa"}
[2m[WebServer] [22m{"time":"2026-09-04T21:25:47.309128-04:00","level":"INFO","msg":"client log","level":"ERROR","message":"loadMyChecklists error: Failed to fetch\nTypeError: Failed to fetch\n    at api (http://localhost:3106/sync.js:24:21)\n    at loadMyChecklists (http://localhost:3106/workflows.html:631:24)\n    at rerenderOpenChecklistAfterSave (http://localhost:3106/sync.js:588:53)\n    at applyOp (http://localhost:3106/sync.js:554:7)\n    at wsCatchUp (http://localhost:3106/sync.js:312:7)","user":"Jamal C. (jamal@yumyums.kitchen)","page":"/workflows.html","ua":"Mozilla/5.0 (Macintosh; Intel Mac OS X 10_15_7) AppleWebKit/537.36 (KHTML, like Gecko) HeadlessChrome/147.0.7727.15 Safa"}
[2m[WebServer] [22m{"time":"2026-09-04T21:25:47.309925-04:00","level":"INFO","msg":"client log","level":"ERROR","message":"loadMyChecklists error: Failed to fetch\nTypeError: Failed to fetch\n    at api (http://localhost:3106/sync.js:24:21)\n    at loadMyChecklists (http://localhost:3106/workflows.html:631:24)\n    at rerenderOpenChecklistAfterSave (http://localhost:3106/sync.js:588:53)\n    at applyOp (http://localhost:3106/sync.js:554:7)\n    at wsCatchUp (http://localhost:3106/sync.js:312:7)","user":"Jamal C. (jamal@yumyums.kitchen)","page":"/workflows.html","ua":"Mozilla/5.0 (Macintosh; Intel Mac OS X 10_15_7) AppleWebKit/537.36 (KHTML, like Gecko) HeadlessChrome/147.0.7727.15 Safa"}
[2m[WebServer] [22m{"time":"2026-09-04T21:25:47.310395-04:00","level":"INFO","msg":"client log","level":"ERROR","message":"loadMyChecklists error: Failed to fetch\nTypeError: Failed to fetch\n    at api (http://localhost:3106/sync.js:24:21)\n    at loadMyChecklists (http://localhost:3106/workflows.html:631:24)\n    at rerenderOpenChecklistAfterSave (http://localhost:3106/sync.js:588:53)\n    at applyOp (http://localhost:3106/sync.js:554:7)\n    at wsCatchUp (http://localhost:3106/sync.js:312:7)","user":"Jamal C. (jamal@yumyums.kitchen)","page":"/workflows.html","ua":"Mozilla/5.0 (Macintosh; Intel Mac OS X 10_15_7) AppleWebKit/537.36 (KHTML, like Gecko) HeadlessChrome/147.0.7727.15 Safa"}
[2m[WebServer] [22m{"time":"2026-09-04T21:25:47.3105-04:00","level":"INFO","msg":"client log","level":"ERROR","message":"loadMyChecklists error: Failed to fetch\nTypeError: Failed to fetch\n    at api (http://localhost:3106/sync.js:24:21)\n    at loadMyChecklists (http://localhost:3106/workflows.html:631:24)\n    at rerenderOpenChecklistAfterSave (http://localhost:3106/sync.js:588:53)\n    at applyOp (http://localhost:3106/sync.js:554:7)\n    at wsCatchUp (http://localhost:3106/sync.js:312:7)","user":"Jamal C. (jamal@yumyums.kitchen)","page":"/workflows.html","ua":"Mozilla/5.0 (Macintosh; Intel Mac OS X 10_15_7) AppleWebKit/537.36 (KHTML, like Gecko) HeadlessChrome/147.0.7727.15 Safa"}
[2m[WebServer] [22m{"time":"2026-09-04T21:25:47.311707-04:00","level":"INFO","msg":"client log","level":"ERROR","message":"loadMyChecklists error: Failed to fetch\nTypeError: Failed to fetch\n    at api (http://localhost:3106/sync.js:24:21)\n    at loadMyChecklists (http://localhost:3106/workflows.html:631:24)\n    at rerenderOpenChecklistAfterSave (http://localhost:3106/sync.js:588:53)\n    at applyOp (http://localhost:3106/sync.js:554:7)\n    at wsCatchUp (http://localhost:3106/sync.js:312:7)","user":"Jamal C. (jamal@yumyums.kitchen)","page":"/workflows.html","ua":"Mozilla/5.0 (Macintosh; Intel Mac OS X 10_15_7) AppleWebKit/537.36 (KHTML, like Gecko) HeadlessChrome/147.0.7727.15 Safa"}
[2m[WebServer] [22m{"time":"2026-09-04T21:25:47.313639-04:00","level":"INFO","msg":"client log","level":"ERROR","message":"loadMyChecklists error: Failed to fetch\nTypeError: Failed to fetch\n    at api (http://localhost:3106/sync.js:24:21)\n    at loadMyChecklists (http://localhost:3106/workflows.html:631:24)\n    at rerenderOpenChecklistAfterSave (http://localhost:3106/sync.js:588:53)\n    at applyOp (http://localhost:3106/sync.js:554:7)\n    at wsCatchUp (http://localhost:3106/sync.js:312:7)","user":"Jamal C. (jamal@yumyums.kitchen)","page":"/workflows.html","ua":"Mozilla/5.0 (Macintosh; Intel Mac OS X 10_15_7) AppleWebKit/537.36 (KHTML, like Gecko) HeadlessChrome/147.0.7727.15 Safa"}
[2m[WebServer] [22m{"time":"2026-09-04T21:25:47.313685-04:00","level":"INFO","msg":"client log","level":"ERROR","message":"loadMyChecklists error: Failed to fetch\nTypeError: Failed to fetch\n    at api (http://localhost:3106/sync.js:24:21)\n    at loadMyChecklists (http://localhost:3106/workflows.html:631:24)\n    at rerenderOpenChecklistAfterSave (http://localhost:3106/sync.js:588:53)\n    at applyOp (http://localhost:3106/sync.js:554:7)\n    at wsCatchUp (http://localhost:3106/sync.js:312:7)","user":"Jamal C. (jamal@yumyums.kitchen)","page":"/workflows.html","ua":"Mozilla/5.0 (Macintosh; Intel Mac OS X 10_15_7) AppleWebKit/537.36 (KHTML, like Gecko) HeadlessChrome/147.0.7727.15 Safa"}
[2m[WebServer] [22m{"time":"2026-09-04T21:25:47.31381-04:00","level":"INFO","msg":"client log","level":"ERROR","message":"loadMyChecklists error: Failed to fetch\nTypeError: Failed to fetch\n    at api (http://localhost:3106/sync.js:24:21)\n    at loadMyChecklists (http://localhost:3106/workflows.html:631:24)\n    at rerenderOpenChecklistAfterSave (http://localhost:3106/sync.js:588:53)\n    at applyOp (http://localhost:3106/sync.js:554:7)\n    at wsCatchUp (http://localhost:3106/sync.js:312:7)","user":"Jamal C. (jamal@yumyums.kitchen)","page":"/workflows.html","ua":"Mozilla/5.0 (Macintosh; Intel Mac OS X 10_15_7) AppleWebKit/537.36 (KHTML, like Gecko) HeadlessChrome/147.0.7727.15 Safa"}
[2m[WebServer] [22m{"time":"2026-09-04T21:25:47.314427-04:00","level":"INFO","msg":"client log","level":"ERROR","message":"loadMyChecklists error: Failed to fetch\nTypeError: Failed to fetch\n    at api (http://localhost:3106/sync.js:24:21)\n    at loadMyChecklists (http://localhost:3106/workflows.html:631:24)\n    at rerenderOpenChecklistAfterSave (http://localhost:3106/sync.js:588:53)\n    at applyOp (http://localhost:3106/sync.js:554:7)\n    at wsCatchUp (http://localhost:3106/sync.js:312:7)","user":"Jamal C. (jamal@yumyums.kitchen)","page":"/workflows.html","ua":"Mozilla/5.0 (Macintosh; Intel Mac OS X 10_15_7) AppleWebKit/537.36 (KHTML, like Gecko) HeadlessChrome/147.0.7727.15 Safa"}
[2m[WebServer] [22m{"time":"2026-09-04T21:25:47.314795-04:00","level":"INFO","msg":"client log","level":"ERROR","message":"loadMyChecklists error: Failed to fetch\nTypeError: Failed to fetch\n    at api (http://localhost:3106/sync.js:24:21)\n    at loadMyChecklists (http://localhost:3106/workflows.html:631:24)\n    at rerenderOpenChecklistAfterSave (http://localhost:3106/sync.js:588:53)\n    at applyOp (http://localhost:3106/sync.js:554:7)\n    at wsCatchUp (http://localhost:3106/sync.js:312:7)","user":"Jamal C. (jamal@yumyums.kitchen)","page":"/workflows.html","ua":"Mozilla/5.0 (Macintosh; Intel Mac OS X 10_15_7) AppleWebKit/537.36 (KHTML, like Gecko) HeadlessChrome/147.0.7727.15 Safa"}
[2m[WebServer] [22m{"time":"2026-09-04T21:25:47.31699-04:00","level":"INFO","msg":"client log","level":"ERROR","message":"loadMyChecklists error: Failed to fetch\nTypeError: Failed to fetch\n    at api (http://localhost:3106/sync.js:24:21)\n    at loadMyChecklists (http://localhost:3106/workflows.html:631:24)\n    at rerenderOpenChecklistAfterSave (http://localhost:3106/sync.js:588:53)\n    at applyOp (http://localhost:3106/sync.js:554:7)\n    at wsCatchUp (http://localhost:3106/sync.js:312:7)","user":"Jamal C. (jamal@yumyums.kitchen)","page":"/workflows.html","ua":"Mozilla/5.0 (Macintosh; Intel Mac OS X 10_15_7) AppleWebKit/537.36 (KHTML, like Gecko) HeadlessChrome/147.0.7727.15 Safa"}
[2m[WebServer] [22m{"time":"2026-09-04T21:25:47.31748-04:00","level":"INFO","msg":"client log","level":"ERROR","message":"loadMyChecklists error: Failed to fetch\nTypeError: Failed to fetch\n    at api (http://localhost:3106/sync.js:24:21)\n    at loadMyChecklists (http://localhost:3106/workflows.html:631:24)\n    at rerenderOpenChecklistAfterSave (http://localhost:3106/sync.js:588:53)\n    at applyOp (http://localhost:3106/sync.js:554:7)\n    at wsCatchUp (http://localhost:3106/sync.js:312:7)","user":"Jamal C. (jamal@yumyums.kitchen)","page":"/workflows.html","ua":"Mozilla/5.0 (Macintosh; Intel Mac OS X 10_15_7) AppleWebKit/537.36 (KHTML, like Gecko) HeadlessChrome/147.0.7727.15 Safa"}
[2m[WebServer] [22m{"time":"2026-09-04T21:25:47.317937-04:00","level":"INFO","msg":"client log","level":"ERROR","message":"loadMyChecklists error: Failed to fetch\nTypeError: Failed to fetch\n    at api (http://localhost:3106/sync.js:24:21)\n    at loadMyChecklists (http://localhost:3106/workflows.html:631:24)\n    at rerenderOpenChecklistAfterSave (http://localhost:3106/sync.js:588:53)\n    at applyOp (http://localhost:3106/sync.js:554:7)\n    at wsCatchUp (http://localhost:3106/sync.js:312:7)","user":"Jamal C. (jamal@yumyums.kitchen)","page":"/workflows.html","ua":"Mozilla/5.0 (Macintosh; Intel Mac OS X 10_15_7) AppleWebKit/537.36 (KHTML, like Gecko) HeadlessChrome/147.0.7727.15 Safa"}
[2m[WebServer] [22m{"time":"2026-09-04T21:25:47.318006-04:00","level":"INFO","msg":"client log","level":"ERROR","message":"loadMyChecklists error: Failed to fetch\nTypeError: Failed to fetch\n    at api (http://localhost:3106/sync.js:24:21)\n    at loadMyChecklists (http://localhost:3106/workflows.html:631:24)\n    at rerenderOpenChecklistAfterSave (http://localhost:3106/sync.js:588:53)\n    at applyOp (http://localhost:3106/sync.js:554:7)\n    at wsCatchUp (http://localhost:3106/sync.js:312:7)","user":"Jamal C. (jamal@yumyums.kitchen)","page":"/workflows.html","ua":"Mozilla/5.0 (Macintosh; Intel Mac OS X 10_15_7) AppleWebKit/537.36 (KHTML, like Gecko) HeadlessChrome/147.0.7727.15 Safa"}
[2m[WebServer] [22m{"time":"2026-09-04T21:25:47.31896-04:00","level":"INFO","msg":"client log","level":"ERROR","message":"loadMyChecklists error: Failed to fetch\nTypeError: Failed to fetch\n    at api (http://localhost:3106/sync.js:24:21)\n    at loadMyChecklists (http://localhost:3106/workflows.html:631:24)\n    at rerenderOpenChecklistAfterSave (http://localhost:3106/sync.js:588:53)\n    at applyOp (http://localhost:3106/sync.js:554:7)\n    at wsCatchUp (http://localhost:3106/sync.js:312:7)","user":"Jamal C. (jamal@yumyums.kitchen)","page":"/workflows.html","ua":"Mozilla/5.0 (Macintosh; Intel Mac OS X 10_15_7) AppleWebKit/537.36 (KHTML, like Gecko) HeadlessChrome/147.0.7727.15 Safa"}
[2m[WebServer] [22m{"time":"2026-09-04T21:25:47.319712-04:00","level":"INFO","msg":"client log","level":"ERROR","message":"loadMyChecklists error: Failed to fetch\nTypeError: Failed to fetch\n    at api (http://localhost:3106/sync.js:24:21)\n    at loadMyChecklists (http://localhost:3106/workflows.html:631:24)\n    at rerenderOpenChecklistAfterSave (http://localhost:3106/sync.js:588:53)\n    at applyOp (http://localhost:3106/sync.js:554:7)\n    at wsCatchUp (http://localhost:3106/sync.js:312:7)","user":"Jamal C. (jamal@yumyums.kitchen)","page":"/workflows.html","ua":"Mozilla/5.0 (Macintosh; Intel Mac OS X 10_15_7) AppleWebKit/537.36 (KHTML, like Gecko) HeadlessChrome/147.0.7727.15 Safa"}
[2m[WebServer] [22m{"time":"2026-09-04T21:25:47.32088-04:00","level":"INFO","msg":"client log","level":"ERROR","message":"loadMyChecklists error: Failed to fetch\nTypeError: Failed to fetch\n    at api (http://localhost:3106/sync.js:24:21)\n    at loadMyChecklists (http://localhost:3106/workflows.html:631:24)\n    at rerenderOpenChecklistAfterSave (http://localhost:3106/sync.js:588:53)\n    at applyOp (http://localhost:3106/sync.js:554:7)\n    at wsCatchUp (http://localhost:3106/sync.js:312:7)","user":"Jamal C. (jamal@yumyums.kitchen)","page":"/workflows.html","ua":"Mozilla/5.0 (Macintosh; Intel Mac OS X 10_15_7) AppleWebKit/537.36 (KHTML, like Gecko) HeadlessChrome/147.0.7727.15 Safa"}
[2m[WebServer] [22m{"time":"2026-09-04T21:25:47.321304-04:00","level":"INFO","msg":"client log","level":"ERROR","message":"loadMyChecklists error: Failed to fetch\nTypeError: Failed to fetch\n    at api (http://localhost:3106/sync.js:24:21)\n    at loadMyChecklists (http://localhost:3106/workflows.html:631:24)\n    at rerenderOpenChecklistAfterSave (http://localhost:3106/sync.js:588:53)\n    at applyOp (http://localhost:3106/sync.js:554:7)\n    at wsCatchUp (http://localhost:3106/sync.js:312:7)","user":"Jamal C. (jamal@yumyums.kitchen)","page":"/workflows.html","ua":"Mozilla/5.0 (Macintosh; Intel Mac OS X 10_15_7) AppleWebKit/537.36 (KHTML, like Gecko) HeadlessChrome/147.0.7727.15 Safa"}
[2m[WebServer] [22m{"time":"2026-09-04T21:25:47.321336-04:00","level":"INFO","msg":"client log","level":"ERROR","message":"loadMyChecklists error: Failed to fetch\nTypeError: Failed to fetch\n    at api (http://localhost:3106/sync.js:24:21)\n    at loadMyChecklists (http://localhost:3106/workflows.html:631:24)\n    at rerenderOpenChecklistAfterSave (http://localhost:3106/sync.js:588:53)\n    at applyOp (http://localhost:3106/sync.js:554:7)\n    at _ws.onmessage (http://localhost:3106/sync.js:275:7)","user":"Jamal C. (jamal@yumyums.kitchen)","page":"/workflows.html","ua":"Mozilla/5.0 (Macintosh; Intel Mac OS X 10_15_7) AppleWebKit/537.36 (KHTML, like Gecko) HeadlessChrome/147.0.7727.15 Safa"}
[2m[WebServer] [22m{"time":"2026-09-04T21:25:47.32194-04:00","level":"INFO","msg":"client log","level":"ERROR","message":"loadMyChecklists error: Failed to fetch\nTypeError: Failed to fetch\n    at api (http://localhost:3106/sync.js:24:21)\n    at loadMyChecklists (http://localhost:3106/workflows.html:631:24)\n    at rerenderOpenChecklistAfterSave (http://localhost:3106/sync.js:588:53)\n    at applyOp (http://localhost:3106/sync.js:554:7)\n    at wsCatchUp (http://localhost:3106/sync.js:312:7)","user":"Jamal C. (jamal@yumyums.kitchen)","page":"/workflows.html","ua":"Mozilla/5.0 (Macintosh; Intel Mac OS X 10_15_7) AppleWebKit/537.36 (KHTML, like Gecko) HeadlessChrome/147.0.7727.15 Safa"}
[2m[WebServer] [22m{"time":"2026-09-04T21:25:47.321948-04:00","level":"INFO","msg":"client log","level":"ERROR","message":"loadMyChecklists error: Failed to fetch\nTypeError: Failed to fetch\n    at api (http://localhost:3106/sync.js:24:21)\n    at loadMyChecklists (http://localhost:3106/workflows.html:631:24)\n    at rerenderOpenChecklistAfterSave (http://localhost:3106/sync.js:588:53)\n    at applyOp (http://localhost:3106/sync.js:554:7)\n    at wsCatchUp (http://localhost:3106/sync.js:312:7)","user":"Jamal C. (jamal@yumyums.kitchen)","page":"/workflows.html","ua":"Mozilla/5.0 (Macintosh; Intel Mac OS X 10_15_7) AppleWebKit/537.36 (KHTML, like Gecko) HeadlessChrome/147.0.7727.15 Safa"}
[2m[WebServer] [22m{"time":"2026-09-04T21:25:47.324333-04:00","level":"INFO","msg":"client log","level":"ERROR","message":"loadMyChecklists error: Failed to fetch\nTypeError: Failed to fetch\n    at api (http://localhost:3106/sync.js:24:21)\n    at loadMyChecklists (http://localhost:3106/workflows.html:631:24)\n    at rerenderOpenChecklistAfterSave (http://localhost:3106/sync.js:588:53)\n    at applyOp (http://localhost:3106/sync.js:554:7)\n    at wsCatchUp (http://localhost:3106/sync.js:312:7)","user":"Jamal C. (jamal@yumyums.kitchen)","page":"/workflows.html","ua":"Mozilla/5.0 (Macintosh; Intel Mac OS X 10_15_7) AppleWebKit/537.36 (KHTML, like Gecko) HeadlessChrome/147.0.7727.15 Safa"}
[2m[WebServer] [22m{"time":"2026-09-04T21:25:47.325001-04:00","level":"INFO","msg":"client log","level":"ERROR","message":"loadMyChecklists error: Failed to fetch\nTypeError: Failed to fetch\n    at api (http://localhost:3106/sync.js:24:21)\n    at loadMyChecklists (http://localhost:3106/workflows.html:631:24)\n    at applyOp (http://localhost:3106/sync.js:544:7)\n    at wsCatchUp (http://localhost:3106/sync.js:312:7)","user":"Jamal C. (jamal@yumyums.kitchen)","page":"/workflows.html","ua":"Mozilla/5.0 (Macintosh; Intel Mac OS X 10_15_7) AppleWebKit/537.36 (KHTML, like Gecko) HeadlessChrome/147.0.7727.15 Safa"}
[2m[WebServer] [22m{"time":"2026-09-04T21:25:47.325024-04:00","level":"INFO","msg":"client log","level":"ERROR","message":"loadMyChecklists error: Failed to fetch\nTypeError: Failed to fetch\n    at api (http://localhost:3106/sync.js:24:21)\n    at loadMyChecklists (http://localhost:3106/workflows.html:631:24)\n    at rerenderOpenChecklistAfterSave (http://localhost:3106/sync.js:588:53)\n    at applyOp (http://localhost:3106/sync.js:554:7)\n    at wsCatchUp (http://localhost:3106/sync.js:312:7)","user":"Jamal C. (jamal@yumyums.kitchen)","page":"/workflows.html","ua":"Mozilla/5.0 (Macintosh; Intel Mac OS X 10_15_7) AppleWebKit/537.36 (KHTML, like Gecko) HeadlessChrome/147.0.7727.15 Safa"}
[2m[WebServer] [22m{"time":"2026-09-04T21:25:47.325135-04:00","level":"INFO","msg":"client log","level":"ERROR","message":"loadMyChecklists error: Failed to fetch\nTypeError: Failed to fetch\n    at api (http://localhost:3106/sync.js:24:21)\n    at loadMyChecklists (http://localhost:3106/workflows.html:631:24)\n    at rerenderOpenChecklistAfterSave (http://localhost:3106/sync.js:588:53)\n    at applyOp (http://localhost:3106/sync.js:554:7)\n    at wsCatchUp (http://localhost:3106/sync.js:312:7)","user":"Jamal C. (jamal@yumyums.kitchen)","page":"/workflows.html","ua":"Mozilla/5.0 (Macintosh; Intel Mac OS X 10_15_7) AppleWebKit/537.36 (KHTML, like Gecko) HeadlessChrome/147.0.7727.15 Safa"}
  ✓  705 [chromium] › tests/sync.spec.js:1413:3 › Convergence matrix (W-3): surviving answers converge across devices › fail-note text AND fail severity converge (live + catch-up) (3.0s)
[2m[WebServer] [22m{"time":"2026-09-04T21:25:47.817476-04:00","level":"ERROR","msg":"GetManagerHires failed","error":"query assigned templates for hire 14c11b75-a485-46c7-9ce9-0a8dcd7a24bc: context canceled"}
[2m[WebServer] [22m{"time":"2026-09-04T21:25:49.737646-04:00","level":"ERROR","msg":"GetManagerHires failed","error":"iterate assigned templates for hire 14c11b75-a485-46c7-9ce9-0a8dcd7a24bc: context canceled"}
[2m[WebServer] [22m{"time":"2026-09-04T21:25:57.150196-04:00","level":"INFO","msg":"op handler received op","op_type":"SET_FIELD","entity_id":"9e43a765-eec3-4227-8aac-3c7e48d2d463","device_id":"8c2884aa-90cc-418d-8d43-1b30b8e3cdb4","lamport_ts":1788571129894}
  ✓  706 [chromium] › tests/sync.spec.js:1472:3 › Convergence matrix (W-3): surviving answers converge across devices › fail-note photo-URL value converges (live + catch-up) (10.3s)
[2m[WebServer] [22m{"time":"2026-09-04T21:25:58.087137-04:00","level":"ERROR","msg":"GetManagerHires failed","error":"iterate assigned templates for hire d949b011-7c4e-4234-a641-2a565765b237: context canceled"}
[2m[WebServer] [22m{"time":"2026-09-04T21:25:58.528805-04:00","level":"ERROR","msg":"listTemplates error","error":"iterate templates: context canceled"}
[2m[WebServer] [22m{"time":"2026-09-04T21:25:59.138167-04:00","level":"INFO","msg":"op handler received op","op_type":"SET_FIELD","entity_id":"d3f85ca9-7ad2-412e-951d-08a698402550","device_id":"a6e52cf4-e848-4f1d-a4b5-2b657829942b","lamport_ts":1788571129897}
[2m[WebServer] [22m{"time":"2026-09-04T21:26:00.232272-04:00","level":"ERROR","msg":"GetManagerHires failed","error":"iterate assigned templates for hire d949b011-7c4e-4234-a641-2a565765b237: context canceled"}
[2m[WebServer] [22m{"time":"2026-09-04T21:26:01.678698-04:00","level":"ERROR","msg":"myChecklists error","error":"iterate responses: context canceled"}
[2m[WebServer] [22m{"time":"2026-09-04T21:26:01.683419-04:00","level":"ERROR","msg":"myChecklists error","error":"get user role: context canceled"}
[2m[WebServer] [22m{"time":"2026-09-04T21:26:01.683447-04:00","level":"ERROR","msg":"cleanupOldDrafts error","error":"cleanup old drafts: context canceled"}
[2m[WebServer] [22m{"time":"2026-09-04T21:26:01.687098-04:00","level":"ERROR","msg":"listTemplates error","error":"iterate sections: context canceled"}
[2m[WebServer] [22m{"time":"2026-09-04T21:26:01.720436-04:00","level":"INFO","msg":"client log","level":"ERROR","message":"loadMyChecklists error: Failed to fetch\nTypeError: Failed to fetch\n    at api (http://localhost:3106/sync.js:24:21)\n    at loadMyChecklists (http://localhost:3106/workflows.html:631:24)\n    at rerenderOpenChecklistAfterSave (http://localhost:3106/sync.js:588:53)\n    at applyOp (http://localhost:3106/sync.js:554:7)\n    at wsCatchUp (http://localhost:3106/sync.js:312:7)","user":"Jamal C. (jamal@yumyums.kitchen)","page":"/workflows.html","ua":"Mozilla/5.0 (Macintosh; Intel Mac OS X 10_15_7) AppleWebKit/537.36 (KHTML, like Gecko) HeadlessChrome/147.0.7727.15 Safa"}
[2m[WebServer] [22m{"time":"2026-09-04T21:26:01.727866-04:00","level":"INFO","msg":"client log","level":"ERROR","message":"loadMyChecklists error: Failed to fetch\nTypeError: Failed to fetch\n    at api (http://localhost:3106/sync.js:24:21)\n    at loadMyChecklists (http://localhost:3106/workflows.html:631:24)\n    at applyOp (http://localhost:3106/sync.js:519:7)\n    at wsCatchUp (http://localhost:3106/sync.js:312:7)","user":"Jamal C. (jamal@yumyums.kitchen)","page":"/workflows.html","ua":"Mozilla/5.0 (Macintosh; Intel Mac OS X 10_15_7) AppleWebKit/537.36 (KHTML, like Gecko) HeadlessChrome/147.0.7727.15 Safa"}
[2m[WebServer] [22m{"time":"2026-09-04T21:26:01.73202-04:00","level":"INFO","msg":"client log","level":"ERROR","message":"loadMyChecklists error: Failed to fetch\nTypeError: Failed to fetch\n    at api (http://localhost:3106/sync.js:24:21)\n    at loadMyChecklists (http://localhost:3106/workflows.html:631:24)\n    at rerenderOpenChecklistAfterSave (http://localhost:3106/sync.js:588:53)\n    at applyOp (http://localhost:3106/sync.js:554:7)\n    at wsCatchUp (http://localhost:3106/sync.js:312:7)","user":"Jamal C. (jamal@yumyums.kitchen)","page":"/workflows.html","ua":"Mozilla/5.0 (Macintosh; Intel Mac OS X 10_15_7) AppleWebKit/537.36 (KHTML, like Gecko) HeadlessChrome/147.0.7727.15 Safa"}
[2m[WebServer] [22m{"time":"2026-09-04T21:26:01.735073-04:00","level":"INFO","msg":"client log","level":"ERROR","message":"loadMyChecklists error: Failed to fetch\nTypeError: Failed to fetch\n    at api (http://localhost:3106/sync.js:24:21)\n    at loadMyChecklists (http://localhost:3106/workflows.html:631:24)\n    at rerenderOpenChecklistAfterSave (http://localhost:3106/sync.js:588:53)\n    at applyOp (http://localhost:3106/sync.js:554:7)\n    at wsCatchUp (http://localhost:3106/sync.js:312:7)","user":"Jamal C. (jamal@yumyums.kitchen)","page":"/workflows.html","ua":"Mozilla/5.0 (Macintosh; Intel Mac OS X 10_15_7) AppleWebKit/537.36 (KHTML, like Gecko) HeadlessChrome/147.0.7727.15 Safa"}
[2m[WebServer] [22m{"time":"2026-09-04T21:26:01.738152-04:00","level":"INFO","msg":"client log","level":"ERROR","message":"loadMyChecklists error: Failed to fetch\nTypeError: Failed to fetch\n    at api (http://localhost:3106/sync.js:24:21)\n    at loadMyChecklists (http://localhost:3106/workflows.html:631:24)\n    at rerenderOpenChecklistAfterSave (http://localhost:3106/sync.js:588:53)\n    at applyOp (http://localhost:3106/sync.js:554:7)\n    at wsCatchUp (http://localhost:3106/sync.js:312:7)","user":"Jamal C. (jamal@yumyums.kitchen)","page":"/workflows.html","ua":"Mozilla/5.0 (Macintosh; Intel Mac OS X 10_15_7) AppleWebKit/537.36 (KHTML, like Gecko) HeadlessChrome/147.0.7727.15 Safa"}
[2m[WebServer] [22m{"time":"2026-09-04T21:26:01.738293-04:00","level":"INFO","msg":"client log","level":"ERROR","message":"loadMyChecklists error: Failed to fetch\nTypeError: Failed to fetch\n    at api (http://localhost:3106/sync.js:24:21)\n    at loadMyChecklists (http://localhost:3106/workflows.html:631:24)\n    at rerenderOpenChecklistAfterSave (http://localhost:3106/sync.js:588:53)\n    at applyOp (http://localhost:3106/sync.js:554:7)\n    at wsCatchUp (http://localhost:3106/sync.js:312:7)","user":"Jamal C. (jamal@yumyums.kitchen)","page":"/workflows.html","ua":"Mozilla/5.0 (Macintosh; Intel Mac OS X 10_15_7) AppleWebKit/537.36 (KHTML, like Gecko) HeadlessChrome/147.0.7727.15 Safa"}
[2m[WebServer] [22m{"time":"2026-09-04T21:26:01.739059-04:00","level":"INFO","msg":"client log","level":"ERROR","message":"loadMyChecklists error: Failed to fetch\nTypeError: Failed to fetch\n    at api (http://localhost:3106/sync.js:24:21)\n    at loadMyChecklists (http://localhost:3106/workflows.html:631:24)\n    at applyOp (http://localhost:3106/sync.js:519:7)\n    at _ws.onmessage (http://localhost:3106/sync.js:275:7)","user":"Jamal C. (jamal@yumyums.kitchen)","page":"/workflows.html","ua":"Mozilla/5.0 (Macintosh; Intel Mac OS X 10_15_7) AppleWebKit/537.36 (KHTML, like Gecko) HeadlessChrome/147.0.7727.15 Safa"}
[2m[WebServer] [22m{"time":"2026-09-04T21:26:01.742142-04:00","level":"INFO","msg":"client log","level":"ERROR","message":"loadMyChecklists error: Failed to fetch\nTypeError: Failed to fetch\n    at api (http://localhost:3106/sync.js:24:21)\n    at loadMyChecklists (http://localhost:3106/workflows.html:631:24)\n    at rerenderOpenChecklistAfterSave (http://localhost:3106/sync.js:588:53)\n    at applyOp (http://localhost:3106/sync.js:554:7)\n    at wsCatchUp (http://localhost:3106/sync.js:312:7)","user":"Jamal C. (jamal@yumyums.kitchen)","page":"/workflows.html","ua":"Mozilla/5.0 (Macintosh; Intel Mac OS X 10_15_7) AppleWebKit/537.36 (KHTML, like Gecko) HeadlessChrome/147.0.7727.15 Safa"}
[2m[WebServer] [22m{"time":"2026-09-04T21:26:01.742413-04:00","level":"INFO","msg":"client log","level":"ERROR","message":"loadMyChecklists error: Failed to fetch\nTypeError: Failed to fetch\n    at api (http://localhost:3106/sync.js:24:21)\n    at loadMyChecklists (http://localhost:3106/workflows.html:631:24)\n    at rerenderOpenChecklistAfterSave (http://localhost:3106/sync.js:588:53)\n    at applyOp (http://localhost:3106/sync.js:554:7)\n    at wsCatchUp (http://localhost:3106/sync.js:312:7)","user":"Jamal C. (jamal@yumyums.kitchen)","page":"/workflows.html","ua":"Mozilla/5.0 (Macintosh; Intel Mac OS X 10_15_7) AppleWebKit/537.36 (KHTML, like Gecko) HeadlessChrome/147.0.7727.15 Safa"}
[2m[WebServer] [22m{"time":"2026-09-04T21:26:01.743528-04:00","level":"INFO","msg":"client log","level":"ERROR","message":"loadMyChecklists error: Failed to fetch\nTypeError: Failed to fetch\n    at api (http://localhost:3106/sync.js:24:21)\n    at loadMyChecklists (http://localhost:3106/workflows.html:631:24)\n    at rerenderOpenChecklistAfterSave (http://localhost:3106/sync.js:588:53)\n    at applyOp (http://localhost:3106/sync.js:554:7)\n    at wsCatchUp (http://localhost:3106/sync.js:312:7)","user":"Jamal C. (jamal@yumyums.kitchen)","page":"/workflows.html","ua":"Mozilla/5.0 (Macintosh; Intel Mac OS X 10_15_7) AppleWebKit/537.36 (KHTML, like Gecko) HeadlessChrome/147.0.7727.15 Safa"}
[2m[WebServer] [22m{"time":"2026-09-04T21:26:01.743599-04:00","level":"INFO","msg":"client log","level":"ERROR","message":"loadMyChecklists error: Failed to fetch\nTypeError: Failed to fetch\n    at api (http://localhost:3106/sync.js:24:21)\n    at loadMyChecklists (http://localhost:3106/workflows.html:631:24)\n    at rerenderOpenChecklistAfterSave (http://localhost:3106/sync.js:588:53)\n    at applyOp (http://localhost:3106/sync.js:554:7)\n    at wsCatchUp (http://localhost:3106/sync.js:312:7)","user":"Jamal C. (jamal@yumyums.kitchen)","page":"/workflows.html","ua":"Mozilla/5.0 (Macintosh; Intel Mac OS X 10_15_7) AppleWebKit/537.36 (KHTML, like Gecko) HeadlessChrome/147.0.7727.15 Safa"}
[2m[WebServer] [22m{"time":"2026-09-04T21:26:01.744857-04:00","level":"INFO","msg":"client log","level":"ERROR","message":"loadMyChecklists error: Failed to fetch\nTypeError: Failed to fetch\n    at api (http://localhost:3106/sync.js:24:21)\n    at loadMyChecklists (http://localhost:3106/workflows.html:631:24)\n    at applyOp (http://localhost:3106/sync.js:544:7)\n    at wsCatchUp (http://localhost:3106/sync.js:312:7)","user":"Jamal C. (jamal@yumyums.kitchen)","page":"/workflows.html","ua":"Mozilla/5.0 (Macintosh; Intel Mac OS X 10_15_7) AppleWebKit/537.36 (KHTML, like Gecko) HeadlessChrome/147.0.7727.15 Safa"}
[2m[WebServer] [22m{"time":"2026-09-04T21:26:01.745076-04:00","level":"INFO","msg":"client log","level":"ERROR","message":"loadMyChecklists error: Failed to fetch\nTypeError: Failed to fetch\n    at api (http://localhost:3106/sync.js:24:21)\n    at loadMyChecklists (http://localhost:3106/workflows.html:631:24)\n    at rerenderOpenChecklistAfterSave (http://localhost:3106/sync.js:588:53)\n    at applyOp (http://localhost:3106/sync.js:554:7)\n    at wsCatchUp (http://localhost:3106/sync.js:312:7)","user":"Jamal C. (jamal@yumyums.kitchen)","page":"/workflows.html","ua":"Mozilla/5.0 (Macintosh; Intel Mac OS X 10_15_7) AppleWebKit/537.36 (KHTML, like Gecko) HeadlessChrome/147.0.7727.15 Safa"}
[2m[WebServer] [22m{"time":"2026-09-04T21:26:01.747632-04:00","level":"INFO","msg":"client log","level":"ERROR","message":"loadMyChecklists error: Failed to fetch\nTypeError: Failed to fetch\n    at api (http://localhost:3106/sync.js:24:21)\n    at loadMyChecklists (http://localhost:3106/workflows.html:631:24)\n    at rerenderOpenChecklistAfterSave (http://localhost:3106/sync.js:588:53)\n    at applyOp (http://localhost:3106/sync.js:554:7)\n    at wsCatchUp (http://localhost:3106/sync.js:312:7)","user":"Jamal C. (jamal@yumyums.kitchen)","page":"/workflows.html","ua":"Mozilla/5.0 (Macintosh; Intel Mac OS X 10_15_7) AppleWebKit/537.36 (KHTML, like Gecko) HeadlessChrome/147.0.7727.15 Safa"}
[2m[WebServer] [22m{"time":"2026-09-04T21:26:01.749898-04:00","level":"INFO","msg":"client log","level":"ERROR","message":"loadMyChecklists error: Failed to fetch\nTypeError: Failed to fetch\n    at api (http://localhost:3106/sync.js:24:21)\n    at loadMyChecklists (http://localhost:3106/workflows.html:631:24)\n    at applyOp (http://localhost:3106/sync.js:544:7)\n    at wsCatchUp (http://localhost:3106/sync.js:312:7)","user":"Jamal C. (jamal@yumyums.kitchen)","page":"/workflows.html","ua":"Mozilla/5.0 (Macintosh; Intel Mac OS X 10_15_7) AppleWebKit/537.36 (KHTML, like Gecko) HeadlessChrome/147.0.7727.15 Safa"}
[2m[WebServer] [22m{"time":"2026-09-04T21:26:01.750923-04:00","level":"INFO","msg":"client log","level":"ERROR","message":"loadMyChecklists error: Failed to fetch\nTypeError: Failed to fetch\n    at api (http://localhost:3106/sync.js:24:21)\n    at loadMyChecklists (http://localhost:3106/workflows.html:631:24)\n    at rerenderOpenChecklistAfterSave (http://localhost:3106/sync.js:588:53)\n    at applyOp (http://localhost:3106/sync.js:554:7)\n    at wsCatchUp (http://localhost:3106/sync.js:312:7)","user":"Jamal C. (jamal@yumyums.kitchen)","page":"/workflows.html","ua":"Mozilla/5.0 (Macintosh; Intel Mac OS X 10_15_7) AppleWebKit/537.36 (KHTML, like Gecko) HeadlessChrome/147.0.7727.15 Safa"}
[2m[WebServer] [22m{"time":"2026-09-04T21:26:01.750967-04:00","level":"INFO","msg":"client log","level":"ERROR","message":"loadMyChecklists error: Failed to fetch\nTypeError: Failed to fetch\n    at api (http://localhost:3106/sync.js:24:21)\n    at loadMyChecklists (http://localhost:3106/workflows.html:631:24)\n    at rerenderOpenChecklistAfterSave (http://localhost:3106/sync.js:588:53)\n    at applyOp (http://localhost:3106/sync.js:554:7)\n    at wsCatchUp (http://localhost:3106/sync.js:312:7)","user":"Jamal C. (jamal@yumyums.kitchen)","page":"/workflows.html","ua":"Mozilla/5.0 (Macintosh; Intel Mac OS X 10_15_7) AppleWebKit/537.36 (KHTML, like Gecko) HeadlessChrome/147.0.7727.15 Safa"}
[2m[WebServer] [22m{"time":"2026-09-04T21:26:01.750977-04:00","level":"INFO","msg":"client log","level":"ERROR","message":"loadMyChecklists error: Failed to fetch\nTypeError: Failed to fetch\n    at api (http://localhost:3106/sync.js:24:21)\n    at loadMyChecklists (http://localhost:3106/workflows.html:631:24)\n    at applyOp (http://localhost:3106/sync.js:544:7)\n    at wsCatchUp (http://localhost:3106/sync.js:312:7)","user":"Jamal C. (jamal@yumyums.kitchen)","page":"/workflows.html","ua":"Mozilla/5.0 (Macintosh; Intel Mac OS X 10_15_7) AppleWebKit/537.36 (KHTML, like Gecko) HeadlessChrome/147.0.7727.15 Safa"}
[2m[WebServer] [22m{"time":"2026-09-04T21:26:01.751181-04:00","level":"INFO","msg":"client log","level":"ERROR","message":"loadMyChecklists error: Failed to fetch\nTypeError: Failed to fetch\n    at api (http://localhost:3106/sync.js:24:21)\n    at loadMyChecklists (http://localhost:3106/workflows.html:631:24)\n    at rerenderOpenChecklistAfterSave (http://localhost:3106/sync.js:588:53)\n    at applyOp (http://localhost:3106/sync.js:554:7)\n    at wsCatchUp (http://localhost:3106/sync.js:312:7)","user":"Jamal C. (jamal@yumyums.kitchen)","page":"/workflows.html","ua":"Mozilla/5.0 (Macintosh; Intel Mac OS X 10_15_7) AppleWebKit/537.36 (KHTML, like Gecko) HeadlessChrome/147.0.7727.15 Safa"}
[2m[WebServer] [22m{"time":"2026-09-04T21:26:01.752573-04:00","level":"INFO","msg":"client log","level":"ERROR","message":"loadMyChecklists error: Failed to fetch\nTypeError: Failed to fetch\n    at api (http://localhost:3106/sync.js:24:21)\n    at loadMyChecklists (http://localhost:3106/workflows.html:631:24)\n    at rerenderOpenChecklistAfterSave (http://localhost:3106/sync.js:588:53)\n    at applyOp (http://localhost:3106/sync.js:554:7)\n    at wsCatchUp (http://localhost:3106/sync.js:312:7)","user":"Jamal C. (jamal@yumyums.kitchen)","page":"/workflows.html","ua":"Mozilla/5.0 (Macintosh; Intel Mac OS X 10_15_7) AppleWebKit/537.36 (KHTML, like Gecko) HeadlessChrome/147.0.7727.15 Safa"}
[2m[WebServer] [22m{"time":"2026-09-04T21:26:01.755582-04:00","level":"INFO","msg":"client log","level":"ERROR","message":"loadMyChecklists error: Failed to fetch\nTypeError: Failed to fetch\n    at api (http://localhost:3106/sync.js:24:21)\n    at loadMyChecklists (http://localhost:3106/workflows.html:631:24)\n    at rerenderOpenChecklistAfterSave (http://localhost:3106/sync.js:588:53)\n    at applyOp (http://localhost:3106/sync.js:554:7)\n    at wsCatchUp (http://localhost:3106/sync.js:312:7)","user":"Jamal C. (jamal@yumyums.kitchen)","page":"/workflows.html","ua":"Mozilla/5.0 (Macintosh; Intel Mac OS X 10_15_7) AppleWebKit/537.36 (KHTML, like Gecko) HeadlessChrome/147.0.7727.15 Safa"}
[2m[WebServer] [22m{"time":"2026-09-04T21:26:01.755677-04:00","level":"INFO","msg":"client log","level":"ERROR","message":"loadMyChecklists error: Failed to fetch\nTypeError: Failed to fetch\n    at api (http://localhost:3106/sync.js:24:21)\n    at loadMyChecklists (http://localhost:3106/workflows.html:631:24)\n    at rerenderOpenChecklistAfterSave (http://localhost:3106/sync.js:588:53)\n    at applyOp (http://localhost:3106/sync.js:554:7)\n    at wsCatchUp (http://localhost:3106/sync.js:312:7)","user":"Jamal C. (jamal@yumyums.kitchen)","page":"/workflows.html","ua":"Mozilla/5.0 (Macintosh; Intel Mac OS X 10_15_7) AppleWebKit/537.36 (KHTML, like Gecko) HeadlessChrome/147.0.7727.15 Safa"}
[2m[WebServer] [22m{"time":"2026-09-04T21:26:01.756241-04:00","level":"INFO","msg":"client log","level":"ERROR","message":"loadMyChecklists error: Failed to fetch\nTypeError: Failed to fetch\n    at api (http://localhost:3106/sync.js:24:21)\n    at loadMyChecklists (http://localhost:3106/workflows.html:631:24)\n    at rerenderOpenChecklistAfterSave (http://localhost:3106/sync.js:588:53)\n    at applyOp (http://localhost:3106/sync.js:554:7)\n    at wsCatchUp (http://localhost:3106/sync.js:312:7)","user":"Jamal C. (jamal@yumyums.kitchen)","page":"/workflows.html","ua":"Mozilla/5.0 (Macintosh; Intel Mac OS X 10_15_7) AppleWebKit/537.36 (KHTML, like Gecko) HeadlessChrome/147.0.7727.15 Safa"}
[2m[WebServer] [22m{"time":"2026-09-04T21:26:01.756673-04:00","level":"INFO","msg":"client log","level":"ERROR","message":"loadMyChecklists error: Failed to fetch\nTypeError: Failed to fetch\n    at api (http://localhost:3106/sync.js:24:21)\n    at loadMyChecklists (http://localhost:3106/workflows.html:631:24)\n    at rerenderOpenChecklistAfterSave (http://localhost:3106/sync.js:588:53)\n    at applyOp (http://localhost:3106/sync.js:554:7)\n    at wsCatchUp (http://localhost:3106/sync.js:312:7)","user":"Jamal C. (jamal@yumyums.kitchen)","page":"/workflows.html","ua":"Mozilla/5.0 (Macintosh; Intel Mac OS X 10_15_7) AppleWebKit/537.36 (KHTML, like Gecko) HeadlessChrome/147.0.7727.15 Safa"}
[2m[WebServer] [22m{"time":"2026-09-04T21:26:01.756847-04:00","level":"INFO","msg":"client log","level":"ERROR","message":"loadMyChecklists error: Failed to fetch\nTypeError: Failed to fetch\n    at api (http://localhost:3106/sync.js:24:21)\n    at loadMyChecklists (http://localhost:3106/workflows.html:631:24)\n    at rerenderOpenChecklistAfterSave (http://localhost:3106/sync.js:588:53)\n    at applyOp (http://localhost:3106/sync.js:554:7)\n    at wsCatchUp (http://localhost:3106/sync.js:312:7)","user":"Jamal C. (jamal@yumyums.kitchen)","page":"/workflows.html","ua":"Mozilla/5.0 (Macintosh; Intel Mac OS X 10_15_7) AppleWebKit/537.36 (KHTML, like Gecko) HeadlessChrome/147.0.7727.15 Safa"}
[2m[WebServer] [22m{"time":"2026-09-04T21:26:01.762503-04:00","level":"INFO","msg":"client log","level":"ERROR","message":"loadMyChecklists error: Failed to fetch\nTypeError: Failed to fetch\n    at api (http://localhost:3106/sync.js:24:21)\n    at loadMyChecklists (http://localhost:3106/workflows.html:631:24)\n    at rerenderOpenChecklistAfterSave (http://localhost:3106/sync.js:588:53)\n    at applyOp (http://localhost:3106/sync.js:554:7)\n    at wsCatchUp (http://localhost:3106/sync.js:312:7)","user":"Jamal C. (jamal@yumyums.kitchen)","page":"/workflows.html","ua":"Mozilla/5.0 (Macintosh; Intel Mac OS X 10_15_7) AppleWebKit/537.36 (KHTML, like Gecko) HeadlessChrome/147.0.7727.15 Safa"}
[2m[WebServer] [22m{"time":"2026-09-04T21:26:01.762522-04:00","level":"INFO","msg":"client log","level":"ERROR","message":"loadMyChecklists error: Failed to fetch\nTypeError: Failed to fetch\n    at api (http://localhost:3106/sync.js:24:21)\n    at loadMyChecklists (http://localhost:3106/workflows.html:631:24)\n    at applyOp (http://localhost:3106/sync.js:544:7)\n    at wsCatchUp (http://localhost:3106/sync.js:312:7)","user":"Jamal C. (jamal@yumyums.kitchen)","page":"/workflows.html","ua":"Mozilla/5.0 (Macintosh; Intel Mac OS X 10_15_7) AppleWebKit/537.36 (KHTML, like Gecko) HeadlessChrome/147.0.7727.15 Safa"}
[2m[WebServer] [22m{"time":"2026-09-04T21:26:01.763202-04:00","level":"INFO","msg":"client log","level":"ERROR","message":"loadMyChecklists error: Failed to fetch\nTypeError: Failed to fetch\n    at api (http://localhost:3106/sync.js:24:21)\n    at loadMyChecklists (http://localhost:3106/workflows.html:631:24)\n    at applyOp (http://localhost:3106/sync.js:544:7)\n    at wsCatchUp (http://localhost:3106/sync.js:312:7)","user":"Jamal C. (jamal@yumyums.kitchen)","page":"/workflows.html","ua":"Mozilla/5.0 (Macintosh; Intel Mac OS X 10_15_7) AppleWebKit/537.36 (KHTML, like Gecko) HeadlessChrome/147.0.7727.15 Safa"}
[2m[WebServer] [22m{"time":"2026-09-04T21:26:01.76365-04:00","level":"INFO","msg":"client log","level":"ERROR","message":"loadMyChecklists error: Failed to fetch\nTypeError: Failed to fetch\n    at api (http://localhost:3106/sync.js:24:21)\n    at loadMyChecklists (http://localhost:3106/workflows.html:631:24)\n    at applyOp (http://localhost:3106/sync.js:544:7)\n    at wsCatchUp (http://localhost:3106/sync.js:312:7)","user":"Jamal C. (jamal@yumyums.kitchen)","page":"/workflows.html","ua":"Mozilla/5.0 (Macintosh; Intel Mac OS X 10_15_7) AppleWebKit/537.36 (KHTML, like Gecko) HeadlessChrome/147.0.7727.15 Safa"}
[2m[WebServer] [22m{"time":"2026-09-04T21:26:01.767448-04:00","level":"INFO","msg":"client log","level":"ERROR","message":"loadMyChecklists error: Failed to fetch\nTypeError: Failed to fetch\n    at api (http://localhost:3106/sync.js:24:21)\n    at loadMyChecklists (http://localhost:3106/workflows.html:631:24)\n    at rerenderOpenChecklistAfterSave (http://localhost:3106/sync.js:588:53)\n    at applyOp (http://localhost:3106/sync.js:554:7)\n    at wsCatchUp (http://localhost:3106/sync.js:312:7)","user":"Jamal C. (jamal@yumyums.kitchen)","page":"/workflows.html","ua":"Mozilla/5.0 (Macintosh; Intel Mac OS X 10_15_7) AppleWebKit/537.36 (KHTML, like Gecko) HeadlessChrome/147.0.7727.15 Safa"}
[2m[WebServer] [22m{"time":"2026-09-04T21:26:01.767788-04:00","level":"INFO","msg":"client log","level":"ERROR","message":"loadMyChecklists error: Failed to fetch\nTypeError: Failed to fetch\n    at api (http://localhost:3106/sync.js:24:21)\n    at loadMyChecklists (http://localhost:3106/workflows.html:631:24)\n    at rerenderOpenChecklistAfterSave (http://localhost:3106/sync.js:588:53)\n    at applyOp (http://localhost:3106/sync.js:554:7)\n    at wsCatchUp (http://localhost:3106/sync.js:312:7)","user":"Jamal C. (jamal@yumyums.kitchen)","page":"/workflows.html","ua":"Mozilla/5.0 (Macintosh; Intel Mac OS X 10_15_7) AppleWebKit/537.36 (KHTML, like Gecko) HeadlessChrome/147.0.7727.15 Safa"}
[2m[WebServer] [22m{"time":"2026-09-04T21:26:01.767917-04:00","level":"INFO","msg":"client log","level":"ERROR","message":"loadMyChecklists error: Failed to fetch\nTypeError: Failed to fetch\n    at api (http://localhost:3106/sync.js:24:21)\n    at loadMyChecklists (http://localhost:3106/workflows.html:631:24)\n    at rerenderOpenChecklistAfterSave (http://localhost:3106/sync.js:588:53)\n    at applyOp (http://localhost:3106/sync.js:554:7)\n    at wsCatchUp (http://localhost:3106/sync.js:312:7)","user":"Jamal C. (jamal@yumyums.kitchen)","page":"/workflows.html","ua":"Mozilla/5.0 (Macintosh; Intel Mac OS X 10_15_7) AppleWebKit/537.36 (KHTML, like Gecko) HeadlessChrome/147.0.7727.15 Safa"}
[2m[WebServer] [22m{"time":"2026-09-04T21:26:01.768357-04:00","level":"INFO","msg":"client log","level":"ERROR","message":"loadMyChecklists error: Failed to fetch\nTypeError: Failed to fetch\n    at api (http://localhost:3106/sync.js:24:21)\n    at loadMyChecklists (http://localhost:3106/workflows.html:631:24)\n    at rerenderOpenChecklistAfterSave (http://localhost:3106/sync.js:588:53)\n    at applyOp (http://localhost:3106/sync.js:554:7)\n    at wsCatchUp (http://localhost:3106/sync.js:312:7)","user":"Jamal C. (jamal@yumyums.kitchen)","page":"/workflows.html","ua":"Mozilla/5.0 (Macintosh; Intel Mac OS X 10_15_7) AppleWebKit/537.36 (KHTML, like Gecko) HeadlessChrome/147.0.7727.15 Safa"}
[2m[WebServer] [22m{"time":"2026-09-04T21:26:01.771149-04:00","level":"INFO","msg":"client log","level":"ERROR","message":"loadMyChecklists error: Failed to fetch\nTypeError: Failed to fetch\n    at api (http://localhost:3106/sync.js:24:21)\n    at loadMyChecklists (http://localhost:3106/workflows.html:631:24)\n    at rerenderOpenChecklistAfterSave (http://localhost:3106/sync.js:588:53)\n    at applyOp (http://localhost:3106/sync.js:554:7)\n    at wsCatchUp (http://localhost:3106/sync.js:312:7)","user":"Jamal C. (jamal@yumyums.kitchen)","page":"/workflows.html","ua":"Mozilla/5.0 (Macintosh; Intel Mac OS X 10_15_7) AppleWebKit/537.36 (KHTML, like Gecko) HeadlessChrome/147.0.7727.15 Safa"}
[2m[WebServer] [22m{"time":"2026-09-04T21:26:01.771701-04:00","level":"INFO","msg":"client log","level":"ERROR","message":"loadMyChecklists error: Failed to fetch\nTypeError: Failed to fetch\n    at api (http://localhost:3106/sync.js:24:21)\n    at loadMyChecklists (http://localhost:3106/workflows.html:631:24)\n    at rerenderOpenChecklistAfterSave (http://localhost:3106/sync.js:588:53)\n    at applyOp (http://localhost:3106/sync.js:554:7)\n    at wsCatchUp (http://localhost:3106/sync.js:312:7)","user":"Jamal C. (jamal@yumyums.kitchen)","page":"/workflows.html","ua":"Mozilla/5.0 (Macintosh; Intel Mac OS X 10_15_7) AppleWebKit/537.36 (KHTML, like Gecko) HeadlessChrome/147.0.7727.15 Safa"}
[2m[WebServer] [22m{"time":"2026-09-04T21:26:01.772355-04:00","level":"INFO","msg":"client log","level":"ERROR","message":"loadMyChecklists error: Failed to fetch\nTypeError: Failed to fetch\n    at api (http://localhost:3106/sync.js:24:21)\n    at loadMyChecklists (http://localhost:3106/workflows.html:631:24)\n    at rerenderOpenChecklistAfterSave (http://localhost:3106/sync.js:588:53)\n    at applyOp (http://localhost:3106/sync.js:554:7)\n    at wsCatchUp (http://localhost:3106/sync.js:312:7)","user":"Jamal C. (jamal@yumyums.kitchen)","page":"/workflows.html","ua":"Mozilla/5.0 (Macintosh; Intel Mac OS X 10_15_7) AppleWebKit/537.36 (KHTML, like Gecko) HeadlessChrome/147.0.7727.15 Safa"}
[2m[WebServer] [22m{"time":"2026-09-04T21:26:01.772449-04:00","level":"INFO","msg":"client log","level":"ERROR","message":"loadMyChecklists error: Failed to fetch\nTypeError: Failed to fetch\n    at api (http://localhost:3106/sync.js:24:21)\n    at loadMyChecklists (http://localhost:3106/workflows.html:631:24)\n    at rerenderOpenChecklistAfterSave (http://localhost:3106/sync.js:588:53)\n    at applyOp (http://localhost:3106/sync.js:554:7)\n    at wsCatchUp (http://localhost:3106/sync.js:312:7)","user":"Jamal C. (jamal@yumyums.kitchen)","page":"/workflows.html","ua":"Mozilla/5.0 (Macintosh; Intel Mac OS X 10_15_7) AppleWebKit/537.36 (KHTML, like Gecko) HeadlessChrome/147.0.7727.15 Safa"}
[2m[WebServer] [22m{"time":"2026-09-04T21:26:01.774459-04:00","level":"INFO","msg":"client log","level":"ERROR","message":"loadMyChecklists error: Failed to fetch\nTypeError: Failed to fetch\n    at api (http://localhost:3106/sync.js:24:21)\n    at loadMyChecklists (http://localhost:3106/workflows.html:631:24)\n    at rerenderOpenChecklistAfterSave (http://localhost:3106/sync.js:588:53)\n    at applyOp (http://localhost:3106/sync.js:554:7)\n    at wsCatchUp (http://localhost:3106/sync.js:312:7)","user":"Jamal C. (jamal@yumyums.kitchen)","page":"/workflows.html","ua":"Mozilla/5.0 (Macintosh; Intel Mac OS X 10_15_7) AppleWebKit/537.36 (KHTML, like Gecko) HeadlessChrome/147.0.7727.15 Safa"}
[2m[WebServer] [22m{"time":"2026-09-04T21:26:01.776144-04:00","level":"INFO","msg":"client log","level":"ERROR","message":"loadMyChecklists error: Failed to fetch\nTypeError: Failed to fetch\n    at api (http://localhost:3106/sync.js:24:21)\n    at loadMyChecklists (http://localhost:3106/workflows.html:631:24)\n    at applyOp (http://localhost:3106/sync.js:544:7)\n    at wsCatchUp (http://localhost:3106/sync.js:312:7)","user":"Jamal C. (jamal@yumyums.kitchen)","page":"/workflows.html","ua":"Mozilla/5.0 (Macintosh; Intel Mac OS X 10_15_7) AppleWebKit/537.36 (KHTML, like Gecko) HeadlessChrome/147.0.7727.15 Safa"}
[2m[WebServer] [22m{"time":"2026-09-04T21:26:01.776685-04:00","level":"INFO","msg":"client log","level":"ERROR","message":"loadMyChecklists error: Failed to fetch\nTypeError: Failed to fetch\n    at api (http://localhost:3106/sync.js:24:21)\n    at loadMyChecklists (http://localhost:3106/workflows.html:631:24)\n    at rerenderOpenChecklistAfterSave (http://localhost:3106/sync.js:588:53)\n    at applyOp (http://localhost:3106/sync.js:554:7)\n    at wsCatchUp (http://localhost:3106/sync.js:312:7)","user":"Jamal C. (jamal@yumyums.kitchen)","page":"/workflows.html","ua":"Mozilla/5.0 (Macintosh; Intel Mac OS X 10_15_7) AppleWebKit/537.36 (KHTML, like Gecko) HeadlessChrome/147.0.7727.15 Safa"}
[2m[WebServer] [22m{"time":"2026-09-04T21:26:01.776691-04:00","level":"INFO","msg":"client log","level":"ERROR","message":"loadMyChecklists error: Failed to fetch\nTypeError: Failed to fetch\n    at api (http://localhost:3106/sync.js:24:21)\n    at loadMyChecklists (http://localhost:3106/workflows.html:631:24)\n    at rerenderOpenChecklistAfterSave (http://localhost:3106/sync.js:588:53)\n    at applyOp (http://localhost:3106/sync.js:554:7)\n    at wsCatchUp (http://localhost:3106/sync.js:312:7)","user":"Jamal C. (jamal@yumyums.kitchen)","page":"/workflows.html","ua":"Mozilla/5.0 (Macintosh; Intel Mac OS X 10_15_7) AppleWebKit/537.36 (KHTML, like Gecko) HeadlessChrome/147.0.7727.15 Safa"}
[2m[WebServer] [22m{"time":"2026-09-04T21:26:01.77835-04:00","level":"INFO","msg":"client log","level":"ERROR","message":"loadMyChecklists error: Failed to fetch\nTypeError: Failed to fetch\n    at api (http://localhost:3106/sync.js:24:21)\n    at loadMyChecklists (http://localhost:3106/workflows.html:631:24)\n    at rerenderOpenChecklistAfterSave (http://localhost:3106/sync.js:588:53)\n    at applyOp (http://localhost:3106/sync.js:554:7)\n    at wsCatchUp (http://localhost:3106/sync.js:312:7)","user":"Jamal C. (jamal@yumyums.kitchen)","page":"/workflows.html","ua":"Mozilla/5.0 (Macintosh; Intel Mac OS X 10_15_7) AppleWebKit/537.36 (KHTML, like Gecko) HeadlessChrome/147.0.7727.15 Safa"}
[2m[WebServer] [22m{"time":"2026-09-04T21:26:01.780151-04:00","level":"INFO","msg":"client log","level":"ERROR","message":"loadMyChecklists error: Failed to fetch\nTypeError: Failed to fetch\n    at api (http://localhost:3106/sync.js:24:21)\n    at loadMyChecklists (http://localhost:3106/workflows.html:631:24)\n    at rerenderOpenChecklistAfterSave (http://localhost:3106/sync.js:588:53)\n    at applyOp (http://localhost:3106/sync.js:554:7)\n    at wsCatchUp (http://localhost:3106/sync.js:312:7)","user":"Jamal C. (jamal@yumyums.kitchen)","page":"/workflows.html","ua":"Mozilla/5.0 (Macintosh; Intel Mac OS X 10_15_7) AppleWebKit/537.36 (KHTML, like Gecko) HeadlessChrome/147.0.7727.15 Safa"}
[2m[WebServer] [22m{"time":"2026-09-04T21:26:01.78039-04:00","level":"INFO","msg":"client log","level":"ERROR","message":"loadMyChecklists error: Failed to fetch\nTypeError: Failed to fetch\n    at api (http://localhost:3106/sync.js:24:21)\n    at loadMyChecklists (http://localhost:3106/workflows.html:631:24)\n    at rerenderOpenChecklistAfterSave (http://localhost:3106/sync.js:588:53)\n    at applyOp (http://localhost:3106/sync.js:554:7)\n    at wsCatchUp (http://localhost:3106/sync.js:312:7)","user":"Jamal C. (jamal@yumyums.kitchen)","page":"/workflows.html","ua":"Mozilla/5.0 (Macintosh; Intel Mac OS X 10_15_7) AppleWebKit/537.36 (KHTML, like Gecko) HeadlessChrome/147.0.7727.15 Safa"}
[2m[WebServer] [22m{"time":"2026-09-04T21:26:01.780797-04:00","level":"INFO","msg":"client log","level":"ERROR","message":"loadMyChecklists error: Failed to fetch\nTypeError: Failed to fetch\n    at api (http://localhost:3106/sync.js:24:21)\n    at loadMyChecklists (http://localhost:3106/workflows.html:631:24)\n    at rerenderOpenChecklistAfterSave (http://localhost:3106/sync.js:588:53)\n    at applyOp (http://localhost:3106/sync.js:554:7)\n    at wsCatchUp (http://localhost:3106/sync.js:312:7)","user":"Jamal C. (jamal@yumyums.kitchen)","page":"/workflows.html","ua":"Mozilla/5.0 (Macintosh; Intel Mac OS X 10_15_7) AppleWebKit/537.36 (KHTML, like Gecko) HeadlessChrome/147.0.7727.15 Safa"}
[2m[WebServer] [22m{"time":"2026-09-04T21:26:01.781162-04:00","level":"INFO","msg":"client log","level":"ERROR","message":"loadMyChecklists error: Failed to fetch\nTypeError: Failed to fetch\n    at api (http://localhost:3106/sync.js:24:21)\n    at loadMyChecklists (http://localhost:3106/workflows.html:631:24)\n    at applyOp (http://localhost:3106/sync.js:544:7)\n    at wsCatchUp (http://localhost:3106/sync.js:312:7)","user":"Jamal C. (jamal@yumyums.kitchen)","page":"/workflows.html","ua":"Mozilla/5.0 (Macintosh; Intel Mac OS X 10_15_7) AppleWebKit/537.36 (KHTML, like Gecko) HeadlessChrome/147.0.7727.15 Safa"}
[2m[WebServer] [22m{"time":"2026-09-04T21:26:01.784903-04:00","level":"INFO","msg":"client log","level":"ERROR","message":"loadMyChecklists error: Failed to fetch\nTypeError: Failed to fetch\n    at api (http://localhost:3106/sync.js:24:21)\n    at loadMyChecklists (http://localhost:3106/workflows.html:631:24)\n    at rerenderOpenChecklistAfterSave (http://localhost:3106/sync.js:588:53)\n    at applyOp (http://localhost:3106/sync.js:554:7)\n    at wsCatchUp (http://localhost:3106/sync.js:312:7)","user":"Jamal C. (jamal@yumyums.kitchen)","page":"/workflows.html","ua":"Mozilla/5.0 (Macintosh; Intel Mac OS X 10_15_7) AppleWebKit/537.36 (KHTML, like Gecko) HeadlessChrome/147.0.7727.15 Safa"}
[2m[WebServer] [22m{"time":"2026-09-04T21:26:01.785009-04:00","level":"INFO","msg":"client log","level":"ERROR","message":"loadMyChecklists error: Failed to fetch\nTypeError: Failed to fetch\n    at api (http://localhost:3106/sync.js:24:21)\n    at loadMyChecklists (http://localhost:3106/workflows.html:631:24)\n    at rerenderOpenChecklistAfterSave (http://localhost:3106/sync.js:588:53)\n    at applyOp (http://localhost:3106/sync.js:554:7)\n    at wsCatchUp (http://localhost:3106/sync.js:312:7)","user":"Jamal C. (jamal@yumyums.kitchen)","page":"/workflows.html","ua":"Mozilla/5.0 (Macintosh; Intel Mac OS X 10_15_7) AppleWebKit/537.36 (KHTML, like Gecko) HeadlessChrome/147.0.7727.15 Safa"}
[2m[WebServer] [22m{"time":"2026-09-04T21:26:01.785013-04:00","level":"INFO","msg":"client log","level":"ERROR","message":"loadMyChecklists error: Failed to fetch\nTypeError: Failed to fetch\n    at api (http://localhost:3106/sync.js:24:21)\n    at loadMyChecklists (http://localhost:3106/workflows.html:631:24)\n    at rerenderOpenChecklistAfterSave (http://localhost:3106/sync.js:588:53)\n    at applyOp (http://localhost:3106/sync.js:554:7)\n    at wsCatchUp (http://localhost:3106/sync.js:312:7)","user":"Jamal C. (jamal@yumyums.kitchen)","page":"/workflows.html","ua":"Mozilla/5.0 (Macintosh; Intel Mac OS X 10_15_7) AppleWebKit/537.36 (KHTML, like Gecko) HeadlessChrome/147.0.7727.15 Safa"}
[2m[WebServer] [22m{"time":"2026-09-04T21:26:01.785009-04:00","level":"INFO","msg":"client log","level":"ERROR","message":"loadMyChecklists error: Failed to fetch\nTypeError: Failed to fetch\n    at api (http://localhost:3106/sync.js:24:21)\n    at loadMyChecklists (http://localhost:3106/workflows.html:631:24)\n    at rerenderOpenChecklistAfterSave (http://localhost:3106/sync.js:588:53)\n    at applyOp (http://localhost:3106/sync.js:554:7)\n    at wsCatchUp (http://localhost:3106/sync.js:312:7)","user":"Jamal C. (jamal@yumyums.kitchen)","page":"/workflows.html","ua":"Mozilla/5.0 (Macintosh; Intel Mac OS X 10_15_7) AppleWebKit/537.36 (KHTML, like Gecko) HeadlessChrome/147.0.7727.15 Safa"}
[2m[WebServer] [22m{"time":"2026-09-04T21:26:01.785867-04:00","level":"INFO","msg":"client log","level":"ERROR","message":"loadMyChecklists error: Failed to fetch\nTypeError: Failed to fetch\n    at api (http://localhost:3106/sync.js:24:21)\n    at loadMyChecklists (http://localhost:3106/workflows.html:631:24)\n    at rerenderOpenChecklistAfterSave (http://localhost:3106/sync.js:588:53)\n    at applyOp (http://localhost:3106/sync.js:554:7)\n    at wsCatchUp (http://localhost:3106/sync.js:312:7)","user":"Jamal C. (jamal@yumyums.kitchen)","page":"/workflows.html","ua":"Mozilla/5.0 (Macintosh; Intel Mac OS X 10_15_7) AppleWebKit/537.36 (KHTML, like Gecko) HeadlessChrome/147.0.7727.15 Safa"}
[2m[WebServer] [22m{"time":"2026-09-04T21:26:01.788399-04:00","level":"INFO","msg":"client log","level":"ERROR","message":"loadMyChecklists error: Failed to fetch\nTypeError: Failed to fetch\n    at api (http://localhost:3106/sync.js:24:21)\n    at loadMyChecklists (http://localhost:3106/workflows.html:631:24)\n    at rerenderOpenChecklistAfterSave (http://localhost:3106/sync.js:588:53)\n    at applyOp (http://localhost:3106/sync.js:554:7)\n    at wsCatchUp (http://localhost:3106/sync.js:312:7)","user":"Jamal C. (jamal@yumyums.kitchen)","page":"/workflows.html","ua":"Mozilla/5.0 (Macintosh; Intel Mac OS X 10_15_7) AppleWebKit/537.36 (KHTML, like Gecko) HeadlessChrome/147.0.7727.15 Safa"}
[2m[WebServer] [22m{"time":"2026-09-04T21:26:01.788869-04:00","level":"INFO","msg":"client log","level":"ERROR","message":"loadMyChecklists error: Failed to fetch\nTypeError: Failed to fetch\n    at api (http://localhost:3106/sync.js:24:21)\n    at loadMyChecklists (http://localhost:3106/workflows.html:631:24)\n    at rerenderOpenChecklistAfterSave (http://localhost:3106/sync.js:588:53)\n    at applyOp (http://localhost:3106/sync.js:554:7)\n    at wsCatchUp (http://localhost:3106/sync.js:312:7)","user":"Jamal C. (jamal@yumyums.kitchen)","page":"/workflows.html","ua":"Mozilla/5.0 (Macintosh; Intel Mac OS X 10_15_7) AppleWebKit/537.36 (KHTML, like Gecko) HeadlessChrome/147.0.7727.15 Safa"}
[2m[WebServer] [22m{"time":"2026-09-04T21:26:01.788903-04:00","level":"INFO","msg":"client log","level":"ERROR","message":"loadMyChecklists error: Failed to fetch\nTypeError: Failed to fetch\n    at api (http://localhost:3106/sync.js:24:21)\n    at loadMyChecklists (http://localhost:3106/workflows.html:631:24)\n    at rerenderOpenChecklistAfterSave (http://localhost:3106/sync.js:588:53)\n    at applyOp (http://localhost:3106/sync.js:554:7)\n    at wsCatchUp (http://localhost:3106/sync.js:312:7)","user":"Jamal C. (jamal@yumyums.kitchen)","page":"/workflows.html","ua":"Mozilla/5.0 (Macintosh; Intel Mac OS X 10_15_7) AppleWebKit/537.36 (KHTML, like Gecko) HeadlessChrome/147.0.7727.15 Safa"}
[2m[WebServer] [22m{"time":"2026-09-04T21:26:01.789025-04:00","level":"INFO","msg":"client log","level":"ERROR","message":"loadMyChecklists error: Failed to fetch\nTypeError: Failed to fetch\n    at api (http://localhost:3106/sync.js:24:21)\n    at loadMyChecklists (http://localhost:3106/workflows.html:631:24)\n    at rerenderOpenChecklistAfterSave (http://localhost:3106/sync.js:588:53)\n    at applyOp (http://localhost:3106/sync.js:554:7)\n    at wsCatchUp (http://localhost:3106/sync.js:312:7)","user":"Jamal C. (jamal@yumyums.kitchen)","page":"/workflows.html","ua":"Mozilla/5.0 (Macintosh; Intel Mac OS X 10_15_7) AppleWebKit/537.36 (KHTML, like Gecko) HeadlessChrome/147.0.7727.15 Safa"}
[2m[WebServer] [22m{"time":"2026-09-04T21:26:01.789379-04:00","level":"INFO","msg":"client log","level":"ERROR","message":"loadMyChecklists error: Failed to fetch\nTypeError: Failed to fetch\n    at api (http://localhost:3106/sync.js:24:21)\n    at loadMyChecklists (http://localhost:3106/workflows.html:631:24)\n    at rerenderOpenChecklistAfterSave (http://localhost:3106/sync.js:588:53)\n    at applyOp (http://localhost:3106/sync.js:554:7)\n    at wsCatchUp (http://localhost:3106/sync.js:312:7)","user":"Jamal C. (jamal@yumyums.kitchen)","page":"/workflows.html","ua":"Mozilla/5.0 (Macintosh; Intel Mac OS X 10_15_7) AppleWebKit/537.36 (KHTML, like Gecko) HeadlessChrome/147.0.7727.15 Safa"}
[2m[WebServer] [22m{"time":"2026-09-04T21:26:01.792502-04:00","level":"INFO","msg":"client log","level":"ERROR","message":"loadMyChecklists error: Failed to fetch\nTypeError: Failed to fetch\n    at api (http://localhost:3106/sync.js:24:21)\n    at loadMyChecklists (http://localhost:3106/workflows.html:631:24)\n    at applyOp (http://localhost:3106/sync.js:544:7)\n    at wsCatchUp (http://localhost:3106/sync.js:312:7)","user":"Jamal C. (jamal@yumyums.kitchen)","page":"/workflows.html","ua":"Mozilla/5.0 (Macintosh; Intel Mac OS X 10_15_7) AppleWebKit/537.36 (KHTML, like Gecko) HeadlessChrome/147.0.7727.15 Safa"}
[2m[WebServer] [22m{"time":"2026-09-04T21:26:01.794313-04:00","level":"INFO","msg":"client log","level":"ERROR","message":"loadMyChecklists error: Failed to fetch\nTypeError: Failed to fetch\n    at api (http://localhost:3106/sync.js:24:21)\n    at loadMyChecklists (http://localhost:3106/workflows.html:631:24)\n    at rerenderOpenChecklistAfterSave (http://localhost:3106/sync.js:588:53)\n    at applyOp (http://localhost:3106/sync.js:554:7)\n    at wsCatchUp (http://localhost:3106/sync.js:312:7)","user":"Jamal C. (jamal@yumyums.kitchen)","page":"/workflows.html","ua":"Mozilla/5.0 (Macintosh; Intel Mac OS X 10_15_7) AppleWebKit/537.36 (KHTML, like Gecko) HeadlessChrome/147.0.7727.15 Safa"}
[2m[WebServer] [22m{"time":"2026-09-04T21:26:01.794454-04:00","level":"INFO","msg":"client log","level":"ERROR","message":"loadMyChecklists error: Failed to fetch\nTypeError: Failed to fetch\n    at api (http://localhost:3106/sync.js:24:21)\n    at loadMyChecklists (http://localhost:3106/workflows.html:631:24)\n    at rerenderOpenChecklistAfterSave (http://localhost:3106/sync.js:588:53)\n    at applyOp (http://localhost:3106/sync.js:554:7)\n    at wsCatchUp (http://localhost:3106/sync.js:312:7)","user":"Jamal C. (jamal@yumyums.kitchen)","page":"/workflows.html","ua":"Mozilla/5.0 (Macintosh; Intel Mac OS X 10_15_7) AppleWebKit/537.36 (KHTML, like Gecko) HeadlessChrome/147.0.7727.15 Safa"}
[2m[WebServer] [22m{"time":"2026-09-04T21:26:01.794732-04:00","level":"INFO","msg":"client log","level":"ERROR","message":"loadMyChecklists error: Failed to fetch\nTypeError: Failed to fetch\n    at api (http://localhost:3106/sync.js:24:21)\n    at loadMyChecklists (http://localhost:3106/workflows.html:631:24)\n    at rerenderOpenChecklistAfterSave (http://localhost:3106/sync.js:588:53)\n    at applyOp (http://localhost:3106/sync.js:554:7)\n    at wsCatchUp (http://localhost:3106/sync.js:312:7)","user":"Jamal C. (jamal@yumyums.kitchen)","page":"/workflows.html","ua":"Mozilla/5.0 (Macintosh; Intel Mac OS X 10_15_7) AppleWebKit/537.36 (KHTML, like Gecko) HeadlessChrome/147.0.7727.15 Safa"}
[2m[WebServer] [22m{"time":"2026-09-04T21:26:01.795487-04:00","level":"INFO","msg":"client log","level":"ERROR","message":"loadMyChecklists error: Failed to fetch\nTypeError: Failed to fetch\n    at api (http://localhost:3106/sync.js:24:21)\n    at loadMyChecklists (http://localhost:3106/workflows.html:631:24)\n    at applyOp (http://localhost:3106/sync.js:544:7)\n    at wsCatchUp (http://localhost:3106/sync.js:312:7)","user":"Jamal C. (jamal@yumyums.kitchen)","page":"/workflows.html","ua":"Mozilla/5.0 (Macintosh; Intel Mac OS X 10_15_7) AppleWebKit/537.36 (KHTML, like Gecko) HeadlessChrome/147.0.7727.15 Safa"}
[2m[WebServer] [22m{"time":"2026-09-04T21:26:01.795769-04:00","level":"INFO","msg":"client log","level":"ERROR","message":"loadMyChecklists error: Failed to fetch\nTypeError: Failed to fetch\n    at api (http://localhost:3106/sync.js:24:21)\n    at loadMyChecklists (http://localhost:3106/workflows.html:631:24)\n    at rerenderOpenChecklistAfterSave (http://localhost:3106/sync.js:588:53)\n    at applyOp (http://localhost:3106/sync.js:554:7)\n    at wsCatchUp (http://localhost:3106/sync.js:312:7)","user":"Jamal C. (jamal@yumyums.kitchen)","page":"/workflows.html","ua":"Mozilla/5.0 (Macintosh; Intel Mac OS X 10_15_7) AppleWebKit/537.36 (KHTML, like Gecko) HeadlessChrome/147.0.7727.15 Safa"}
[2m[WebServer] [22m{"time":"2026-09-04T21:26:01.798429-04:00","level":"INFO","msg":"client log","level":"ERROR","message":"loadMyChecklists error: Failed to fetch\nTypeError: Failed to fetch\n    at api (http://localhost:3106/sync.js:24:21)\n    at loadMyChecklists (http://localhost:3106/workflows.html:631:24)\n    at rerenderOpenChecklistAfterSave (http://localhost:3106/sync.js:588:53)\n    at applyOp (http://localhost:3106/sync.js:554:7)\n    at wsCatchUp (http://localhost:3106/sync.js:312:7)","user":"Jamal C. (jamal@yumyums.kitchen)","page":"/workflows.html","ua":"Mozilla/5.0 (Macintosh; Intel Mac OS X 10_15_7) AppleWebKit/537.36 (KHTML, like Gecko) HeadlessChrome/147.0.7727.15 Safa"}
[2m[WebServer] [22m{"time":"2026-09-04T21:26:01.798819-04:00","level":"INFO","msg":"client log","level":"ERROR","message":"loadMyChecklists error: Failed to fetch\nTypeError: Failed to fetch\n    at api (http://localhost:3106/sync.js:24:21)\n    at loadMyChecklists (http://localhost:3106/workflows.html:631:24)\n    at rerenderOpenChecklistAfterSave (http://localhost:3106/sync.js:588:53)\n    at applyOp (http://localhost:3106/sync.js:554:7)\n    at wsCatchUp (http://localhost:3106/sync.js:312:7)","user":"Jamal C. (jamal@yumyums.kitchen)","page":"/workflows.html","ua":"Mozilla/5.0 (Macintosh; Intel Mac OS X 10_15_7) AppleWebKit/537.36 (KHTML, like Gecko) HeadlessChrome/147.0.7727.15 Safa"}
[2m[WebServer] [22m{"time":"2026-09-04T21:26:01.799401-04:00","level":"INFO","msg":"client log","level":"ERROR","message":"loadMyChecklists error: Failed to fetch\nTypeError: Failed to fetch\n    at api (http://localhost:3106/sync.js:24:21)\n    at loadMyChecklists (http://localhost:3106/workflows.html:631:24)\n    at rerenderOpenChecklistAfterSave (http://localhost:3106/sync.js:588:53)\n    at applyOp (http://localhost:3106/sync.js:554:7)\n    at wsCatchUp (http://localhost:3106/sync.js:312:7)","user":"Jamal C. (jamal@yumyums.kitchen)","page":"/workflows.html","ua":"Mozilla/5.0 (Macintosh; Intel Mac OS X 10_15_7) AppleWebKit/537.36 (KHTML, like Gecko) HeadlessChrome/147.0.7727.15 Safa"}
[2m[WebServer] [22m{"time":"2026-09-04T21:26:01.799499-04:00","level":"INFO","msg":"client log","level":"ERROR","message":"loadMyChecklists error: Failed to fetch\nTypeError: Failed to fetch\n    at api (http://localhost:3106/sync.js:24:21)\n    at loadMyChecklists (http://localhost:3106/workflows.html:631:24)\n    at rerenderOpenChecklistAfterSave (http://localhost:3106/sync.js:588:53)\n    at applyOp (http://localhost:3106/sync.js:554:7)\n    at wsCatchUp (http://localhost:3106/sync.js:312:7)","user":"Jamal C. (jamal@yumyums.kitchen)","page":"/workflows.html","ua":"Mozilla/5.0 (Macintosh; Intel Mac OS X 10_15_7) AppleWebKit/537.36 (KHTML, like Gecko) HeadlessChrome/147.0.7727.15 Safa"}
[2m[WebServer] [22m{"time":"2026-09-04T21:26:01.799959-04:00","level":"INFO","msg":"client log","level":"ERROR","message":"loadMyChecklists error: Failed to fetch\nTypeError: Failed to fetch\n    at api (http://localhost:3106/sync.js:24:21)\n    at loadMyChecklists (http://localhost:3106/workflows.html:631:24)\n    at rerenderOpenChecklistAfterSave (http://localhost:3106/sync.js:588:53)\n    at applyOp (http://localhost:3106/sync.js:554:7)\n    at wsCatchUp (http://localhost:3106/sync.js:312:7)","user":"Jamal C. (jamal@yumyums.kitchen)","page":"/workflows.html","ua":"Mozilla/5.0 (Macintosh; Intel Mac OS X 10_15_7) AppleWebKit/537.36 (KHTML, like Gecko) HeadlessChrome/147.0.7727.15 Safa"}
[2m[WebServer] [22m{"time":"2026-09-04T21:26:01.801045-04:00","level":"INFO","msg":"client log","level":"ERROR","message":"loadMyChecklists error: Failed to fetch\nTypeError: Failed to fetch\n    at api (http://localhost:3106/sync.js:24:21)\n    at loadMyChecklists (http://localhost:3106/workflows.html:631:24)\n    at rerenderOpenChecklistAfterSave (http://localhost:3106/sync.js:588:53)\n    at applyOp (http://localhost:3106/sync.js:554:7)\n    at wsCatchUp (http://localhost:3106/sync.js:312:7)","user":"Jamal C. (jamal@yumyums.kitchen)","page":"/workflows.html","ua":"Mozilla/5.0 (Macintosh; Intel Mac OS X 10_15_7) AppleWebKit/537.36 (KHTML, like Gecko) HeadlessChrome/147.0.7727.15 Safa"}
[2m[WebServer] [22m{"time":"2026-09-04T21:26:01.801694-04:00","level":"INFO","msg":"client log","level":"ERROR","message":"loadMyChecklists error: Failed to fetch\nTypeError: Failed to fetch\n    at api (http://localhost:3106/sync.js:24:21)\n    at loadMyChecklists (http://localhost:3106/workflows.html:631:24)\n    at rerenderOpenChecklistAfterSave (http://localhost:3106/sync.js:588:53)\n    at applyOp (http://localhost:3106/sync.js:554:7)\n    at wsCatchUp (http://localhost:3106/sync.js:312:7)","user":"Jamal C. (jamal@yumyums.kitchen)","page":"/workflows.html","ua":"Mozilla/5.0 (Macintosh; Intel Mac OS X 10_15_7) AppleWebKit/537.36 (KHTML, like Gecko) HeadlessChrome/147.0.7727.15 Safa"}
[2m[WebServer] [22m{"time":"2026-09-04T21:26:01.80252-04:00","level":"INFO","msg":"client log","level":"ERROR","message":"loadMyChecklists error: Failed to fetch\nTypeError: Failed to fetch\n    at api (http://localhost:3106/sync.js:24:21)\n    at loadMyChecklists (http://localhost:3106/workflows.html:631:24)\n    at rerenderOpenChecklistAfterSave (http://localhost:3106/sync.js:588:53)\n    at applyOp (http://localhost:3106/sync.js:554:7)\n    at wsCatchUp (http://localhost:3106/sync.js:312:7)","user":"Jamal C. (jamal@yumyums.kitchen)","page":"/workflows.html","ua":"Mozilla/5.0 (Macintosh; Intel Mac OS X 10_15_7) AppleWebKit/537.36 (KHTML, like Gecko) HeadlessChrome/147.0.7727.15 Safa"}
[2m[WebServer] [22m{"time":"2026-09-04T21:26:01.803219-04:00","level":"INFO","msg":"client log","level":"ERROR","message":"loadMyChecklists error: Failed to fetch\nTypeError: Failed to fetch\n    at api (http://localhost:3106/sync.js:24:21)\n    at loadMyChecklists (http://localhost:3106/workflows.html:631:24)\n    at rerenderOpenChecklistAfterSave (http://localhost:3106/sync.js:588:53)\n    at applyOp (http://localhost:3106/sync.js:554:7)\n    at wsCatchUp (http://localhost:3106/sync.js:312:7)","user":"Jamal C. (jamal@yumyums.kitchen)","page":"/workflows.html","ua":"Mozilla/5.0 (Macintosh; Intel Mac OS X 10_15_7) AppleWebKit/537.36 (KHTML, like Gecko) HeadlessChrome/147.0.7727.15 Safa"}
[2m[WebServer] [22m{"time":"2026-09-04T21:26:01.803427-04:00","level":"INFO","msg":"client log","level":"ERROR","message":"loadMyChecklists error: Failed to fetch\nTypeError: Failed to fetch\n    at api (http://localhost:3106/sync.js:24:21)\n    at loadMyChecklists (http://localhost:3106/workflows.html:631:24)\n    at rerenderOpenChecklistAfterSave (http://localhost:3106/sync.js:588:53)\n    at applyOp (http://localhost:3106/sync.js:554:7)\n    at wsCatchUp (http://localhost:3106/sync.js:312:7)","user":"Jamal C. (jamal@yumyums.kitchen)","page":"/workflows.html","ua":"Mozilla/5.0 (Macintosh; Intel Mac OS X 10_15_7) AppleWebKit/537.36 (KHTML, like Gecko) HeadlessChrome/147.0.7727.15 Safa"}
[2m[WebServer] [22m{"time":"2026-09-04T21:26:01.804189-04:00","level":"INFO","msg":"client log","level":"ERROR","message":"loadMyChecklists error: Failed to fetch\nTypeError: Failed to fetch\n    at api (http://localhost:3106/sync.js:24:21)\n    at loadMyChecklists (http://localhost:3106/workflows.html:631:24)\n    at rerenderOpenChecklistAfterSave (http://localhost:3106/sync.js:588:53)\n    at applyOp (http://localhost:3106/sync.js:554:7)\n    at wsCatchUp (http://localhost:3106/sync.js:312:7)","user":"Jamal C. (jamal@yumyums.kitchen)","page":"/workflows.html","ua":"Mozilla/5.0 (Macintosh; Intel Mac OS X 10_15_7) AppleWebKit/537.36 (KHTML, like Gecko) HeadlessChrome/147.0.7727.15 Safa"}
[2m[WebServer] [22m{"time":"2026-09-04T21:26:01.804597-04:00","level":"INFO","msg":"client log","level":"ERROR","message":"loadMyChecklists error: Failed to fetch\nTypeError: Failed to fetch\n    at api (http://localhost:3106/sync.js:24:21)\n    at loadMyChecklists (http://localhost:3106/workflows.html:631:24)\n    at rerenderOpenChecklistAfterSave (http://localhost:3106/sync.js:588:53)\n    at applyOp (http://localhost:3106/sync.js:554:7)\n    at wsCatchUp (http://localhost:3106/sync.js:312:7)","user":"Jamal C. (jamal@yumyums.kitchen)","page":"/workflows.html","ua":"Mozilla/5.0 (Macintosh; Intel Mac OS X 10_15_7) AppleWebKit/537.36 (KHTML, like Gecko) HeadlessChrome/147.0.7727.15 Safa"}
  ✓  707 [chromium] › tests/sync.spec.js:1545:3 › Convergence matrix (W-3): lifecycle + list progress › submit transition converges live on the observing device (+ catch-up) (4.4s)
[2m[WebServer] [22m{"time":"2026-09-04T21:26:02.517591-04:00","level":"ERROR","msg":"GetManagerHires failed","error":"iterate assigned templates for hire 14c11b75-a485-46c7-9ce9-0a8dcd7a24bc: context canceled"}
[2m[WebServer] [22m{"time":"2026-09-04T21:26:03.190953-04:00","level":"ERROR","msg":"myChecklists error","error":"iterate sections: context canceled"}
[2m[WebServer] [22m{"time":"2026-09-04T21:26:03.191618-04:00","level":"ERROR","msg":"listTemplates error","error":"iterate sections: context canceled"}
[2m[WebServer] [22m{"time":"2026-09-04T21:26:03.20271-04:00","level":"ERROR","msg":"listTemplates error","error":"iterate sections: context canceled"}
[2m[WebServer] [22m{"time":"2026-09-04T21:26:03.231449-04:00","level":"INFO","msg":"client log","level":"ERROR","message":"loadMyChecklists error: Failed to fetch\nTypeError: Failed to fetch\n    at api (http://localhost:3106/sync.js:24:21)\n    at loadMyChecklists (http://localhost:3106/workflows.html:631:24)\n    at applyOp (http://localhost:3106/sync.js:566:7)\n    at _ws.onmessage (http://localhost:3106/sync.js:275:7)","user":"Jamal C. (jamal@yumyums.kitchen)","page":"/workflows.html","ua":"Mozilla/5.0 (Macintosh; Intel Mac OS X 10_15_7) AppleWebKit/537.36 (KHTML, like Gecko) HeadlessChrome/147.0.7727.15 Safa"}
[2m[WebServer] [22m{"time":"2026-09-04T21:26:03.839597-04:00","level":"INFO","msg":"op handler received op","op_type":"SET_FIELD","entity_id":"d6950173-607b-4cbf-b994-b5a440543fa3","device_id":"59ce3418-7fda-46c0-8fe1-2208d0d5f412","lamport_ts":1788571129900}
[2m[WebServer] [22m{"time":"2026-09-04T21:26:05.137641-04:00","level":"ERROR","msg":"GetManagerHires failed","error":"iterate assigned templates for hire 14c11b75-a485-46c7-9ce9-0a8dcd7a24bc: context canceled"}
  ✓  708 [chromium] › tests/sync.spec.js:1581:3 › Convergence matrix (W-3): lifecycle + list progress › unsubmit transition converges live on the observing device (+ catch-up) (5.1s)
[2m[WebServer] [22m{"time":"2026-09-04T21:26:07.601698-04:00","level":"ERROR","msg":"GetManagerHires failed","error":"iterate assigned templates for hire 14c11b75-a485-46c7-9ce9-0a8dcd7a24bc: context canceled"}
[2m[WebServer] [22m{"time":"2026-09-04T21:26:08.419568-04:00","level":"ERROR","msg":"GetManagerHires failed","error":"iterate assigned templates for hire 14c11b75-a485-46c7-9ce9-0a8dcd7a24bc: context canceled"}
[2m[WebServer] [22m{"time":"2026-09-04T21:26:09.016449-04:00","level":"ERROR","msg":"listTemplates error","error":"list fields: context canceled"}
[2m[WebServer] [22m{"time":"2026-09-04T21:26:09.022293-04:00","level":"ERROR","msg":"listTemplates error","error":"iterate sections: context canceled"}
[2m[WebServer] [22m{"time":"2026-09-04T21:26:09.886103-04:00","level":"INFO","msg":"op handler received op","op_type":"SET_FIELD","entity_id":"4395db5f-b197-4daf-9f13-c1ca90c51225","device_id":"93985215-2023-49cb-bd5a-f69864e06d04","lamport_ts":1788571129904}
  ✓  709 [chromium] › tests/sync.spec.js:1643:3 › Convergence matrix (W-3): lifecycle + list progress › list-view progress indicator converges live + catch-up (field completion) (4.9s)
[2m[WebServer] [22m{"time":"2026-09-04T21:26:12.446561-04:00","level":"ERROR","msg":"GetManagerHires failed","error":"iterate assigned templates for hire d949b011-7c4e-4234-a641-2a565765b237: context canceled"}
[2m[WebServer] [22m{"time":"2026-09-04T21:26:13.179461-04:00","level":"ERROR","msg":"GetManagerHires failed","error":"query assigned templates for hire 14c11b75-a485-46c7-9ce9-0a8dcd7a24bc: context canceled"}
[2m[WebServer] [22m{"time":"2026-09-04T21:26:14.02311-04:00","level":"INFO","msg":"op handler received op","op_type":"SET_FIELD","entity_id":"7d5c9bff-800a-4395-ba5f-c30f612535ef","device_id":"108b8f6e-7afd-4dfc-8317-2d21f97ea4d7","lamport_ts":1788571129906}
[2m[WebServer] [22m{"time":"2026-09-04T21:26:14.869005-04:00","level":"ERROR","msg":"myChecklists error","error":"iterate fields: context canceled"}
[2m[WebServer] [22m{"time":"2026-09-04T21:26:14.875392-04:00","level":"ERROR","msg":"listTemplates error","error":"iterate sections: context canceled"}
[2m[WebServer] [22m{"time":"2026-09-04T21:26:14.88291-04:00","level":"ERROR","msg":"myChecklists error","error":"iterate submissions: context canceled"}
[2m[WebServer] [22m{"time":"2026-09-04T21:26:14.889772-04:00","level":"INFO","msg":"client log","level":"ERROR","message":"loadMyChecklists error: Failed to fetch\nTypeError: Failed to fetch\n    at api (http://localhost:3106/sync.js:24:21)\n    at loadMyChecklists (http://localhost:3106/workflows.html:631:24)\n    at rerenderOpenChecklistAfterSave (http://localhost:3106/sync.js:588:53)\n    at applyOp (http://localhost:3106/sync.js:554:7)\n    at wsCatchUp (http://localhost:3106/sync.js:312:7)","user":"Jamal C. (jamal@yumyums.kitchen)","page":"/workflows.html","ua":"Mozilla/5.0 (Macintosh; Intel Mac OS X 10_15_7) AppleWebKit/537.36 (KHTML, like Gecko) HeadlessChrome/147.0.7727.15 Safa"}
[2m[WebServer] [22m{"time":"2026-09-04T21:26:14.891675-04:00","level":"INFO","msg":"client log","level":"ERROR","message":"loadMyChecklists error: Failed to fetch\nTypeError: Failed to fetch\n    at api (http://localhost:3106/sync.js:24:21)\n    at loadMyChecklists (http://localhost:3106/workflows.html:631:24)\n    at rerenderOpenChecklistAfterSave (http://localhost:3106/sync.js:588:53)\n    at applyOp (http://localhost:3106/sync.js:554:7)\n    at wsCatchUp (http://localhost:3106/sync.js:312:7)","user":"Jamal C. (jamal@yumyums.kitchen)","page":"/workflows.html","ua":"Mozilla/5.0 (Macintosh; Intel Mac OS X 10_15_7) AppleWebKit/537.36 (KHTML, like Gecko) HeadlessChrome/147.0.7727.15 Safa"}
[2m[WebServer] [22m{"time":"2026-09-04T21:26:14.89263-04:00","level":"INFO","msg":"client log","level":"ERROR","message":"loadMyChecklists error: Failed to fetch\nTypeError: Failed to fetch\n    at api (http://localhost:3106/sync.js:24:21)\n    at loadMyChecklists (http://localhost:3106/workflows.html:631:24)\n    at rerenderOpenChecklistAfterSave (http://localhost:3106/sync.js:588:53)\n    at applyOp (http://localhost:3106/sync.js:554:7)\n    at wsCatchUp (http://localhost:3106/sync.js:312:7)","user":"Jamal C. (jamal@yumyums.kitchen)","page":"/workflows.html","ua":"Mozilla/5.0 (Macintosh; Intel Mac OS X 10_15_7) AppleWebKit/537.36 (KHTML, like Gecko) HeadlessChrome/147.0.7727.15 Safa"}
[2m[WebServer] [22m{"time":"2026-09-04T21:26:14.893885-04:00","level":"INFO","msg":"client log","level":"ERROR","message":"loadMyChecklists error: Failed to fetch\nTypeError: Failed to fetch\n    at api (http://localhost:3106/sync.js:24:21)\n    at loadMyChecklists (http://localhost:3106/workflows.html:631:24)\n    at applyOp (http://localhost:3106/sync.js:566:7)\n    at _ws.onmessage (http://localhost:3106/sync.js:275:7)","user":"Jamal C. (jamal@yumyums.kitchen)","page":"/workflows.html","ua":"Mozilla/5.0 (Macintosh; Intel Mac OS X 10_15_7) AppleWebKit/537.36 (KHTML, like Gecko) HeadlessChrome/147.0.7727.15 Safa"}
[2m[WebServer] [22m{"time":"2026-09-04T21:26:14.896046-04:00","level":"INFO","msg":"client log","level":"ERROR","message":"loadMyChecklists error: Failed to fetch\nTypeError: Failed to fetch\n    at api (http://localhost:3106/sync.js:24:21)\n    at loadMyChecklists (http://localhost:3106/workflows.html:631:24)\n    at rerenderOpenChecklistAfterSave (http://localhost:3106/sync.js:588:53)\n    at applyOp (http://localhost:3106/sync.js:554:7)\n    at wsCatchUp (http://localhost:3106/sync.js:312:7)","user":"Jamal C. (jamal@yumyums.kitchen)","page":"/workflows.html","ua":"Mozilla/5.0 (Macintosh; Intel Mac OS X 10_15_7) AppleWebKit/537.36 (KHTML, like Gecko) HeadlessChrome/147.0.7727.15 Safa"}
[2m[WebServer] [22m{"time":"2026-09-04T21:26:14.896079-04:00","level":"INFO","msg":"client log","level":"ERROR","message":"loadMyChecklists error: Failed to fetch\nTypeError: Failed to fetch\n    at api (http://localhost:3106/sync.js:24:21)\n    at loadMyChecklists (http://localhost:3106/workflows.html:631:24)\n    at rerenderOpenChecklistAfterSave (http://localhost:3106/sync.js:588:53)\n    at applyOp (http://localhost:3106/sync.js:554:7)\n    at wsCatchUp (http://localhost:3106/sync.js:312:7)","user":"Jamal C. (jamal@yumyums.kitchen)","page":"/workflows.html","ua":"Mozilla/5.0 (Macintosh; Intel Mac OS X 10_15_7) AppleWebKit/537.36 (KHTML, like Gecko) HeadlessChrome/147.0.7727.15 Safa"}
[2m[WebServer] [22m{"time":"2026-09-04T21:26:14.90215-04:00","level":"INFO","msg":"client log","level":"ERROR","message":"loadMyChecklists error: Failed to fetch\nTypeError: Failed to fetch\n    at api (http://localhost:3106/sync.js:24:21)\n    at loadMyChecklists (http://localhost:3106/workflows.html:631:24)\n    at applyOp (http://localhost:3106/sync.js:544:7)\n    at wsCatchUp (http://localhost:3106/sync.js:312:7)","user":"Jamal C. (jamal@yumyums.kitchen)","page":"/workflows.html","ua":"Mozilla/5.0 (Macintosh; Intel Mac OS X 10_15_7) AppleWebKit/537.36 (KHTML, like Gecko) HeadlessChrome/147.0.7727.15 Safa"}
[2m[WebServer] [22m{"time":"2026-09-04T21:26:14.902151-04:00","level":"INFO","msg":"client log","level":"ERROR","message":"loadMyChecklists error: Failed to fetch\nTypeError: Failed to fetch\n    at api (http://localhost:3106/sync.js:24:21)\n    at loadMyChecklists (http://localhost:3106/workflows.html:631:24)\n    at rerenderOpenChecklistAfterSave (http://localhost:3106/sync.js:588:53)\n    at applyOp (http://localhost:3106/sync.js:554:7)\n    at wsCatchUp (http://localhost:3106/sync.js:312:7)","user":"Jamal C. (jamal@yumyums.kitchen)","page":"/workflows.html","ua":"Mozilla/5.0 (Macintosh; Intel Mac OS X 10_15_7) AppleWebKit/537.36 (KHTML, like Gecko) HeadlessChrome/147.0.7727.15 Safa"}
[2m[WebServer] [22m{"time":"2026-09-04T21:26:14.906397-04:00","level":"INFO","msg":"client log","level":"ERROR","message":"loadMyChecklists error: Failed to fetch\nTypeError: Failed to fetch\n    at api (http://localhost:3106/sync.js:24:21)\n    at loadMyChecklists (http://localhost:3106/workflows.html:631:24)\n    at rerenderOpenChecklistAfterSave (http://localhost:3106/sync.js:588:53)\n    at applyOp (http://localhost:3106/sync.js:554:7)\n    at wsCatchUp (http://localhost:3106/sync.js:312:7)","user":"Jamal C. (jamal@yumyums.kitchen)","page":"/workflows.html","ua":"Mozilla/5.0 (Macintosh; Intel Mac OS X 10_15_7) AppleWebKit/537.36 (KHTML, like Gecko) HeadlessChrome/147.0.7727.15 Safa"}
[2m[WebServer] [22m{"time":"2026-09-04T21:26:14.906518-04:00","level":"INFO","msg":"client log","level":"ERROR","message":"loadMyChecklists error: Failed to fetch\nTypeError: Failed to fetch\n    at api (http://localhost:3106/sync.js:24:21)\n    at loadMyChecklists (http://localhost:3106/workflows.html:631:24)\n    at rerenderOpenChecklistAfterSave (http://localhost:3106/sync.js:588:53)\n    at applyOp (http://localhost:3106/sync.js:554:7)\n    at wsCatchUp (http://localhost:3106/sync.js:312:7)","user":"Jamal C. (jamal@yumyums.kitchen)","page":"/workflows.html","ua":"Mozilla/5.0 (Macintosh; Intel Mac OS X 10_15_7) AppleWebKit/537.36 (KHTML, like Gecko) HeadlessChrome/147.0.7727.15 Safa"}
[2m[WebServer] [22m{"time":"2026-09-04T21:26:14.909107-04:00","level":"INFO","msg":"client log","level":"ERROR","message":"loadMyChecklists error: Failed to fetch\nTypeError: Failed to fetch\n    at api (http://localhost:3106/sync.js:24:21)\n    at loadMyChecklists (http://localhost:3106/workflows.html:631:24)\n    at rerenderOpenChecklistAfterSave (http://localhost:3106/sync.js:588:53)\n    at applyOp (http://localhost:3106/sync.js:554:7)\n    at wsCatchUp (http://localhost:3106/sync.js:312:7)","user":"Jamal C. (jamal@yumyums.kitchen)","page":"/workflows.html","ua":"Mozilla/5.0 (Macintosh; Intel Mac OS X 10_15_7) AppleWebKit/537.36 (KHTML, like Gecko) HeadlessChrome/147.0.7727.15 Safa"}
[2m[WebServer] [22m{"time":"2026-09-04T21:26:14.909746-04:00","level":"INFO","msg":"client log","level":"ERROR","message":"loadMyChecklists error: Failed to fetch\nTypeError: Failed to fetch\n    at api (http://localhost:3106/sync.js:24:21)\n    at loadMyChecklists (http://localhost:3106/workflows.html:631:24)\n    at applyOp (http://localhost:3106/sync.js:544:7)\n    at wsCatchUp (http://localhost:3106/sync.js:312:7)","user":"Jamal C. (jamal@yumyums.kitchen)","page":"/workflows.html","ua":"Mozilla/5.0 (Macintosh; Intel Mac OS X 10_15_7) AppleWebKit/537.36 (KHTML, like Gecko) HeadlessChrome/147.0.7727.15 Safa"}
[2m[WebServer] [22m{"time":"2026-09-04T21:26:14.911622-04:00","level":"INFO","msg":"client log","level":"ERROR","message":"loadMyChecklists error: Failed to fetch\nTypeError: Failed to fetch\n    at api (http://localhost:3106/sync.js:24:21)\n    at loadMyChecklists (http://localhost:3106/workflows.html:631:24)\n    at rerenderOpenChecklistAfterSave (http://localhost:3106/sync.js:588:53)\n    at applyOp (http://localhost:3106/sync.js:554:7)\n    at wsCatchUp (http://localhost:3106/sync.js:312:7)","user":"Jamal C. (jamal@yumyums.kitchen)","page":"/workflows.html","ua":"Mozilla/5.0 (Macintosh; Intel Mac OS X 10_15_7) AppleWebKit/537.36 (KHTML, like Gecko) HeadlessChrome/147.0.7727.15 Safa"}
[2m[WebServer] [22m{"time":"2026-09-04T21:26:14.911739-04:00","level":"INFO","msg":"client log","level":"ERROR","message":"loadMyChecklists error: Failed to fetch\nTypeError: Failed to fetch\n    at api (http://localhost:3106/sync.js:24:21)\n    at loadMyChecklists (http://localhost:3106/workflows.html:631:24)\n    at applyOp (http://localhost:3106/sync.js:544:7)\n    at wsCatchUp (http://localhost:3106/sync.js:312:7)","user":"Jamal C. (jamal@yumyums.kitchen)","page":"/workflows.html","ua":"Mozilla/5.0 (Macintosh; Intel Mac OS X 10_15_7) AppleWebKit/537.36 (KHTML, like Gecko) HeadlessChrome/147.0.7727.15 Safa"}
[2m[WebServer] [22m{"time":"2026-09-04T21:26:14.912624-04:00","level":"INFO","msg":"client log","level":"ERROR","message":"loadMyChecklists error: Failed to fetch\nTypeError: Failed to fetch\n    at api (http://localhost:3106/sync.js:24:21)\n    at loadMyChecklists (http://localhost:3106/workflows.html:631:24)\n    at rerenderOpenChecklistAfterSave (http://localhost:3106/sync.js:588:53)\n    at applyOp (http://localhost:3106/sync.js:554:7)\n    at wsCatchUp (http://localhost:3106/sync.js:312:7)","user":"Jamal C. (jamal@yumyums.kitchen)","page":"/workflows.html","ua":"Mozilla/5.0 (Macintosh; Intel Mac OS X 10_15_7) AppleWebKit/537.36 (KHTML, like Gecko) HeadlessChrome/147.0.7727.15 Safa"}
[2m[WebServer] [22m{"time":"2026-09-04T21:26:14.915421-04:00","level":"INFO","msg":"client log","level":"ERROR","message":"loadMyChecklists error: Failed to fetch\nTypeError: Failed to fetch\n    at api (http://localhost:3106/sync.js:24:21)\n    at loadMyChecklists (http://localhost:3106/workflows.html:631:24)\n    at rerenderOpenChecklistAfterSave (http://localhost:3106/sync.js:588:53)\n    at applyOp (http://localhost:3106/sync.js:554:7)\n    at wsCatchUp (http://localhost:3106/sync.js:312:7)","user":"Jamal C. (jamal@yumyums.kitchen)","page":"/workflows.html","ua":"Mozilla/5.0 (Macintosh; Intel Mac OS X 10_15_7) AppleWebKit/537.36 (KHTML, like Gecko) HeadlessChrome/147.0.7727.15 Safa"}
[2m[WebServer] [22m{"time":"2026-09-04T21:26:14.916166-04:00","level":"INFO","msg":"client log","level":"ERROR","message":"loadMyChecklists error: Failed to fetch\nTypeError: Failed to fetch\n    at api (http://localhost:3106/sync.js:24:21)\n    at loadMyChecklists (http://localhost:3106/workflows.html:631:24)\n    at applyOp (http://localhost:3106/sync.js:544:7)\n    at wsCatchUp (http://localhost:3106/sync.js:312:7)","user":"Jamal C. (jamal@yumyums.kitchen)","page":"/workflows.html","ua":"Mozilla/5.0 (Macintosh; Intel Mac OS X 10_15_7) AppleWebKit/537.36 (KHTML, like Gecko) HeadlessChrome/147.0.7727.15 Safa"}
[2m[WebServer] [22m{"time":"2026-09-04T21:26:14.916299-04:00","level":"INFO","msg":"client log","level":"ERROR","message":"loadMyChecklists error: Failed to fetch\nTypeError: Failed to fetch\n    at api (http://localhost:3106/sync.js:24:21)\n    at loadMyChecklists (http://localhost:3106/workflows.html:631:24)\n    at applyOp (http://localhost:3106/sync.js:544:7)\n    at wsCatchUp (http://localhost:3106/sync.js:312:7)","user":"Jamal C. (jamal@yumyums.kitchen)","page":"/workflows.html","ua":"Mozilla/5.0 (Macintosh; Intel Mac OS X 10_15_7) AppleWebKit/537.36 (KHTML, like Gecko) HeadlessChrome/147.0.7727.15 Safa"}
[2m[WebServer] [22m{"time":"2026-09-04T21:26:14.916317-04:00","level":"INFO","msg":"client log","level":"ERROR","message":"loadMyChecklists error: Failed to fetch\nTypeError: Failed to fetch\n    at api (http://localhost:3106/sync.js:24:21)\n    at loadMyChecklists (http://localhost:3106/workflows.html:631:24)\n    at rerenderOpenChecklistAfterSave (http://localhost:3106/sync.js:588:53)\n    at applyOp (http://localhost:3106/sync.js:554:7)\n    at wsCatchUp (http://localhost:3106/sync.js:312:7)","user":"Jamal C. (jamal@yumyums.kitchen)","page":"/workflows.html","ua":"Mozilla/5.0 (Macintosh; Intel Mac OS X 10_15_7) AppleWebKit/537.36 (KHTML, like Gecko) HeadlessChrome/147.0.7727.15 Safa"}
[2m[WebServer] [22m{"time":"2026-09-04T21:26:14.918621-04:00","level":"INFO","msg":"client log","level":"ERROR","message":"loadMyChecklists error: Failed to fetch\nTypeError: Failed to fetch\n    at api (http://localhost:3106/sync.js:24:21)\n    at loadMyChecklists (http://localhost:3106/workflows.html:631:24)\n    at rerenderOpenChecklistAfterSave (http://localhost:3106/sync.js:588:53)\n    at applyOp (http://localhost:3106/sync.js:554:7)\n    at wsCatchUp (http://localhost:3106/sync.js:312:7)","user":"Jamal C. (jamal@yumyums.kitchen)","page":"/workflows.html","ua":"Mozilla/5.0 (Macintosh; Intel Mac OS X 10_15_7) AppleWebKit/537.36 (KHTML, like Gecko) HeadlessChrome/147.0.7727.15 Safa"}
[2m[WebServer] [22m{"time":"2026-09-04T21:26:14.918626-04:00","level":"INFO","msg":"client log","level":"ERROR","message":"loadMyChecklists error: Failed to fetch\nTypeError: Failed to fetch\n    at api (http://localhost:3106/sync.js:24:21)\n    at loadMyChecklists (http://localhost:3106/workflows.html:631:24)\n    at rerenderOpenChecklistAfterSave (http://localhost:3106/sync.js:588:53)\n    at applyOp (http://localhost:3106/sync.js:554:7)\n    at wsCatchUp (http://localhost:3106/sync.js:312:7)","user":"Jamal C. (jamal@yumyums.kitchen)","page":"/workflows.html","ua":"Mozilla/5.0 (Macintosh; Intel Mac OS X 10_15_7) AppleWebKit/537.36 (KHTML, like Gecko) HeadlessChrome/147.0.7727.15 Safa"}
[2m[WebServer] [22m{"time":"2026-09-04T21:26:14.920243-04:00","level":"INFO","msg":"client log","level":"ERROR","message":"loadMyChecklists error: Failed to fetch\nTypeError: Failed to fetch\n    at api (http://localhost:3106/sync.js:24:21)\n    at loadMyChecklists (http://localhost:3106/workflows.html:631:24)\n    at rerenderOpenChecklistAfterSave (http://localhost:3106/sync.js:588:53)\n    at applyOp (http://localhost:3106/sync.js:554:7)\n    at wsCatchUp (http://localhost:3106/sync.js:312:7)","user":"Jamal C. (jamal@yumyums.kitchen)","page":"/workflows.html","ua":"Mozilla/5.0 (Macintosh; Intel Mac OS X 10_15_7) AppleWebKit/537.36 (KHTML, like Gecko) HeadlessChrome/147.0.7727.15 Safa"}
[2m[WebServer] [22m{"time":"2026-09-04T21:26:14.920509-04:00","level":"INFO","msg":"client log","level":"ERROR","message":"loadMyChecklists error: Failed to fetch\nTypeError: Failed to fetch\n    at api (http://localhost:3106/sync.js:24:21)\n    at loadMyChecklists (http://localhost:3106/workflows.html:631:24)\n    at rerenderOpenChecklistAfterSave (http://localhost:3106/sync.js:588:53)\n    at applyOp (http://localhost:3106/sync.js:554:7)\n    at wsCatchUp (http://localhost:3106/sync.js:312:7)","user":"Jamal C. (jamal@yumyums.kitchen)","page":"/workflows.html","ua":"Mozilla/5.0 (Macintosh; Intel Mac OS X 10_15_7) AppleWebKit/537.36 (KHTML, like Gecko) HeadlessChrome/147.0.7727.15 Safa"}
[2m[WebServer] [22m{"time":"2026-09-04T21:26:14.920818-04:00","level":"INFO","msg":"client log","level":"ERROR","message":"loadMyChecklists error: Failed to fetch\nTypeError: Failed to fetch\n    at api (http://localhost:3106/sync.js:24:21)\n    at loadMyChecklists (http://localhost:3106/workflows.html:631:24)\n    at rerenderOpenChecklistAfterSave (http://localhost:3106/sync.js:588:53)\n    at applyOp (http://localhost:3106/sync.js:554:7)\n    at wsCatchUp (http://localhost:3106/sync.js:312:7)","user":"Jamal C. (jamal@yumyums.kitchen)","page":"/workflows.html","ua":"Mozilla/5.0 (Macintosh; Intel Mac OS X 10_15_7) AppleWebKit/537.36 (KHTML, like Gecko) HeadlessChrome/147.0.7727.15 Safa"}
[2m[WebServer] [22m{"time":"2026-09-04T21:26:14.921294-04:00","level":"INFO","msg":"client log","level":"ERROR","message":"loadMyChecklists error: Failed to fetch\nTypeError: Failed to fetch\n    at api (http://localhost:3106/sync.js:24:21)\n    at loadMyChecklists (http://localhost:3106/workflows.html:631:24)\n    at rerenderOpenChecklistAfterSave (http://localhost:3106/sync.js:588:53)\n    at applyOp (http://localhost:3106/sync.js:554:7)\n    at wsCatchUp (http://localhost:3106/sync.js:312:7)","user":"Jamal C. (jamal@yumyums.kitchen)","page":"/workflows.html","ua":"Mozilla/5.0 (Macintosh; Intel Mac OS X 10_15_7) AppleWebKit/537.36 (KHTML, like Gecko) HeadlessChrome/147.0.7727.15 Safa"}
[2m[WebServer] [22m{"time":"2026-09-04T21:26:14.921554-04:00","level":"INFO","msg":"client log","level":"ERROR","message":"loadMyChecklists error: Failed to fetch\nTypeError: Failed to fetch\n    at api (http://localhost:3106/sync.js:24:21)\n    at loadMyChecklists (http://localhost:3106/workflows.html:631:24)\n    at rerenderOpenChecklistAfterSave (http://localhost:3106/sync.js:588:53)\n    at applyOp (http://localhost:3106/sync.js:554:7)\n    at wsCatchUp (http://localhost:3106/sync.js:312:7)","user":"Jamal C. (jamal@yumyums.kitchen)","page":"/workflows.html","ua":"Mozilla/5.0 (Macintosh; Intel Mac OS X 10_15_7) AppleWebKit/537.36 (KHTML, like Gecko) HeadlessChrome/147.0.7727.15 Safa"}
[2m[WebServer] [22m{"time":"2026-09-04T21:26:14.92204-04:00","level":"INFO","msg":"client log","level":"ERROR","message":"loadMyChecklists error: Failed to fetch\nTypeError: Failed to fetch\n    at api (http://localhost:3106/sync.js:24:21)\n    at loadMyChecklists (http://localhost:3106/workflows.html:631:24)\n    at rerenderOpenChecklistAfterSave (http://localhost:3106/sync.js:588:53)\n    at applyOp (http://localhost:3106/sync.js:554:7)\n    at wsCatchUp (http://localhost:3106/sync.js:312:7)","user":"Jamal C. (jamal@yumyums.kitchen)","page":"/workflows.html","ua":"Mozilla/5.0 (Macintosh; Intel Mac OS X 10_15_7) AppleWebKit/537.36 (KHTML, like Gecko) HeadlessChrome/147.0.7727.15 Safa"}
[2m[WebServer] [22m{"time":"2026-09-04T21:26:14.924396-04:00","level":"INFO","msg":"client log","level":"ERROR","message":"loadMyChecklists error: Failed to fetch\nTypeError: Failed to fetch\n    at api (http://localhost:3106/sync.js:24:21)\n    at loadMyChecklists (http://localhost:3106/workflows.html:631:24)\n    at rerenderOpenChecklistAfterSave (http://localhost:3106/sync.js:588:53)\n    at applyOp (http://localhost:3106/sync.js:554:7)\n    at wsCatchUp (http://localhost:3106/sync.js:312:7)","user":"Jamal C. (jamal@yumyums.kitchen)","page":"/workflows.html","ua":"Mozilla/5.0 (Macintosh; Intel Mac OS X 10_15_7) AppleWebKit/537.36 (KHTML, like Gecko) HeadlessChrome/147.0.7727.15 Safa"}
[2m[WebServer] [22m{"time":"2026-09-04T21:26:14.92512-04:00","level":"INFO","msg":"client log","level":"ERROR","message":"loadMyChecklists error: Failed to fetch\nTypeError: Failed to fetch\n    at api (http://localhost:3106/sync.js:24:21)\n    at loadMyChecklists (http://localhost:3106/workflows.html:631:24)\n    at rerenderOpenChecklistAfterSave (http://localhost:3106/sync.js:588:53)\n    at applyOp (http://localhost:3106/sync.js:554:7)\n    at wsCatchUp (http://localhost:3106/sync.js:312:7)","user":"Jamal C. (jamal@yumyums.kitchen)","page":"/workflows.html","ua":"Mozilla/5.0 (Macintosh; Intel Mac OS X 10_15_7) AppleWebKit/537.36 (KHTML, like Gecko) HeadlessChrome/147.0.7727.15 Safa"}
[2m[WebServer] [22m{"time":"2026-09-04T21:26:14.925778-04:00","level":"INFO","msg":"client log","level":"ERROR","message":"loadMyChecklists error: Failed to fetch\nTypeError: Failed to fetch\n    at api (http://localhost:3106/sync.js:24:21)\n    at loadMyChecklists (http://localhost:3106/workflows.html:631:24)\n    at rerenderOpenChecklistAfterSave (http://localhost:3106/sync.js:588:53)\n    at applyOp (http://localhost:3106/sync.js:554:7)\n    at wsCatchUp (http://localhost:3106/sync.js:312:7)","user":"Jamal C. (jamal@yumyums.kitchen)","page":"/workflows.html","ua":"Mozilla/5.0 (Macintosh; Intel Mac OS X 10_15_7) AppleWebKit/537.36 (KHTML, like Gecko) HeadlessChrome/147.0.7727.15 Safa"}
[2m[WebServer] [22m{"time":"2026-09-04T21:26:14.925947-04:00","level":"INFO","msg":"client log","level":"ERROR","message":"loadMyChecklists error: Failed to fetch\nTypeError: Failed to fetch\n    at api (http://localhost:3106/sync.js:24:21)\n    at loadMyChecklists (http://localhost:3106/workflows.html:631:24)\n    at rerenderOpenChecklistAfterSave (http://localhost:3106/sync.js:588:53)\n    at applyOp (http://localhost:3106/sync.js:554:7)\n    at wsCatchUp (http://localhost:3106/sync.js:312:7)","user":"Jamal C. (jamal@yumyums.kitchen)","page":"/workflows.html","ua":"Mozilla/5.0 (Macintosh; Intel Mac OS X 10_15_7) AppleWebKit/537.36 (KHTML, like Gecko) HeadlessChrome/147.0.7727.15 Safa"}
[2m[WebServer] [22m{"time":"2026-09-04T21:26:14.925966-04:00","level":"INFO","msg":"client log","level":"ERROR","message":"loadMyChecklists error: Failed to fetch\nTypeError: Failed to fetch\n    at api (http://localhost:3106/sync.js:24:21)\n    at loadMyChecklists (http://localhost:3106/workflows.html:631:24)\n    at rerenderOpenChecklistAfterSave (http://localhost:3106/sync.js:588:53)\n    at applyOp (http://localhost:3106/sync.js:554:7)\n    at wsCatchUp (http://localhost:3106/sync.js:312:7)","user":"Jamal C. (jamal@yumyums.kitchen)","page":"/workflows.html","ua":"Mozilla/5.0 (Macintosh; Intel Mac OS X 10_15_7) AppleWebKit/537.36 (KHTML, like Gecko) HeadlessChrome/147.0.7727.15 Safa"}
[2m[WebServer] [22m{"time":"2026-09-04T21:26:14.926175-04:00","level":"INFO","msg":"client log","level":"ERROR","message":"loadMyChecklists error: Failed to fetch\nTypeError: Failed to fetch\n    at api (http://localhost:3106/sync.js:24:21)\n    at loadMyChecklists (http://localhost:3106/workflows.html:631:24)\n    at rerenderOpenChecklistAfterSave (http://localhost:3106/sync.js:588:53)\n    at applyOp (http://localhost:3106/sync.js:554:7)\n    at wsCatchUp (http://localhost:3106/sync.js:312:7)","user":"Jamal C. (jamal@yumyums.kitchen)","page":"/workflows.html","ua":"Mozilla/5.0 (Macintosh; Intel Mac OS X 10_15_7) AppleWebKit/537.36 (KHTML, like Gecko) HeadlessChrome/147.0.7727.15 Safa"}
[2m[WebServer] [22m{"time":"2026-09-04T21:26:14.927087-04:00","level":"INFO","msg":"client log","level":"ERROR","message":"loadMyChecklists error: Failed to fetch\nTypeError: Failed to fetch\n    at api (http://localhost:3106/sync.js:24:21)\n    at loadMyChecklists (http://localhost:3106/workflows.html:631:24)\n    at rerenderOpenChecklistAfterSave (http://localhost:3106/sync.js:588:53)\n    at applyOp (http://localhost:3106/sync.js:554:7)\n    at wsCatchUp (http://localhost:3106/sync.js:312:7)","user":"Jamal C. (jamal@yumyums.kitchen)","page":"/workflows.html","ua":"Mozilla/5.0 (Macintosh; Intel Mac OS X 10_15_7) AppleWebKit/537.36 (KHTML, like Gecko) HeadlessChrome/147.0.7727.15 Safa"}
[2m[WebServer] [22m{"time":"2026-09-04T21:26:14.929181-04:00","level":"INFO","msg":"client log","level":"ERROR","message":"loadMyChecklists error: Failed to fetch\nTypeError: Failed to fetch\n    at api (http://localhost:3106/sync.js:24:21)\n    at loadMyChecklists (http://localhost:3106/workflows.html:631:24)\n    at rerenderOpenChecklistAfterSave (http://localhost:3106/sync.js:588:53)\n    at applyOp (http://localhost:3106/sync.js:554:7)\n    at wsCatchUp (http://localhost:3106/sync.js:312:7)","user":"Jamal C. (jamal@yumyums.kitchen)","page":"/workflows.html","ua":"Mozilla/5.0 (Macintosh; Intel Mac OS X 10_15_7) AppleWebKit/537.36 (KHTML, like Gecko) HeadlessChrome/147.0.7727.15 Safa"}
[2m[WebServer] [22m{"time":"2026-09-04T21:26:14.930226-04:00","level":"INFO","msg":"client log","level":"ERROR","message":"loadMyChecklists error: Failed to fetch\nTypeError: Failed to fetch\n    at api (http://localhost:3106/sync.js:24:21)\n    at loadMyChecklists (http://localhost:3106/workflows.html:631:24)\n    at rerenderOpenChecklistAfterSave (http://localhost:3106/sync.js:588:53)\n    at applyOp (http://localhost:3106/sync.js:554:7)\n    at wsCatchUp (http://localhost:3106/sync.js:312:7)","user":"Jamal C. (jamal@yumyums.kitchen)","page":"/workflows.html","ua":"Mozilla/5.0 (Macintosh; Intel Mac OS X 10_15_7) AppleWebKit/537.36 (KHTML, like Gecko) HeadlessChrome/147.0.7727.15 Safa"}
[2m[WebServer] [22m{"time":"2026-09-04T21:26:14.930558-04:00","level":"INFO","msg":"client log","level":"ERROR","message":"loadMyChecklists error: Failed to fetch\nTypeError: Failed to fetch\n    at api (http://localhost:3106/sync.js:24:21)\n    at loadMyChecklists (http://localhost:3106/workflows.html:631:24)\n    at rerenderOpenChecklistAfterSave (http://localhost:3106/sync.js:588:53)\n    at applyOp (http://localhost:3106/sync.js:554:7)\n    at wsCatchUp (http://localhost:3106/sync.js:312:7)","user":"Jamal C. (jamal@yumyums.kitchen)","page":"/workflows.html","ua":"Mozilla/5.0 (Macintosh; Intel Mac OS X 10_15_7) AppleWebKit/537.36 (KHTML, like Gecko) HeadlessChrome/147.0.7727.15 Safa"}
[2m[WebServer] [22m{"time":"2026-09-04T21:26:14.930973-04:00","level":"INFO","msg":"client log","level":"ERROR","message":"loadMyChecklists error: Failed to fetch\nTypeError: Failed to fetch\n    at api (http://localhost:3106/sync.js:24:21)\n    at loadMyChecklists (http://localhost:3106/workflows.html:631:24)\n    at rerenderOpenChecklistAfterSave (http://localhost:3106/sync.js:588:53)\n    at applyOp (http://localhost:3106/sync.js:554:7)\n    at wsCatchUp (http://localhost:3106/sync.js:312:7)","user":"Jamal C. (jamal@yumyums.kitchen)","page":"/workflows.html","ua":"Mozilla/5.0 (Macintosh; Intel Mac OS X 10_15_7) AppleWebKit/537.36 (KHTML, like Gecko) HeadlessChrome/147.0.7727.15 Safa"}
[2m[WebServer] [22m{"time":"2026-09-04T21:26:14.931485-04:00","level":"INFO","msg":"client log","level":"ERROR","message":"loadMyChecklists error: Failed to fetch\nTypeError: Failed to fetch\n    at api (http://localhost:3106/sync.js:24:21)\n    at loadMyChecklists (http://localhost:3106/workflows.html:631:24)\n    at rerenderOpenChecklistAfterSave (http://localhost:3106/sync.js:588:53)\n    at applyOp (http://localhost:3106/sync.js:554:7)\n    at wsCatchUp (http://localhost:3106/sync.js:312:7)","user":"Jamal C. (jamal@yumyums.kitchen)","page":"/workflows.html","ua":"Mozilla/5.0 (Macintosh; Intel Mac OS X 10_15_7) AppleWebKit/537.36 (KHTML, like Gecko) HeadlessChrome/147.0.7727.15 Safa"}
[2m[WebServer] [22m{"time":"2026-09-04T21:26:14.932428-04:00","level":"INFO","msg":"client log","level":"ERROR","message":"loadMyChecklists error: Failed to fetch\nTypeError: Failed to fetch\n    at api (http://localhost:3106/sync.js:24:21)\n    at loadMyChecklists (http://localhost:3106/workflows.html:631:24)\n    at rerenderOpenChecklistAfterSave (http://localhost:3106/sync.js:588:53)\n    at applyOp (http://localhost:3106/sync.js:554:7)\n    at wsCatchUp (http://localhost:3106/sync.js:312:7)","user":"Jamal C. (jamal@yumyums.kitchen)","page":"/workflows.html","ua":"Mozilla/5.0 (Macintosh; Intel Mac OS X 10_15_7) AppleWebKit/537.36 (KHTML, like Gecko) HeadlessChrome/147.0.7727.15 Safa"}
[2m[WebServer] [22m{"time":"2026-09-04T21:26:14.934496-04:00","level":"INFO","msg":"client log","level":"ERROR","message":"loadMyChecklists error: Failed to fetch\nTypeError: Failed to fetch\n    at api (http://localhost:3106/sync.js:24:21)\n    at loadMyChecklists (http://localhost:3106/workflows.html:631:24)\n    at rerenderOpenChecklistAfterSave (http://localhost:3106/sync.js:588:53)\n    at applyOp (http://localhost:3106/sync.js:554:7)\n    at wsCatchUp (http://localhost:3106/sync.js:312:7)","user":"Jamal C. (jamal@yumyums.kitchen)","page":"/workflows.html","ua":"Mozilla/5.0 (Macintosh; Intel Mac OS X 10_15_7) AppleWebKit/537.36 (KHTML, like Gecko) HeadlessChrome/147.0.7727.15 Safa"}
[2m[WebServer] [22m{"time":"2026-09-04T21:26:14.935519-04:00","level":"INFO","msg":"client log","level":"ERROR","message":"loadMyChecklists error: Failed to fetch\nTypeError: Failed to fetch\n    at api (http://localhost:3106/sync.js:24:21)\n    at loadMyChecklists (http://localhost:3106/workflows.html:631:24)\n    at rerenderOpenChecklistAfterSave (http://localhost:3106/sync.js:588:53)\n    at applyOp (http://localhost:3106/sync.js:554:7)\n    at wsCatchUp (http://localhost:3106/sync.js:312:7)","user":"Jamal C. (jamal@yumyums.kitchen)","page":"/workflows.html","ua":"Mozilla/5.0 (Macintosh; Intel Mac OS X 10_15_7) AppleWebKit/537.36 (KHTML, like Gecko) HeadlessChrome/147.0.7727.15 Safa"}
[2m[WebServer] [22m{"time":"2026-09-04T21:26:14.936127-04:00","level":"INFO","msg":"client log","level":"ERROR","message":"loadMyChecklists error: Failed to fetch\nTypeError: Failed to fetch\n    at api (http://localhost:3106/sync.js:24:21)\n    at loadMyChecklists (http://localhost:3106/workflows.html:631:24)\n    at applyOp (http://localhost:3106/sync.js:544:7)\n    at wsCatchUp (http://localhost:3106/sync.js:312:7)","user":"Jamal C. (jamal@yumyums.kitchen)","page":"/workflows.html","ua":"Mozilla/5.0 (Macintosh; Intel Mac OS X 10_15_7) AppleWebKit/537.36 (KHTML, like Gecko) HeadlessChrome/147.0.7727.15 Safa"}
[2m[WebServer] [22m{"time":"2026-09-04T21:26:14.937796-04:00","level":"INFO","msg":"client log","level":"ERROR","message":"loadMyChecklists error: Failed to fetch\nTypeError: Failed to fetch\n    at api (http://localhost:3106/sync.js:24:21)\n    at loadMyChecklists (http://localhost:3106/workflows.html:631:24)\n    at rerenderOpenChecklistAfterSave (http://localhost:3106/sync.js:588:53)\n    at applyOp (http://localhost:3106/sync.js:554:7)\n    at wsCatchUp (http://localhost:3106/sync.js:312:7)","user":"Jamal C. (jamal@yumyums.kitchen)","page":"/workflows.html","ua":"Mozilla/5.0 (Macintosh; Intel Mac OS X 10_15_7) AppleWebKit/537.36 (KHTML, like Gecko) HeadlessChrome/147.0.7727.15 Safa"}
[2m[WebServer] [22m{"time":"2026-09-04T21:26:14.93943-04:00","level":"INFO","msg":"client log","level":"ERROR","message":"loadMyChecklists error: Failed to fetch\nTypeError: Failed to fetch\n    at api (http://localhost:3106/sync.js:24:21)\n    at loadMyChecklists (http://localhost:3106/workflows.html:631:24)\n    at rerenderOpenChecklistAfterSave (http://localhost:3106/sync.js:588:53)\n    at applyOp (http://localhost:3106/sync.js:554:7)\n    at wsCatchUp (http://localhost:3106/sync.js:312:7)","user":"Jamal C. (jamal@yumyums.kitchen)","page":"/workflows.html","ua":"Mozilla/5.0 (Macintosh; Intel Mac OS X 10_15_7) AppleWebKit/537.36 (KHTML, like Gecko) HeadlessChrome/147.0.7727.15 Safa"}
[2m[WebServer] [22m{"time":"2026-09-04T21:26:14.93955-04:00","level":"INFO","msg":"client log","level":"ERROR","message":"loadMyChecklists error: Failed to fetch\nTypeError: Failed to fetch\n    at api (http://localhost:3106/sync.js:24:21)\n    at loadMyChecklists (http://localhost:3106/workflows.html:631:24)\n    at rerenderOpenChecklistAfterSave (http://localhost:3106/sync.js:588:53)\n    at applyOp (http://localhost:3106/sync.js:554:7)\n    at wsCatchUp (http://localhost:3106/sync.js:312:7)","user":"Jamal C. (jamal@yumyums.kitchen)","page":"/workflows.html","ua":"Mozilla/5.0 (Macintosh; Intel Mac OS X 10_15_7) AppleWebKit/537.36 (KHTML, like Gecko) HeadlessChrome/147.0.7727.15 Safa"}
[2m[WebServer] [22m{"time":"2026-09-04T21:26:14.941104-04:00","level":"INFO","msg":"client log","level":"ERROR","message":"loadMyChecklists error: Failed to fetch\nTypeError: Failed to fetch\n    at api (http://localhost:3106/sync.js:24:21)\n    at loadMyChecklists (http://localhost:3106/workflows.html:631:24)\n    at rerenderOpenChecklistAfterSave (http://localhost:3106/sync.js:588:53)\n    at applyOp (http://localhost:3106/sync.js:554:7)\n    at wsCatchUp (http://localhost:3106/sync.js:312:7)","user":"Jamal C. (jamal@yumyums.kitchen)","page":"/workflows.html","ua":"Mozilla/5.0 (Macintosh; Intel Mac OS X 10_15_7) AppleWebKit/537.36 (KHTML, like Gecko) HeadlessChrome/147.0.7727.15 Safa"}
[2m[WebServer] [22m{"time":"2026-09-04T21:26:14.942529-04:00","level":"INFO","msg":"client log","level":"ERROR","message":"loadMyChecklists error: Failed to fetch\nTypeError: Failed to fetch\n    at api (http://localhost:3106/sync.js:24:21)\n    at loadMyChecklists (http://localhost:3106/workflows.html:631:24)\n    at rerenderOpenChecklistAfterSave (http://localhost:3106/sync.js:588:53)\n    at applyOp (http://localhost:3106/sync.js:554:7)\n    at wsCatchUp (http://localhost:3106/sync.js:312:7)","user":"Jamal C. (jamal@yumyums.kitchen)","page":"/workflows.html","ua":"Mozilla/5.0 (Macintosh; Intel Mac OS X 10_15_7) AppleWebKit/537.36 (KHTML, like Gecko) HeadlessChrome/147.0.7727.15 Safa"}
[2m[WebServer] [22m{"time":"2026-09-04T21:26:14.943969-04:00","level":"INFO","msg":"client log","level":"ERROR","message":"loadMyChecklists error: Failed to fetch\nTypeError: Failed to fetch\n    at api (http://localhost:3106/sync.js:24:21)\n    at loadMyChecklists (http://localhost:3106/workflows.html:631:24)\n    at rerenderOpenChecklistAfterSave (http://localhost:3106/sync.js:588:53)\n    at applyOp (http://localhost:3106/sync.js:554:7)\n    at wsCatchUp (http://localhost:3106/sync.js:312:7)","user":"Jamal C. (jamal@yumyums.kitchen)","page":"/workflows.html","ua":"Mozilla/5.0 (Macintosh; Intel Mac OS X 10_15_7) AppleWebKit/537.36 (KHTML, like Gecko) HeadlessChrome/147.0.7727.15 Safa"}
[2m[WebServer] [22m{"time":"2026-09-04T21:26:14.94522-04:00","level":"INFO","msg":"client log","level":"ERROR","message":"loadMyChecklists error: Failed to fetch\nTypeError: Failed to fetch\n    at api (http://localhost:3106/sync.js:24:21)\n    at loadMyChecklists (http://localhost:3106/workflows.html:631:24)\n    at rerenderOpenChecklistAfterSave (http://localhost:3106/sync.js:588:53)\n    at applyOp (http://localhost:3106/sync.js:554:7)\n    at wsCatchUp (http://localhost:3106/sync.js:312:7)","user":"Jamal C. (jamal@yumyums.kitchen)","page":"/workflows.html","ua":"Mozilla/5.0 (Macintosh; Intel Mac OS X 10_15_7) AppleWebKit/537.36 (KHTML, like Gecko) HeadlessChrome/147.0.7727.15 Safa"}
[2m[WebServer] [22m{"time":"2026-09-04T21:26:14.947538-04:00","level":"INFO","msg":"client log","level":"ERROR","message":"loadMyChecklists error: Failed to fetch\nTypeError: Failed to fetch\n    at api (http://localhost:3106/sync.js:24:21)\n    at loadMyChecklists (http://localhost:3106/workflows.html:631:24)\n    at rerenderOpenChecklistAfterSave (http://localhost:3106/sync.js:588:53)\n    at applyOp (http://localhost:3106/sync.js:554:7)\n    at wsCatchUp (http://localhost:3106/sync.js:312:7)","user":"Jamal C. (jamal@yumyums.kitchen)","page":"/workflows.html","ua":"Mozilla/5.0 (Macintosh; Intel Mac OS X 10_15_7) AppleWebKit/537.36 (KHTML, like Gecko) HeadlessChrome/147.0.7727.15 Safa"}
[2m[WebServer] [22m{"time":"2026-09-04T21:26:14.947781-04:00","level":"INFO","msg":"client log","level":"ERROR","message":"loadMyChecklists error: Failed to fetch\nTypeError: Failed to fetch\n    at api (http://localhost:3106/sync.js:24:21)\n    at loadMyChecklists (http://localhost:3106/workflows.html:631:24)\n    at rerenderOpenChecklistAfterSave (http://localhost:3106/sync.js:588:53)\n    at applyOp (http://localhost:3106/sync.js:554:7)\n    at wsCatchUp (http://localhost:3106/sync.js:312:7)","user":"Jamal C. (jamal@yumyums.kitchen)","page":"/workflows.html","ua":"Mozilla/5.0 (Macintosh; Intel Mac OS X 10_15_7) AppleWebKit/537.36 (KHTML, like Gecko) HeadlessChrome/147.0.7727.15 Safa"}
[2m[WebServer] [22m{"time":"2026-09-04T21:26:14.950618-04:00","level":"INFO","msg":"client log","level":"ERROR","message":"loadMyChecklists error: Failed to fetch\nTypeError: Failed to fetch\n    at api (http://localhost:3106/sync.js:24:21)\n    at loadMyChecklists (http://localhost:3106/workflows.html:631:24)\n    at rerenderOpenChecklistAfterSave (http://localhost:3106/sync.js:588:53)\n    at applyOp (http://localhost:3106/sync.js:554:7)\n    at wsCatchUp (http://localhost:3106/sync.js:312:7)","user":"Jamal C. (jamal@yumyums.kitchen)","page":"/workflows.html","ua":"Mozilla/5.0 (Macintosh; Intel Mac OS X 10_15_7) AppleWebKit/537.36 (KHTML, like Gecko) HeadlessChrome/147.0.7727.15 Safa"}
[2m[WebServer] [22m{"time":"2026-09-04T21:26:14.951193-04:00","level":"INFO","msg":"client log","level":"ERROR","message":"loadMyChecklists error: Failed to fetch\nTypeError: Failed to fetch\n    at api (http://localhost:3106/sync.js:24:21)\n    at loadMyChecklists (http://localhost:3106/workflows.html:631:24)\n    at rerenderOpenChecklistAfterSave (http://localhost:3106/sync.js:588:53)\n    at applyOp (http://localhost:3106/sync.js:554:7)\n    at wsCatchUp (http://localhost:3106/sync.js:312:7)","user":"Jamal C. (jamal@yumyums.kitchen)","page":"/workflows.html","ua":"Mozilla/5.0 (Macintosh; Intel Mac OS X 10_15_7) AppleWebKit/537.36 (KHTML, like Gecko) HeadlessChrome/147.0.7727.15 Safa"}
[2m[WebServer] [22m{"time":"2026-09-04T21:26:14.953531-04:00","level":"INFO","msg":"client log","level":"ERROR","message":"loadMyChecklists error: Failed to fetch\nTypeError: Failed to fetch\n    at api (http://localhost:3106/sync.js:24:21)\n    at loadMyChecklists (http://localhost:3106/workflows.html:631:24)\n    at applyOp (http://localhost:3106/sync.js:544:7)\n    at wsCatchUp (http://localhost:3106/sync.js:312:7)","user":"Jamal C. (jamal@yumyums.kitchen)","page":"/workflows.html","ua":"Mozilla/5.0 (Macintosh; Intel Mac OS X 10_15_7) AppleWebKit/537.36 (KHTML, like Gecko) HeadlessChrome/147.0.7727.15 Safa"}
[2m[WebServer] [22m{"time":"2026-09-04T21:26:14.953655-04:00","level":"INFO","msg":"client log","level":"ERROR","message":"loadMyChecklists error: Failed to fetch\nTypeError: Failed to fetch\n    at api (http://localhost:3106/sync.js:24:21)\n    at loadMyChecklists (http://localhost:3106/workflows.html:631:24)\n    at rerenderOpenChecklistAfterSave (http://localhost:3106/sync.js:588:53)\n    at applyOp (http://localhost:3106/sync.js:554:7)\n    at wsCatchUp (http://localhost:3106/sync.js:312:7)","user":"Jamal C. (jamal@yumyums.kitchen)","page":"/workflows.html","ua":"Mozilla/5.0 (Macintosh; Intel Mac OS X 10_15_7) AppleWebKit/537.36 (KHTML, like Gecko) HeadlessChrome/147.0.7727.15 Safa"}
[2m[WebServer] [22m{"time":"2026-09-04T21:26:14.955304-04:00","level":"INFO","msg":"client log","level":"ERROR","message":"loadMyChecklists error: Failed to fetch\nTypeError: Failed to fetch\n    at api (http://localhost:3106/sync.js:24:21)\n    at loadMyChecklists (http://localhost:3106/workflows.html:631:24)\n    at rerenderOpenChecklistAfterSave (http://localhost:3106/sync.js:588:53)\n    at applyOp (http://localhost:3106/sync.js:554:7)\n    at wsCatchUp (http://localhost:3106/sync.js:312:7)","user":"Jamal C. (jamal@yumyums.kitchen)","page":"/workflows.html","ua":"Mozilla/5.0 (Macintosh; Intel Mac OS X 10_15_7) AppleWebKit/537.36 (KHTML, like Gecko) HeadlessChrome/147.0.7727.15 Safa"}
[2m[WebServer] [22m{"time":"2026-09-04T21:26:14.956122-04:00","level":"INFO","msg":"client log","level":"ERROR","message":"loadMyChecklists error: Failed to fetch\nTypeError: Failed to fetch\n    at api (http://localhost:3106/sync.js:24:21)\n    at loadMyChecklists (http://localhost:3106/workflows.html:631:24)\n    at rerenderOpenChecklistAfterSave (http://localhost:3106/sync.js:588:53)\n    at applyOp (http://localhost:3106/sync.js:554:7)\n    at wsCatchUp (http://localhost:3106/sync.js:312:7)","user":"Jamal C. (jamal@yumyums.kitchen)","page":"/workflows.html","ua":"Mozilla/5.0 (Macintosh; Intel Mac OS X 10_15_7) AppleWebKit/537.36 (KHTML, like Gecko) HeadlessChrome/147.0.7727.15 Safa"}
[2m[WebServer] [22m{"time":"2026-09-04T21:26:14.956412-04:00","level":"INFO","msg":"client log","level":"ERROR","message":"loadMyChecklists error: Failed to fetch\nTypeError: Failed to fetch\n    at api (http://localhost:3106/sync.js:24:21)\n    at loadMyChecklists (http://localhost:3106/workflows.html:631:24)\n    at rerenderOpenChecklistAfterSave (http://localhost:3106/sync.js:588:53)\n    at applyOp (http://localhost:3106/sync.js:554:7)\n    at wsCatchUp (http://localhost:3106/sync.js:312:7)","user":"Jamal C. (jamal@yumyums.kitchen)","page":"/workflows.html","ua":"Mozilla/5.0 (Macintosh; Intel Mac OS X 10_15_7) AppleWebKit/537.36 (KHTML, like Gecko) HeadlessChrome/147.0.7727.15 Safa"}
[2m[WebServer] [22m{"time":"2026-09-04T21:26:14.958251-04:00","level":"INFO","msg":"client log","level":"ERROR","message":"loadMyChecklists error: Failed to fetch\nTypeError: Failed to fetch\n    at api (http://localhost:3106/sync.js:24:21)\n    at loadMyChecklists (http://localhost:3106/workflows.html:631:24)\n    at rerenderOpenChecklistAfterSave (http://localhost:3106/sync.js:588:53)\n    at applyOp (http://localhost:3106/sync.js:554:7)\n    at wsCatchUp (http://localhost:3106/sync.js:312:7)","user":"Jamal C. (jamal@yumyums.kitchen)","page":"/workflows.html","ua":"Mozilla/5.0 (Macintosh; Intel Mac OS X 10_15_7) AppleWebKit/537.36 (KHTML, like Gecko) HeadlessChrome/147.0.7727.15 Safa"}
[2m[WebServer] [22m{"time":"2026-09-04T21:26:14.958622-04:00","level":"INFO","msg":"client log","level":"ERROR","message":"loadMyChecklists error: Failed to fetch\nTypeError: Failed to fetch\n    at api (http://localhost:3106/sync.js:24:21)\n    at loadMyChecklists (http://localhost:3106/workflows.html:631:24)\n    at rerenderOpenChecklistAfterSave (http://localhost:3106/sync.js:588:53)\n    at applyOp (http://localhost:3106/sync.js:554:7)\n    at wsCatchUp (http://localhost:3106/sync.js:312:7)","user":"Jamal C. (jamal@yumyums.kitchen)","page":"/workflows.html","ua":"Mozilla/5.0 (Macintosh; Intel Mac OS X 10_15_7) AppleWebKit/537.36 (KHTML, like Gecko) HeadlessChrome/147.0.7727.15 Safa"}
[2m[WebServer] [22m{"time":"2026-09-04T21:26:14.958911-04:00","level":"INFO","msg":"client log","level":"ERROR","message":"loadMyChecklists error: Failed to fetch\nTypeError: Failed to fetch\n    at api (http://localhost:3106/sync.js:24:21)\n    at loadMyChecklists (http://localhost:3106/workflows.html:631:24)\n    at applyOp (http://localhost:3106/sync.js:519:7)\n    at wsCatchUp (http://localhost:3106/sync.js:312:7)","user":"Jamal C. (jamal@yumyums.kitchen)","page":"/workflows.html","ua":"Mozilla/5.0 (Macintosh; Intel Mac OS X 10_15_7) AppleWebKit/537.36 (KHTML, like Gecko) HeadlessChrome/147.0.7727.15 Safa"}
[2m[WebServer] [22m{"time":"2026-09-04T21:26:14.959636-04:00","level":"INFO","msg":"client log","level":"ERROR","message":"loadMyChecklists error: Failed to fetch\nTypeError: Failed to fetch\n    at api (http://localhost:3106/sync.js:24:21)\n    at loadMyChecklists (http://localhost:3106/workflows.html:631:24)\n    at applyOp (http://localhost:3106/sync.js:544:7)\n    at wsCatchUp (http://localhost:3106/sync.js:312:7)","user":"Jamal C. (jamal@yumyums.kitchen)","page":"/workflows.html","ua":"Mozilla/5.0 (Macintosh; Intel Mac OS X 10_15_7) AppleWebKit/537.36 (KHTML, like Gecko) HeadlessChrome/147.0.7727.15 Safa"}
[2m[WebServer] [22m{"time":"2026-09-04T21:26:14.95983-04:00","level":"INFO","msg":"client log","level":"ERROR","message":"loadMyChecklists error: Failed to fetch\nTypeError: Failed to fetch\n    at api (http://localhost:3106/sync.js:24:21)\n    at loadMyChecklists (http://localhost:3106/workflows.html:631:24)\n    at rerenderOpenChecklistAfterSave (http://localhost:3106/sync.js:588:53)\n    at applyOp (http://localhost:3106/sync.js:554:7)\n    at wsCatchUp (http://localhost:3106/sync.js:312:7)","user":"Jamal C. (jamal@yumyums.kitchen)","page":"/workflows.html","ua":"Mozilla/5.0 (Macintosh; Intel Mac OS X 10_15_7) AppleWebKit/537.36 (KHTML, like Gecko) HeadlessChrome/147.0.7727.15 Safa"}
  ✓  710 [chromium] › tests/sync.spec.js:1691:3 › Convergence matrix (W-3): lifecycle + list progress › list-view denominator converges live + catch-up when a field is CUT on the bare list (2.9s)
[2m[WebServer] [22m{"time":"2026-09-04T21:26:15.4165-04:00","level":"ERROR","msg":"GetManagerHires failed","error":"iterate assigned templates for hire 14c11b75-a485-46c7-9ce9-0a8dcd7a24bc: context canceled"}
[2m[WebServer] [22m{"time":"2026-09-04T21:26:15.662928-04:00","level":"ERROR","msg":"myChecklists error","error":"iterate responses: context canceled"}
[2m[WebServer] [22m{"time":"2026-09-04T21:26:15.666165-04:00","level":"INFO","msg":"client log","level":"ERROR","message":"loadMyChecklists error: Failed to fetch\nTypeError: Failed to fetch\n    at api (http://localhost:3106/sync.js:24:21)\n    at loadMyChecklists (http://localhost:3106/workflows.html:631:24)\n    at show (http://localhost:3106/workflows.html:3836:5)\n    at init (http://localhost:3106/workflows.html:3917:5)","user":"Jamal C. (jamal@yumyums.kitchen)","page":"/workflows.html","ua":"Mozilla/5.0 (Macintosh; Intel Mac OS X 10_15_7) AppleWebKit/537.36 (KHTML, like Gecko) HeadlessChrome/147.0.7727.15 Safa"}
[2m[WebServer] [22m{"time":"2026-09-04T21:26:16.228489-04:00","level":"INFO","msg":"op handler received op","op_type":"SET_FIELD","entity_id":"e022b572-aac9-4291-8cd4-c0066b244317","device_id":"zzz-winner-device","lamport_ts":5000000}
[2m[WebServer] [22m{"time":"2026-09-04T21:26:16.669031-04:00","level":"INFO","msg":"op handler received op","op_type":"SET_FIELD","entity_id":"e022b572-aac9-4291-8cd4-c0066b244317","device_id":"5bd417b0-18cc-474c-993a-b617160cb43c","lamport_ts":1}
  ✓  711 [chromium] › tests/sync.spec.js:1756:3 › Engine: LWW conflict re-renders the winning value (W-6) › losing device renders the winning field value after a 409, not its rejected value [FR-9 INV-1] (1.6s)
[2m[WebServer] [22m{"time":"2026-09-04T21:26:17.01613-04:00","level":"ERROR","msg":"GetManagerHires failed","error":"query assigned templates for hire b4858aa5-87f1-475f-9b00-ffbc38d0bac0: context canceled"}
[2m[WebServer] [22m{"time":"2026-09-04T21:26:17.295734-04:00","level":"ERROR","msg":"myChecklists error","error":"iterate fail notes: context canceled"}
[2m[WebServer] [22m{"time":"2026-09-04T21:26:17.298997-04:00","level":"INFO","msg":"client log","level":"ERROR","message":"loadMyChecklists error: Failed to fetch\nTypeError: Failed to fetch\n    at api (http://localhost:3106/sync.js:24:21)\n    at loadMyChecklists (http://localhost:3106/workflows.html:631:24)\n    at show (http://localhost:3106/workflows.html:3836:5)\n    at init (http://localhost:3106/workflows.html:3917:5)","user":"Jamal C. (jamal@yumyums.kitchen)","page":"/workflows.html","ua":"Mozilla/5.0 (Macintosh; Intel Mac OS X 10_15_7) AppleWebKit/537.36 (KHTML, like Gecko) HeadlessChrome/147.0.7727.15 Safa"}
[2m[WebServer] [22m{"time":"2026-09-04T21:26:17.831143-04:00","level":"INFO","msg":"op handler received op","op_type":"SET_FIELD","entity_id":"62781ba6-09d1-42ab-a321-9e1020368e56","device_id":"zzz-winner-device","lamport_ts":5000000}
[2m[WebServer] [22m{"time":"2026-09-04T21:26:18.269066-04:00","level":"INFO","msg":"op handler received op","op_type":"SET_FIELD","entity_id":"62781ba6-09d1-42ab-a321-9e1020368e56","device_id":"1bdb5bf2-8e09-450e-a6a6-eb391ca9b9bf","lamport_ts":1}
  ✓  712 [chromium] › tests/sync.spec.js:1960:3 › Engine: LWW conflict re-renders the winner across persisted types (W-6b) › yes/no: a losing No re-renders the winning Yes [FR-9 INV-1] (1.6s)
[2m[WebServer] [22m{"time":"2026-09-04T21:26:18.582794-04:00","level":"ERROR","msg":"GetManagerHires failed","error":"iterate assigned templates for hire b6080b05-acf5-48b1-af4f-0fb5bb63d53a: context canceled"}
[2m[WebServer] [22m{"time":"2026-09-04T21:26:19.392797-04:00","level":"INFO","msg":"op handler received op","op_type":"SET_FIELD","entity_id":"b27599b3-5043-42cd-8a7c-e00aadd8d98c","device_id":"zzz-winner-device","lamport_ts":5000000}
[2m[WebServer] [22m{"time":"2026-09-04T21:26:19.824505-04:00","level":"INFO","msg":"op handler received op","op_type":"SET_FIELD","entity_id":"b27599b3-5043-42cd-8a7c-e00aadd8d98c","device_id":"c8f0c917-d180-408b-9cc1-73f245e48515","lamport_ts":1}
  ✓  713 [chromium] › tests/sync.spec.js:1983:3 › Engine: LWW conflict re-renders the winner across persisted types (W-6b) › temperature: a losing 350 re-renders the winning 375 [FR-9 INV-1] (1.5s)
[2m[WebServer] [22m{"time":"2026-09-04T21:26:20.148442-04:00","level":"ERROR","msg":"GetManagerHires failed","error":"query assigned templates for hire b6080b05-acf5-48b1-af4f-0fb5bb63d53a: context canceled"}
[2m[WebServer] [22m{"time":"2026-09-04T21:26:20.92099-04:00","level":"INFO","msg":"op handler received op","op_type":"SET_FIELD","entity_id":"1789986d-6147-4846-8edf-9a707a61ced4","device_id":"zzz-winner-device","lamport_ts":5000000}
[2m[WebServer] [22m{"time":"2026-09-04T21:26:21.367975-04:00","level":"INFO","msg":"op handler received op","op_type":"SET_FIELD","entity_id":"1789986d-6147-4846-8edf-9a707a61ced4","device_id":"314af5ec-9ab5-48b1-814d-e9fcb9bf6457","lamport_ts":1}
  ✓  714 [chromium] › tests/sync.spec.js:2002:3 › Engine: LWW conflict re-renders the winner across persisted types (W-6b) › sub-step: a losing sub-step B re-renders the winning sub-step A [FR-9 INV-1] (1.5s)
[2m[WebServer] [22m{"time":"2026-09-04T21:26:21.697548-04:00","level":"ERROR","msg":"GetManagerHires failed","error":"iterate assigned templates for hire 2efa64d9-3776-4e9e-a030-acfded0e9bd4: context canceled"}
[2m[WebServer] [22m{"time":"2026-09-04T21:26:22.568926-04:00","level":"INFO","msg":"op handler received op","op_type":"SET_FIELD","entity_id":"98242ae9-f9c1-495b-b5c0-fca4e8584d29","device_id":"4dfd3e48-2f49-47f0-bc20-a70086a24b5d","lamport_ts":1}
[2m[WebServer] [22m{"time":"2026-09-04T21:26:22.960393-04:00","level":"ERROR","msg":"GetManagerHires failed","error":"iterate assigned templates for hire ae0576e9-c5ec-41ee-b6f3-07439f8477c1: context canceled"}
[2m[WebServer] [22m{"time":"2026-09-04T21:26:23.252971-04:00","level":"INFO","msg":"op handler received op","op_type":"SET_FIELD","entity_id":"98242ae9-f9c1-495b-b5c0-fca4e8584d29","device_id":"zzz-winner-device","lamport_ts":5000000}
[2m[WebServer] [22m{"time":"2026-09-04T21:26:23.681678-04:00","level":"INFO","msg":"op handler received op","op_type":"SET_FIELD","entity_id":"98242ae9-f9c1-495b-b5c0-fca4e8584d29","device_id":"4dfd3e48-2f49-47f0-bc20-a70086a24b5d","lamport_ts":1}
  ✓  715 [chromium] › tests/sync.spec.js:2029:3 › Engine: LWW conflict re-renders the winner across persisted types (W-6b) › checkbox: a losing uncheck re-renders the winning checked box [FR-9 INV-1] (2.3s)
[2m[WebServer] [22m{"time":"2026-09-04T21:26:23.997666-04:00","level":"ERROR","msg":"GetManagerHires failed","error":"iterate assigned templates for hire d949b011-7c4e-4234-a641-2a565765b237: context canceled"}
[2m[WebServer] [22m{"time":"2026-09-04T21:26:24.748671-04:00","level":"ERROR","msg":"GetManagerHires failed","error":"iterate assigned templates for hire 14c11b75-a485-46c7-9ce9-0a8dcd7a24bc: context canceled"}
[2m[WebServer] [22m{"time":"2026-09-04T21:26:25.394999-04:00","level":"ERROR","msg":"listTemplates error","error":"iterate sections: context canceled"}
[2m[WebServer] [22m{"time":"2026-09-04T21:26:25.403368-04:00","level":"ERROR","msg":"listTemplates error","error":"iterate fields: context canceled"}
[2m[WebServer] [22m{"time":"2026-09-04T21:26:26.271113-04:00","level":"INFO","msg":"op handler received op","op_type":"SET_FIELD","entity_id":"344ae874-18a6-45b6-ae43-4d38f60caf4e","device_id":"2da48bf8-d6bc-403e-8d2b-699e3aa4b602","lamport_ts":1788571129910}
[2m[WebServer] [22m{"time":"2026-09-04T21:26:26.402648-04:00","level":"ERROR","msg":"listTemplates error","error":"iterate sections: context canceled"}
[2m[WebServer] [22m{"time":"2026-09-04T21:26:26.405011-04:00","level":"ERROR","msg":"listTemplates error","error":"iterate templates: context canceled"}
  ✓  716 [chromium] › tests/sync.spec.js:2452:3 › Convergence matrix (systematic): op-type × editor × derived view › MTX-FLD-ADM-VAL: non-assignee admin field edit converges on the same admin's 2nd device (live + catch-up) [ESC-1] (2.9s)
[2m[WebServer] [22m{"time":"2026-09-04T21:26:26.973228-04:00","level":"ERROR","msg":"GetManagerHires failed","error":"iterate assigned templates for hire 14c11b75-a485-46c7-9ce9-0a8dcd7a24bc: context canceled"}
[2m[WebServer] [22m{"time":"2026-09-04T21:26:27.861518-04:00","level":"ERROR","msg":"GetManagerHires failed","error":"iterate assigned templates for hire 14c11b75-a485-46c7-9ce9-0a8dcd7a24bc: context canceled"}
[2m[WebServer] [22m{"time":"2026-09-04T21:26:27.869073-04:00","level":"ERROR","msg":"GetMyTrainings failed","error":"query my trainings: context canceled"}
[2m[WebServer] [22m{"time":"2026-09-04T21:26:28.448995-04:00","level":"ERROR","msg":"listTemplates error","error":"iterate fields: context canceled"}
[2m[WebServer] [22m{"time":"2026-09-04T21:26:28.45243-04:00","level":"ERROR","msg":"listTemplates error","error":"iterate templates: context canceled"}
[2m[WebServer] [22m{"time":"2026-09-04T21:26:28.462192-04:00","level":"ERROR","msg":"listTemplates error","error":"iterate schedules: context canceled"}
[2m[WebServer] [22m{"time":"2026-09-04T21:26:29.338675-04:00","level":"INFO","msg":"op handler received op","op_type":"SET_FIELD","entity_id":"7a7a66af-af3e-4985-82dd-c4bd74e46606","device_id":"799284d4-7968-4efa-807e-9dfe0e6d0d91","lamport_ts":1788571129914}
[2m[WebServer] [22m{"time":"2026-09-04T21:26:29.467232-04:00","level":"ERROR","msg":"listTemplates error","error":"iterate templates: context canceled"}
  ✓  717 [chromium] › tests/sync.spec.js:2478:3 › Convergence matrix (systematic): op-type × editor × derived view › MTX-FLD-ADM-CNT: non-assignee admin field edit converges the 2nd device's list count (live + catch-up) (3.3s)
[2m[WebServer] [22m{"time":"2026-09-04T21:26:30.235533-04:00","level":"ERROR","msg":"GetManagerHires failed","error":"iterate assigned templates for hire 14c11b75-a485-46c7-9ce9-0a8dcd7a24bc: context canceled"}
[2m[WebServer] [22m{"time":"2026-09-04T21:26:30.524873-04:00","level":"ERROR","msg":"listTemplates error","error":"iterate sections: context canceled"}
[2m[WebServer] [22m{"time":"2026-09-04T21:26:30.526255-04:00","level":"ERROR","msg":"myChecklists error","error":"get user role: context canceled"}
[2m[WebServer] [22m{"time":"2026-09-04T21:26:30.526363-04:00","level":"ERROR","msg":"cleanupOldDrafts error","error":"cleanup old drafts: context canceled"}
[2m[WebServer] [22m{"time":"2026-09-04T21:26:30.548004-04:00","level":"INFO","msg":"client log","level":"ERROR","message":"loadMyChecklists error: Failed to fetch\nTypeError: Failed to fetch\n    at api (http://localhost:3106/sync.js:24:21)\n    at loadMyChecklists (http://localhost:3106/workflows.html:631:24)\n    at show (http://localhost:3106/workflows.html:3836:5)\n    at init (http://localhost:3106/workflows.html:3917:5)","user":"Jamal C. (jamal@yumyums.kitchen)","page":"/workflows.html","ua":"Mozilla/5.0 (Macintosh; Intel Mac OS X 10_15_7) AppleWebKit/537.36 (KHTML, like Gecko) HeadlessChrome/147.0.7727.15 Safa"}
[2m[WebServer] [22m{"time":"2026-09-04T21:26:30.548526-04:00","level":"INFO","msg":"client log","level":"ERROR","message":"loadMyChecklists error: Failed to fetch\nTypeError: Failed to fetch\n    at api (http://localhost:3106/sync.js:24:21)\n    at loadMyChecklists (http://localhost:3106/workflows.html:631:24)\n    at applyOp (http://localhost:3106/sync.js:566:7)\n    at _ws.onmessage (http://localhost:3106/sync.js:275:7)","user":"Jamal C. (jamal@yumyums.kitchen)","page":"/workflows.html","ua":"Mozilla/5.0 (Macintosh; Intel Mac OS X 10_15_7) AppleWebKit/537.36 (KHTML, like Gecko) HeadlessChrome/147.0.7727.15 Safa"}
[2m[WebServer] [22m{"time":"2026-09-04T21:26:31.385557-04:00","level":"INFO","msg":"op handler received op","op_type":"SET_FIELD","entity_id":"5dddaff3-7293-4546-8552-624b9597a20c","device_id":"298a380f-7a12-45b6-bcf1-ebceb8058af8","lamport_ts":1788571129916}
[2m[WebServer] [22m{"time":"2026-09-04T21:26:31.69087-04:00","level":"ERROR","msg":"GetManagerHires failed","error":"iterate assigned templates for hire 14c11b75-a485-46c7-9ce9-0a8dcd7a24bc: context canceled"}
[2m[WebServer] [22m{"time":"2026-09-04T21:26:32.605065-04:00","level":"ERROR","msg":"myChecklists error","error":"iterate fail notes: context canceled"}
[2m[WebServer] [22m{"time":"2026-09-04T21:26:32.610475-04:00","level":"ERROR","msg":"listTemplates error","error":"iterate fields: context canceled"}
[2m[WebServer] [22m{"time":"2026-09-04T21:26:32.635673-04:00","level":"INFO","msg":"client log","level":"ERROR","message":"loadMyChecklists error: Failed to fetch\nTypeError: Failed to fetch\n    at api (http://localhost:3106/sync.js:24:21)\n    at loadMyChecklists (http://localhost:3106/workflows.html:631:24)\n    at rerenderOpenChecklistAfterSave (http://localhost:3106/sync.js:588:53)\n    at applyOp (http://localhost:3106/sync.js:554:7)\n    at wsCatchUp (http://localhost:3106/sync.js:312:7)","user":"Jamal C. (jamal@yumyums.kitchen)","page":"/workflows.html","ua":"Mozilla/5.0 (Macintosh; Intel Mac OS X 10_15_7) AppleWebKit/537.36 (KHTML, like Gecko) HeadlessChrome/147.0.7727.15 Safa"}
[2m[WebServer] [22m{"time":"2026-09-04T21:26:32.637879-04:00","level":"INFO","msg":"client log","level":"ERROR","message":"loadMyChecklists error: Failed to fetch\nTypeError: Failed to fetch\n    at api (http://localhost:3106/sync.js:24:21)\n    at loadMyChecklists (http://localhost:3106/workflows.html:631:24)\n    at rerenderOpenChecklistAfterSave (http://localhost:3106/sync.js:588:53)\n    at applyOp (http://localhost:3106/sync.js:554:7)\n    at wsCatchUp (http://localhost:3106/sync.js:312:7)","user":"Jamal C. (jamal@yumyums.kitchen)","page":"/workflows.html","ua":"Mozilla/5.0 (Macintosh; Intel Mac OS X 10_15_7) AppleWebKit/537.36 (KHTML, like Gecko) HeadlessChrome/147.0.7727.15 Safa"}
[2m[WebServer] [22m{"time":"2026-09-04T21:26:32.638441-04:00","level":"INFO","msg":"client log","level":"ERROR","message":"loadMyChecklists error: Failed to fetch\nTypeError: Failed to fetch\n    at api (http://localhost:3106/sync.js:24:21)\n    at loadMyChecklists (http://localhost:3106/workflows.html:631:24)\n    at rerenderOpenChecklistAfterSave (http://localhost:3106/sync.js:588:53)\n    at applyOp (http://localhost:3106/sync.js:554:7)\n    at wsCatchUp (http://localhost:3106/sync.js:312:7)","user":"Jamal C. (jamal@yumyums.kitchen)","page":"/workflows.html","ua":"Mozilla/5.0 (Macintosh; Intel Mac OS X 10_15_7) AppleWebKit/537.36 (KHTML, like Gecko) HeadlessChrome/147.0.7727.15 Safa"}
[2m[WebServer] [22m{"time":"2026-09-04T21:26:32.640107-04:00","level":"INFO","msg":"client log","level":"ERROR","message":"loadMyChecklists error: Failed to fetch\nTypeError: Failed to fetch\n    at api (http://localhost:3106/sync.js:24:21)\n    at loadMyChecklists (http://localhost:3106/workflows.html:631:24)\n    at rerenderOpenChecklistAfterSave (http://localhost:3106/sync.js:588:53)\n    at applyOp (http://localhost:3106/sync.js:554:7)\n    at wsCatchUp (http://localhost:3106/sync.js:312:7)","user":"Jamal C. (jamal@yumyums.kitchen)","page":"/workflows.html","ua":"Mozilla/5.0 (Macintosh; Intel Mac OS X 10_15_7) AppleWebKit/537.36 (KHTML, like Gecko) HeadlessChrome/147.0.7727.15 Safa"}
[2m[WebServer] [22m{"time":"2026-09-04T21:26:32.64203-04:00","level":"INFO","msg":"client log","level":"ERROR","message":"loadMyChecklists error: Failed to fetch\nTypeError: Failed to fetch\n    at api (http://localhost:3106/sync.js:24:21)\n    at loadMyChecklists (http://localhost:3106/workflows.html:631:24)\n    at rerenderOpenChecklistAfterSave (http://localhost:3106/sync.js:588:53)\n    at applyOp (http://localhost:3106/sync.js:554:7)\n    at wsCatchUp (http://localhost:3106/sync.js:312:7)","user":"Jamal C. (jamal@yumyums.kitchen)","page":"/workflows.html","ua":"Mozilla/5.0 (Macintosh; Intel Mac OS X 10_15_7) AppleWebKit/537.36 (KHTML, like Gecko) HeadlessChrome/147.0.7727.15 Safa"}
[2m[WebServer] [22m{"time":"2026-09-04T21:26:32.64283-04:00","level":"INFO","msg":"client log","level":"ERROR","message":"loadMyChecklists error: Failed to fetch\nTypeError: Failed to fetch\n    at api (http://localhost:3106/sync.js:24:21)\n    at loadMyChecklists (http://localhost:3106/workflows.html:631:24)\n    at rerenderOpenChecklistAfterSave (http://localhost:3106/sync.js:588:53)\n    at applyOp (http://localhost:3106/sync.js:554:7)\n    at wsCatchUp (http://localhost:3106/sync.js:312:7)","user":"Jamal C. (jamal@yumyums.kitchen)","page":"/workflows.html","ua":"Mozilla/5.0 (Macintosh; Intel Mac OS X 10_15_7) AppleWebKit/537.36 (KHTML, like Gecko) HeadlessChrome/147.0.7727.15 Safa"}
[2m[WebServer] [22m{"time":"2026-09-04T21:26:32.642883-04:00","level":"INFO","msg":"client log","level":"ERROR","message":"loadMyChecklists error: Failed to fetch\nTypeError: Failed to fetch\n    at api (http://localhost:3106/sync.js:24:21)\n    at loadMyChecklists (http://localhost:3106/workflows.html:631:24)\n    at rerenderOpenChecklistAfterSave (http://localhost:3106/sync.js:588:53)\n    at applyOp (http://localhost:3106/sync.js:554:7)\n    at wsCatchUp (http://localhost:3106/sync.js:312:7)","user":"Jamal C. (jamal@yumyums.kitchen)","page":"/workflows.html","ua":"Mozilla/5.0 (Macintosh; Intel Mac OS X 10_15_7) AppleWebKit/537.36 (KHTML, like Gecko) HeadlessChrome/147.0.7727.15 Safa"}
[2m[WebServer] [22m{"time":"2026-09-04T21:26:32.644141-04:00","level":"INFO","msg":"client log","level":"ERROR","message":"loadMyChecklists error: Failed to fetch\nTypeError: Failed to fetch\n    at api (http://localhost:3106/sync.js:24:21)\n    at loadMyChecklists (http://localhost:3106/workflows.html:631:24)\n    at applyOp (http://localhost:3106/sync.js:544:7)\n    at wsCatchUp (http://localhost:3106/sync.js:312:7)","user":"Jamal C. (jamal@yumyums.kitchen)","page":"/workflows.html","ua":"Mozilla/5.0 (Macintosh; Intel Mac OS X 10_15_7) AppleWebKit/537.36 (KHTML, like Gecko) HeadlessChrome/147.0.7727.15 Safa"}
[2m[WebServer] [22m{"time":"2026-09-04T21:26:32.644882-04:00","level":"INFO","msg":"client log","level":"ERROR","message":"loadMyChecklists error: Failed to fetch\nTypeError: Failed to fetch\n    at api (http://localhost:3106/sync.js:24:21)\n    at loadMyChecklists (http://localhost:3106/workflows.html:631:24)\n    at rerenderOpenChecklistAfterSave (http://localhost:3106/sync.js:588:53)\n    at applyOp (http://localhost:3106/sync.js:554:7)\n    at wsCatchUp (http://localhost:3106/sync.js:312:7)","user":"Jamal C. (jamal@yumyums.kitchen)","page":"/workflows.html","ua":"Mozilla/5.0 (Macintosh; Intel Mac OS X 10_15_7) AppleWebKit/537.36 (KHTML, like Gecko) HeadlessChrome/147.0.7727.15 Safa"}
[2m[WebServer] [22m{"time":"2026-09-04T21:26:32.646933-04:00","level":"INFO","msg":"client log","level":"ERROR","message":"loadMyChecklists error: Failed to fetch\nTypeError: Failed to fetch\n    at api (http://localhost:3106/sync.js:24:21)\n    at loadMyChecklists (http://localhost:3106/workflows.html:631:24)\n    at rerenderOpenChecklistAfterSave (http://localhost:3106/sync.js:588:53)\n    at applyOp (http://localhost:3106/sync.js:554:7)\n    at wsCatchUp (http://localhost:3106/sync.js:312:7)","user":"Jamal C. (jamal@yumyums.kitchen)","page":"/workflows.html","ua":"Mozilla/5.0 (Macintosh; Intel Mac OS X 10_15_7) AppleWebKit/537.36 (KHTML, like Gecko) HeadlessChrome/147.0.7727.15 Safa"}
[2m[WebServer] [22m{"time":"2026-09-04T21:26:32.647845-04:00","level":"INFO","msg":"client log","level":"ERROR","message":"loadMyChecklists error: Failed to fetch\nTypeError: Failed to fetch\n    at api (http://localhost:3106/sync.js:24:21)\n    at loadMyChecklists (http://localhost:3106/workflows.html:631:24)\n    at rerenderOpenChecklistAfterSave (http://localhost:3106/sync.js:588:53)\n    at applyOp (http://localhost:3106/sync.js:554:7)\n    at wsCatchUp (http://localhost:3106/sync.js:312:7)","user":"Jamal C. (jamal@yumyums.kitchen)","page":"/workflows.html","ua":"Mozilla/5.0 (Macintosh; Intel Mac OS X 10_15_7) AppleWebKit/537.36 (KHTML, like Gecko) HeadlessChrome/147.0.7727.15 Safa"}
[2m[WebServer] [22m{"time":"2026-09-04T21:26:32.648513-04:00","level":"INFO","msg":"client log","level":"ERROR","message":"loadMyChecklists error: Failed to fetch\nTypeError: Failed to fetch\n    at api (http://localhost:3106/sync.js:24:21)\n    at loadMyChecklists (http://localhost:3106/workflows.html:631:24)\n    at rerenderOpenChecklistAfterSave (http://localhost:3106/sync.js:588:53)\n    at applyOp (http://localhost:3106/sync.js:554:7)\n    at wsCatchUp (http://localhost:3106/sync.js:312:7)","user":"Jamal C. (jamal@yumyums.kitchen)","page":"/workflows.html","ua":"Mozilla/5.0 (Macintosh; Intel Mac OS X 10_15_7) AppleWebKit/537.36 (KHTML, like Gecko) HeadlessChrome/147.0.7727.15 Safa"}
[2m[WebServer] [22m{"time":"2026-09-04T21:26:32.648515-04:00","level":"INFO","msg":"client log","level":"ERROR","message":"loadMyChecklists error: Failed to fetch\nTypeError: Failed to fetch\n    at api (http://localhost:3106/sync.js:24:21)\n    at loadMyChecklists (http://localhost:3106/workflows.html:631:24)\n    at rerenderOpenChecklistAfterSave (http://localhost:3106/sync.js:588:53)\n    at applyOp (http://localhost:3106/sync.js:554:7)\n    at wsCatchUp (http://localhost:3106/sync.js:312:7)","user":"Jamal C. (jamal@yumyums.kitchen)","page":"/workflows.html","ua":"Mozilla/5.0 (Macintosh; Intel Mac OS X 10_15_7) AppleWebKit/537.36 (KHTML, like Gecko) HeadlessChrome/147.0.7727.15 Safa"}
[2m[WebServer] [22m{"time":"2026-09-04T21:26:32.64902-04:00","level":"INFO","msg":"client log","level":"ERROR","message":"loadMyChecklists error: Failed to fetch\nTypeError: Failed to fetch\n    at api (http://localhost:3106/sync.js:24:21)\n    at loadMyChecklists (http://localhost:3106/workflows.html:631:24)\n    at rerenderOpenChecklistAfterSave (http://localhost:3106/sync.js:588:53)\n    at applyOp (http://localhost:3106/sync.js:554:7)\n    at wsCatchUp (http://localhost:3106/sync.js:312:7)","user":"Jamal C. (jamal@yumyums.kitchen)","page":"/workflows.html","ua":"Mozilla/5.0 (Macintosh; Intel Mac OS X 10_15_7) AppleWebKit/537.36 (KHTML, like Gecko) HeadlessChrome/147.0.7727.15 Safa"}
[2m[WebServer] [22m{"time":"2026-09-04T21:26:32.649845-04:00","level":"INFO","msg":"client log","level":"ERROR","message":"loadMyChecklists error: Failed to fetch\nTypeError: Failed to fetch\n    at api (http://localhost:3106/sync.js:24:21)\n    at loadMyChecklists (http://localhost:3106/workflows.html:631:24)\n    at rerenderOpenChecklistAfterSave (http://localhost:3106/sync.js:588:53)\n    at applyOp (http://localhost:3106/sync.js:554:7)\n    at wsCatchUp (http://localhost:3106/sync.js:312:7)","user":"Jamal C. (jamal@yumyums.kitchen)","page":"/workflows.html","ua":"Mozilla/5.0 (Macintosh; Intel Mac OS X 10_15_7) AppleWebKit/537.36 (KHTML, like Gecko) HeadlessChrome/147.0.7727.15 Safa"}
[2m[WebServer] [22m{"time":"2026-09-04T21:26:32.649956-04:00","level":"INFO","msg":"client log","level":"ERROR","message":"loadMyChecklists error: Failed to fetch\nTypeError: Failed to fetch\n    at api (http://localhost:3106/sync.js:24:21)\n    at loadMyChecklists (http://localhost:3106/workflows.html:631:24)\n    at rerenderOpenChecklistAfterSave (http://localhost:3106/sync.js:588:53)\n    at applyOp (http://localhost:3106/sync.js:554:7)\n    at wsCatchUp (http://localhost:3106/sync.js:312:7)","user":"Jamal C. (jamal@yumyums.kitchen)","page":"/workflows.html","ua":"Mozilla/5.0 (Macintosh; Intel Mac OS X 10_15_7) AppleWebKit/537.36 (KHTML, like Gecko) HeadlessChrome/147.0.7727.15 Safa"}
[2m[WebServer] [22m{"time":"2026-09-04T21:26:32.652951-04:00","level":"INFO","msg":"client log","level":"ERROR","message":"loadMyChecklists error: Failed to fetch\nTypeError: Failed to fetch\n    at api (http://localhost:3106/sync.js:24:21)\n    at loadMyChecklists (http://localhost:3106/workflows.html:631:24)\n    at rerenderOpenChecklistAfterSave (http://localhost:3106/sync.js:588:53)\n    at applyOp (http://localhost:3106/sync.js:554:7)\n    at wsCatchUp (http://localhost:3106/sync.js:312:7)","user":"Jamal C. (jamal@yumyums.kitchen)","page":"/workflows.html","ua":"Mozilla/5.0 (Macintosh; Intel Mac OS X 10_15_7) AppleWebKit/537.36 (KHTML, like Gecko) HeadlessChrome/147.0.7727.15 Safa"}
[2m[WebServer] [22m{"time":"2026-09-04T21:26:32.653569-04:00","level":"INFO","msg":"client log","level":"ERROR","message":"loadMyChecklists error: Failed to fetch\nTypeError: Failed to fetch\n    at api (http://localhost:3106/sync.js:24:21)\n    at loadMyChecklists (http://localhost:3106/workflows.html:631:24)\n    at rerenderOpenChecklistAfterSave (http://localhost:3106/sync.js:588:53)\n    at applyOp (http://localhost:3106/sync.js:554:7)\n    at wsCatchUp (http://localhost:3106/sync.js:312:7)","user":"Jamal C. (jamal@yumyums.kitchen)","page":"/workflows.html","ua":"Mozilla/5.0 (Macintosh; Intel Mac OS X 10_15_7) AppleWebKit/537.36 (KHTML, like Gecko) HeadlessChrome/147.0.7727.15 Safa"}
[2m[WebServer] [22m{"time":"2026-09-04T21:26:32.654005-04:00","level":"INFO","msg":"client log","level":"ERROR","message":"loadMyChecklists error: Failed to fetch\nTypeError: Failed to fetch\n    at api (http://localhost:3106/sync.js:24:21)\n    at loadMyChecklists (http://localhost:3106/workflows.html:631:24)\n    at rerenderOpenChecklistAfterSave (http://localhost:3106/sync.js:588:53)\n    at applyOp (http://localhost:3106/sync.js:554:7)\n    at wsCatchUp (http://localhost:3106/sync.js:312:7)","user":"Jamal C. (jamal@yumyums.kitchen)","page":"/workflows.html","ua":"Mozilla/5.0 (Macintosh; Intel Mac OS X 10_15_7) AppleWebKit/537.36 (KHTML, like Gecko) HeadlessChrome/147.0.7727.15 Safa"}
[2m[WebServer] [22m{"time":"2026-09-04T21:26:32.654467-04:00","level":"INFO","msg":"client log","level":"ERROR","message":"loadMyChecklists error: Failed to fetch\nTypeError: Failed to fetch\n    at api (http://localhost:3106/sync.js:24:21)\n    at loadMyChecklists (http://localhost:3106/workflows.html:631:24)\n    at rerenderOpenChecklistAfterSave (http://localhost:3106/sync.js:588:53)\n    at applyOp (http://localhost:3106/sync.js:554:7)\n    at wsCatchUp (http://localhost:3106/sync.js:312:7)","user":"Jamal C. (jamal@yumyums.kitchen)","page":"/workflows.html","ua":"Mozilla/5.0 (Macintosh; Intel Mac OS X 10_15_7) AppleWebKit/537.36 (KHTML, like Gecko) HeadlessChrome/147.0.7727.15 Safa"}
[2m[WebServer] [22m{"time":"2026-09-04T21:26:32.654842-04:00","level":"INFO","msg":"client log","level":"ERROR","message":"loadMyChecklists error: Failed to fetch\nTypeError: Failed to fetch\n    at api (http://localhost:3106/sync.js:24:21)\n    at loadMyChecklists (http://localhost:3106/workflows.html:631:24)\n    at rerenderOpenChecklistAfterSave (http://localhost:3106/sync.js:588:53)\n    at applyOp (http://localhost:3106/sync.js:554:7)\n    at wsCatchUp (http://localhost:3106/sync.js:312:7)","user":"Jamal C. (jamal@yumyums.kitchen)","page":"/workflows.html","ua":"Mozilla/5.0 (Macintosh; Intel Mac OS X 10_15_7) AppleWebKit/537.36 (KHTML, like Gecko) HeadlessChrome/147.0.7727.15 Safa"}
[2m[WebServer] [22m{"time":"2026-09-04T21:26:32.655363-04:00","level":"INFO","msg":"client log","level":"ERROR","message":"loadMyChecklists error: Failed to fetch\nTypeError: Failed to fetch\n    at api (http://localhost:3106/sync.js:24:21)\n    at loadMyChecklists (http://localhost:3106/workflows.html:631:24)\n    at rerenderOpenChecklistAfterSave (http://localhost:3106/sync.js:588:53)\n    at applyOp (http://localhost:3106/sync.js:554:7)\n    at wsCatchUp (http://localhost:3106/sync.js:312:7)","user":"Jamal C. (jamal@yumyums.kitchen)","page":"/workflows.html","ua":"Mozilla/5.0 (Macintosh; Intel Mac OS X 10_15_7) AppleWebKit/537.36 (KHTML, like Gecko) HeadlessChrome/147.0.7727.15 Safa"}
[2m[WebServer] [22m{"time":"2026-09-04T21:26:32.65681-04:00","level":"INFO","msg":"client log","level":"ERROR","message":"loadMyChecklists error: Failed to fetch\nTypeError: Failed to fetch\n    at api (http://localhost:3106/sync.js:24:21)\n    at loadMyChecklists (http://localhost:3106/workflows.html:631:24)\n    at rerenderOpenChecklistAfterSave (http://localhost:3106/sync.js:588:53)\n    at applyOp (http://localhost:3106/sync.js:554:7)\n    at wsCatchUp (http://localhost:3106/sync.js:312:7)","user":"Jamal C. (jamal@yumyums.kitchen)","page":"/workflows.html","ua":"Mozilla/5.0 (Macintosh; Intel Mac OS X 10_15_7) AppleWebKit/537.36 (KHTML, like Gecko) HeadlessChrome/147.0.7727.15 Safa"}
[2m[WebServer] [22m{"time":"2026-09-04T21:26:32.658081-04:00","level":"INFO","msg":"client log","level":"ERROR","message":"loadMyChecklists error: Failed to fetch\nTypeError: Failed to fetch\n    at api (http://localhost:3106/sync.js:24:21)\n    at loadMyChecklists (http://localhost:3106/workflows.html:631:24)\n    at rerenderOpenChecklistAfterSave (http://localhost:3106/sync.js:588:53)\n    at applyOp (http://localhost:3106/sync.js:554:7)\n    at wsCatchUp (http://localhost:3106/sync.js:312:7)","user":"Jamal C. (jamal@yumyums.kitchen)","page":"/workflows.html","ua":"Mozilla/5.0 (Macintosh; Intel Mac OS X 10_15_7) AppleWebKit/537.36 (KHTML, like Gecko) HeadlessChrome/147.0.7727.15 Safa"}
[2m[WebServer] [22m{"time":"2026-09-04T21:26:32.659611-04:00","level":"INFO","msg":"client log","level":"ERROR","message":"loadMyChecklists error: Failed to fetch\nTypeError: Failed to fetch\n    at api (http://localhost:3106/sync.js:24:21)\n    at loadMyChecklists (http://localhost:3106/workflows.html:631:24)\n    at rerenderOpenChecklistAfterSave (http://localhost:3106/sync.js:588:53)\n    at applyOp (http://localhost:3106/sync.js:554:7)\n    at wsCatchUp (http://localhost:3106/sync.js:312:7)","user":"Jamal C. (jamal@yumyums.kitchen)","page":"/workflows.html","ua":"Mozilla/5.0 (Macintosh; Intel Mac OS X 10_15_7) AppleWebKit/537.36 (KHTML, like Gecko) HeadlessChrome/147.0.7727.15 Safa"}
[2m[WebServer] [22m{"time":"2026-09-04T21:26:32.659801-04:00","level":"INFO","msg":"client log","level":"ERROR","message":"loadMyChecklists error: Failed to fetch\nTypeError: Failed to fetch\n    at api (http://localhost:3106/sync.js:24:21)\n    at loadMyChecklists (http://localhost:3106/workflows.html:631:24)\n    at rerenderOpenChecklistAfterSave (http://localhost:3106/sync.js:588:53)\n    at applyOp (http://localhost:3106/sync.js:554:7)\n    at wsCatchUp (http://localhost:3106/sync.js:312:7)","user":"Jamal C. (jamal@yumyums.kitchen)","page":"/workflows.html","ua":"Mozilla/5.0 (Macintosh; Intel Mac OS X 10_15_7) AppleWebKit/537.36 (KHTML, like Gecko) HeadlessChrome/147.0.7727.15 Safa"}
[2m[WebServer] [22m{"time":"2026-09-04T21:26:32.659812-04:00","level":"INFO","msg":"client log","level":"ERROR","message":"loadMyChecklists error: Failed to fetch\nTypeError: Failed to fetch\n    at api (http://localhost:3106/sync.js:24:21)\n    at loadMyChecklists (http://localhost:3106/workflows.html:631:24)\n    at rerenderOpenChecklistAfterSave (http://localhost:3106/sync.js:588:53)\n    at applyOp (http://localhost:3106/sync.js:554:7)\n    at wsCatchUp (http://localhost:3106/sync.js:312:7)","user":"Jamal C. (jamal@yumyums.kitchen)","page":"/workflows.html","ua":"Mozilla/5.0 (Macintosh; Intel Mac OS X 10_15_7) AppleWebKit/537.36 (KHTML, like Gecko) HeadlessChrome/147.0.7727.15 Safa"}
[2m[WebServer] [22m{"time":"2026-09-04T21:26:32.660576-04:00","level":"INFO","msg":"client log","level":"ERROR","message":"loadMyChecklists error: Failed to fetch\nTypeError: Failed to fetch\n    at api (http://localhost:3106/sync.js:24:21)\n    at loadMyChecklists (http://localhost:3106/workflows.html:631:24)\n    at rerenderOpenChecklistAfterSave (http://localhost:3106/sync.js:588:53)\n    at applyOp (http://localhost:3106/sync.js:554:7)\n    at wsCatchUp (http://localhost:3106/sync.js:312:7)","user":"Jamal C. (jamal@yumyums.kitchen)","page":"/workflows.html","ua":"Mozilla/5.0 (Macintosh; Intel Mac OS X 10_15_7) AppleWebKit/537.36 (KHTML, like Gecko) HeadlessChrome/147.0.7727.15 Safa"}
[2m[WebServer] [22m{"time":"2026-09-04T21:26:32.661621-04:00","level":"INFO","msg":"client log","level":"ERROR","message":"loadMyChecklists error: Failed to fetch\nTypeError: Failed to fetch\n    at api (http://localhost:3106/sync.js:24:21)\n    at loadMyChecklists (http://localhost:3106/workflows.html:631:24)\n    at applyOp (http://localhost:3106/sync.js:544:7)\n    at wsCatchUp (http://localhost:3106/sync.js:312:7)","user":"Jamal C. (jamal@yumyums.kitchen)","page":"/workflows.html","ua":"Mozilla/5.0 (Macintosh; Intel Mac OS X 10_15_7) AppleWebKit/537.36 (KHTML, like Gecko) HeadlessChrome/147.0.7727.15 Safa"}
[2m[WebServer] [22m{"time":"2026-09-04T21:26:32.664614-04:00","level":"INFO","msg":"client log","level":"ERROR","message":"loadMyChecklists error: Failed to fetch\nTypeError: Failed to fetch\n    at api (http://localhost:3106/sync.js:24:21)\n    at loadMyChecklists (http://localhost:3106/workflows.html:631:24)\n    at rerenderOpenChecklistAfterSave (http://localhost:3106/sync.js:588:53)\n    at applyOp (http://localhost:3106/sync.js:554:7)\n    at wsCatchUp (http://localhost:3106/sync.js:312:7)","user":"Jamal C. (jamal@yumyums.kitchen)","page":"/workflows.html","ua":"Mozilla/5.0 (Macintosh; Intel Mac OS X 10_15_7) AppleWebKit/537.36 (KHTML, like Gecko) HeadlessChrome/147.0.7727.15 Safa"}
[2m[WebServer] [22m{"time":"2026-09-04T21:26:32.665-04:00","level":"INFO","msg":"client log","level":"ERROR","message":"loadMyChecklists error: Failed to fetch\nTypeError: Failed to fetch\n    at api (http://localhost:3106/sync.js:24:21)\n    at loadMyChecklists (http://localhost:3106/workflows.html:631:24)\n    at rerenderOpenChecklistAfterSave (http://localhost:3106/sync.js:588:53)\n    at applyOp (http://localhost:3106/sync.js:554:7)\n    at wsCatchUp (http://localhost:3106/sync.js:312:7)","user":"Jamal C. (jamal@yumyums.kitchen)","page":"/workflows.html","ua":"Mozilla/5.0 (Macintosh; Intel Mac OS X 10_15_7) AppleWebKit/537.36 (KHTML, like Gecko) HeadlessChrome/147.0.7727.15 Safa"}
[2m[WebServer] [22m{"time":"2026-09-04T21:26:32.66553-04:00","level":"INFO","msg":"client log","level":"ERROR","message":"loadMyChecklists error: Failed to fetch\nTypeError: Failed to fetch\n    at api (http://localhost:3106/sync.js:24:21)\n    at loadMyChecklists (http://localhost:3106/workflows.html:631:24)\n    at rerenderOpenChecklistAfterSave (http://localhost:3106/sync.js:588:53)\n    at applyOp (http://localhost:3106/sync.js:554:7)\n    at wsCatchUp (http://localhost:3106/sync.js:312:7)","user":"Jamal C. (jamal@yumyums.kitchen)","page":"/workflows.html","ua":"Mozilla/5.0 (Macintosh; Intel Mac OS X 10_15_7) AppleWebKit/537.36 (KHTML, like Gecko) HeadlessChrome/147.0.7727.15 Safa"}
[2m[WebServer] [22m{"time":"2026-09-04T21:26:32.665536-04:00","level":"INFO","msg":"client log","level":"ERROR","message":"loadMyChecklists error: Failed to fetch\nTypeError: Failed to fetch\n    at api (http://localhost:3106/sync.js:24:21)\n    at loadMyChecklists (http://localhost:3106/workflows.html:631:24)\n    at rerenderOpenChecklistAfterSave (http://localhost:3106/sync.js:588:53)\n    at applyOp (http://localhost:3106/sync.js:554:7)\n    at wsCatchUp (http://localhost:3106/sync.js:312:7)","user":"Jamal C. (jamal@yumyums.kitchen)","page":"/workflows.html","ua":"Mozilla/5.0 (Macintosh; Intel Mac OS X 10_15_7) AppleWebKit/537.36 (KHTML, like Gecko) HeadlessChrome/147.0.7727.15 Safa"}
[2m[WebServer] [22m{"time":"2026-09-04T21:26:32.667973-04:00","level":"INFO","msg":"client log","level":"ERROR","message":"loadMyChecklists error: Failed to fetch\nTypeError: Failed to fetch\n    at api (http://localhost:3106/sync.js:24:21)\n    at loadMyChecklists (http://localhost:3106/workflows.html:631:24)\n    at rerenderOpenChecklistAfterSave (http://localhost:3106/sync.js:588:53)\n    at applyOp (http://localhost:3106/sync.js:554:7)\n    at wsCatchUp (http://localhost:3106/sync.js:312:7)","user":"Jamal C. (jamal@yumyums.kitchen)","page":"/workflows.html","ua":"Mozilla/5.0 (Macintosh; Intel Mac OS X 10_15_7) AppleWebKit/537.36 (KHTML, like Gecko) HeadlessChrome/147.0.7727.15 Safa"}
[2m[WebServer] [22m{"time":"2026-09-04T21:26:32.668335-04:00","level":"INFO","msg":"client log","level":"ERROR","message":"loadMyChecklists error: Failed to fetch\nTypeError: Failed to fetch\n    at api (http://localhost:3106/sync.js:24:21)\n    at loadMyChecklists (http://localhost:3106/workflows.html:631:24)\n    at applyOp (http://localhost:3106/sync.js:544:7)\n    at wsCatchUp (http://localhost:3106/sync.js:312:7)","user":"Jamal C. (jamal@yumyums.kitchen)","page":"/workflows.html","ua":"Mozilla/5.0 (Macintosh; Intel Mac OS X 10_15_7) AppleWebKit/537.36 (KHTML, like Gecko) HeadlessChrome/147.0.7727.15 Safa"}
[2m[WebServer] [22m{"time":"2026-09-04T21:26:32.668552-04:00","level":"INFO","msg":"client log","level":"ERROR","message":"loadMyChecklists error: Failed to fetch\nTypeError: Failed to fetch\n    at api (http://localhost:3106/sync.js:24:21)\n    at loadMyChecklists (http://localhost:3106/workflows.html:631:24)\n    at rerenderOpenChecklistAfterSave (http://localhost:3106/sync.js:588:53)\n    at applyOp (http://localhost:3106/sync.js:554:7)\n    at wsCatchUp (http://localhost:3106/sync.js:312:7)","user":"Jamal C. (jamal@yumyums.kitchen)","page":"/workflows.html","ua":"Mozilla/5.0 (Macintosh; Intel Mac OS X 10_15_7) AppleWebKit/537.36 (KHTML, like Gecko) HeadlessChrome/147.0.7727.15 Safa"}
[2m[WebServer] [22m{"time":"2026-09-04T21:26:32.668651-04:00","level":"INFO","msg":"client log","level":"ERROR","message":"loadMyChecklists error: Failed to fetch\nTypeError: Failed to fetch\n    at api (http://localhost:3106/sync.js:24:21)\n    at loadMyChecklists (http://localhost:3106/workflows.html:631:24)\n    at rerenderOpenChecklistAfterSave (http://localhost:3106/sync.js:588:53)\n    at applyOp (http://localhost:3106/sync.js:554:7)\n    at wsCatchUp (http://localhost:3106/sync.js:312:7)","user":"Jamal C. (jamal@yumyums.kitchen)","page":"/workflows.html","ua":"Mozilla/5.0 (Macintosh; Intel Mac OS X 10_15_7) AppleWebKit/537.36 (KHTML, like Gecko) HeadlessChrome/147.0.7727.15 Safa"}
[2m[WebServer] [22m{"time":"2026-09-04T21:26:32.671159-04:00","level":"INFO","msg":"client log","level":"ERROR","message":"loadMyChecklists error: Failed to fetch\nTypeError: Failed to fetch\n    at api (http://localhost:3106/sync.js:24:21)\n    at loadMyChecklists (http://localhost:3106/workflows.html:631:24)\n    at rerenderOpenChecklistAfterSave (http://localhost:3106/sync.js:588:53)\n    at applyOp (http://localhost:3106/sync.js:554:7)\n    at wsCatchUp (http://localhost:3106/sync.js:312:7)","user":"Jamal C. (jamal@yumyums.kitchen)","page":"/workflows.html","ua":"Mozilla/5.0 (Macintosh; Intel Mac OS X 10_15_7) AppleWebKit/537.36 (KHTML, like Gecko) HeadlessChrome/147.0.7727.15 Safa"}
[2m[WebServer] [22m{"time":"2026-09-04T21:26:32.67155-04:00","level":"INFO","msg":"client log","level":"ERROR","message":"loadMyChecklists error: Failed to fetch\nTypeError: Failed to fetch\n    at api (http://localhost:3106/sync.js:24:21)\n    at loadMyChecklists (http://localhost:3106/workflows.html:631:24)\n    at rerenderOpenChecklistAfterSave (http://localhost:3106/sync.js:588:53)\n    at applyOp (http://localhost:3106/sync.js:554:7)\n    at wsCatchUp (http://localhost:3106/sync.js:312:7)","user":"Jamal C. (jamal@yumyums.kitchen)","page":"/workflows.html","ua":"Mozilla/5.0 (Macintosh; Intel Mac OS X 10_15_7) AppleWebKit/537.36 (KHTML, like Gecko) HeadlessChrome/147.0.7727.15 Safa"}
[2m[WebServer] [22m{"time":"2026-09-04T21:26:32.671646-04:00","level":"INFO","msg":"client log","level":"ERROR","message":"loadMyChecklists error: Failed to fetch\nTypeError: Failed to fetch\n    at api (http://localhost:3106/sync.js:24:21)\n    at loadMyChecklists (http://localhost:3106/workflows.html:631:24)\n    at rerenderOpenChecklistAfterSave (http://localhost:3106/sync.js:588:53)\n    at applyOp (http://localhost:3106/sync.js:554:7)\n    at wsCatchUp (http://localhost:3106/sync.js:312:7)","user":"Jamal C. (jamal@yumyums.kitchen)","page":"/workflows.html","ua":"Mozilla/5.0 (Macintosh; Intel Mac OS X 10_15_7) AppleWebKit/537.36 (KHTML, like Gecko) HeadlessChrome/147.0.7727.15 Safa"}
[2m[WebServer] [22m{"time":"2026-09-04T21:26:32.671906-04:00","level":"INFO","msg":"client log","level":"ERROR","message":"loadMyChecklists error: Failed to fetch\nTypeError: Failed to fetch\n    at api (http://localhost:3106/sync.js:24:21)\n    at loadMyChecklists (http://localhost:3106/workflows.html:631:24)\n    at applyOp (http://localhost:3106/sync.js:519:7)\n    at _ws.onmessage (http://localhost:3106/sync.js:275:7)","user":"Jamal C. (jamal@yumyums.kitchen)","page":"/workflows.html","ua":"Mozilla/5.0 (Macintosh; Intel Mac OS X 10_15_7) AppleWebKit/537.36 (KHTML, like Gecko) HeadlessChrome/147.0.7727.15 Safa"}
[2m[WebServer] [22m{"time":"2026-09-04T21:26:32.675183-04:00","level":"INFO","msg":"client log","level":"ERROR","message":"loadMyChecklists error: Failed to fetch\nTypeError: Failed to fetch\n    at api (http://localhost:3106/sync.js:24:21)\n    at loadMyChecklists (http://localhost:3106/workflows.html:631:24)\n    at rerenderOpenChecklistAfterSave (http://localhost:3106/sync.js:588:53)\n    at applyOp (http://localhost:3106/sync.js:554:7)\n    at wsCatchUp (http://localhost:3106/sync.js:312:7)","user":"Jamal C. (jamal@yumyums.kitchen)","page":"/workflows.html","ua":"Mozilla/5.0 (Macintosh; Intel Mac OS X 10_15_7) AppleWebKit/537.36 (KHTML, like Gecko) HeadlessChrome/147.0.7727.15 Safa"}
[2m[WebServer] [22m{"time":"2026-09-04T21:26:32.675354-04:00","level":"INFO","msg":"client log","level":"ERROR","message":"loadMyChecklists error: Failed to fetch\nTypeError: Failed to fetch\n    at api (http://localhost:3106/sync.js:24:21)\n    at loadMyChecklists (http://localhost:3106/workflows.html:631:24)\n    at rerenderOpenChecklistAfterSave (http://localhost:3106/sync.js:588:53)\n    at applyOp (http://localhost:3106/sync.js:554:7)\n    at wsCatchUp (http://localhost:3106/sync.js:312:7)","user":"Jamal C. (jamal@yumyums.kitchen)","page":"/workflows.html","ua":"Mozilla/5.0 (Macintosh; Intel Mac OS X 10_15_7) AppleWebKit/537.36 (KHTML, like Gecko) HeadlessChrome/147.0.7727.15 Safa"}
[2m[WebServer] [22m{"time":"2026-09-04T21:26:32.676282-04:00","level":"INFO","msg":"client log","level":"ERROR","message":"loadMyChecklists error: Failed to fetch\nTypeError: Failed to fetch\n    at api (http://localhost:3106/sync.js:24:21)\n    at loadMyChecklists (http://localhost:3106/workflows.html:631:24)\n    at rerenderOpenChecklistAfterSave (http://localhost:3106/sync.js:588:53)\n    at applyOp (http://localhost:3106/sync.js:554:7)\n    at wsCatchUp (http://localhost:3106/sync.js:312:7)","user":"Jamal C. (jamal@yumyums.kitchen)","page":"/workflows.html","ua":"Mozilla/5.0 (Macintosh; Intel Mac OS X 10_15_7) AppleWebKit/537.36 (KHTML, like Gecko) HeadlessChrome/147.0.7727.15 Safa"}
[2m[WebServer] [22m{"time":"2026-09-04T21:26:32.676562-04:00","level":"INFO","msg":"client log","level":"ERROR","message":"loadMyChecklists error: Failed to fetch\nTypeError: Failed to fetch\n    at api (http://localhost:3106/sync.js:24:21)\n    at loadMyChecklists (http://localhost:3106/workflows.html:631:24)\n    at applyOp (http://localhost:3106/sync.js:544:7)\n    at wsCatchUp (http://localhost:3106/sync.js:312:7)","user":"Jamal C. (jamal@yumyums.kitchen)","page":"/workflows.html","ua":"Mozilla/5.0 (Macintosh; Intel Mac OS X 10_15_7) AppleWebKit/537.36 (KHTML, like Gecko) HeadlessChrome/147.0.7727.15 Safa"}
[2m[WebServer] [22m{"time":"2026-09-04T21:26:32.679448-04:00","level":"INFO","msg":"client log","level":"ERROR","message":"loadMyChecklists error: Failed to fetch\nTypeError: Failed to fetch\n    at api (http://localhost:3106/sync.js:24:21)\n    at loadMyChecklists (http://localhost:3106/workflows.html:631:24)\n    at rerenderOpenChecklistAfterSave (http://localhost:3106/sync.js:588:53)\n    at applyOp (http://localhost:3106/sync.js:554:7)\n    at wsCatchUp (http://localhost:3106/sync.js:312:7)","user":"Jamal C. (jamal@yumyums.kitchen)","page":"/workflows.html","ua":"Mozilla/5.0 (Macintosh; Intel Mac OS X 10_15_7) AppleWebKit/537.36 (KHTML, like Gecko) HeadlessChrome/147.0.7727.15 Safa"}
[2m[WebServer] [22m{"time":"2026-09-04T21:26:32.679579-04:00","level":"INFO","msg":"client log","level":"ERROR","message":"loadMyChecklists error: Failed to fetch\nTypeError: Failed to fetch\n    at api (http://localhost:3106/sync.js:24:21)\n    at loadMyChecklists (http://localhost:3106/workflows.html:631:24)\n    at rerenderOpenChecklistAfterSave (http://localhost:3106/sync.js:588:53)\n    at applyOp (http://localhost:3106/sync.js:554:7)\n    at wsCatchUp (http://localhost:3106/sync.js:312:7)","user":"Jamal C. (jamal@yumyums.kitchen)","page":"/workflows.html","ua":"Mozilla/5.0 (Macintosh; Intel Mac OS X 10_15_7) AppleWebKit/537.36 (KHTML, like Gecko) HeadlessChrome/147.0.7727.15 Safa"}
[2m[WebServer] [22m{"time":"2026-09-04T21:26:32.679865-04:00","level":"INFO","msg":"client log","level":"ERROR","message":"loadMyChecklists error: Failed to fetch\nTypeError: Failed to fetch\n    at api (http://localhost:3106/sync.js:24:21)\n    at loadMyChecklists (http://localhost:3106/workflows.html:631:24)\n    at rerenderOpenChecklistAfterSave (http://localhost:3106/sync.js:588:53)\n    at applyOp (http://localhost:3106/sync.js:554:7)\n    at wsCatchUp (http://localhost:3106/sync.js:312:7)","user":"Jamal C. (jamal@yumyums.kitchen)","page":"/workflows.html","ua":"Mozilla/5.0 (Macintosh; Intel Mac OS X 10_15_7) AppleWebKit/537.36 (KHTML, like Gecko) HeadlessChrome/147.0.7727.15 Safa"}
[2m[WebServer] [22m{"time":"2026-09-04T21:26:32.680257-04:00","level":"INFO","msg":"client log","level":"ERROR","message":"loadMyChecklists error: Failed to fetch\nTypeError: Failed to fetch\n    at api (http://localhost:3106/sync.js:24:21)\n    at loadMyChecklists (http://localhost:3106/workflows.html:631:24)\n    at rerenderOpenChecklistAfterSave (http://localhost:3106/sync.js:588:53)\n    at applyOp (http://localhost:3106/sync.js:554:7)\n    at wsCatchUp (http://localhost:3106/sync.js:312:7)","user":"Jamal C. (jamal@yumyums.kitchen)","page":"/workflows.html","ua":"Mozilla/5.0 (Macintosh; Intel Mac OS X 10_15_7) AppleWebKit/537.36 (KHTML, like Gecko) HeadlessChrome/147.0.7727.15 Safa"}
[2m[WebServer] [22m{"time":"2026-09-04T21:26:32.683244-04:00","level":"INFO","msg":"client log","level":"ERROR","message":"loadMyChecklists error: Failed to fetch\nTypeError: Failed to fetch\n    at api (http://localhost:3106/sync.js:24:21)\n    at loadMyChecklists (http://localhost:3106/workflows.html:631:24)\n    at rerenderOpenChecklistAfterSave (http://localhost:3106/sync.js:588:53)\n    at applyOp (http://localhost:3106/sync.js:554:7)\n    at wsCatchUp (http://localhost:3106/sync.js:312:7)","user":"Jamal C. (jamal@yumyums.kitchen)","page":"/workflows.html","ua":"Mozilla/5.0 (Macintosh; Intel Mac OS X 10_15_7) AppleWebKit/537.36 (KHTML, like Gecko) HeadlessChrome/147.0.7727.15 Safa"}
[2m[WebServer] [22m{"time":"2026-09-04T21:26:32.683765-04:00","level":"INFO","msg":"client log","level":"ERROR","message":"loadMyChecklists error: Failed to fetch\nTypeError: Failed to fetch\n    at api (http://localhost:3106/sync.js:24:21)\n    at loadMyChecklists (http://localhost:3106/workflows.html:631:24)\n    at rerenderOpenChecklistAfterSave (http://localhost:3106/sync.js:588:53)\n    at applyOp (http://localhost:3106/sync.js:554:7)\n    at wsCatchUp (http://localhost:3106/sync.js:312:7)","user":"Jamal C. (jamal@yumyums.kitchen)","page":"/workflows.html","ua":"Mozilla/5.0 (Macintosh; Intel Mac OS X 10_15_7) AppleWebKit/537.36 (KHTML, like Gecko) HeadlessChrome/147.0.7727.15 Safa"}
[2m[WebServer] [22m{"time":"2026-09-04T21:26:32.684002-04:00","level":"INFO","msg":"client log","level":"ERROR","message":"loadMyChecklists error: Failed to fetch\nTypeError: Failed to fetch\n    at api (http://localhost:3106/sync.js:24:21)\n    at loadMyChecklists (http://localhost:3106/workflows.html:631:24)\n    at applyOp (http://localhost:3106/sync.js:544:7)\n    at wsCatchUp (http://localhost:3106/sync.js:312:7)","user":"Jamal C. (jamal@yumyums.kitchen)","page":"/workflows.html","ua":"Mozilla/5.0 (Macintosh; Intel Mac OS X 10_15_7) AppleWebKit/537.36 (KHTML, like Gecko) HeadlessChrome/147.0.7727.15 Safa"}
[2m[WebServer] [22m{"time":"2026-09-04T21:26:32.684088-04:00","level":"INFO","msg":"client log","level":"ERROR","message":"loadMyChecklists error: Failed to fetch\nTypeError: Failed to fetch\n    at api (http://localhost:3106/sync.js:24:21)\n    at loadMyChecklists (http://localhost:3106/workflows.html:631:24)\n    at rerenderOpenChecklistAfterSave (http://localhost:3106/sync.js:588:53)\n    at applyOp (http://localhost:3106/sync.js:554:7)\n    at wsCatchUp (http://localhost:3106/sync.js:312:7)","user":"Jamal C. (jamal@yumyums.kitchen)","page":"/workflows.html","ua":"Mozilla/5.0 (Macintosh; Intel Mac OS X 10_15_7) AppleWebKit/537.36 (KHTML, like Gecko) HeadlessChrome/147.0.7727.15 Safa"}
[2m[WebServer] [22m{"time":"2026-09-04T21:26:32.68424-04:00","level":"INFO","msg":"client log","level":"ERROR","message":"loadMyChecklists error: Failed to fetch\nTypeError: Failed to fetch\n    at api (http://localhost:3106/sync.js:24:21)\n    at loadMyChecklists (http://localhost:3106/workflows.html:631:24)\n    at rerenderOpenChecklistAfterSave (http://localhost:3106/sync.js:588:53)\n    at applyOp (http://localhost:3106/sync.js:554:7)\n    at wsCatchUp (http://localhost:3106/sync.js:312:7)","user":"Jamal C. (jamal@yumyums.kitchen)","page":"/workflows.html","ua":"Mozilla/5.0 (Macintosh; Intel Mac OS X 10_15_7) AppleWebKit/537.36 (KHTML, like Gecko) HeadlessChrome/147.0.7727.15 Safa"}
[2m[WebServer] [22m{"time":"2026-09-04T21:26:32.685628-04:00","level":"INFO","msg":"client log","level":"ERROR","message":"loadMyChecklists error: Failed to fetch\nTypeError: Failed to fetch\n    at api (http://localhost:3106/sync.js:24:21)\n    at loadMyChecklists (http://localhost:3106/workflows.html:631:24)\n    at rerenderOpenChecklistAfterSave (http://localhost:3106/sync.js:588:53)\n    at applyOp (http://localhost:3106/sync.js:554:7)\n    at wsCatchUp (http://localhost:3106/sync.js:312:7)","user":"Jamal C. (jamal@yumyums.kitchen)","page":"/workflows.html","ua":"Mozilla/5.0 (Macintosh; Intel Mac OS X 10_15_7) AppleWebKit/537.36 (KHTML, like Gecko) HeadlessChrome/147.0.7727.15 Safa"}
[2m[WebServer] [22m{"time":"2026-09-04T21:26:32.687424-04:00","level":"INFO","msg":"client log","level":"ERROR","message":"loadMyChecklists error: Failed to fetch\nTypeError: Failed to fetch\n    at api (http://localhost:3106/sync.js:24:21)\n    at loadMyChecklists (http://localhost:3106/workflows.html:631:24)\n    at rerenderOpenChecklistAfterSave (http://localhost:3106/sync.js:588:53)\n    at applyOp (http://localhost:3106/sync.js:554:7)\n    at wsCatchUp (http://localhost:3106/sync.js:312:7)","user":"Jamal C. (jamal@yumyums.kitchen)","page":"/workflows.html","ua":"Mozilla/5.0 (Macintosh; Intel Mac OS X 10_15_7) AppleWebKit/537.36 (KHTML, like Gecko) HeadlessChrome/147.0.7727.15 Safa"}
[2m[WebServer] [22m{"time":"2026-09-04T21:26:32.687492-04:00","level":"INFO","msg":"client log","level":"ERROR","message":"loadMyChecklists error: Failed to fetch\nTypeError: Failed to fetch\n    at api (http://localhost:3106/sync.js:24:21)\n    at loadMyChecklists (http://localhost:3106/workflows.html:631:24)\n    at rerenderOpenChecklistAfterSave (http://localhost:3106/sync.js:588:53)\n    at applyOp (http://localhost:3106/sync.js:554:7)\n    at wsCatchUp (http://localhost:3106/sync.js:312:7)","user":"Jamal C. (jamal@yumyums.kitchen)","page":"/workflows.html","ua":"Mozilla/5.0 (Macintosh; Intel Mac OS X 10_15_7) AppleWebKit/537.36 (KHTML, like Gecko) HeadlessChrome/147.0.7727.15 Safa"}
[2m[WebServer] [22m{"time":"2026-09-04T21:26:32.687946-04:00","level":"INFO","msg":"client log","level":"ERROR","message":"loadMyChecklists error: Failed to fetch\nTypeError: Failed to fetch\n    at api (http://localhost:3106/sync.js:24:21)\n    at loadMyChecklists (http://localhost:3106/workflows.html:631:24)\n    at applyOp (http://localhost:3106/sync.js:519:7)\n    at wsCatchUp (http://localhost:3106/sync.js:312:7)","user":"Jamal C. (jamal@yumyums.kitchen)","page":"/workflows.html","ua":"Mozilla/5.0 (Macintosh; Intel Mac OS X 10_15_7) AppleWebKit/537.36 (KHTML, like Gecko) HeadlessChrome/147.0.7727.15 Safa"}
[2m[WebServer] [22m{"time":"2026-09-04T21:26:32.68856-04:00","level":"INFO","msg":"client log","level":"ERROR","message":"loadMyChecklists error: Failed to fetch\nTypeError: Failed to fetch\n    at api (http://localhost:3106/sync.js:24:21)\n    at loadMyChecklists (http://localhost:3106/workflows.html:631:24)\n    at rerenderOpenChecklistAfterSave (http://localhost:3106/sync.js:588:53)\n    at applyOp (http://localhost:3106/sync.js:554:7)\n    at wsCatchUp (http://localhost:3106/sync.js:312:7)","user":"Jamal C. (jamal@yumyums.kitchen)","page":"/workflows.html","ua":"Mozilla/5.0 (Macintosh; Intel Mac OS X 10_15_7) AppleWebKit/537.36 (KHTML, like Gecko) HeadlessChrome/147.0.7727.15 Safa"}
  ✓  718 [chromium] › tests/sync.spec.js:2504:3 › Convergence matrix (systematic): op-type × editor × derived view › MTX-SUB-ASG-VAL/ERO: assignee submit converges value + readonly on device B (live + catch-up) (3.2s)
[2m[WebServer] [22m{"time":"2026-09-04T21:26:33.368908-04:00","level":"ERROR","msg":"GetManagerHires failed","error":"iterate assigned templates for hire d949b011-7c4e-4234-a641-2a565765b237: context canceled"}
[2m[WebServer] [22m{"time":"2026-09-04T21:26:34.023016-04:00","level":"ERROR","msg":"listTemplates error","error":"iterate schedules: context canceled"}
[2m[WebServer] [22m{"time":"2026-09-04T21:26:34.025974-04:00","level":"ERROR","msg":"listTemplates error","error":"list templates: context canceled"}
[2m[WebServer] [22m{"time":"2026-09-04T21:26:34.027757-04:00","level":"ERROR","msg":"listTemplates error","error":"list templates: context canceled"}
[2m[WebServer] [22m{"time":"2026-09-04T21:26:34.029907-04:00","level":"ERROR","msg":"listTemplates error","error":"iterate templates: context canceled"}
[2m[WebServer] [22m{"time":"2026-09-04T21:26:34.030997-04:00","level":"ERROR","msg":"myChecklists error","error":"iterate responses: context canceled"}
[2m[WebServer] [22m{"time":"2026-09-04T21:26:34.06068-04:00","level":"INFO","msg":"client log","level":"ERROR","message":"loadMyChecklists error: Failed to fetch\nTypeError: Failed to fetch\n    at api (http://localhost:3106/sync.js:24:21)\n    at loadMyChecklists (http://localhost:3106/workflows.html:631:24)\n    at applyOp (http://localhost:3106/sync.js:566:7)\n    at _ws.onmessage (http://localhost:3106/sync.js:275:7)","user":"Jamal C. (jamal@yumyums.kitchen)","page":"/workflows.html","ua":"Mozilla/5.0 (Macintosh; Intel Mac OS X 10_15_7) AppleWebKit/537.36 (KHTML, like Gecko) HeadlessChrome/147.0.7727.15 Safa"}
[2m[WebServer] [22m{"time":"2026-09-04T21:26:34.654587-04:00","level":"INFO","msg":"op handler received op","op_type":"SET_FIELD","entity_id":"f6a857f9-2326-48d2-b88b-ac0b93914bcf","device_id":"e53a6c0b-f76e-41e2-a695-743da46b87c1","lamport_ts":1788571129919}
[2m[WebServer] [22m{"time":"2026-09-04T21:26:34.984594-04:00","level":"ERROR","msg":"GetManagerHires failed","error":"query assigned templates for hire 14c11b75-a485-46c7-9ce9-0a8dcd7a24bc: context canceled"}
[2m[WebServer] [22m{"time":"2026-09-04T21:26:36.043467-04:00","level":"ERROR","msg":"listTemplates error","error":"iterate sections: context canceled"}
[2m[WebServer] [22m{"time":"2026-09-04T21:26:36.05567-04:00","level":"ERROR","msg":"listTemplates error","error":"iterate assignments: context canceled"}
  ✓  719 [chromium] › tests/sync.spec.js:2509:3 › Convergence matrix (systematic): op-type × editor × derived view › MTX-SUB-ADM-VAL/ERO: non-assignee-admin submit converges value + readonly on device B (live + catch-up) (3.2s)
[2m[WebServer] [22m{"time":"2026-09-04T21:26:36.601434-04:00","level":"ERROR","msg":"GetManagerHires failed","error":"query assigned templates for hire 14c11b75-a485-46c7-9ce9-0a8dcd7a24bc: context canceled"}
[2m[WebServer] [22m{"time":"2026-09-04T21:26:37.024892-04:00","level":"ERROR","msg":"listTemplates error","error":"iterate assignments: context canceled"}
[2m[WebServer] [22m{"time":"2026-09-04T21:26:37.029984-04:00","level":"ERROR","msg":"myChecklists error","error":"list fields: context canceled"}
[2m[WebServer] [22m{"time":"2026-09-04T21:26:37.035445-04:00","level":"ERROR","msg":"listTemplates error","error":"iterate sections: context canceled"}
[2m[WebServer] [22m{"time":"2026-09-04T21:26:37.043478-04:00","level":"ERROR","msg":"pendingApprovals error","error":"get user role: context canceled"}
[2m[WebServer] [22m{"time":"2026-09-04T21:26:37.048395-04:00","level":"ERROR","msg":"pendingApprovals error","error":"get user role: context canceled"}
[2m[WebServer] [22m{"time":"2026-09-04T21:26:37.070685-04:00","level":"INFO","msg":"client log","level":"ERROR","message":"loadMyChecklists error: Failed to fetch\nTypeError: Failed to fetch\n    at api (http://localhost:3106/sync.js:24:21)\n    at loadMyChecklists (http://localhost:3106/workflows.html:631:24)\n    at applyOp (http://localhost:3106/sync.js:566:7)\n    at _ws.onmessage (http://localhost:3106/sync.js:275:7)","user":"Jamal C. (jamal@yumyums.kitchen)","page":"/workflows.html","ua":"Mozilla/5.0 (Macintosh; Intel Mac OS X 10_15_7) AppleWebKit/537.36 (KHTML, like Gecko) HeadlessChrome/147.0.7727.15 Safa"}
[2m[WebServer] [22m{"time":"2026-09-04T21:26:37.905122-04:00","level":"INFO","msg":"op handler received op","op_type":"SET_FIELD","entity_id":"17fd1e70-551e-422c-87ec-22a0712b39ee","device_id":"668e0304-cc8e-415a-88ac-775f5c484206","lamport_ts":1788571129921}
[2m[WebServer] [22m{"time":"2026-09-04T21:26:38.234706-04:00","level":"ERROR","msg":"GetManagerHires failed","error":"query assigned templates for hire 14c11b75-a485-46c7-9ce9-0a8dcd7a24bc: context canceled"}
  ✓  720 [chromium] › tests/sync.spec.js:2514:3 › Convergence matrix (systematic): op-type × editor × derived view › MTX-SUB-ASG-CNT: assignee submit surfaces the Pending Approval badge on device B's bare list (live + catch-up) (3.1s)
[2m[WebServer] [22m{"time":"2026-09-04T21:26:39.697361-04:00","level":"ERROR","msg":"GetManagerHires failed","error":"iterate assigned templates for hire 14c11b75-a485-46c7-9ce9-0a8dcd7a24bc: context canceled"}
[2m[WebServer] [22m{"time":"2026-09-04T21:26:40.3236-04:00","level":"ERROR","msg":"myChecklists error","error":"iterate fail notes: context canceled"}
[2m[WebServer] [22m{"time":"2026-09-04T21:26:40.324938-04:00","level":"ERROR","msg":"listTemplates error","error":"iterate fields: context canceled"}
[2m[WebServer] [22m{"time":"2026-09-04T21:26:40.335689-04:00","level":"ERROR","msg":"listTemplates error","error":"iterate schedules: context canceled"}
[2m[WebServer] [22m{"time":"2026-09-04T21:26:40.365591-04:00","level":"INFO","msg":"client log","level":"ERROR","message":"loadMyChecklists error: Failed to fetch\nTypeError: Failed to fetch\n    at api (http://localhost:3106/sync.js:24:21)\n    at loadMyChecklists (http://localhost:3106/workflows.html:631:24)\n    at applyOp (http://localhost:3106/sync.js:566:7)\n    at _ws.onmessage (http://localhost:3106/sync.js:275:7)","user":"Jamal C. (jamal@yumyums.kitchen)","page":"/workflows.html","ua":"Mozilla/5.0 (Macintosh; Intel Mac OS X 10_15_7) AppleWebKit/537.36 (KHTML, like Gecko) HeadlessChrome/147.0.7727.15 Safa"}
[2m[WebServer] [22m{"time":"2026-09-04T21:26:41.2042-04:00","level":"INFO","msg":"op handler received op","op_type":"SET_FIELD","entity_id":"a01d853c-ff4f-40fe-a494-44c3c40401ca","device_id":"627a9f84-ad8c-42ec-8ae0-7a2069a9ce9f","lamport_ts":1788571129924}
[2m[WebServer] [22m{"time":"2026-09-04T21:26:41.534645-04:00","level":"ERROR","msg":"GetManagerHires failed","error":"query assigned templates for hire 14c11b75-a485-46c7-9ce9-0a8dcd7a24bc: context canceled"}
[2m[WebServer] [22m{"time":"2026-09-04T21:26:42.550432-04:00","level":"ERROR","msg":"listTemplates error","error":"iterate templates: context canceled"}
[2m[WebServer] [22m{"time":"2026-09-04T21:26:42.554131-04:00","level":"ERROR","msg":"listTemplates error","error":"iterate templates: context canceled"}
  ✓  721 [chromium] › tests/sync.spec.js:2519:3 › Convergence matrix (systematic): op-type × editor × derived view › MTX-SUB-ADM-CNT: non-assignee-admin submit surfaces the Pending Approval badge on device B's bare list (live + catch-up) (3.6s)
[2m[WebServer] [22m{"time":"2026-09-04T21:26:43.285123-04:00","level":"ERROR","msg":"GetManagerHires failed","error":"query assigned templates for hire 14c11b75-a485-46c7-9ce9-0a8dcd7a24bc: context canceled"}
[2m[WebServer] [22m{"time":"2026-09-04T21:26:44.123034-04:00","level":"ERROR","msg":"myChecklists error","error":"list fail notes: context canceled"}
[2m[WebServer] [22m{"time":"2026-09-04T21:26:44.124395-04:00","level":"ERROR","msg":"listTemplates error","error":"list sections: context canceled"}
[2m[WebServer] [22m{"time":"2026-09-04T21:26:44.152628-04:00","level":"INFO","msg":"client log","level":"ERROR","message":"loadMyChecklists error: Failed to fetch\nTypeError: Failed to fetch\n    at api (http://localhost:3106/sync.js:24:21)\n    at loadMyChecklists (http://localhost:3106/workflows.html:631:24)\n    at applyOp (http://localhost:3106/sync.js:566:7)\n    at _ws.onmessage (http://localhost:3106/sync.js:275:7)","user":"Jamal C. (jamal@yumyums.kitchen)","page":"/workflows.html","ua":"Mozilla/5.0 (Macintosh; Intel Mac OS X 10_15_7) AppleWebKit/537.36 (KHTML, like Gecko) HeadlessChrome/147.0.7727.15 Safa"}
[2m[WebServer] [22m{"time":"2026-09-04T21:26:44.986121-04:00","level":"INFO","msg":"op handler received op","op_type":"SET_FIELD","entity_id":"b66a7a63-dbce-4334-b79d-7efbfb58f18e","device_id":"1d9b5be6-f0e7-4649-a862-3e3072e35746","lamport_ts":1788571129927}
[2m[WebServer] [22m{"time":"2026-09-04T21:26:45.545439-04:00","level":"ERROR","msg":"GetManagerHires failed","error":"query assigned templates for hire 14c11b75-a485-46c7-9ce9-0a8dcd7a24bc: context canceled"}
  ✓  722 [chromium] › tests/sync.spec.js:2526:3 › Convergence matrix (systematic): op-type × editor × derived view › MTX-APR-ADM-ERO: non-assignee-admin approval flips device B's open runner to Approved (live + catch-up) (3.8s)
[2m[WebServer] [22m{"time":"2026-09-04T21:26:47.068622-04:00","level":"ERROR","msg":"GetManagerHires failed","error":"iterate assigned templates for hire 14c11b75-a485-46c7-9ce9-0a8dcd7a24bc: context canceled"}
[2m[WebServer] [22m{"time":"2026-09-04T21:26:47.499158-04:00","level":"ERROR","msg":"myChecklists error","error":"iterate responses: context canceled"}
[2m[WebServer] [22m{"time":"2026-09-04T21:26:47.505206-04:00","level":"ERROR","msg":"listTemplates error","error":"iterate schedules: context canceled"}
[2m[WebServer] [22m{"time":"2026-09-04T21:26:47.515111-04:00","level":"ERROR","msg":"listTemplates error","error":"iterate assignments: context canceled"}
[2m[WebServer] [22m{"time":"2026-09-04T21:26:47.547855-04:00","level":"INFO","msg":"client log","level":"ERROR","message":"loadMyChecklists error: Failed to fetch\nTypeError: Failed to fetch\n    at api (http://localhost:3106/sync.js:24:21)\n    at loadMyChecklists (http://localhost:3106/workflows.html:631:24)\n    at applyOp (http://localhost:3106/sync.js:566:7)\n    at _ws.onmessage (http://localhost:3106/sync.js:275:7)","user":"Jamal C. (jamal@yumyums.kitchen)","page":"/workflows.html","ua":"Mozilla/5.0 (Macintosh; Intel Mac OS X 10_15_7) AppleWebKit/537.36 (KHTML, like Gecko) HeadlessChrome/147.0.7727.15 Safa"}
[2m[WebServer] [22m{"time":"2026-09-04T21:26:48.407702-04:00","level":"INFO","msg":"op handler received op","op_type":"SET_FIELD","entity_id":"00d4ea56-862e-4d61-8c18-b2ee228d73a1","device_id":"a75e8f1d-5df0-4afc-9cab-acb90a6ab66a","lamport_ts":1788571129929}
[2m[WebServer] [22m{"time":"2026-09-04T21:26:49.015576-04:00","level":"ERROR","msg":"GetManagerHires failed","error":"iterate assigned templates for hire 14c11b75-a485-46c7-9ce9-0a8dcd7a24bc: context canceled"}
[2m[WebServer] [22m{"time":"2026-09-04T21:26:49.977106-04:00","level":"ERROR","msg":"listTemplates error","error":"list templates: context canceled"}
  ✓  723 [chromium] › tests/sync.spec.js:2558:3 › Convergence matrix (systematic): op-type × editor × derived view › MTX-APR-ASG-CNT: approval surfaces Approved ✓ on device B's bare list (live + catch-up) (3.4s)
[2m[WebServer] [22m{"time":"2026-09-04T21:26:50.454497-04:00","level":"ERROR","msg":"GetManagerHires failed","error":"iterate assigned templates for hire 14c11b75-a485-46c7-9ce9-0a8dcd7a24bc: context canceled"}
[2m[WebServer] [22m{"time":"2026-09-04T21:26:50.917382-04:00","level":"ERROR","msg":"myChecklists error","error":"iterate responses: context canceled"}
[2m[WebServer] [22m{"time":"2026-09-04T21:26:50.926318-04:00","level":"ERROR","msg":"listTemplates error","error":"iterate assignments: context canceled"}
[2m[WebServer] [22m{"time":"2026-09-04T21:26:50.963697-04:00","level":"INFO","msg":"client log","level":"ERROR","message":"loadMyChecklists error: Failed to fetch\nTypeError: Failed to fetch\n    at api (http://localhost:3106/sync.js:24:21)\n    at loadMyChecklists (http://localhost:3106/workflows.html:631:24)\n    at applyOp (http://localhost:3106/sync.js:566:7)\n    at _ws.onmessage (http://localhost:3106/sync.js:275:7)","user":"Jamal C. (jamal@yumyums.kitchen)","page":"/workflows.html","ua":"Mozilla/5.0 (Macintosh; Intel Mac OS X 10_15_7) AppleWebKit/537.36 (KHTML, like Gecko) HeadlessChrome/147.0.7727.15 Safa"}
[2m[WebServer] [22m{"time":"2026-09-04T21:26:51.786198-04:00","level":"INFO","msg":"op handler received op","op_type":"SET_FIELD","entity_id":"87f9a091-93f6-4f9d-9093-fc9108dbb6d4","device_id":"3083f7ce-67ac-472a-8f3e-94146209b9f2","lamport_ts":1788571129931}
[2m[WebServer] [22m{"time":"2026-09-04T21:26:52.359473-04:00","level":"ERROR","msg":"GetManagerHires failed","error":"iterate assigned templates for hire d949b011-7c4e-4234-a641-2a565765b237: context canceled"}
[2m[WebServer] [22m{"time":"2026-09-04T21:26:52.366697-04:00","level":"ERROR","msg":"GetMyTrainings failed","error":"context canceled"}
[2m[WebServer] [22m{"time":"2026-09-04T21:26:53.627385-04:00","level":"ERROR","msg":"listTemplates error","error":"iterate assignments: context canceled"}
[2m[WebServer] [22m{"time":"2026-09-04T21:26:53.630459-04:00","level":"ERROR","msg":"listTemplates error","error":"iterate templates: context canceled"}
[2m[WebServer] [22m{"time":"2026-09-04T21:26:53.643206-04:00","level":"ERROR","msg":"listTemplates error","error":"iterate assignments: context canceled"}
  ✓  724 [chromium] › tests/sync.spec.js:2563:3 › Convergence matrix (systematic): op-type × editor × derived view › MTX-APR-ADM-CNT: non-assignee-admin approval surfaces Approved ✓ on device B's bare list (live + catch-up) (3.9s)
[2m[WebServer] [22m{"time":"2026-09-04T21:26:54.34788-04:00","level":"ERROR","msg":"GetManagerHires failed","error":"query assigned templates for hire 14c11b75-a485-46c7-9ce9-0a8dcd7a24bc: context canceled"}
[2m[WebServer] [22m{"time":"2026-09-04T21:26:54.643733-04:00","level":"ERROR","msg":"myChecklists error","error":"iterate fail notes: context canceled"}
[2m[WebServer] [22m{"time":"2026-09-04T21:26:54.649057-04:00","level":"ERROR","msg":"pendingApprovals error","error":"iterate pending approvals: context canceled"}
[2m[WebServer] [22m{"time":"2026-09-04T21:26:54.65708-04:00","level":"ERROR","msg":"listTemplates error","error":"iterate fields: context canceled"}
[2m[WebServer] [22m{"time":"2026-09-04T21:26:54.6805-04:00","level":"INFO","msg":"client log","level":"ERROR","message":"loadMyChecklists error: Failed to fetch\nTypeError: Failed to fetch\n    at api (http://localhost:3106/sync.js:24:21)\n    at loadMyChecklists (http://localhost:3106/workflows.html:631:24)\n    at show (http://localhost:3106/workflows.html:3836:5)\n    at init (http://localhost:3106/workflows.html:3917:5)","user":"Jamal C. (jamal@yumyums.kitchen)","page":"/workflows.html","ua":"Mozilla/5.0 (Macintosh; Intel Mac OS X 10_15_7) AppleWebKit/537.36 (KHTML, like Gecko) HeadlessChrome/147.0.7727.15 Safa"}
[2m[WebServer] [22m{"time":"2026-09-04T21:26:54.682471-04:00","level":"INFO","msg":"client log","level":"ERROR","message":"loadMyChecklists error: Failed to fetch\nTypeError: Failed to fetch\n    at api (http://localhost:3106/sync.js:24:21)\n    at loadMyChecklists (http://localhost:3106/workflows.html:631:24)\n    at applyOp (http://localhost:3106/sync.js:566:7)\n    at _ws.onmessage (http://localhost:3106/sync.js:275:7)","user":"Jamal C. (jamal@yumyums.kitchen)","page":"/workflows.html","ua":"Mozilla/5.0 (Macintosh; Intel Mac OS X 10_15_7) AppleWebKit/537.36 (KHTML, like Gecko) HeadlessChrome/147.0.7727.15 Safa"}
[2m[WebServer] [22m{"time":"2026-09-04T21:26:55.521115-04:00","level":"INFO","msg":"op handler received op","op_type":"SET_FIELD","entity_id":"afef5c08-f52b-4279-90b3-d1e7190a6cf7","device_id":"16a7325e-d4da-4c23-9e81-19ebba487d9f","lamport_ts":1788571129933}
[2m[WebServer] [22m{"time":"2026-09-04T21:26:55.96527-04:00","level":"INFO","msg":"op handler received op","op_type":"SET_FIELD","entity_id":"2d58a1e5-8027-4a71-a7d6-0b56de20ebb5","device_id":"16a7325e-d4da-4c23-9e81-19ebba487d9f","lamport_ts":1788571129935}
[2m[WebServer] [22m{"time":"2026-09-04T21:26:56.590281-04:00","level":"ERROR","msg":"GetManagerHires failed","error":"iterate assigned templates for hire 14c11b75-a485-46c7-9ce9-0a8dcd7a24bc: context canceled"}
[2m[WebServer] [22m{"time":"2026-09-04T21:26:57.609807-04:00","level":"ERROR","msg":"listTemplates error","error":"iterate sections: context canceled"}
[2m[WebServer] [22m{"time":"2026-09-04T21:26:57.624711-04:00","level":"ERROR","msg":"listTemplates error","error":"iterate sections: context canceled"}
[2m[WebServer] [22m{"time":"2026-09-04T21:26:58.936275-04:00","level":"INFO","msg":"op handler received op","op_type":"SET_FIELD","entity_id":"2d58a1e5-8027-4a71-a7d6-0b56de20ebb5","device_id":"d211f2cb-f543-413b-aa55-a4cf3c100df5","lamport_ts":1788571129939}
  ✓  725 [chromium] › tests/sync.spec.js:2570:3 › Convergence matrix (systematic): op-type × editor × derived view › MTX-RJT-ASG-BAN/ERO/VAL + MTX-SUB-ASG-BAN: reject→fix→resubmit cycle converges on device B (live + catch-up) [ESC-2a] (5.5s)
[2m[WebServer] [22m{"time":"2026-09-04T21:26:59.92084-04:00","level":"ERROR","msg":"GetManagerHires failed","error":"iterate assigned templates for hire d949b011-7c4e-4234-a641-2a565765b237: context canceled"}
[2m[WebServer] [22m{"time":"2026-09-04T21:27:00.423729-04:00","level":"ERROR","msg":"myChecklists error","error":"iterate submissions: context canceled"}
[2m[WebServer] [22m{"time":"2026-09-04T21:27:00.4275-04:00","level":"ERROR","msg":"listTemplates error","error":"iterate templates: context canceled"}
[2m[WebServer] [22m{"time":"2026-09-04T21:27:00.428343-04:00","level":"ERROR","msg":"listTemplates error","error":"iterate fields: context canceled"}
[2m[WebServer] [22m{"time":"2026-09-04T21:27:00.453182-04:00","level":"INFO","msg":"client log","level":"ERROR","message":"loadMyChecklists error: Failed to fetch\nTypeError: Failed to fetch\n    at api (http://localhost:3106/sync.js:24:21)\n    at loadMyChecklists (http://localhost:3106/workflows.html:631:24)\n    at applyOp (http://localhost:3106/sync.js:544:7)\n    at _ws.onmessage (http://localhost:3106/sync.js:275:7)","user":"Jamal C. (jamal@yumyums.kitchen)","page":"/workflows.html","ua":"Mozilla/5.0 (Macintosh; Intel Mac OS X 10_15_7) AppleWebKit/537.36 (KHTML, like Gecko) HeadlessChrome/147.0.7727.15 Safa"}
[2m[WebServer] [22m{"time":"2026-09-04T21:27:00.453287-04:00","level":"INFO","msg":"client log","level":"ERROR","message":"loadMyChecklists error: Failed to fetch\nTypeError: Failed to fetch\n    at api (http://localhost:3106/sync.js:24:21)\n    at loadMyChecklists (http://localhost:3106/workflows.html:631:24)\n    at applyOp (http://localhost:3106/sync.js:566:7)\n    at _ws.onmessage (http://localhost:3106/sync.js:275:7)","user":"Jamal C. (jamal@yumyums.kitchen)","page":"/workflows.html","ua":"Mozilla/5.0 (Macintosh; Intel Mac OS X 10_15_7) AppleWebKit/537.36 (KHTML, like Gecko) HeadlessChrome/147.0.7727.15 Safa"}
[2m[WebServer] [22m{"time":"2026-09-04T21:27:01.28845-04:00","level":"INFO","msg":"op handler received op","op_type":"SET_FIELD","entity_id":"a45bf99f-9e34-44c2-9554-9f1dbe31a5f2","device_id":"f429ff22-0288-4b3e-bda8-224142e11358","lamport_ts":1788571129942}
[2m[WebServer] [22m{"time":"2026-09-04T21:27:01.736351-04:00","level":"INFO","msg":"op handler received op","op_type":"SET_FIELD","entity_id":"708e668c-7c63-4f70-9152-097d64e047af","device_id":"f429ff22-0288-4b3e-bda8-224142e11358","lamport_ts":1788571129944}
[2m[WebServer] [22m{"time":"2026-09-04T21:27:02.310103-04:00","level":"ERROR","msg":"GetManagerHires failed","error":"query assigned templates for hire d949b011-7c4e-4234-a641-2a565765b237: context canceled"}
[2m[WebServer] [22m{"time":"2026-09-04T21:27:02.316047-04:00","level":"ERROR","msg":"GetMyTrainings failed","error":"get user roles: context canceled"}
[2m[WebServer] [22m{"time":"2026-09-04T21:27:03.303285-04:00","level":"ERROR","msg":"listTemplates error","error":"iterate assignments: context canceled"}
[2m[WebServer] [22m{"time":"2026-09-04T21:27:03.307013-04:00","level":"ERROR","msg":"listTemplates error","error":"list templates: context canceled"}
[2m[WebServer] [22m{"time":"2026-09-04T21:27:03.314081-04:00","level":"ERROR","msg":"listTemplates error","error":"iterate templates: context canceled"}
[2m[WebServer] [22m{"time":"2026-09-04T21:27:03.324646-04:00","level":"ERROR","msg":"listTemplates error","error":"iterate schedules: context canceled"}
[2m[WebServer] [22m{"time":"2026-09-04T21:27:04.386663-04:00","level":"INFO","msg":"op handler received op","op_type":"SET_FIELD","entity_id":"708e668c-7c63-4f70-9152-097d64e047af","device_id":"e9213a94-d05b-462f-b4e5-1047d546be12","lamport_ts":1788571129948}
  ✓  726 [chromium] › tests/sync.spec.js:2575:3 › Convergence matrix (systematic): op-type × editor × derived view › MTX-RJT-ADM-BAN/ERO/VAL + MTX-SUB-ADM-BAN: non-assignee-admin reject→fix→resubmit cycle converges on device B (live + catch-up) (5.4s)
[2m[WebServer] [22m{"time":"2026-09-04T21:27:05.327774-04:00","level":"ERROR","msg":"GetManagerHires failed","error":"query assigned templates for hire 14c11b75-a485-46c7-9ce9-0a8dcd7a24bc: context canceled"}
[2m[WebServer] [22m{"time":"2026-09-04T21:27:05.749674-04:00","level":"ERROR","msg":"pendingApprovals error","error":"list pending approvals: context canceled"}
[2m[WebServer] [22m{"time":"2026-09-04T21:27:05.755758-04:00","level":"ERROR","msg":"listTemplates error","error":"iterate templates: context canceled"}
[2m[WebServer] [22m{"time":"2026-09-04T21:27:05.756681-04:00","level":"ERROR","msg":"myChecklists error","error":"iterate responses: context canceled"}
[2m[WebServer] [22m{"time":"2026-09-04T21:27:05.759857-04:00","level":"ERROR","msg":"pendingApprovals error","error":"iterate pending approvals: context canceled"}
[2m[WebServer] [22m{"time":"2026-09-04T21:27:06.79123-04:00","level":"INFO","msg":"client log","level":"ERROR","message":"loadMyChecklists error: Failed to fetch\nTypeError: Failed to fetch\n    at api (http://localhost:3106/sync.js:24:21)\n    at loadMyChecklists (http://localhost:3106/workflows.html:631:24)\n    at applyOp (http://localhost:3106/sync.js:566:7)\n    at _ws.onmessage (http://localhost:3106/sync.js:275:7)","user":"Jamal C. (jamal@yumyums.kitchen)","page":"/workflows.html","ua":"Mozilla/5.0 (Macintosh; Intel Mac OS X 10_15_7) AppleWebKit/537.36 (KHTML, like Gecko) HeadlessChrome/147.0.7727.15 Safa"}
[2m[WebServer] [22m{"time":"2026-09-04T21:27:08.133545-04:00","level":"INFO","msg":"op handler received op","op_type":"SET_FIELD","entity_id":"bf77e112-6fd3-4e2c-9406-0118b39916b3","device_id":"1c4e4bca-5314-4fab-8867-eb8f9eab1902","lamport_ts":1788571129950}
[2m[WebServer] [22m{"time":"2026-09-04T21:27:08.585841-04:00","level":"INFO","msg":"op handler received op","op_type":"SET_FIELD","entity_id":"6b4da07b-7239-4a82-a069-c0280fc06c7a","device_id":"1c4e4bca-5314-4fab-8867-eb8f9eab1902","lamport_ts":1788571129952}
[2m[WebServer] [22m{"time":"2026-09-04T21:27:09.124612-04:00","level":"ERROR","msg":"GetManagerHires failed","error":"iterate assigned templates for hire 14c11b75-a485-46c7-9ce9-0a8dcd7a24bc: context canceled"}
[2m[WebServer] [22m{"time":"2026-09-04T21:27:10.080348-04:00","level":"ERROR","msg":"listTemplates error","error":"iterate sections: context canceled"}
[2m[WebServer] [22m{"time":"2026-09-04T21:27:10.086485-04:00","level":"ERROR","msg":"listTemplates error","error":"iterate templates: context canceled"}
  ✓  727 [chromium] › tests/sync.spec.js:2580:3 › Convergence matrix (systematic): op-type × editor × derived view › MTX-RJT-ADM-CNT: non-assignee-admin rejection clears the pending badge and re-derives the live count on device B's bare list (live + catch-up) (5.4s)
[2m[WebServer] [22m{"time":"2026-09-04T21:27:10.792438-04:00","level":"ERROR","msg":"GetManagerHires failed","error":"iterate assigned templates for hire 14c11b75-a485-46c7-9ce9-0a8dcd7a24bc: context canceled"}
[2m[WebServer] [22m{"time":"2026-09-04T21:27:12.653953-04:00","level":"ERROR","msg":"GetManagerHires failed","error":"iterate assigned templates for hire d949b011-7c4e-4234-a641-2a565765b237: context canceled"}
[2m[WebServer] [22m{"time":"2026-09-04T21:27:13.719636-04:00","level":"ERROR","msg":"listTemplates error","error":"iterate fields: context canceled"}
[2m[WebServer] [22m{"time":"2026-09-04T21:27:13.732162-04:00","level":"ERROR","msg":"listTemplates error","error":"list templates: context canceled"}
  ✓  728 [chromium] › tests/sync.spec.js:2617:3 › Convergence matrix (systematic): op-type × editor × derived view › MTX-RJT-ASG-BAN-SUBSTEP: rejecting a SUB-STEP surfaces its correction banner live on the submitter's 2nd device (live + catch-up) [ESC-3] (3.7s)
[2m[WebServer] [22m{"time":"2026-09-04T21:27:15.153349-04:00","level":"ERROR","msg":"GetManagerHires failed","error":"iterate assigned templates for hire d949b011-7c4e-4234-a641-2a565765b237: context canceled"}
  ✓  729 [chromium] › tests/sync.spec.js:2690:3 › Catch-up replay: SUBMIT_CHECKLIST does not fetch-storm myChecklists › N queued SUBMIT ops replay into a bounded myChecklists fetch count (6.4s)
[2m[WebServer] [22m{"time":"2026-09-04T21:27:20.886212-04:00","level":"ERROR","msg":"GetManagerHires failed","error":"iterate assigned templates for hire b6080b05-acf5-48b1-af4f-0fb5bb63d53a: context canceled"}
[2m[WebServer] [22m{"time":"2026-09-04T21:27:20.893845-04:00","level":"ERROR","msg":"GetMyTrainings failed","error":"context canceled"}
[2m[WebServer] [22m{"time":"2026-09-04T21:27:21.124997-04:00","level":"ERROR","msg":"listTemplates error","error":"iterate templates: context canceled"}
[2m[WebServer] [22m{"time":"2026-09-04T21:27:21.125442-04:00","level":"ERROR","msg":"myChecklists error","error":"iterate fail notes: context canceled"}
  ✓  730 [chromium] › tests/sync.spec.js:2797:3 › App timezone: submit period boundary [A1-TZ] › fixture honesty: T1/T2/T3 are one Wednesday in CT and in ET, but straddle UTC midnight [A1-TZ-00] (534ms)
[2m[WebServer] [22m{"time":"2026-09-04T21:27:21.433615-04:00","level":"ERROR","msg":"GetManagerHires failed","error":"iterate assigned templates for hire d949b011-7c4e-4234-a641-2a565765b237: context canceled"}
[2m[WebServer] [22m{"time":"2026-09-04T21:27:21.712572-04:00","level":"ERROR","msg":"myChecklists error","error":"iterate fail notes: context canceled"}
[2m[WebServer] [22m{"time":"2026-09-04T21:27:21.712793-04:00","level":"ERROR","msg":"listTemplates error","error":"iterate schedules: context canceled"}
  ✓  731 [chromium] › tests/sync.spec.js:2813:3 › App timezone: submit period boundary [A1-TZ] › a period stamped 6:30pm CT is still current at 6:45pm AND at 7:30pm [A1-TZ-01] (574ms)
[2m[WebServer] [22m{"time":"2026-09-04T21:27:22.008825-04:00","level":"ERROR","msg":"GetManagerHires failed","error":"query assigned templates for hire 14c11b75-a485-46c7-9ce9-0a8dcd7a24bc: context canceled"}
[2m[WebServer] [22m{"time":"2026-09-04T21:27:22.247092-04:00","level":"ERROR","msg":"myChecklists error","error":"iterate rejections: context canceled"}
[2m[WebServer] [22m{"time":"2026-09-04T21:27:22.247298-04:00","level":"ERROR","msg":"listTemplates error","error":"iterate sections: context canceled"}
  ✓  732 [chromium] › tests/sync.spec.js:2829:3 › App timezone: submit period boundary [A1-TZ] › a queued submission still lends its idempotency_key at 7:30pm CT [A1-TZ-02] (522ms)
  ✓  733 [chromium] › tests/sync.spec.js:2923:3 › App timezone parity: Go constant vs frontend literals [A1-TZ-PARITY] › every hand-copied frontend literal equals users.DefaultTimezone (7ms)
[2m[WebServer] [22m{"time":"2026-09-04T21:27:22.56588-04:00","level":"ERROR","msg":"GetManagerHires failed","error":"iterate assigned templates for hire d949b011-7c4e-4234-a641-2a565765b237: context canceled"}
[2m[WebServer] [22m{"time":"2026-09-04T21:27:22.769459-04:00","level":"ERROR","msg":"listTemplates error","error":"iterate templates: context canceled"}
[2m[WebServer] [22m{"time":"2026-09-04T21:27:22.769909-04:00","level":"ERROR","msg":"myChecklists error","error":"iterate fail notes: context canceled"}
  ✓  734 [chromium] › tests/sync.spec.js:2945:3 › App timezone parity: Go constant vs frontend literals [A1-TZ-PARITY] › the running page agrees with the Go constant (497ms)
[2m[WebServer] [22m{"time":"2026-09-04T21:27:23.085087-04:00","level":"ERROR","msg":"GetManagerHires failed","error":"iterate assigned templates for hire 14c11b75-a485-46c7-9ce9-0a8dcd7a24bc: context canceled"}
[2m[WebServer] [22m{"time":"2026-09-04T21:27:26.246388-04:00","level":"ERROR","msg":"listTemplates error","error":"iterate fields: context canceled"}
[2m[WebServer] [22m{"time":"2026-09-04T21:27:26.255042-04:00","level":"ERROR","msg":"listTemplates error","error":"iterate schedules: context canceled"}
[2m[WebServer] [22m{"time":"2026-09-04T21:27:26.259231-04:00","level":"ERROR","msg":"myChecklists error","error":"iterate fail notes: context canceled"}
[2m[WebServer] [22m{"time":"2026-09-04T21:27:26.262563-04:00","level":"ERROR","msg":"listTemplates error","error":"iterate fields: context canceled"}
[2m[WebServer] [22m{"time":"2026-09-04T21:27:26.287813-04:00","level":"INFO","msg":"client log","level":"ERROR","message":"loadMyChecklists error: Failed to fetch\nTypeError: Failed to fetch\n    at api (http://localhost:3106/sync.js:24:21)\n    at loadMyChecklists (http://localhost:3106/workflows.html:631:24)\n    at applyOp (http://localhost:3106/sync.js:566:7)\n    at _ws.onmessage (http://localhost:3106/sync.js:275:7)","user":"Jamal C. (jamal@yumyums.kitchen)","page":"/workflows.html","ua":"Mozilla/5.0 (Macintosh; Intel Mac OS X 10_15_7) AppleWebKit/537.36 (KHTML, like Gecko) HeadlessChrome/147.0.7727.15 Safa"}
[2m[WebServer] [22m{"time":"2026-09-04T21:27:26.288013-04:00","level":"INFO","msg":"client log","level":"ERROR","message":"loadMyChecklists error: Failed to fetch\nTypeError: Failed to fetch\n    at api (http://localhost:3106/sync.js:24:21)\n    at loadMyChecklists (http://localhost:3106/workflows.html:631:24)\n    at applyOp (http://localhost:3106/sync.js:566:7)\n    at _ws.onmessage (http://localhost:3106/sync.js:275:7)","user":"Jamal C. (jamal@yumyums.kitchen)","page":"/workflows.html","ua":"Mozilla/5.0 (Macintosh; Intel Mac OS X 10_15_7) AppleWebKit/537.36 (KHTML, like Gecko) HeadlessChrome/147.0.7727.15 Safa"}
[2m[WebServer] [22m{"time":"2026-09-04T21:27:26.288873-04:00","level":"INFO","msg":"client log","level":"ERROR","message":"loadMyChecklists error: Failed to fetch\nTypeError: Failed to fetch\n    at api (http://localhost:3106/sync.js:24:21)\n    at loadMyChecklists (http://localhost:3106/workflows.html:631:24)\n    at applyOp (http://localhost:3106/sync.js:566:7)\n    at _ws.onmessage (http://localhost:3106/sync.js:275:7)","user":"Jamal C. (jamal@yumyums.kitchen)","page":"/workflows.html","ua":"Mozilla/5.0 (Macintosh; Intel Mac OS X 10_15_7) AppleWebKit/537.36 (KHTML, like Gecko) HeadlessChrome/147.0.7727.15 Safa"}
[2m[WebServer] [22m{"time":"2026-09-04T21:27:26.292597-04:00","level":"INFO","msg":"client log","level":"ERROR","message":"loadMyChecklists error: Failed to fetch\nTypeError: Failed to fetch\n    at api (http://localhost:3106/sync.js:24:21)\n    at loadMyChecklists (http://localhost:3106/workflows.html:631:24)\n    at applyOp (http://localhost:3106/sync.js:566:7)\n    at _ws.onmessage (http://localhost:3106/sync.js:275:7)","user":"Jamal C. (jamal@yumyums.kitchen)","page":"/workflows.html","ua":"Mozilla/5.0 (Macintosh; Intel Mac OS X 10_15_7) AppleWebKit/537.36 (KHTML, like Gecko) HeadlessChrome/147.0.7727.15 Safa"}
[2m[WebServer] [22m{"time":"2026-09-04T21:27:26.851763-04:00","level":"ERROR","msg":"GetManagerHires failed","error":"iterate assigned templates for hire d949b011-7c4e-4234-a641-2a565765b237: context canceled"}
[2m[WebServer] [22m{"time":"2026-09-04T21:27:27.869839-04:00","level":"INFO","msg":"op handler received op","op_type":"SET_FIELD","entity_id":"731140be-61b1-4a85-9eaf-1a81919b9f86","device_id":"b2ba2c70-5aba-44c2-a507-9e716d9e8d12","lamport_ts":1788571129958}
[2m[WebServer] [22m{"time":"2026-09-04T21:27:28.68378-04:00","level":"INFO","msg":"op handler received op","op_type":"SET_FIELD","entity_id":"731140be-61b1-4a85-9eaf-1a81919b9f86","device_id":"b2ba2c70-5aba-44c2-a507-9e716d9e8d12","lamport_ts":1788571129960}
[2m[WebServer] [22m{"time":"2026-09-04T21:27:30.433998-04:00","level":"INFO","msg":"op handler received op","op_type":"SET_FIELD","entity_id":"731140be-61b1-4a85-9eaf-1a81919b9f86","device_id":"e4dfd0bf-9c9d-4f6f-a159-b0c623306e0d","lamport_ts":1788571129962}
  ✓  735 [chromium] › tests/sync.spec.js:2976:3 › Cross-device: fail-card reconciliation › a remote yes/no flip adds and removes the corrective-action card live [SYNC-FC-01] (9.3s)
[2m[WebServer] [22m{"time":"2026-09-04T21:27:32.369567-04:00","level":"ERROR","msg":"GetManagerHires failed","error":"iterate assigned templates for hire 14c11b75-a485-46c7-9ce9-0a8dcd7a24bc: context canceled"}
[2m[WebServer] [22m{"time":"2026-09-04T21:27:32.655889-04:00","level":"ERROR","msg":"listTemplates error","error":"iterate sections: context canceled"}
[2m[WebServer] [22m{"time":"2026-09-04T21:27:32.657327-04:00","level":"ERROR","msg":"myChecklists error","error":"iterate responses: context canceled"}
[2m[WebServer] [22m{"time":"2026-09-04T21:27:32.661793-04:00","level":"ERROR","msg":"listTemplates error","error":"iterate templates: context canceled"}
[2m[WebServer] [22m{"time":"2026-09-04T21:27:32.68318-04:00","level":"INFO","msg":"client log","level":"ERROR","message":"loadMyChecklists error: Failed to fetch\nTypeError: Failed to fetch\n    at api (http://localhost:3106/sync.js:24:21)\n    at loadMyChecklists (http://localhost:3106/workflows.html:631:24)\n    at show (http://localhost:3106/workflows.html:3836:5)\n    at init (http://localhost:3106/workflows.html:3917:5)","user":"Jamal C. (jamal@yumyums.kitchen)","page":"/workflows.html","ua":"Mozilla/5.0 (Macintosh; Intel Mac OS X 10_15_7) AppleWebKit/537.36 (KHTML, like Gecko) HeadlessChrome/147.0.7727.15 Safa"}
[2m[WebServer] [22m{"time":"2026-09-04T21:27:32.683315-04:00","level":"INFO","msg":"client log","level":"ERROR","message":"loadMyChecklists error: Failed to fetch\nTypeError: Failed to fetch\n    at api (http://localhost:3106/sync.js:24:21)\n    at loadMyChecklists (http://localhost:3106/workflows.html:631:24)\n    at applyOp (http://localhost:3106/sync.js:566:7)\n    at _ws.onmessage (http://localhost:3106/sync.js:275:7)","user":"Jamal C. (jamal@yumyums.kitchen)","page":"/workflows.html","ua":"Mozilla/5.0 (Macintosh; Intel Mac OS X 10_15_7) AppleWebKit/537.36 (KHTML, like Gecko) HeadlessChrome/147.0.7727.15 Safa"}
[2m[WebServer] [22m{"time":"2026-09-04T21:27:33.352287-04:00","level":"INFO","msg":"op handler received op","op_type":"SET_FIELD","entity_id":"4a150614-2c27-4406-b881-f70a3cb713f8","device_id":"f34d2081-c840-462c-b5b2-c1f81529152c","lamport_ts":1788571129964}
[2m[WebServer] [22m{"time":"2026-09-04T21:27:34.935154-04:00","level":"ERROR","msg":"myChecklists error","error":"iterate templates: context canceled"}
[2m[WebServer] [22m{"time":"2026-09-04T21:27:34.937869-04:00","level":"INFO","msg":"client log","level":"ERROR","message":"loadMyChecklists error: Failed to fetch\nTypeError: Failed to fetch\n    at api (http://localhost:3106/sync.js:24:21)\n    at loadMyChecklists (http://localhost:3106/workflows.html:631:24)\n    at show (http://localhost:3106/workflows.html:3836:5)\n    at HTMLButtonElement.onclick (http://localhost:3106/workflows.html:344:48)","user":"Jamal C. (jamal@yumyums.kitchen)","page":"/workflows.html","ua":"Mozilla/5.0 (Macintosh; Intel Mac OS X 10_15_7) AppleWebKit/537.36 (KHTML, like Gecko) HeadlessChrome/147.0.7727.15 Safa"}
[2m[WebServer] [22m{"time":"2026-09-04T21:27:34.938447-04:00","level":"INFO","msg":"client log","level":"ERROR","message":"loadMyChecklists error: Failed to fetch\nTypeError: Failed to fetch\n    at api (http://localhost:3106/sync.js:24:21)\n    at loadMyChecklists (http://localhost:3106/workflows.html:631:24)\n    at applyOp (http://localhost:3106/sync.js:544:7)\n    at _ws.onmessage (http://localhost:3106/sync.js:275:7)","user":"Jamal C. (jamal@yumyums.kitchen)","page":"/workflows.html","ua":"Mozilla/5.0 (Macintosh; Intel Mac OS X 10_15_7) AppleWebKit/537.36 (KHTML, like Gecko) HeadlessChrome/147.0.7727.15 Safa"}
[2m[WebServer] [22m{"time":"2026-09-04T21:27:35.485466-04:00","level":"ERROR","msg":"GetManagerHires failed","error":"iterate assigned templates for hire 14c11b75-a485-46c7-9ce9-0a8dcd7a24bc: context canceled"}
[2m[WebServer] [22m{"time":"2026-09-04T21:27:36.353238-04:00","level":"INFO","msg":"op handler received op","op_type":"SET_FIELD","entity_id":"4a150614-2c27-4406-b881-f70a3cb713f8","device_id":"dc58a262-7939-4404-81b8-fc2f8daa6e10","lamport_ts":1788571129968}
  ✘  736 [chromium] › tests/sync.spec.js:3062:3 › Cross-device: rejection-flag reconciliation › a live redo op clears the rejection flag on other devices [SYNC-RF-01] (15.9s)
[2m[WebServer] [22m{"time":"2026-09-04T21:27:49.420632-04:00","level":"ERROR","msg":"GetManagerHires failed","error":"iterate assigned templates for hire b6080b05-acf5-48b1-af4f-0fb5bb63d53a: context canceled"}
[2m[WebServer] [22m{"time":"2026-09-04T21:27:49.752173-04:00","level":"ERROR","msg":"GetManagerHires failed","error":"iterate assigned templates for hire d949b011-7c4e-4234-a641-2a565765b237: context canceled"}
[2m[WebServer] [22m{"time":"2026-09-04T21:27:50.105274-04:00","level":"ERROR","msg":"pendingApprovals error","error":"list pending approvals: context canceled"}
[2m[WebServer] [22m{"time":"2026-09-04T21:27:50.10851-04:00","level":"ERROR","msg":"listTemplates error","error":"list assignments: context canceled"}
[2m[WebServer] [22m{"time":"2026-09-04T21:27:50.109949-04:00","level":"ERROR","msg":"myChecklists error","error":"iterate rejections: context canceled"}
[2m[WebServer] [22m{"time":"2026-09-04T21:27:50.113241-04:00","level":"ERROR","msg":"listTemplates error","error":"iterate sections: context canceled"}
[2m[WebServer] [22m{"time":"2026-09-04T21:27:50.139876-04:00","level":"INFO","msg":"client log","level":"ERROR","message":"loadMyChecklists error: Failed to fetch\nTypeError: Failed to fetch\n    at api (http://localhost:3106/sync.js:24:21)\n    at loadMyChecklists (http://localhost:3106/workflows.html:631:24)\n    at applyOp (http://localhost:3106/sync.js:566:7)\n    at _ws.onmessage (http://localhost:3106/sync.js:275:7)","user":"Jamal C. (jamal@yumyums.kitchen)","page":"/workflows.html","ua":"Mozilla/5.0 (Macintosh; Intel Mac OS X 10_15_7) AppleWebKit/537.36 (KHTML, like Gecko) HeadlessChrome/147.0.7727.15 Safa"}
[2m[WebServer] [22m{"time":"2026-09-04T21:27:50.143215-04:00","level":"INFO","msg":"client log","level":"ERROR","message":"loadMyChecklists error: Failed to fetch\nTypeError: Failed to fetch\n    at api (http://localhost:3106/sync.js:24:21)\n    at loadMyChecklists (http://localhost:3106/workflows.html:631:24)\n    at show (http://localhost:3106/workflows.html:3836:5)\n    at init (http://localhost:3106/workflows.html:3917:5)","user":"Jamal C. (jamal@yumyums.kitchen)","page":"/workflows.html","ua":"Mozilla/5.0 (Macintosh; Intel Mac OS X 10_15_7) AppleWebKit/537.36 (KHTML, like Gecko) HeadlessChrome/147.0.7727.15 Safa"}
[2m[WebServer] [22m{"time":"2026-09-04T21:27:50.818997-04:00","level":"INFO","msg":"op handler received op","op_type":"SET_FIELD","entity_id":"3c5d580e-11dd-4642-a1aa-28f9fe36abed","device_id":"c9c06ab1-11ea-44d3-a1fd-c25dd306692b","lamport_ts":1788571129970}
[2m[WebServer] [22m{"time":"2026-09-04T21:27:50.863726-04:00","level":"INFO","msg":"op handler received op","op_type":"SET_FIELD","entity_id":"a72ea097-7208-4bdc-8267-38b52f8d25f3","device_id":"c9c06ab1-11ea-44d3-a1fd-c25dd306692b","lamport_ts":1788571129972}
[2m[WebServer] [22m{"time":"2026-09-04T21:27:50.932423-04:00","level":"INFO","msg":"op handler received op","op_type":"SET_FIELD","entity_id":"2ce58d5e-48fe-4866-8cd5-986677d075f3","device_id":"c9c06ab1-11ea-44d3-a1fd-c25dd306692b","lamport_ts":1788571129974}
[2m[WebServer] [22m{"time":"2026-09-04T21:27:52.468479-04:00","level":"ERROR","msg":"myChecklists error","error":"iterate responses: context canceled"}
[2m[WebServer] [22m{"time":"2026-09-04T21:27:52.471799-04:00","level":"INFO","msg":"client log","level":"ERROR","message":"loadMyChecklists error: Failed to fetch\nTypeError: Failed to fetch\n    at api (http://localhost:3106/sync.js:24:21)\n    at loadMyChecklists (http://localhost:3106/workflows.html:631:24)\n    at applyOp (http://localhost:3106/sync.js:544:7)\n    at _ws.onmessage (http://localhost:3106/sync.js:275:7)","user":"Jamal C. (jamal@yumyums.kitchen)","page":"/workflows.html","ua":"Mozilla/5.0 (Macintosh; Intel Mac OS X 10_15_7) AppleWebKit/537.36 (KHTML, like Gecko) HeadlessChrome/147.0.7727.15 Safa"}
[2m[WebServer] [22m{"time":"2026-09-04T21:27:52.472484-04:00","level":"INFO","msg":"client log","level":"ERROR","message":"loadMyChecklists error: Failed to fetch\nTypeError: Failed to fetch\n    at api (http://localhost:3106/sync.js:24:21)\n    at loadMyChecklists (http://localhost:3106/workflows.html:631:24)\n    at applyOp (http://localhost:3106/sync.js:544:7)\n    at _ws.onmessage (http://localhost:3106/sync.js:275:7)","user":"Jamal C. (jamal@yumyums.kitchen)","page":"/workflows.html","ua":"Mozilla/5.0 (Macintosh; Intel Mac OS X 10_15_7) AppleWebKit/537.36 (KHTML, like Gecko) HeadlessChrome/147.0.7727.15 Safa"}
[2m[WebServer] [22m{"time":"2026-09-04T21:27:52.473762-04:00","level":"INFO","msg":"client log","level":"ERROR","message":"loadMyChecklists error: Failed to fetch\nTypeError: Failed to fetch\n    at api (http://localhost:3106/sync.js:24:21)\n    at loadMyChecklists (http://localhost:3106/workflows.html:631:24)\n    at show (http://localhost:3106/workflows.html:3836:5)\n    at HTMLButtonElement.onclick (http://localhost:3106/workflows.html:344:48)","user":"Jamal C. (jamal@yumyums.kitchen)","page":"/workflows.html","ua":"Mozilla/5.0 (Macintosh; Intel Mac OS X 10_15_7) AppleWebKit/537.36 (KHTML, like Gecko) HeadlessChrome/147.0.7727.15 Safa"}
[2m[WebServer] [22m{"time":"2026-09-04T21:27:53.068791-04:00","level":"ERROR","msg":"GetManagerHires failed","error":"query assigned templates for hire 14c11b75-a485-46c7-9ce9-0a8dcd7a24bc: context canceled"}
[2m[WebServer] [22m{"time":"2026-09-04T21:27:54.135051-04:00","level":"INFO","msg":"op handler received op","op_type":"SET_FIELD","entity_id":"a72ea097-7208-4bdc-8267-38b52f8d25f3","device_id":"1dbe9f5d-666f-44b2-8e28-e47adfed3225","lamport_ts":1788571129979}
[2m[WebServer] [22m{"time":"2026-09-04T21:27:54.168567-04:00","level":"INFO","msg":"op handler received op","op_type":"SET_FIELD","entity_id":"2ce58d5e-48fe-4866-8cd5-986677d075f3","device_id":"1dbe9f5d-666f-44b2-8e28-e47adfed3225","lamport_ts":1788571129981}
  ✓  737 [chromium] › tests/sync.spec.js:3136:3 › Cross-device: rejection-flag reconciliation › rejected sub-steps reset to NULL, deduct from the count, and redo clears them [SYNC-RF-02] (6.3s)
[2m[WebServer] [22m{"time":"2026-09-04T21:27:56.18718-04:00","level":"ERROR","msg":"GetManagerHires failed","error":"iterate assigned templates for hire 14c11b75-a485-46c7-9ce9-0a8dcd7a24bc: context canceled"}
  ✓  738 [chromium] › tests/users.spec.js:50:3 › User List › shows admin user in user list on load (429ms)
[2m[WebServer] [22m{"time":"2026-09-04T21:27:56.647979-04:00","level":"ERROR","msg":"GetManagerHires failed","error":"iterate assigned templates for hire d949b011-7c4e-4234-a641-2a565765b237: context canceled"}
  ✓  739 [chromium] › tests/users.spec.js:59:3 › User List › shows skeleton loading state before data arrives (928ms)
[2m[WebServer] [22m{"time":"2026-09-04T21:27:57.568062-04:00","level":"ERROR","msg":"GetManagerHires failed","error":"iterate assigned templates for hire d949b011-7c4e-4234-a641-2a565765b237: context canceled"}
  ✓  740 [chromium] › tests/users.spec.js:83:3 › Invite Flow › can create new user via invite form (560ms)
[2m[WebServer] [22m{"time":"2026-09-04T21:27:58.098771-04:00","level":"ERROR","msg":"GetManagerHires failed","error":"query assigned templates for hire 14c11b75-a485-46c7-9ce9-0a8dcd7a24bc: context canceled"}
  ✓  741 [chromium] › tests/users.spec.js:119:3 › Invite Flow › invite link copy button works (619ms)
[2m[WebServer] [22m{"time":"2026-09-04T21:27:58.752284-04:00","level":"ERROR","msg":"GetManagerHires failed","error":"iterate assigned templates for hire b4858aa5-87f1-475f-9b00-ffbc38d0bac0: context canceled"}
  ✓  742 [chromium] › tests/users.spec.js:148:3 › Accept Invite Flow › accept-invite page shows welcome heading (375ms)
[2m[WebServer] [22m{"time":"2026-09-04T21:27:59.13514-04:00","level":"ERROR","msg":"GetManagerHires failed","error":"iterate assigned templates for hire b4858aa5-87f1-475f-9b00-ffbc38d0bac0: context canceled"}
[2m[WebServer] [22m{"time":"2026-09-04T21:27:59.307849-04:00","level":"ERROR","msg":"RequirePermission grant lookup failed","error":"context canceled","grant":"onboarding","user_id":"9849b405-3bc4-4f68-9ba1-98f98ab52d7d"}
  ✓  743 [chromium] › tests/users.spec.js:176:3 › Accept Invite Flow › accept-invite sets password and redirects to index (507ms)
  ✓  744 [chromium] › tests/users.spec.js:206:3 › Accept Invite Flow › expired token shows error on accept-invite page (142ms)
[2m[WebServer] [22m{"time":"2026-09-04T21:27:59.807999-04:00","level":"ERROR","msg":"GetManagerHires failed","error":"iterate assigned templates for hire 604df488-f67d-403a-aa33-bb5be022ce69: context canceled"}
  ✓  745 [chromium] › tests/users.spec.js:219:3 › Edit User › can edit user name and role (583ms)
[2m[WebServer] [22m{"time":"2026-09-04T21:28:00.41665-04:00","level":"ERROR","msg":"GetManagerHires failed","error":"iterate assigned templates for hire 6993a30a-1072-44e6-abd1-e0208a2e05e0: context canceled"}
  ✓  746 [chromium] › tests/users.spec.js:253:3 › Edit User › nickname collision shows 409 error (607ms)
[2m[WebServer] [22m{"time":"2026-09-04T21:28:01.004284-04:00","level":"ERROR","msg":"GetManagerHires failed","error":"iterate assigned templates for hire 6b3f459c-c422-4368-a62e-520c2c9fcd91: context canceled"}
  ✓  747 [chromium] › tests/users.spec.js:304:3 › Destructive Actions › force logout revokes user sessions (558ms)
[2m[WebServer] [22m{"time":"2026-09-04T21:28:01.58046-04:00","level":"ERROR","msg":"GetManagerHires failed","error":"query assigned templates for hire b6080b05-acf5-48b1-af4f-0fb5bb63d53a: context canceled"}
[2m[WebServer] [22m{"time":"2026-09-04T21:28:01.721139-04:00","level":"ERROR","msg":"delete user failed","error":"delete user: context canceled"}
  ✓  748 [chromium] › tests/users.spec.js:337:3 › Destructive Actions › delete user removes from list (467ms)
[2m[WebServer] [22m{"time":"2026-09-04T21:28:02.074058-04:00","level":"ERROR","msg":"GetManagerHires failed","error":"iterate assigned templates for hire 604df488-f67d-403a-aa33-bb5be022ce69: context canceled"}
  ✓  749 [chromium] › tests/users.spec.js:377:3 › Password Reset › reset password generates new token link (501ms)
[2m[WebServer] [22m{"time":"2026-09-04T21:28:02.552017-04:00","level":"ERROR","msg":"GetManagerHires failed","error":"iterate assigned templates for hire 14c11b75-a485-46c7-9ce9-0a8dcd7a24bc: context canceled"}
[2m[WebServer] [22m{"time":"2026-09-04T21:28:02.560565-04:00","level":"ERROR","msg":"GetMyTrainings failed","error":"context canceled"}
  ✓  750 [chromium] › tests/users.spec.js:415:3 › Invite link panel › email notice is prominent and appears above the invite link (509ms)
[2m[WebServer] [22m{"time":"2026-09-04T21:28:03.059973-04:00","level":"ERROR","msg":"GetManagerHires failed","error":"query assigned templates for hire 9849b405-3bc4-4f68-9ba1-98f98ab52d7d: context canceled"}
  ✓  751 [chromium] › tests/users.spec.js:459:3 › Access tab › shows all apps without needing to select a user (448ms)
[2m[WebServer] [22m{"time":"2026-09-04T21:28:03.511341-04:00","level":"ERROR","msg":"GetManagerHires failed","error":"query assigned templates for hire 9849b405-3bc4-4f68-9ba1-98f98ab52d7d: context canceled"}
  ✓  752 [chromium] › tests/users.spec.js:480:3 › Access tab › can toggle a role permission on an app (1.0s)
[2m[WebServer] [22m{"time":"2026-09-04T21:28:04.584944-04:00","level":"ERROR","msg":"GetManagerHires failed","error":"iterate assigned templates for hire 14c11b75-a485-46c7-9ce9-0a8dcd7a24bc: context canceled"}
  ✓  753 [chromium] › tests/users.spec.js:509:3 › Last Name Display › edit form shows full last name, not abbreviated (425ms)
[2m[WebServer] [22m{"time":"2026-09-04T21:28:05.006752-04:00","level":"ERROR","msg":"GetManagerHires failed","error":"query assigned templates for hire 9849b405-3bc4-4f68-9ba1-98f98ab52d7d: context canceled"}
  ✓  754 [chromium] › tests/users.spec.js:528:3 › Alert Channel Defaults › new user has both Zoho Cliq and Email enabled by default (349ms)
[2m[WebServer] [22m{"time":"2026-09-04T21:28:05.35842-04:00","level":"ERROR","msg":"GetManagerHires failed","error":"query assigned templates for hire 9849b405-3bc4-4f68-9ba1-98f98ab52d7d: context canceled"}
  ✓  755 [chromium] › tests/users.spec.js:554:3 › Alert Channel Defaults › alert channel chips show both enabled when editing new user (437ms)
[2m[WebServer] [22m{"time":"2026-09-04T21:28:05.817002-04:00","level":"ERROR","msg":"GetManagerHires failed","error":"iterate assigned templates for hire 14c11b75-a485-46c7-9ce9-0a8dcd7a24bc: context canceled"}
  ✓  756 [chromium] › tests/users.spec.js:585:3 › Alert Channel Defaults › alert channel chips toggle on and off (526ms)
[2m[WebServer] [22m{"time":"2026-09-04T21:28:06.685438-04:00","level":"ERROR","msg":"GetManagerHires failed","error":"iterate assigned templates for hire 3ce344fa-4786-4815-9067-c510c9873ce5: context canceled"}
  ✓  757 [chromium] › tests/users.spec.js:682:3 › Security enforcement › NFR-1: non-admin (team_member) is refused 403 across all 8 admin endpoints (628ms)
[2m[WebServer] [22m{"time":"2026-09-04T21:28:07.105226-04:00","level":"ERROR","msg":"GetManagerHires failed","error":"iterate assigned templates for hire d14ddb58-bfc7-4ca0-bffa-95504ca40f31: context canceled"}
[2m[WebServer] [22m{"time":"2026-09-04T21:28:07.273581-04:00","level":"ERROR","msg":"GetManagerHires failed","error":"iterate assigned templates for hire d949b011-7c4e-4234-a641-2a565765b237: context canceled"}
  ✓  758 [chromium] › tests/users.spec.js:735:3 › Security enforcement › NFR-2: invite token is single-use — second accept-invite is refused 400 token_expired (577ms)
[2m[WebServer] [22m{"time":"2026-09-04T21:28:07.738058-04:00","level":"ERROR","msg":"GetManagerHires failed","error":"query assigned templates for hire aae879df-b1a7-404c-a720-a7fe7279d8b9: context canceled"}
[2m[WebServer] [22m{"time":"2026-09-04T21:28:07.90334-04:00","level":"ERROR","msg":"GetManagerHires failed","error":"query assigned templates for hire 14c11b75-a485-46c7-9ce9-0a8dcd7a24bc: context canceled"}
[2m[WebServer] [22m{"time":"2026-09-04T21:28:08.247825-04:00","level":"ERROR","msg":"GetManagerHires failed","error":"iterate assigned templates for hire 604df488-f67d-403a-aa33-bb5be022ce69: context canceled"}
[2m[WebServer] [22m{"time":"2026-09-04T21:28:08.58148-04:00","level":"ERROR","msg":"GetManagerHires failed","error":"iterate assigned templates for hire 9849b405-3bc4-4f68-9ba1-98f98ab52d7d: context canceled"}
  ✓  759 [chromium] › tests/users.spec.js:779:3 › Security enforcement › NFR-3: granting an app to a user makes it appear in that user's /me/apps, and removing it hides it (1.3s)
[2m[WebServer] [22m{"time":"2026-09-04T21:28:09.233294-04:00","level":"ERROR","msg":"GetManagerHires failed","error":"iterate assigned templates for hire 3ce344fa-4786-4815-9067-c510c9873ce5: context canceled"}
  ✓  760 [chromium] › tests/users.spec.js:847:3 › Security enforcement › NFR-4: notification-preference is admin-or-self and requires ≥1 channel (640ms)
  ✓  761 [chromium] › tests/users.spec.js:898:3 › Security enforcement › NFR-5: unauthenticated request to an admin endpoint returns 401 and the UI redirects to login (148ms)
[2m[WebServer] [22m{"time":"2026-09-04T21:28:09.718846-04:00","level":"ERROR","msg":"GetManagerHires failed","error":"iterate assigned templates for hire 9849b405-3bc4-4f68-9ba1-98f98ab52d7d: context canceled"}
  ✓  762 [chromium] › tests/users.spec.js:938:3 › Users UI + Access hardening › FR-2: users list fetch failure renders "Could not load team." error state (458ms)
[2m[WebServer] [22m{"time":"2026-09-04T21:28:10.24185-04:00","level":"ERROR","msg":"GetManagerHires failed","error":"query assigned templates for hire 5c6c5e6f-ccd8-449f-a963-ecd056f4c27b: context canceled"}
  ✓  763 [chromium] › tests/users.spec.js:953:3 › Users UI + Access hardening › FR-4: invite is refused 422 on empty fields and 409 on duplicate email (373ms)
[2m[WebServer] [22m{"time":"2026-09-04T21:28:10.588058-04:00","level":"ERROR","msg":"GetManagerHires failed","error":"iterate assigned templates for hire 6b3f459c-c422-4368-a62e-520c2c9fcd91: context canceled"}
  ✓  764 [chromium] › tests/users.spec.js:991:3 › Users UI + Access hardening › FR-6: reinvite on an invited row mints a fresh reset token and shows a "resent" toast (550ms)
[2m[WebServer] [22m{"time":"2026-09-04T21:28:11.149723-04:00","level":"ERROR","msg":"GetManagerHires failed","error":"iterate assigned templates for hire d949b011-7c4e-4234-a641-2a565765b237: context canceled"}
  ✓  765 [chromium] › tests/users.spec.js:1031:3 › Users UI + Access hardening › FR-9: edit form renders the email field read-only (435ms)
[2m[WebServer] [22m{"time":"2026-09-04T21:28:11.64827-04:00","level":"ERROR","msg":"GetManagerHires failed","error":"iterate assigned templates for hire 401504f4-79bb-43cf-b331-4f42f2f1a31c: context canceled"}
  ✓  766 [chromium] › tests/users.spec.js:1052:3 › Users UI + Access hardening › FR-10: PATCH with an invalid notification channel returns 400 (390ms)
[2m[WebServer] [22m{"time":"2026-09-04T21:28:12.012663-04:00","level":"ERROR","msg":"GetManagerHires failed","error":"iterate assigned templates for hire 3ce344fa-4786-4815-9067-c510c9873ce5: context canceled"}
  ✓  767 [chromium] › tests/users.spec.js:1083:3 › Users UI + Access hardening › FR-11: PATCH with an invalid IANA timezone returns 400 (353ms)
[2m[WebServer] [22m{"time":"2026-09-04T21:28:12.353569-04:00","level":"ERROR","msg":"GetManagerHires failed","error":"query assigned templates for hire 401504f4-79bb-43cf-b331-4f42f2f1a31c: context canceled"}
  ✓  768 [chromium] › tests/users.spec.js:1114:3 › Users UI + Access hardening › FR-15: inline Get Invite Link mints a token and renders the link inline (568ms)
[2m[WebServer] [22m{"time":"2026-09-04T21:28:12.910985-04:00","level":"ERROR","msg":"GetManagerHires failed","error":"query assigned templates for hire 9849b405-3bc4-4f68-9ba1-98f98ab52d7d: context canceled"}
  ✓  769 [chromium] › tests/users.spec.js:1143:3 › Users UI + Access hardening › FR-16/17: toggling a role permission persists via PUT and survives a reload (569ms)
[2m[WebServer] [22m{"time":"2026-09-04T21:28:13.504696-04:00","level":"ERROR","msg":"GetManagerHires failed","error":"iterate assigned templates for hire b4858aa5-87f1-475f-9b00-ffbc38d0bac0: context canceled"}
  ✓  770 [chromium] › tests/users.spec.js:1185:3 › Users UI + Access hardening › FR-18/19: adding then removing an individual user grant persists across reload (759ms)
[2m[WebServer] [22m{"time":"2026-09-04T21:28:14.251909-04:00","level":"ERROR","msg":"GetManagerHires failed","error":"query assigned templates for hire 14c11b75-a485-46c7-9ce9-0a8dcd7a24bc: context canceled"}
  ✓  771 [chromium] › tests/users.spec.js:1257:3 › Access tab — per-tab inventory grants › the two per-tab slugs are grantable through the Access list (445ms)
[2m[WebServer] [22m{"time":"2026-09-04T21:28:14.694035-04:00","level":"ERROR","msg":"GetManagerHires failed","error":"query assigned templates for hire 9849b405-3bc4-4f68-9ba1-98f98ab52d7d: context canceled"}
  ✓  772 [chromium] › tests/users.spec.js:1277:3 › Access tab — per-tab inventory grants › a per-tab role grant round-trips through PUT /apps/{slug}/permissions (356ms)
[2m[WebServer] [22m{"time":"2026-09-04T21:28:15.060854-04:00","level":"ERROR","msg":"GetManagerHires failed","error":"query assigned templates for hire 9849b405-3bc4-4f68-9ba1-98f98ab52d7d: context canceled"}
  ✓  773 [chromium] › tests/users.spec.js:1304:3 › Access tab — per-tab inventory grants › a tab card carries the "grant Inventory too" nudge (403ms)
[2m[WebServer] [22m{"time":"2026-09-04T21:28:15.488426-04:00","level":"ERROR","msg":"GetManagerHires failed","error":"iterate assigned templates for hire 14c11b75-a485-46c7-9ce9-0a8dcd7a24bc: context canceled"}
[2m[WebServer] [22m{"time":"2026-09-04T21:28:15.546082-04:00","level":"ERROR","msg":"GetManagerHires failed","error":"iterate assigned templates for hire 3ce344fa-4786-4815-9067-c510c9873ce5: context canceled"}
  ✓  774 [chromium] › tests/version-badge.spec.js:91:1 › version line shows the value from version.json, NOT the value from /api/v1/health (359ms)
[2m[WebServer] [22m{"time":"2026-09-04T21:28:15.859435-04:00","level":"ERROR","msg":"GetManagerHires failed","error":"iterate assigned templates for hire d949b011-7c4e-4234-a641-2a565765b237: context canceled"}
[2m[WebServer] [22m{"time":"2026-09-04T21:28:15.903887-04:00","level":"ERROR","msg":"GetManagerHires failed","error":"iterate assigned templates for hire 9849b405-3bc4-4f68-9ba1-98f98ab52d7d: context canceled"}
  ✓  775 [chromium] › tests/version-badge.spec.js:124:1 › version line reports UNKNOWN rather than falling back to /api/v1/health when version.json is unavailable (347ms)
[2m[WebServer] [22m{"time":"2026-09-04T21:28:16.22443-04:00","level":"ERROR","msg":"GetManagerHires failed","error":"iterate assigned templates for hire d949b011-7c4e-4234-a641-2a565765b237: context canceled"}
[2m[WebServer] [22m{"time":"2026-09-04T21:28:16.28079-04:00","level":"ERROR","msg":"GetManagerHires failed","error":"query assigned templates for hire 14c11b75-a485-46c7-9ce9-0a8dcd7a24bc: context canceled"}
  ✓  776 [chromium] › tests/version-badge.spec.js:144:1 › version line flags this device as STALE when the cached bundle differs from the server (367ms)
[2m[WebServer] [22m{"time":"2026-09-04T21:28:16.583399-04:00","level":"ERROR","msg":"GetManagerHires failed","error":"iterate assigned templates for hire 14c11b75-a485-46c7-9ce9-0a8dcd7a24bc: context canceled"}
[2m[WebServer] [22m{"time":"2026-09-04T21:28:16.624881-04:00","level":"ERROR","msg":"GetManagerHires failed","error":"iterate assigned templates for hire 9849b405-3bc4-4f68-9ba1-98f98ab52d7d: context canceled"}
  ✓  777 [chromium] › tests/version-badge.spec.js:166:1 › version line reads CURRENT when the cached bundle matches the server (334ms)
[2m[WebServer] [22m{"time":"2026-09-04T21:28:16.93576-04:00","level":"ERROR","msg":"GetManagerHires failed","error":"query assigned templates for hire 14c11b75-a485-46c7-9ce9-0a8dcd7a24bc: context canceled"}
[2m[WebServer] [22m{"time":"2026-09-04T21:28:16.96414-04:00","level":"ERROR","msg":"GetManagerHires failed","error":"iterate hire overviews: context canceled"}
  ✓  778 [chromium] › tests/version-badge.spec.js:185:1 › unmocked, the version line shows the real version.json value and the precache manifest carries that file (330ms)
  ✓  779 [chromium] › tests/version-json-parity.spec.js:66:1 › version.json: the two generators produce byte-identical output (4ms)
[2m[WebServer] [22m{"time":"2026-09-04T21:28:17.389638-04:00","level":"ERROR","msg":"GetManagerHires failed","error":"iterate assigned templates for hire 6993a30a-1072-44e6-abd1-e0208a2e05e0: context canceled"}
[2m[WebServer] [22m{"time":"2026-09-04T21:28:17.691247-04:00","level":"ERROR","msg":"GetManagerHires failed","error":"query assigned templates for hire 9849b405-3bc4-4f68-9ba1-98f98ab52d7d: context canceled"}
[2m[WebServer] [22m{"time":"2026-09-04T21:28:17.889702-04:00","level":"ERROR","msg":"myChecklists error","error":"iterate fail notes: context canceled"}
[2m[WebServer] [22m{"time":"2026-09-04T21:28:17.911527-04:00","level":"INFO","msg":"client log","level":"ERROR","message":"loadMyChecklists error: Failed to fetch\nTypeError: Failed to fetch\n    at api (http://localhost:3106/sync.js:24:21)\n    at loadMyChecklists (http://localhost:3106/workflows.html:631:24)\n    at show (http://localhost:3106/workflows.html:3836:5)\n    at init (http://localhost:3106/workflows.html:3917:5)","user":"Jamal C. (jamal@yumyums.kitchen)","page":"/workflows.html","ua":"Mozilla/5.0 (Macintosh; Intel Mac OS X 10_15_7) AppleWebKit/537.36 (KHTML, like Gecko) HeadlessChrome/147.0.7727.15 Safa"}
[2m[WebServer] [22m{"time":"2026-09-04T21:28:18.187598-04:00","level":"ERROR","msg":"myChecklists error","error":"iterate rejections: context canceled"}
  ✓  780 [chromium] › tests/workflows.spec.js:151:3 › Builder › create template via Builder [BLD-03 BLD-04] (786ms)
[2m[WebServer] [22m{"time":"2026-09-04T21:28:18.513149-04:00","level":"ERROR","msg":"GetManagerHires failed","error":"iterate assigned templates for hire 9849b405-3bc4-4f68-9ba1-98f98ab52d7d: context canceled"}
[2m[WebServer] [22m{"time":"2026-09-04T21:28:18.734499-04:00","level":"ERROR","msg":"myChecklists error","error":"iterate fail notes: context canceled"}
[2m[WebServer] [22m{"time":"2026-09-04T21:28:18.759649-04:00","level":"INFO","msg":"client log","level":"ERROR","message":"loadMyChecklists error: Failed to fetch\nTypeError: Failed to fetch\n    at api (http://localhost:3106/sync.js:24:21)\n    at loadMyChecklists (http://localhost:3106/workflows.html:631:24)\n    at show (http://localhost:3106/workflows.html:3836:5)\n    at init (http://localhost:3106/workflows.html:3917:5)","user":"Jamal C. (jamal@yumyums.kitchen)","page":"/workflows.html","ua":"Mozilla/5.0 (Macintosh; Intel Mac OS X 10_15_7) AppleWebKit/537.36 (KHTML, like Gecko) HeadlessChrome/147.0.7727.15 Safa"}
[2m[WebServer] [22m{"time":"2026-09-04T21:28:19.044501-04:00","level":"ERROR","msg":"myChecklists error","error":"iterate responses: context canceled"}
  ✓  781 [chromium] › tests/workflows.spec.js:172:3 › Builder › saving template navigates back to builder list [BLD-11] (843ms)
[2m[WebServer] [22m{"time":"2026-09-04T21:28:19.367236-04:00","level":"ERROR","msg":"GetManagerHires failed","error":"query assigned templates for hire 9849b405-3bc4-4f68-9ba1-98f98ab52d7d: context canceled"}
[2m[WebServer] [22m{"time":"2026-09-04T21:28:19.597743-04:00","level":"ERROR","msg":"myChecklists error","error":"iterate responses: context canceled"}
[2m[WebServer] [22m{"time":"2026-09-04T21:28:19.628184-04:00","level":"INFO","msg":"client log","level":"ERROR","message":"loadMyChecklists error: Failed to fetch\nTypeError: Failed to fetch\n    at api (http://localhost:3106/sync.js:24:21)\n    at loadMyChecklists (http://localhost:3106/workflows.html:631:24)\n    at show (http://localhost:3106/workflows.html:3836:5)\n    at init (http://localhost:3106/workflows.html:3917:5)","user":"Jamal C. (jamal@yumyums.kitchen)","page":"/workflows.html","ua":"Mozilla/5.0 (Macintosh; Intel Mac OS X 10_15_7) AppleWebKit/537.36 (KHTML, like Gecko) HeadlessChrome/147.0.7727.15 Safa"}
[2m[WebServer] [22m{"time":"2026-09-04T21:28:19.647067-04:00","level":"ERROR","msg":"myChecklists error","error":"list submissions: context canceled"}
[2m[WebServer] [22m{"time":"2026-09-04T21:28:19.647112-04:00","level":"ERROR","msg":"OpsSince error","user_id":"3408ec5e-ad3a-42ad-bbc4-de107b16a14e","error":"context canceled"}
[2m[WebServer] [22m{"time":"2026-09-04T21:28:19.6539-04:00","level":"INFO","msg":"client log","level":"ERROR","message":"loadMyChecklists error: Failed to fetch\nTypeError: Failed to fetch\n    at api (http://localhost:3106/sync.js:24:21)\n    at loadMyChecklists (http://localhost:3106/workflows.html:631:24)\n    at show (http://localhost:3106/workflows.html:3836:5)\n    at init (http://localhost:3106/workflows.html:3917:5)","user":"Jamal C. (jamal@yumyums.kitchen)","page":"/workflows.html","ua":"Mozilla/5.0 (Macintosh; Intel Mac OS X 10_15_7) AppleWebKit/537.36 (KHTML, like Gecko) HeadlessChrome/147.0.7727.15 Safa"}
[2m[WebServer] [22m{"time":"2026-09-04T21:28:19.654796-04:00","level":"INFO","msg":"client log","level":"ERROR","message":"catch-up error: Failed to fetch\nTypeError: Failed to fetch\n    at api (http://localhost:3106/sync.js:24:21)\n    at wsCatchUp (http://localhost:3106/sync.js:307:23)\n    at _ws.onopen (http://localhost:3106/sync.js:268:5)","user":"Jamal C. (jamal@yumyums.kitchen)","page":"/workflows.html","ua":"Mozilla/5.0 (Macintosh; Intel Mac OS X 10_15_7) AppleWebKit/537.36 (KHTML, like Gecko) HeadlessChrome/147.0.7727.15 Safa"}
[2m[WebServer] [22m{"time":"2026-09-04T21:28:20.019751-04:00","level":"ERROR","msg":"myChecklists error","error":"iterate responses: context canceled"}
  ✓  782 [chromium] › tests/workflows.spec.js:193:3 › Builder › archive checklist soft-deletes and removes from list [BLD-15] (964ms)
[2m[WebServer] [22m{"time":"2026-09-04T21:28:20.349365-04:00","level":"ERROR","msg":"GetManagerHires failed","error":"query assigned templates for hire 9849b405-3bc4-4f68-9ba1-98f98ab52d7d: context canceled"}
[2m[WebServer] [22m{"time":"2026-09-04T21:28:20.550311-04:00","level":"ERROR","msg":"myChecklists error","error":"iterate rejections: context canceled"}
[2m[WebServer] [22m{"time":"2026-09-04T21:28:20.55051-04:00","level":"ERROR","msg":"OpsSince error","user_id":"3408ec5e-ad3a-42ad-bbc4-de107b16a14e","error":"context canceled"}
[2m[WebServer] [22m{"time":"2026-09-04T21:28:20.553715-04:00","level":"INFO","msg":"client log","level":"ERROR","message":"loadMyChecklists error: Failed to fetch\nTypeError: Failed to fetch\n    at api (http://localhost:3106/sync.js:24:21)\n    at loadMyChecklists (http://localhost:3106/workflows.html:631:24)\n    at show (http://localhost:3106/workflows.html:3836:5)\n    at init (http://localhost:3106/workflows.html:3917:5)","user":"Jamal C. (jamal@yumyums.kitchen)","page":"/workflows.html","ua":"Mozilla/5.0 (Macintosh; Intel Mac OS X 10_15_7) AppleWebKit/537.36 (KHTML, like Gecko) HeadlessChrome/147.0.7727.15 Safa"}
[2m[WebServer] [22m{"time":"2026-09-04T21:28:20.568609-04:00","level":"INFO","msg":"client log","level":"ERROR","message":"catch-up error: Failed to fetch\nTypeError: Failed to fetch\n    at api (http://localhost:3106/sync.js:24:21)\n    at wsCatchUp (http://localhost:3106/sync.js:307:23)\n    at _ws.onopen (http://localhost:3106/sync.js:268:5)","user":"Jamal C. (jamal@yumyums.kitchen)","page":"/workflows.html","ua":"Mozilla/5.0 (Macintosh; Intel Mac OS X 10_15_7) AppleWebKit/537.36 (KHTML, like Gecko) HeadlessChrome/147.0.7727.15 Safa"}
[2m[WebServer] [22m{"time":"2026-09-04T21:28:20.610813-04:00","level":"ERROR","msg":"OpsSince error","user_id":"3408ec5e-ad3a-42ad-bbc4-de107b16a14e","error":"context canceled"}
[2m[WebServer] [22m{"time":"2026-09-04T21:28:20.610897-04:00","level":"ERROR","msg":"myChecklists error","error":"iterate responses: context canceled"}
[2m[WebServer] [22m{"time":"2026-09-04T21:28:20.614624-04:00","level":"INFO","msg":"client log","level":"ERROR","message":"catch-up error: Failed to fetch\nTypeError: Failed to fetch\n    at api (http://localhost:3106/sync.js:24:21)\n    at wsCatchUp (http://localhost:3106/sync.js:307:23)\n    at _ws.onopen (http://localhost:3106/sync.js:268:5)","user":"Jamal C. (jamal@yumyums.kitchen)","page":"/workflows.html","ua":"Mozilla/5.0 (Macintosh; Intel Mac OS X 10_15_7) AppleWebKit/537.36 (KHTML, like Gecko) HeadlessChrome/147.0.7727.15 Safa"}
[2m[WebServer] [22m{"time":"2026-09-04T21:28:20.632715-04:00","level":"INFO","msg":"client log","level":"ERROR","message":"loadMyChecklists error: Failed to fetch\nTypeError: Failed to fetch\n    at api (http://localhost:3106/sync.js:24:21)\n    at loadMyChecklists (http://localhost:3106/workflows.html:631:24)\n    at show (http://localhost:3106/workflows.html:3836:5)\n    at init (http://localhost:3106/workflows.html:3917:5)","user":"Jamal C. (jamal@yumyums.kitchen)","page":"/workflows.html","ua":"Mozilla/5.0 (Macintosh; Intel Mac OS X 10_15_7) AppleWebKit/537.36 (KHTML, like Gecko) HeadlessChrome/147.0.7727.15 Safa"}
[2m[WebServer] [22m{"time":"2026-09-04T21:28:22.914653-04:00","level":"ERROR","msg":"myChecklists error","error":"iterate responses: context canceled"}
  ✓  783 [chromium] › tests/workflows.spec.js:225:3 › Builder › archive navigates back to builder list [BLD-15] (2.9s)
[2m[WebServer] [22m{"time":"2026-09-04T21:28:23.250635-04:00","level":"ERROR","msg":"GetManagerHires failed","error":"query assigned templates for hire 9849b405-3bc4-4f68-9ba1-98f98ab52d7d: context canceled"}
[2m[WebServer] [22m{"time":"2026-09-04T21:28:23.459914-04:00","level":"ERROR","msg":"myChecklists error","error":"iterate fail notes: context canceled"}
[2m[WebServer] [22m{"time":"2026-09-04T21:28:23.460021-04:00","level":"ERROR","msg":"OpsSince error","user_id":"3408ec5e-ad3a-42ad-bbc4-de107b16a14e","error":"context canceled"}
[2m[WebServer] [22m{"time":"2026-09-04T21:28:23.462982-04:00","level":"INFO","msg":"client log","level":"ERROR","message":"loadMyChecklists error: Failed to fetch\nTypeError: Failed to fetch\n    at api (http://localhost:3106/sync.js:24:21)\n    at loadMyChecklists (http://localhost:3106/workflows.html:631:24)\n    at show (http://localhost:3106/workflows.html:3836:5)\n    at init (http://localhost:3106/workflows.html:3917:5)","user":"Jamal C. (jamal@yumyums.kitchen)","page":"/workflows.html","ua":"Mozilla/5.0 (Macintosh; Intel Mac OS X 10_15_7) AppleWebKit/537.36 (KHTML, like Gecko) HeadlessChrome/147.0.7727.15 Safa"}
[2m[WebServer] [22m{"time":"2026-09-04T21:28:23.478012-04:00","level":"INFO","msg":"client log","level":"ERROR","message":"catch-up error: Failed to fetch\nTypeError: Failed to fetch\n    at api (http://localhost:3106/sync.js:24:21)\n    at wsCatchUp (http://localhost:3106/sync.js:307:23)\n    at _ws.onopen (http://localhost:3106/sync.js:268:5)","user":"Jamal C. (jamal@yumyums.kitchen)","page":"/workflows.html","ua":"Mozilla/5.0 (Macintosh; Intel Mac OS X 10_15_7) AppleWebKit/537.36 (KHTML, like Gecko) HeadlessChrome/147.0.7727.15 Safa"}
[2m[WebServer] [22m{"time":"2026-09-04T21:28:23.526977-04:00","level":"ERROR","msg":"myChecklists error","error":"iterate fail notes: context canceled"}
[2m[WebServer] [22m{"time":"2026-09-04T21:28:23.527402-04:00","level":"ERROR","msg":"listTemplates error","error":"list sections: context canceled"}
[2m[WebServer] [22m{"time":"2026-09-04T21:28:23.556053-04:00","level":"INFO","msg":"client log","level":"ERROR","message":"loadMyChecklists error: Failed to fetch\nTypeError: Failed to fetch\n    at api (http://localhost:3106/sync.js:24:21)\n    at loadMyChecklists (http://localhost:3106/workflows.html:631:24)\n    at show (http://localhost:3106/workflows.html:3836:5)\n    at init (http://localhost:3106/workflows.html:3917:5)","user":"Jamal C. (jamal@yumyums.kitchen)","page":"/workflows.html","ua":"Mozilla/5.0 (Macintosh; Intel Mac OS X 10_15_7) AppleWebKit/537.36 (KHTML, like Gecko) HeadlessChrome/147.0.7727.15 Safa"}
  ✓  784 [chromium] › tests/workflows.spec.js:251:3 › Builder › duplicate checklist name shows error toast [BLD-12] (947ms)
[2m[WebServer] [22m{"time":"2026-09-04T21:28:24.195994-04:00","level":"ERROR","msg":"GetManagerHires failed","error":"query assigned templates for hire 9849b405-3bc4-4f68-9ba1-98f98ab52d7d: context canceled"}
[2m[WebServer] [22m{"time":"2026-09-04T21:28:24.416866-04:00","level":"ERROR","msg":"myChecklists error","error":"iterate responses: context canceled"}
[2m[WebServer] [22m{"time":"2026-09-04T21:28:24.438959-04:00","level":"INFO","msg":"client log","level":"ERROR","message":"loadMyChecklists error: Failed to fetch\nTypeError: Failed to fetch\n    at api (http://localhost:3106/sync.js:24:21)\n    at loadMyChecklists (http://localhost:3106/workflows.html:631:24)\n    at show (http://localhost:3106/workflows.html:3836:5)\n    at init (http://localhost:3106/workflows.html:3917:5)","user":"Jamal C. (jamal@yumyums.kitchen)","page":"/workflows.html","ua":"Mozilla/5.0 (Macintosh; Intel Mac OS X 10_15_7) AppleWebKit/537.36 (KHTML, like Gecko) HeadlessChrome/147.0.7727.15 Safa"}
[2m[WebServer] [22m{"time":"2026-09-04T21:28:24.502305-04:00","level":"ERROR","msg":"myChecklists error","error":"iterate rejections: context canceled"}
[2m[WebServer] [22m{"time":"2026-09-04T21:28:24.50248-04:00","level":"ERROR","msg":"listTemplates error","error":"iterate templates: context canceled"}
  ✓  785 [chromium] › tests/workflows.spec.js:272:3 › Builder › can reuse name of deleted checklist [BLD-12] (616ms)
[2m[WebServer] [22m{"time":"2026-09-04T21:28:24.826116-04:00","level":"ERROR","msg":"GetManagerHires failed","error":"query assigned templates for hire 9849b405-3bc4-4f68-9ba1-98f98ab52d7d: context canceled"}
[2m[WebServer] [22m{"time":"2026-09-04T21:28:25.023273-04:00","level":"ERROR","msg":"myChecklists error","error":"iterate fail notes: context canceled"}
[2m[WebServer] [22m{"time":"2026-09-04T21:28:25.023615-04:00","level":"ERROR","msg":"listTemplates error","error":"iterate templates: context canceled"}
[2m[WebServer] [22m{"time":"2026-09-04T21:28:25.040713-04:00","level":"INFO","msg":"client log","level":"ERROR","message":"loadMyChecklists error: Failed to fetch\nTypeError: Failed to fetch\n    at api (http://localhost:3106/sync.js:24:21)\n    at loadMyChecklists (http://localhost:3106/workflows.html:631:24)\n    at show (http://localhost:3106/workflows.html:3836:5)\n    at init (http://localhost:3106/workflows.html:3917:5)","user":"Jamal C. (jamal@yumyums.kitchen)","page":"/workflows.html","ua":"Mozilla/5.0 (Macintosh; Intel Mac OS X 10_15_7) AppleWebKit/537.36 (KHTML, like Gecko) HeadlessChrome/147.0.7727.15 Safa"}
  ✓  786 [chromium] › tests/workflows.spec.js:291:3 › Builder › saving with requires_approval but no approver shows error toast [BLD-13] (859ms)
[2m[WebServer] [22m{"time":"2026-09-04T21:28:25.681326-04:00","level":"ERROR","msg":"GetManagerHires failed","error":"query assigned templates for hire 9849b405-3bc4-4f68-9ba1-98f98ab52d7d: context canceled"}
[2m[WebServer] [22m{"time":"2026-09-04T21:28:25.885726-04:00","level":"ERROR","msg":"myChecklists error","error":"iterate fail notes: context canceled"}
[2m[WebServer] [22m{"time":"2026-09-04T21:28:25.885949-04:00","level":"ERROR","msg":"listTemplates error","error":"iterate templates: context canceled"}
[2m[WebServer] [22m{"time":"2026-09-04T21:28:25.903374-04:00","level":"INFO","msg":"client log","level":"ERROR","message":"loadMyChecklists error: Failed to fetch\nTypeError: Failed to fetch\n    at api (http://localhost:3106/sync.js:24:21)\n    at loadMyChecklists (http://localhost:3106/workflows.html:631:24)\n    at show (http://localhost:3106/workflows.html:3836:5)\n    at init (http://localhost:3106/workflows.html:3917:5)","user":"Jamal C. (jamal@yumyums.kitchen)","page":"/workflows.html","ua":"Mozilla/5.0 (Macintosh; Intel Mac OS X 10_15_7) AppleWebKit/537.36 (KHTML, like Gecko) HeadlessChrome/147.0.7727.15 Safa"}
  ✓  787 [chromium] › tests/workflows.spec.js:321:3 › Builder › empty builder shows empty state [BLD-02] (689ms)
[2m[WebServer] [22m{"time":"2026-09-04T21:28:26.391593-04:00","level":"ERROR","msg":"GetManagerHires failed","error":"query assigned templates for hire 9849b405-3bc4-4f68-9ba1-98f98ab52d7d: context canceled"}
[2m[WebServer] [22m{"time":"2026-09-04T21:28:26.578977-04:00","level":"ERROR","msg":"myChecklists error","error":"iterate responses: context canceled"}
[2m[WebServer] [22m{"time":"2026-09-04T21:28:26.600369-04:00","level":"INFO","msg":"client log","level":"ERROR","message":"loadMyChecklists error: Failed to fetch\nTypeError: Failed to fetch\n    at api (http://localhost:3106/sync.js:24:21)\n    at loadMyChecklists (http://localhost:3106/workflows.html:631:24)\n    at show (http://localhost:3106/workflows.html:3836:5)\n    at init (http://localhost:3106/workflows.html:3917:5)","user":"Jamal C. (jamal@yumyums.kitchen)","page":"/workflows.html","ua":"Mozilla/5.0 (Macintosh; Intel Mac OS X 10_15_7) AppleWebKit/537.36 (KHTML, like Gecko) HeadlessChrome/147.0.7727.15 Safa"}
[2m[WebServer] [22m{"time":"2026-09-04T21:28:26.627786-04:00","level":"ERROR","msg":"OpsSince error","user_id":"3408ec5e-ad3a-42ad-bbc4-de107b16a14e","error":"context canceled"}
[2m[WebServer] [22m{"time":"2026-09-04T21:28:26.627945-04:00","level":"ERROR","msg":"myChecklists error","error":"iterate fail notes: context canceled"}
[2m[WebServer] [22m{"time":"2026-09-04T21:28:26.636477-04:00","level":"INFO","msg":"client log","level":"ERROR","message":"catch-up error: Failed to fetch\nTypeError: Failed to fetch\n    at api (http://localhost:3106/sync.js:24:21)\n    at wsCatchUp (http://localhost:3106/sync.js:307:23)\n    at _ws.onopen (http://localhost:3106/sync.js:268:5)","user":"Jamal C. (jamal@yumyums.kitchen)","page":"/workflows.html","ua":"Mozilla/5.0 (Macintosh; Intel Mac OS X 10_15_7) AppleWebKit/537.36 (KHTML, like Gecko) HeadlessChrome/147.0.7727.15 Safa"}
[2m[WebServer] [22m{"time":"2026-09-04T21:28:26.651402-04:00","level":"INFO","msg":"client log","level":"ERROR","message":"loadMyChecklists error: Failed to fetch\nTypeError: Failed to fetch\n    at api (http://localhost:3106/sync.js:24:21)\n    at loadMyChecklists (http://localhost:3106/workflows.html:631:24)\n    at show (http://localhost:3106/workflows.html:3836:5)\n    at init (http://localhost:3106/workflows.html:3917:5)","user":"Jamal C. (jamal@yumyums.kitchen)","page":"/workflows.html","ua":"Mozilla/5.0 (Macintosh; Intel Mac OS X 10_15_7) AppleWebKit/537.36 (KHTML, like Gecko) HeadlessChrome/147.0.7727.15 Safa"}
  ✓  788 [chromium] › tests/workflows.spec.js:329:3 › Builder › edit existing template [BLD-04] (784ms)
[2m[WebServer] [22m{"time":"2026-09-04T21:28:27.18357-04:00","level":"ERROR","msg":"GetManagerHires failed","error":"query assigned templates for hire 14c11b75-a485-46c7-9ce9-0a8dcd7a24bc: context canceled"}
[2m[WebServer] [22m{"time":"2026-09-04T21:28:27.400227-04:00","level":"ERROR","msg":"listTemplates error","error":"iterate templates: context canceled"}
[2m[WebServer] [22m{"time":"2026-09-04T21:28:27.40066-04:00","level":"ERROR","msg":"myChecklists error","error":"iterate responses: context canceled"}
[2m[WebServer] [22m{"time":"2026-09-04T21:28:27.42412-04:00","level":"INFO","msg":"client log","level":"ERROR","message":"loadMyChecklists error: Failed to fetch\nTypeError: Failed to fetch\n    at api (http://localhost:3106/sync.js:24:21)\n    at loadMyChecklists (http://localhost:3106/workflows.html:631:24)\n    at show (http://localhost:3106/workflows.html:3836:5)\n    at init (http://localhost:3106/workflows.html:3917:5)","user":"Jamal C. (jamal@yumyums.kitchen)","page":"/workflows.html","ua":"Mozilla/5.0 (Macintosh; Intel Mac OS X 10_15_7) AppleWebKit/537.36 (KHTML, like Gecko) HeadlessChrome/147.0.7727.15 Safa"}
[2m[WebServer] [22m{"time":"2026-09-04T21:28:27.451216-04:00","level":"ERROR","msg":"myChecklists error","error":"iterate fail notes: context canceled"}
[2m[WebServer] [22m{"time":"2026-09-04T21:28:27.451571-04:00","level":"ERROR","msg":"pendingApprovals error","error":"get user role: context canceled"}
[2m[WebServer] [22m{"time":"2026-09-04T21:28:27.476179-04:00","level":"INFO","msg":"client log","level":"ERROR","message":"loadMyChecklists error: Failed to fetch\nTypeError: Failed to fetch\n    at api (http://localhost:3106/sync.js:24:21)\n    at loadMyChecklists (http://localhost:3106/workflows.html:631:24)\n    at applyOp (http://localhost:3106/sync.js:566:7)\n    at _ws.onmessage (http://localhost:3106/sync.js:275:7)","user":"Jamal C. (jamal@yumyums.kitchen)","page":"/workflows.html","ua":"Mozilla/5.0 (Macintosh; Intel Mac OS X 10_15_7) AppleWebKit/537.36 (KHTML, like Gecko) HeadlessChrome/147.0.7727.15 Safa"}
[2m[WebServer] [22m{"time":"2026-09-04T21:28:27.476641-04:00","level":"INFO","msg":"client log","level":"ERROR","message":"loadMyChecklists error: Failed to fetch\nTypeError: Failed to fetch\n    at api (http://localhost:3106/sync.js:24:21)\n    at loadMyChecklists (http://localhost:3106/workflows.html:631:24)\n    at show (http://localhost:3106/workflows.html:3836:5)\n    at init (http://localhost:3106/workflows.html:3917:5)","user":"Jamal C. (jamal@yumyums.kitchen)","page":"/workflows.html","ua":"Mozilla/5.0 (Macintosh; Intel Mac OS X 10_15_7) AppleWebKit/537.36 (KHTML, like Gecko) HeadlessChrome/147.0.7727.15 Safa"}
  ✓  789 [chromium] › tests/workflows.spec.js:346:3 › Builder › archive template [BLD-15] (821ms)
[2m[WebServer] [22m{"time":"2026-09-04T21:28:28.012168-04:00","level":"ERROR","msg":"GetManagerHires failed","error":"query assigned templates for hire 9849b405-3bc4-4f68-9ba1-98f98ab52d7d: context canceled"}
[2m[WebServer] [22m{"time":"2026-09-04T21:28:28.241328-04:00","level":"ERROR","msg":"myChecklists error","error":"iterate rejections: context canceled"}
[2m[WebServer] [22m{"time":"2026-09-04T21:28:28.247825-04:00","level":"ERROR","msg":"listTemplates error","error":"list assignments: context canceled"}
[2m[WebServer] [22m{"time":"2026-09-04T21:28:28.262974-04:00","level":"INFO","msg":"client log","level":"ERROR","message":"loadMyChecklists error: Failed to fetch\nTypeError: Failed to fetch\n    at api (http://localhost:3106/sync.js:24:21)\n    at loadMyChecklists (http://localhost:3106/workflows.html:631:24)\n    at show (http://localhost:3106/workflows.html:3836:5)\n    at init (http://localhost:3106/workflows.html:3917:5)","user":"Jamal C. (jamal@yumyums.kitchen)","page":"/workflows.html","ua":"Mozilla/5.0 (Macintosh; Intel Mac OS X 10_15_7) AppleWebKit/537.36 (KHTML, like Gecko) HeadlessChrome/147.0.7727.15 Safa"}
  ✓  790 [chromium] › tests/workflows.spec.js:377:3 › My Checklists › today checklists appear from API [LST-02] (932ms)
[2m[WebServer] [22m{"time":"2026-09-04T21:28:28.960685-04:00","level":"ERROR","msg":"GetManagerHires failed","error":"query assigned templates for hire 9849b405-3bc4-4f68-9ba1-98f98ab52d7d: context canceled"}
[2m[WebServer] [22m{"time":"2026-09-04T21:28:29.24867-04:00","level":"ERROR","msg":"myChecklists error","error":"iterate rejections: context canceled"}
[2m[WebServer] [22m{"time":"2026-09-04T21:28:29.252164-04:00","level":"ERROR","msg":"listTemplates error","error":"list templates: context canceled"}
[2m[WebServer] [22m{"time":"2026-09-04T21:28:29.271574-04:00","level":"INFO","msg":"client log","level":"ERROR","message":"loadMyChecklists error: Failed to fetch\nTypeError: Failed to fetch\n    at api (http://localhost:3106/sync.js:24:21)\n    at loadMyChecklists (http://localhost:3106/workflows.html:631:24)\n    at applyOp (http://localhost:3106/sync.js:566:7)\n    at _ws.onmessage (http://localhost:3106/sync.js:275:7)","user":"Jamal C. (jamal@yumyums.kitchen)","page":"/workflows.html","ua":"Mozilla/5.0 (Macintosh; Intel Mac OS X 10_15_7) AppleWebKit/537.36 (KHTML, like Gecko) HeadlessChrome/147.0.7727.15 Safa"}
[2m[WebServer] [22m{"time":"2026-09-04T21:28:29.273889-04:00","level":"INFO","msg":"client log","level":"ERROR","message":"loadMyChecklists error: Failed to fetch\nTypeError: Failed to fetch\n    at api (http://localhost:3106/sync.js:24:21)\n    at loadMyChecklists (http://localhost:3106/workflows.html:631:24)\n    at show (http://localhost:3106/workflows.html:3836:5)\n    at init (http://localhost:3106/workflows.html:3917:5)","user":"Jamal C. (jamal@yumyums.kitchen)","page":"/workflows.html","ua":"Mozilla/5.0 (Macintosh; Intel Mac OS X 10_15_7) AppleWebKit/537.36 (KHTML, like Gecko) HeadlessChrome/147.0.7727.15 Safa"}
[2m[WebServer] [22m{"time":"2026-09-04T21:28:29.951182-04:00","level":"INFO","msg":"op handler received op","op_type":"SET_FIELD","entity_id":"41b819be-38e6-47b3-953b-271aedddbe44","device_id":"08100aed-4fe8-4105-98e8-7411b46e8e01","lamport_ts":1788571129984}
  ✓  791 [chromium] › tests/workflows.spec.js:389:3 › My Checklists › fill and submit checklist [RUN-01 RUN-06] (3.8s)
[2m[WebServer] [22m{"time":"2026-09-04T21:28:32.76119-04:00","level":"ERROR","msg":"GetManagerHires failed","error":"iterate assigned templates for hire 14c11b75-a485-46c7-9ce9-0a8dcd7a24bc: context canceled"}
[2m[WebServer] [22m{"time":"2026-09-04T21:28:33.034436-04:00","level":"ERROR","msg":"listTemplates error","error":"iterate assignments: context canceled"}
[2m[WebServer] [22m{"time":"2026-09-04T21:28:33.038378-04:00","level":"ERROR","msg":"myChecklists error","error":"list rejections: context canceled"}
[2m[WebServer] [22m{"time":"2026-09-04T21:28:33.042545-04:00","level":"ERROR","msg":"listTemplates error","error":"list sections: context canceled"}
[2m[WebServer] [22m{"time":"2026-09-04T21:28:33.066306-04:00","level":"INFO","msg":"client log","level":"ERROR","message":"loadMyChecklists error: Failed to fetch\nTypeError: Failed to fetch\n    at api (http://localhost:3106/sync.js:24:21)\n    at loadMyChecklists (http://localhost:3106/workflows.html:631:24)\n    at applyOp (http://localhost:3106/sync.js:566:7)\n    at _ws.onmessage (http://localhost:3106/sync.js:275:7)","user":"Jamal C. (jamal@yumyums.kitchen)","page":"/workflows.html","ua":"Mozilla/5.0 (Macintosh; Intel Mac OS X 10_15_7) AppleWebKit/537.36 (KHTML, like Gecko) HeadlessChrome/147.0.7727.15 Safa"}
[2m[WebServer] [22m{"time":"2026-09-04T21:28:33.067789-04:00","level":"INFO","msg":"client log","level":"ERROR","message":"loadMyChecklists error: Failed to fetch\nTypeError: Failed to fetch\n    at api (http://localhost:3106/sync.js:24:21)\n    at loadMyChecklists (http://localhost:3106/workflows.html:631:24)\n    at show (http://localhost:3106/workflows.html:3836:5)\n    at init (http://localhost:3106/workflows.html:3917:5)","user":"Jamal C. (jamal@yumyums.kitchen)","page":"/workflows.html","ua":"Mozilla/5.0 (Macintosh; Intel Mac OS X 10_15_7) AppleWebKit/537.36 (KHTML, like Gecko) HeadlessChrome/147.0.7727.15 Safa"}
  ✓  792 [chromium] › tests/workflows.spec.js:412:3 › My Checklists › checked item shows user display name, not undefined [RUN-03] (865ms)
[2m[WebServer] [22m{"time":"2026-09-04T21:28:33.61844-04:00","level":"ERROR","msg":"GetManagerHires failed","error":"query assigned templates for hire 9849b405-3bc4-4f68-9ba1-98f98ab52d7d: context canceled"}
[2m[WebServer] [22m{"time":"2026-09-04T21:28:33.804754-04:00","level":"ERROR","msg":"myChecklists error","error":"iterate rejections: context canceled"}
[2m[WebServer] [22m{"time":"2026-09-04T21:28:33.832753-04:00","level":"INFO","msg":"client log","level":"ERROR","message":"loadMyChecklists error: Failed to fetch\nTypeError: Failed to fetch\n    at api (http://localhost:3106/sync.js:24:21)\n    at loadMyChecklists (http://localhost:3106/workflows.html:631:24)\n    at show (http://localhost:3106/workflows.html:3836:5)\n    at init (http://localhost:3106/workflows.html:3917:5)","user":"Jamal C. (jamal@yumyums.kitchen)","page":"/workflows.html","ua":"Mozilla/5.0 (Macintosh; Intel Mac OS X 10_15_7) AppleWebKit/537.36 (KHTML, like Gecko) HeadlessChrome/147.0.7727.15 Safa"}
[2m[WebServer] [22m{"time":"2026-09-04T21:28:33.954233-04:00","level":"ERROR","msg":"myChecklists error","error":"iterate rejections: context canceled"}
  ✓  793 [chromium] › tests/workflows.spec.js:434:3 › My Checklists › empty state when no checklists [LST-01] (607ms)
[2m[WebServer] [22m{"time":"2026-09-04T21:28:34.239506-04:00","level":"ERROR","msg":"GetManagerHires failed","error":"query assigned templates for hire 9849b405-3bc4-4f68-9ba1-98f98ab52d7d: context canceled"}
[2m[WebServer] [22m{"time":"2026-09-04T21:28:34.544986-04:00","level":"ERROR","msg":"myChecklists error","error":"iterate responses: context canceled"}
[2m[WebServer] [22m{"time":"2026-09-04T21:28:34.546673-04:00","level":"ERROR","msg":"pendingApprovals error","error":"list fail notes: context canceled"}
[2m[WebServer] [22m{"time":"2026-09-04T21:28:34.547618-04:00","level":"ERROR","msg":"listTemplates error","error":"iterate templates: context canceled"}
[2m[WebServer] [22m{"time":"2026-09-04T21:28:34.550234-04:00","level":"ERROR","msg":"pendingApprovals error","error":"get user role: context canceled"}
[2m[WebServer] [22m{"time":"2026-09-04T21:28:34.572626-04:00","level":"INFO","msg":"client log","level":"ERROR","message":"loadMyChecklists error: Failed to fetch\nTypeError: Failed to fetch\n    at api (http://localhost:3106/sync.js:24:21)\n    at loadMyChecklists (http://localhost:3106/workflows.html:631:24)\n    at applyOp (http://localhost:3106/sync.js:566:7)\n    at _ws.onmessage (http://localhost:3106/sync.js:275:7)","user":"Jamal C. (jamal@yumyums.kitchen)","page":"/workflows.html","ua":"Mozilla/5.0 (Macintosh; Intel Mac OS X 10_15_7) AppleWebKit/537.36 (KHTML, like Gecko) HeadlessChrome/147.0.7727.15 Safa"}
[2m[WebServer] [22m{"time":"2026-09-04T21:28:34.579812-04:00","level":"INFO","msg":"client log","level":"ERROR","message":"loadMyChecklists error: Failed to fetch\nTypeError: Failed to fetch\n    at api (http://localhost:3106/sync.js:24:21)\n    at loadMyChecklists (http://localhost:3106/workflows.html:631:24)\n    at show (http://localhost:3106/workflows.html:3836:5)\n    at init (http://localhost:3106/workflows.html:3917:5)","user":"Jamal C. (jamal@yumyums.kitchen)","page":"/workflows.html","ua":"Mozilla/5.0 (Macintosh; Intel Mac OS X 10_15_7) AppleWebKit/537.36 (KHTML, like Gecko) HeadlessChrome/147.0.7727.15 Safa"}
[2m[WebServer] [22m{"time":"2026-09-04T21:28:34.85307-04:00","level":"ERROR","msg":"myChecklists error","error":"iterate fail notes: context canceled"}
  ✓  794 [chromium] › tests/workflows.spec.js:456:3 › Approvals › approve submission [APR-02 APR-11] (888ms)
[2m[WebServer] [22m{"time":"2026-09-04T21:28:35.167778-04:00","level":"ERROR","msg":"GetManagerHires failed","error":"iterate assigned templates for hire 14c11b75-a485-46c7-9ce9-0a8dcd7a24bc: context canceled"}
[2m[WebServer] [22m{"time":"2026-09-04T21:28:35.477932-04:00","level":"ERROR","msg":"listTemplates error","error":"iterate assignments: context canceled"}
[2m[WebServer] [22m{"time":"2026-09-04T21:28:35.48193-04:00","level":"ERROR","msg":"myChecklists error","error":"iterate rejections: context canceled"}
[2m[WebServer] [22m{"time":"2026-09-04T21:28:35.517273-04:00","level":"INFO","msg":"client log","level":"ERROR","message":"loadMyChecklists error: Failed to fetch\nTypeError: Failed to fetch\n    at api (http://localhost:3106/sync.js:24:21)\n    at loadMyChecklists (http://localhost:3106/workflows.html:631:24)\n    at applyOp (http://localhost:3106/sync.js:566:7)\n    at _ws.onmessage (http://localhost:3106/sync.js:275:7)","user":"Jamal C. (jamal@yumyums.kitchen)","page":"/workflows.html","ua":"Mozilla/5.0 (Macintosh; Intel Mac OS X 10_15_7) AppleWebKit/537.36 (KHTML, like Gecko) HeadlessChrome/147.0.7727.15 Safa"}
[2m[WebServer] [22m{"time":"2026-09-04T21:28:35.522769-04:00","level":"INFO","msg":"client log","level":"ERROR","message":"loadMyChecklists error: Failed to fetch\nTypeError: Failed to fetch\n    at api (http://localhost:3106/sync.js:24:21)\n    at loadMyChecklists (http://localhost:3106/workflows.html:631:24)\n    at applyOp (http://localhost:3106/sync.js:566:7)\n    at _ws.onmessage (http://localhost:3106/sync.js:275:7)","user":"Jamal C. (jamal@yumyums.kitchen)","page":"/workflows.html","ua":"Mozilla/5.0 (Macintosh; Intel Mac OS X 10_15_7) AppleWebKit/537.36 (KHTML, like Gecko) HeadlessChrome/147.0.7727.15 Safa"}
[2m[WebServer] [22m{"time":"2026-09-04T21:28:35.526174-04:00","level":"INFO","msg":"client log","level":"ERROR","message":"loadMyChecklists error: Failed to fetch\nTypeError: Failed to fetch\n    at api (http://localhost:3106/sync.js:24:21)\n    at loadMyChecklists (http://localhost:3106/workflows.html:631:24)\n    at show (http://localhost:3106/workflows.html:3836:5)\n    at init (http://localhost:3106/workflows.html:3917:5)","user":"Jamal C. (jamal@yumyums.kitchen)","page":"/workflows.html","ua":"Mozilla/5.0 (Macintosh; Intel Mac OS X 10_15_7) AppleWebKit/537.36 (KHTML, like Gecko) HeadlessChrome/147.0.7727.15 Safa"}
  ✓  795 [chromium] › tests/workflows.spec.js:478:3 › Approvals › approve with flag comment shows feedback on checklist [APR-11 FLD-19] (2.7s)
[2m[WebServer] [22m{"time":"2026-09-04T21:28:37.92735-04:00","level":"ERROR","msg":"GetManagerHires failed","error":"iterate assigned templates for hire 9849b405-3bc4-4f68-9ba1-98f98ab52d7d: context canceled"}
[2m[WebServer] [22m{"time":"2026-09-04T21:28:38.253652-04:00","level":"ERROR","msg":"listTemplates error","error":"iterate templates: context canceled"}
[2m[WebServer] [22m{"time":"2026-09-04T21:28:38.262408-04:00","level":"ERROR","msg":"listTemplates error","error":"list sections: context canceled"}
[2m[WebServer] [22m{"time":"2026-09-04T21:28:38.266759-04:00","level":"ERROR","msg":"myChecklists error","error":"iterate rejections: context canceled"}
[2m[WebServer] [22m{"time":"2026-09-04T21:28:38.272628-04:00","level":"INFO","msg":"client log","level":"ERROR","message":"loadMyChecklists error: Failed to fetch\nTypeError: Failed to fetch\n    at api (http://localhost:3106/sync.js:24:21)\n    at loadMyChecklists (http://localhost:3106/workflows.html:631:24)\n    at applyOp (http://localhost:3106/sync.js:566:7)\n    at _ws.onmessage (http://localhost:3106/sync.js:275:7)","user":"Jamal C. (jamal@yumyums.kitchen)","page":"/workflows.html","ua":"Mozilla/5.0 (Macintosh; Intel Mac OS X 10_15_7) AppleWebKit/537.36 (KHTML, like Gecko) HeadlessChrome/147.0.7727.15 Safa"}
[2m[WebServer] [22m{"time":"2026-09-04T21:28:38.289264-04:00","level":"INFO","msg":"client log","level":"ERROR","message":"loadMyChecklists error: Failed to fetch\nTypeError: Failed to fetch\n    at api (http://localhost:3106/sync.js:24:21)\n    at loadMyChecklists (http://localhost:3106/workflows.html:631:24)\n    at applyOp (http://localhost:3106/sync.js:566:7)\n    at _ws.onmessage (http://localhost:3106/sync.js:275:7)","user":"Jamal C. (jamal@yumyums.kitchen)","page":"/workflows.html","ua":"Mozilla/5.0 (Macintosh; Intel Mac OS X 10_15_7) AppleWebKit/537.36 (KHTML, like Gecko) HeadlessChrome/147.0.7727.15 Safa"}
[2m[WebServer] [22m{"time":"2026-09-04T21:28:38.292241-04:00","level":"INFO","msg":"client log","level":"ERROR","message":"loadMyChecklists error: Failed to fetch\nTypeError: Failed to fetch\n    at api (http://localhost:3106/sync.js:24:21)\n    at loadMyChecklists (http://localhost:3106/workflows.html:631:24)\n    at show (http://localhost:3106/workflows.html:3836:5)\n    at init (http://localhost:3106/workflows.html:3917:5)","user":"Jamal C. (jamal@yumyums.kitchen)","page":"/workflows.html","ua":"Mozilla/5.0 (Macintosh; Intel Mac OS X 10_15_7) AppleWebKit/537.36 (KHTML, like Gecko) HeadlessChrome/147.0.7727.15 Safa"}
[2m[WebServer] [22m{"time":"2026-09-04T21:28:39.298185-04:00","level":"ERROR","msg":"myChecklists error","error":"iterate fields: context canceled"}
[2m[WebServer] [22m{"time":"2026-09-04T21:28:39.30082-04:00","level":"INFO","msg":"client log","level":"ERROR","message":"loadMyChecklists error: Failed to fetch\nTypeError: Failed to fetch\n    at api (http://localhost:3106/sync.js:24:21)\n    at loadMyChecklists (http://localhost:3106/workflows.html:631:24)\n    at show (http://localhost:3106/workflows.html:3836:5)\n    at HTMLButtonElement.onclick (http://localhost:3106/workflows.html:344:48)","user":"Jamal C. (jamal@yumyums.kitchen)","page":"/workflows.html","ua":"Mozilla/5.0 (Macintosh; Intel Mac OS X 10_15_7) AppleWebKit/537.36 (KHTML, like Gecko) HeadlessChrome/147.0.7727.15 Safa"}
  ✓  796 [chromium] › tests/workflows.spec.js:527:3 › Approvals › FR-10/12/13 flag+reject flips status, persists comment, and renders feedback to submitter [APR-06 FLD-18 LC-01] (2.0s)
[2m[WebServer] [22m{"time":"2026-09-04T21:28:39.885295-04:00","level":"ERROR","msg":"GetManagerHires failed","error":"iterate assigned templates for hire 14c11b75-a485-46c7-9ce9-0a8dcd7a24bc: context canceled"}
[2m[WebServer] [22m{"time":"2026-09-04T21:28:39.893927-04:00","level":"ERROR","msg":"GetMyTrainings failed","error":"context canceled"}
[2m[WebServer] [22m{"time":"2026-09-04T21:28:40.223038-04:00","level":"ERROR","msg":"myChecklists error","error":"list fail notes: context canceled"}
[2m[WebServer] [22m{"time":"2026-09-04T21:28:40.228642-04:00","level":"ERROR","msg":"pendingApprovals error","error":"iterate pending approvals: context canceled"}
[2m[WebServer] [22m{"time":"2026-09-04T21:28:40.229435-04:00","level":"ERROR","msg":"listTemplates error","error":"iterate schedules: context canceled"}
[2m[WebServer] [22m{"time":"2026-09-04T21:28:40.231433-04:00","level":"ERROR","msg":"myChecklists error","error":"iterate templates: context canceled"}
[2m[WebServer] [22m{"time":"2026-09-04T21:28:40.23146-04:00","level":"ERROR","msg":"cleanupOldDrafts error","error":"cleanup old drafts: context canceled"}
[2m[WebServer] [22m{"time":"2026-09-04T21:28:40.268425-04:00","level":"INFO","msg":"client log","level":"ERROR","message":"loadMyChecklists error: Failed to fetch\nTypeError: Failed to fetch\n    at api (http://localhost:3106/sync.js:24:21)\n    at loadMyChecklists (http://localhost:3106/workflows.html:631:24)\n    at applyOp (http://localhost:3106/sync.js:566:7)\n    at _ws.onmessage (http://localhost:3106/sync.js:275:7)","user":"Jamal C. (jamal@yumyums.kitchen)","page":"/workflows.html","ua":"Mozilla/5.0 (Macintosh; Intel Mac OS X 10_15_7) AppleWebKit/537.36 (KHTML, like Gecko) HeadlessChrome/147.0.7727.15 Safa"}
[2m[WebServer] [22m{"time":"2026-09-04T21:28:40.27087-04:00","level":"INFO","msg":"client log","level":"ERROR","message":"loadMyChecklists error: Failed to fetch\nTypeError: Failed to fetch\n    at api (http://localhost:3106/sync.js:24:21)\n    at loadMyChecklists (http://localhost:3106/workflows.html:631:24)\n    at applyOp (http://localhost:3106/sync.js:566:7)\n    at _ws.onmessage (http://localhost:3106/sync.js:275:7)","user":"Jamal C. (jamal@yumyums.kitchen)","page":"/workflows.html","ua":"Mozilla/5.0 (Macintosh; Intel Mac OS X 10_15_7) AppleWebKit/537.36 (KHTML, like Gecko) HeadlessChrome/147.0.7727.15 Safa"}
[2m[WebServer] [22m{"time":"2026-09-04T21:28:40.273252-04:00","level":"INFO","msg":"client log","level":"ERROR","message":"loadMyChecklists error: Failed to fetch\nTypeError: Failed to fetch\n    at api (http://localhost:3106/sync.js:24:21)\n    at loadMyChecklists (http://localhost:3106/workflows.html:631:24)\n    at show (http://localhost:3106/workflows.html:3836:5)\n    at init (http://localhost:3106/workflows.html:3917:5)","user":"Jamal C. (jamal@yumyums.kitchen)","page":"/workflows.html","ua":"Mozilla/5.0 (Macintosh; Intel Mac OS X 10_15_7) AppleWebKit/537.36 (KHTML, like Gecko) HeadlessChrome/147.0.7727.15 Safa"}
[2m[WebServer] [22m{"time":"2026-09-04T21:28:41.331451-04:00","level":"ERROR","msg":"myChecklists error","error":"iterate fields: context canceled"}
[2m[WebServer] [22m{"time":"2026-09-04T21:28:41.3371-04:00","level":"INFO","msg":"client log","level":"ERROR","message":"loadMyChecklists error: Failed to fetch\nTypeError: Failed to fetch\n    at api (http://localhost:3106/sync.js:24:21)\n    at loadMyChecklists (http://localhost:3106/workflows.html:631:24)\n    at show (http://localhost:3106/workflows.html:3836:5)\n    at HTMLButtonElement.onclick (http://localhost:3106/workflows.html:344:48)","user":"Jamal C. (jamal@yumyums.kitchen)","page":"/workflows.html","ua":"Mozilla/5.0 (Macintosh; Intel Mac OS X 10_15_7) AppleWebKit/537.36 (KHTML, like Gecko) HeadlessChrome/147.0.7727.15 Safa"}
  ✓  797 [chromium] › tests/workflows.spec.js:588:3 › Approvals › rejecting with require-photo lands the comment + photo requirement on the checklist [APR-REPRO-0718] (2.0s)
[2m[WebServer] [22m{"time":"2026-09-04T21:28:41.931004-04:00","level":"ERROR","msg":"GetManagerHires failed","error":"query assigned templates for hire 9849b405-3bc4-4f68-9ba1-98f98ab52d7d: context canceled"}
[2m[WebServer] [22m{"time":"2026-09-04T21:28:43.080305-04:00","level":"ERROR","msg":"myChecklists error","error":"iterate fail notes: context canceled"}
[2m[WebServer] [22m{"time":"2026-09-04T21:28:43.116038-04:00","level":"INFO","msg":"client log","level":"ERROR","message":"loadMyChecklists error: Failed to fetch\nTypeError: Failed to fetch\n    at api (http://localhost:3106/sync.js:24:21)\n    at loadMyChecklists (http://localhost:3106/workflows.html:631:24)\n    at show (http://localhost:3106/workflows.html:3836:5)\n    at HTMLButtonElement.onclick (http://localhost:3106/workflows.html:344:48)","user":"Jamal C. (jamal@yumyums.kitchen)","page":"/workflows.html","ua":"Mozilla/5.0 (Macintosh; Intel Mac OS X 10_15_7) AppleWebKit/537.36 (KHTML, like Gecko) HeadlessChrome/147.0.7727.15 Safa"}
[2m[WebServer] [22m{"time":"2026-09-04T21:28:43.122427-04:00","level":"INFO","msg":"client log","level":"ERROR","message":"loadMyChecklists error: Failed to fetch\nTypeError: Failed to fetch\n    at api (http://localhost:3106/sync.js:24:21)\n    at loadMyChecklists (http://localhost:3106/workflows.html:631:24)\n    at applyOp (http://localhost:3106/sync.js:544:7)\n    at _ws.onmessage (http://localhost:3106/sync.js:275:7)","user":"Jamal C. (jamal@yumyums.kitchen)","page":"/workflows.html","ua":"Mozilla/5.0 (Macintosh; Intel Mac OS X 10_15_7) AppleWebKit/537.36 (KHTML, like Gecko) HeadlessChrome/147.0.7727.15 Safa"}
[2m[WebServer] [22m{"time":"2026-09-04T21:28:43.123315-04:00","level":"INFO","msg":"client log","level":"ERROR","message":"loadMyChecklists error: Failed to fetch\nTypeError: Failed to fetch\n    at api (http://localhost:3106/sync.js:24:21)\n    at loadMyChecklists (http://localhost:3106/workflows.html:631:24)\n    at applyOp (http://localhost:3106/sync.js:519:7)\n    at _ws.onmessage (http://localhost:3106/sync.js:275:7)","user":"Jamal C. (jamal@yumyums.kitchen)","page":"/workflows.html","ua":"Mozilla/5.0 (Macintosh; Intel Mac OS X 10_15_7) AppleWebKit/537.36 (KHTML, like Gecko) HeadlessChrome/147.0.7727.15 Safa"}
[2m[WebServer] [22m{"time":"2026-09-04T21:28:43.905129-04:00","level":"INFO","msg":"op handler received op","op_type":"SET_FIELD","entity_id":"b68c135e-e177-4d22-9c7b-527d1278e072","device_id":"f63dbc5e-7290-41dc-8f19-cb14eefce766","lamport_ts":1788571129987}
  ✓  798 [chromium] › tests/workflows.spec.js:653:3 › Approvals › checkbox rejected with require-photo: attach correction photo unblocks resubmit [APR-DEADEND-0718] (5.1s)
[2m[WebServer] [22m{"time":"2026-09-04T21:28:46.997748-04:00","level":"ERROR","msg":"GetManagerHires failed","error":"iterate assigned templates for hire 14c11b75-a485-46c7-9ce9-0a8dcd7a24bc: context canceled"}
[2m[WebServer] [22m{"time":"2026-09-04T21:28:48.389388-04:00","level":"ERROR","msg":"listTemplates error","error":"list schedules: context canceled"}
[2m[WebServer] [22m{"time":"2026-09-04T21:28:48.391805-04:00","level":"ERROR","msg":"listTemplates error","error":"iterate templates: context canceled"}
[2m[WebServer] [22m{"time":"2026-09-04T21:28:48.394699-04:00","level":"ERROR","msg":"myChecklists error","error":"iterate fail notes: context canceled"}
[2m[WebServer] [22m{"time":"2026-09-04T21:28:48.39732-04:00","level":"ERROR","msg":"listTemplates error","error":"iterate sections: context canceled"}
[2m[WebServer] [22m{"time":"2026-09-04T21:28:48.4049-04:00","level":"INFO","msg":"client log","level":"ERROR","message":"loadMyChecklists error: Failed to fetch\nTypeError: Failed to fetch\n    at api (http://localhost:3106/sync.js:24:21)\n    at loadMyChecklists (http://localhost:3106/workflows.html:631:24)\n    at show (http://localhost:3106/workflows.html:3836:5)\n    at HTMLButtonElement.onclick (http://localhost:3106/workflows.html:344:48)","user":"Jamal C. (jamal@yumyums.kitchen)","page":"/workflows.html","ua":"Mozilla/5.0 (Macintosh; Intel Mac OS X 10_15_7) AppleWebKit/537.36 (KHTML, like Gecko) HeadlessChrome/147.0.7727.15 Safa"}
[2m[WebServer] [22m{"time":"2026-09-04T21:28:48.418657-04:00","level":"INFO","msg":"client log","level":"ERROR","message":"loadMyChecklists error: Failed to fetch\nTypeError: Failed to fetch\n    at api (http://localhost:3106/sync.js:24:21)\n    at loadMyChecklists (http://localhost:3106/workflows.html:631:24)\n    at applyOp (http://localhost:3106/sync.js:544:7)\n    at _ws.onmessage (http://localhost:3106/sync.js:275:7)","user":"Jamal C. (jamal@yumyums.kitchen)","page":"/workflows.html","ua":"Mozilla/5.0 (Macintosh; Intel Mac OS X 10_15_7) AppleWebKit/537.36 (KHTML, like Gecko) HeadlessChrome/147.0.7727.15 Safa"}
  ✓  799 [chromium] › tests/workflows.spec.js:718:3 › Approvals › rejecting a SUB-STEP surfaces its comment + photo requirement on the checklist [APR-SUBSTEP-0718] (2.0s)
[2m[WebServer] [22m{"time":"2026-09-04T21:28:48.977679-04:00","level":"ERROR","msg":"GetManagerHires failed","error":"query assigned templates for hire 9849b405-3bc4-4f68-9ba1-98f98ab52d7d: context canceled"}
[2m[WebServer] [22m{"time":"2026-09-04T21:28:50.319295-04:00","level":"ERROR","msg":"myChecklists error","error":"iterate responses: context canceled"}
[2m[WebServer] [22m{"time":"2026-09-04T21:28:50.325678-04:00","level":"ERROR","msg":"myChecklists error","error":"get user role: context canceled"}
[2m[WebServer] [22m{"time":"2026-09-04T21:28:50.325699-04:00","level":"ERROR","msg":"cleanupOldDrafts error","error":"cleanup old drafts: context canceled"}
[2m[WebServer] [22m{"time":"2026-09-04T21:28:50.352002-04:00","level":"INFO","msg":"client log","level":"ERROR","message":"loadMyChecklists error: Failed to fetch\nTypeError: Failed to fetch\n    at api (http://localhost:3106/sync.js:24:21)\n    at loadMyChecklists (http://localhost:3106/workflows.html:631:24)\n    at applyOp (http://localhost:3106/sync.js:519:7)\n    at _ws.onmessage (http://localhost:3106/sync.js:275:7)","user":"Jamal C. (jamal@yumyums.kitchen)","page":"/workflows.html","ua":"Mozilla/5.0 (Macintosh; Intel Mac OS X 10_15_7) AppleWebKit/537.36 (KHTML, like Gecko) HeadlessChrome/147.0.7727.15 Safa"}
[2m[WebServer] [22m{"time":"2026-09-04T21:28:50.368328-04:00","level":"INFO","msg":"client log","level":"ERROR","message":"loadMyChecklists error: Failed to fetch\nTypeError: Failed to fetch\n    at api (http://localhost:3106/sync.js:24:21)\n    at loadMyChecklists (http://localhost:3106/workflows.html:631:24)\n    at show (http://localhost:3106/workflows.html:3836:5)\n    at HTMLButtonElement.onclick (http://localhost:3106/workflows.html:344:48)","user":"Jamal C. (jamal@yumyums.kitchen)","page":"/workflows.html","ua":"Mozilla/5.0 (Macintosh; Intel Mac OS X 10_15_7) AppleWebKit/537.36 (KHTML, like Gecko) HeadlessChrome/147.0.7727.15 Safa"}
[2m[WebServer] [22m{"time":"2026-09-04T21:28:50.368464-04:00","level":"INFO","msg":"client log","level":"ERROR","message":"loadMyChecklists error: Failed to fetch\nTypeError: Failed to fetch\n    at api (http://localhost:3106/sync.js:24:21)\n    at loadMyChecklists (http://localhost:3106/workflows.html:631:24)\n    at applyOp (http://localhost:3106/sync.js:544:7)\n    at _ws.onmessage (http://localhost:3106/sync.js:275:7)","user":"Jamal C. (jamal@yumyums.kitchen)","page":"/workflows.html","ua":"Mozilla/5.0 (Macintosh; Intel Mac OS X 10_15_7) AppleWebKit/537.36 (KHTML, like Gecko) HeadlessChrome/147.0.7727.15 Safa"}
  ✓  800 [chromium] › tests/workflows.spec.js:778:3 › Approvals › rejecting a SUB-STEP unchecks it on reopen so the crew must redo it [APR-SUBSTEP-UNCHECK] (2.0s)
[2m[WebServer] [22m{"time":"2026-09-04T21:28:51.084616-04:00","level":"ERROR","msg":"GetManagerHires failed","error":"iterate assigned templates for hire 9849b405-3bc4-4f68-9ba1-98f98ab52d7d: context canceled"}
[2m[WebServer] [22m{"time":"2026-09-04T21:28:51.568159-04:00","level":"ERROR","msg":"pendingApprovals error","error":"iterate pending approvals: context canceled"}
[2m[WebServer] [22m{"time":"2026-09-04T21:28:51.580906-04:00","level":"INFO","msg":"client log","level":"ERROR","message":"loadMyChecklists error: Failed to fetch\nTypeError: Failed to fetch\n    at api (http://localhost:3106/sync.js:24:21)\n    at loadMyChecklists (http://localhost:3106/workflows.html:631:24)\n    at applyOp (http://localhost:3106/sync.js:566:7)\n    at _ws.onmessage (http://localhost:3106/sync.js:275:7)","user":"Jamal C. (jamal@yumyums.kitchen)","page":"/workflows.html","ua":"Mozilla/5.0 (Macintosh; Intel Mac OS X 10_15_7) AppleWebKit/537.36 (KHTML, like Gecko) HeadlessChrome/147.0.7727.15 Safa"}
[2m[WebServer] [22m{"time":"2026-09-04T21:28:51.598667-04:00","level":"INFO","msg":"client log","level":"ERROR","message":"loadMyChecklists error: Failed to fetch\nTypeError: Failed to fetch\n    at api (http://localhost:3106/sync.js:24:21)\n    at loadMyChecklists (http://localhost:3106/workflows.html:631:24)\n    at applyOp (http://localhost:3106/sync.js:519:7)\n    at _ws.onmessage (http://localhost:3106/sync.js:275:7)","user":"Jamal C. (jamal@yumyums.kitchen)","page":"/workflows.html","ua":"Mozilla/5.0 (Macintosh; Intel Mac OS X 10_15_7) AppleWebKit/537.36 (KHTML, like Gecko) HeadlessChrome/147.0.7727.15 Safa"}
[2m[WebServer] [22m{"time":"2026-09-04T21:28:51.598713-04:00","level":"INFO","msg":"client log","level":"ERROR","message":"loadMyChecklists error: Failed to fetch\nTypeError: Failed to fetch\n    at api (http://localhost:3106/sync.js:24:21)\n    at loadMyChecklists (http://localhost:3106/workflows.html:631:24)\n    at applyOp (http://localhost:3106/sync.js:566:7)\n    at _ws.onmessage (http://localhost:3106/sync.js:275:7)","user":"Jamal C. (jamal@yumyums.kitchen)","page":"/workflows.html","ua":"Mozilla/5.0 (Macintosh; Intel Mac OS X 10_15_7) AppleWebKit/537.36 (KHTML, like Gecko) HeadlessChrome/147.0.7727.15 Safa"}
[2m[WebServer] [22m{"time":"2026-09-04T21:28:51.599114-04:00","level":"INFO","msg":"client log","level":"ERROR","message":"loadMyChecklists error: Failed to fetch\nTypeError: Failed to fetch\n    at api (http://localhost:3106/sync.js:24:21)\n    at loadMyChecklists (http://localhost:3106/workflows.html:631:24)\n    at show (http://localhost:3106/workflows.html:3836:5)\n    at init (http://localhost:3106/workflows.html:3917:5)","user":"Jamal C. (jamal@yumyums.kitchen)","page":"/workflows.html","ua":"Mozilla/5.0 (Macintosh; Intel Mac OS X 10_15_7) AppleWebKit/537.36 (KHTML, like Gecko) HeadlessChrome/147.0.7727.15 Safa"}
[2m[WebServer] [22m{"time":"2026-09-04T21:28:51.600251-04:00","level":"INFO","msg":"client log","level":"ERROR","message":"loadMyChecklists error: Failed to fetch\nTypeError: Failed to fetch\n    at api (http://localhost:3106/sync.js:24:21)\n    at loadMyChecklists (http://localhost:3106/workflows.html:631:24)\n    at applyOp (http://localhost:3106/sync.js:566:7)\n    at _ws.onmessage (http://localhost:3106/sync.js:275:7)","user":"Jamal C. (jamal@yumyums.kitchen)","page":"/workflows.html","ua":"Mozilla/5.0 (Macintosh; Intel Mac OS X 10_15_7) AppleWebKit/537.36 (KHTML, like Gecko) HeadlessChrome/147.0.7727.15 Safa"}
[2m[WebServer] [22m{"time":"2026-09-04T21:28:51.90495-04:00","level":"ERROR","msg":"myChecklists error","error":"iterate responses: context canceled"}
  ✓  801 [chromium] › tests/workflows.spec.js:832:3 › Approvals › reject works after template update (field IDs change) [APR-10] (1.2s)
[2m[WebServer] [22m{"time":"2026-09-04T21:28:52.26868-04:00","level":"ERROR","msg":"GetManagerHires failed","error":"iterate assigned templates for hire 14c11b75-a485-46c7-9ce9-0a8dcd7a24bc: context canceled"}
[2m[WebServer] [22m{"time":"2026-09-04T21:28:52.515367-04:00","level":"ERROR","msg":"myChecklists error","error":"iterate fail notes: context canceled"}
[2m[WebServer] [22m{"time":"2026-09-04T21:28:52.519981-04:00","level":"ERROR","msg":"listTemplates error","error":"list templates: context canceled"}
[2m[WebServer] [22m{"time":"2026-09-04T21:28:52.524497-04:00","level":"INFO","msg":"client log","level":"ERROR","message":"loadMyChecklists error: Failed to fetch\nTypeError: Failed to fetch\n    at api (http://localhost:3106/sync.js:24:21)\n    at loadMyChecklists (http://localhost:3106/workflows.html:631:24)\n    at show (http://localhost:3106/workflows.html:3836:5)\n    at init (http://localhost:3106/workflows.html:3917:5)","user":"Jamal C. (jamal@yumyums.kitchen)","page":"/workflows.html","ua":"Mozilla/5.0 (Macintosh; Intel Mac OS X 10_15_7) AppleWebKit/537.36 (KHTML, like Gecko) HeadlessChrome/147.0.7727.15 Safa"}
[2m[WebServer] [22m{"time":"2026-09-04T21:28:52.711139-04:00","level":"ERROR","msg":"myChecklists error","error":"iterate fail notes: context canceled"}
  ✓  802 [chromium] › tests/workflows.spec.js:875:3 › Approvals › empty approvals shows caught up [APR-01] (793ms)
[2m[WebServer] [22m{"time":"2026-09-04T21:28:53.057653-04:00","level":"ERROR","msg":"GetManagerHires failed","error":"query assigned templates for hire 9849b405-3bc4-4f68-9ba1-98f98ab52d7d: context canceled"}
[2m[WebServer] [22m{"time":"2026-09-04T21:28:53.298756-04:00","level":"ERROR","msg":"myChecklists error","error":"iterate rejections: context canceled"}
[2m[WebServer] [22m{"time":"2026-09-04T21:28:53.301481-04:00","level":"ERROR","msg":"listTemplates error","error":"iterate fields: context canceled"}
[2m[WebServer] [22m{"time":"2026-09-04T21:28:53.326376-04:00","level":"INFO","msg":"client log","level":"ERROR","message":"loadMyChecklists error: Failed to fetch\nTypeError: Failed to fetch\n    at api (http://localhost:3106/sync.js:24:21)\n    at loadMyChecklists (http://localhost:3106/workflows.html:631:24)\n    at show (http://localhost:3106/workflows.html:3836:5)\n    at init (http://localhost:3106/workflows.html:3917:5)","user":"Jamal C. (jamal@yumyums.kitchen)","page":"/workflows.html","ua":"Mozilla/5.0 (Macintosh; Intel Mac OS X 10_15_7) AppleWebKit/537.36 (KHTML, like Gecko) HeadlessChrome/147.0.7727.15 Safa"}
[2m[WebServer] [22m{"time":"2026-09-04T21:28:54.087784-04:00","level":"INFO","msg":"op handler received op","op_type":"SET_FIELD","entity_id":"bf75325c-427d-41a4-b4a9-583d61dc52bc","device_id":"b661a150-78ce-4526-82d7-d989d8142329","lamport_ts":1788571129989}
[2m[WebServer] [22m{"time":"2026-09-04T21:28:55.431205-04:00","level":"ERROR","msg":"myChecklists error","error":"iterate responses: context canceled"}
  ✓  803 [chromium] › tests/workflows.spec.js:891:3 › Offline sync › submit while offline queues in IndexedDB [GATE-07 LST-15] (2.7s)
[2m[WebServer] [22m{"time":"2026-09-04T21:28:55.718395-04:00","level":"ERROR","msg":"GetManagerHires failed","error":"iterate assigned templates for hire 9849b405-3bc4-4f68-9ba1-98f98ab52d7d: context canceled"}
  ✓  804 [chromium] › tests/workflows.spec.js:930:3 › Offline sync › duplicate submit prevented by idempotency key [GATE-08] (826ms)
[2m[WebServer] [22m{"time":"2026-09-04T21:28:56.284166-04:00","level":"ERROR","msg":"myChecklists error","error":"iterate fail notes: context canceled"}
[2m[WebServer] [22m{"time":"2026-09-04T21:28:56.569066-04:00","level":"ERROR","msg":"GetManagerHires failed","error":"query assigned templates for hire 9849b405-3bc4-4f68-9ba1-98f98ab52d7d: context canceled"}
[2m[WebServer] [22m{"time":"2026-09-04T21:28:56.859201-04:00","level":"ERROR","msg":"myChecklists error","error":"iterate responses: context canceled"}
[2m[WebServer] [22m{"time":"2026-09-04T21:28:56.864304-04:00","level":"ERROR","msg":"listTemplates error","error":"iterate templates: context canceled"}
[2m[WebServer] [22m{"time":"2026-09-04T21:28:56.889781-04:00","level":"INFO","msg":"client log","level":"ERROR","message":"loadMyChecklists error: Failed to fetch\nTypeError: Failed to fetch\n    at api (http://localhost:3106/sync.js:24:21)\n    at loadMyChecklists (http://localhost:3106/workflows.html:631:24)\n    at applyOp (http://localhost:3106/sync.js:566:7)\n    at _ws.onmessage (http://localhost:3106/sync.js:275:7)","user":"Jamal C. (jamal@yumyums.kitchen)","page":"/workflows.html","ua":"Mozilla/5.0 (Macintosh; Intel Mac OS X 10_15_7) AppleWebKit/537.36 (KHTML, like Gecko) HeadlessChrome/147.0.7727.15 Safa"}
[2m[WebServer] [22m{"time":"2026-09-04T21:28:56.889901-04:00","level":"INFO","msg":"client log","level":"ERROR","message":"loadMyChecklists error: Failed to fetch\nTypeError: Failed to fetch\n    at api (http://localhost:3106/sync.js:24:21)\n    at loadMyChecklists (http://localhost:3106/workflows.html:631:24)\n    at show (http://localhost:3106/workflows.html:3836:5)\n    at init (http://localhost:3106/workflows.html:3917:5)","user":"Jamal C. (jamal@yumyums.kitchen)","page":"/workflows.html","ua":"Mozilla/5.0 (Macintosh; Intel Mac OS X 10_15_7) AppleWebKit/537.36 (KHTML, like Gecko) HeadlessChrome/147.0.7727.15 Safa"}
[2m[WebServer] [22m{"time":"2026-09-04T21:28:57.650093-04:00","level":"INFO","msg":"op handler received op","op_type":"SET_FIELD","entity_id":"27c31b9a-e9ce-46ac-98c9-63a538bfa76c","device_id":"08d64950-80ea-4929-9000-9980a5ce14a3","lamport_ts":1788571129991}
  ✓  805 [chromium] › tests/workflows.spec.js:996:3 › Offline sync › offline re-submit reuses the queued idempotency key [DBL-01] (2.7s)
[2m[WebServer] [22m{"time":"2026-09-04T21:28:59.297281-04:00","level":"ERROR","msg":"GetManagerHires failed","error":"iterate assigned templates for hire 9849b405-3bc4-4f68-9ba1-98f98ab52d7d: context canceled"}
[2m[WebServer] [22m{"time":"2026-09-04T21:28:59.555669-04:00","level":"ERROR","msg":"myChecklists error","error":"iterate rejections: context canceled"}
[2m[WebServer] [22m{"time":"2026-09-04T21:28:59.561178-04:00","level":"ERROR","msg":"listTemplates error","error":"iterate fields: context canceled"}
[2m[WebServer] [22m{"time":"2026-09-04T21:28:59.565834-04:00","level":"INFO","msg":"client log","level":"ERROR","message":"loadMyChecklists error: Failed to fetch\nTypeError: Failed to fetch\n    at api (http://localhost:3106/sync.js:24:21)\n    at loadMyChecklists (http://localhost:3106/workflows.html:631:24)\n    at applyOp (http://localhost:3106/sync.js:566:7)\n    at _ws.onmessage (http://localhost:3106/sync.js:275:7)","user":"Jamal C. (jamal@yumyums.kitchen)","page":"/workflows.html","ua":"Mozilla/5.0 (Macintosh; Intel Mac OS X 10_15_7) AppleWebKit/537.36 (KHTML, like Gecko) HeadlessChrome/147.0.7727.15 Safa"}
[2m[WebServer] [22m{"time":"2026-09-04T21:28:59.598318-04:00","level":"INFO","msg":"client log","level":"ERROR","message":"loadMyChecklists error: Failed to fetch\nTypeError: Failed to fetch\n    at api (http://localhost:3106/sync.js:24:21)\n    at loadMyChecklists (http://localhost:3106/workflows.html:631:24)\n    at show (http://localhost:3106/workflows.html:3836:5)\n    at init (http://localhost:3106/workflows.html:3917:5)","user":"Jamal C. (jamal@yumyums.kitchen)","page":"/workflows.html","ua":"Mozilla/5.0 (Macintosh; Intel Mac OS X 10_15_7) AppleWebKit/537.36 (KHTML, like Gecko) HeadlessChrome/147.0.7727.15 Safa"}
[2m[WebServer] [22m{"time":"2026-09-04T21:29:00.352709-04:00","level":"INFO","msg":"op handler received op","op_type":"SET_FIELD","entity_id":"8e7599c6-1b33-407f-84bc-8083f9cfffd9","device_id":"851e26f8-a533-4b99-a8bb-c27817c15d0f","lamport_ts":1788571129993}
[2m[WebServer] [22m{"time":"2026-09-04T21:29:01.700688-04:00","level":"WARN","msg":"EmitOp LWW conflict","entity_id":"8616efce-92fd-4f79-821d-042fae63c47d","winner_lamport_ts":1,"winner_device_id":"server"}
[2m[WebServer] [22m{"time":"2026-09-04T21:29:01.77138-04:00","level":"ERROR","msg":"myChecklists error","error":"iterate responses: context canceled"}
  ✓  806 [chromium] › tests/workflows.spec.js:1037:3 › Offline sync › offline re-submit writes ONE submission row after drain, not two [DBL-02] (2.8s)
[2m[WebServer] [22m{"time":"2026-09-04T21:29:02.08394-04:00","level":"ERROR","msg":"GetManagerHires failed","error":"iterate assigned templates for hire 14c11b75-a485-46c7-9ce9-0a8dcd7a24bc: context canceled"}
[2m[WebServer] [22m{"time":"2026-09-04T21:29:02.397418-04:00","level":"ERROR","msg":"myChecklists error","error":"iterate rejections: context canceled"}
[2m[WebServer] [22m{"time":"2026-09-04T21:29:02.402736-04:00","level":"ERROR","msg":"myChecklists error","error":"get user role: context canceled"}
[2m[WebServer] [22m{"time":"2026-09-04T21:29:02.402799-04:00","level":"ERROR","msg":"cleanupOldDrafts error","error":"cleanup old drafts: context canceled"}
[2m[WebServer] [22m{"time":"2026-09-04T21:29:02.410971-04:00","level":"ERROR","msg":"listTemplates error","error":"list assignments: context canceled"}
[2m[WebServer] [22m{"time":"2026-09-04T21:29:02.41314-04:00","level":"ERROR","msg":"listTemplates error","error":"list templates: context canceled"}
[2m[WebServer] [22m{"time":"2026-09-04T21:29:02.415964-04:00","level":"INFO","msg":"client log","level":"ERROR","message":"loadMyChecklists error: Failed to fetch\nTypeError: Failed to fetch\n    at api (http://localhost:3106/sync.js:24:21)\n    at loadMyChecklists (http://localhost:3106/workflows.html:631:24)\n    at applyOp (http://localhost:3106/sync.js:566:7)\n    at _ws.onmessage (http://localhost:3106/sync.js:275:7)","user":"Jamal C. (jamal@yumyums.kitchen)","page":"/workflows.html","ua":"Mozilla/5.0 (Macintosh; Intel Mac OS X 10_15_7) AppleWebKit/537.36 (KHTML, like Gecko) HeadlessChrome/147.0.7727.15 Safa"}
[2m[WebServer] [22m{"time":"2026-09-04T21:29:02.428253-04:00","level":"INFO","msg":"client log","level":"ERROR","message":"loadMyChecklists error: Failed to fetch\nTypeError: Failed to fetch\n    at api (http://localhost:3106/sync.js:24:21)\n    at loadMyChecklists (http://localhost:3106/workflows.html:631:24)\n    at show (http://localhost:3106/workflows.html:3836:5)\n    at init (http://localhost:3106/workflows.html:3917:5)","user":"Jamal C. (jamal@yumyums.kitchen)","page":"/workflows.html","ua":"Mozilla/5.0 (Macintosh; Intel Mac OS X 10_15_7) AppleWebKit/537.36 (KHTML, like Gecko) HeadlessChrome/147.0.7727.15 Safa"}
  ✓  807 [chromium] › tests/workflows.spec.js:1071:3 › Offline sync › a submission queued in a previous session is reused, not re-minted [DBL-03] (1.6s)
[2m[WebServer] [22m{"time":"2026-09-04T21:29:03.645308-04:00","level":"ERROR","msg":"GetManagerHires failed","error":"iterate assigned templates for hire 9849b405-3bc4-4f68-9ba1-98f98ab52d7d: context canceled"}
[2m[WebServer] [22m{"time":"2026-09-04T21:29:03.958079-04:00","level":"ERROR","msg":"myChecklists error","error":"iterate responses: context canceled"}
[2m[WebServer] [22m{"time":"2026-09-04T21:29:03.960028-04:00","level":"ERROR","msg":"listTemplates error","error":"iterate assignments: context canceled"}
[2m[WebServer] [22m{"time":"2026-09-04T21:29:03.963338-04:00","level":"ERROR","msg":"cleanupOldDrafts error","error":"cleanup old drafts: context canceled"}
[2m[WebServer] [22m{"time":"2026-09-04T21:29:03.963398-04:00","level":"ERROR","msg":"myChecklists error","error":"get user role: context canceled"}
[2m[WebServer] [22m{"time":"2026-09-04T21:29:03.972631-04:00","level":"ERROR","msg":"listTemplates error","error":"list templates: context canceled"}
[2m[WebServer] [22m{"time":"2026-09-04T21:29:03.995884-04:00","level":"INFO","msg":"client log","level":"ERROR","message":"loadMyChecklists error: Failed to fetch\nTypeError: Failed to fetch\n    at api (http://localhost:3106/sync.js:24:21)\n    at loadMyChecklists (http://localhost:3106/workflows.html:631:24)\n    at show (http://localhost:3106/workflows.html:3836:5)\n    at init (http://localhost:3106/workflows.html:3917:5)","user":"Jamal C. (jamal@yumyums.kitchen)","page":"/workflows.html","ua":"Mozilla/5.0 (Macintosh; Intel Mac OS X 10_15_7) AppleWebKit/537.36 (KHTML, like Gecko) HeadlessChrome/147.0.7727.15 Safa"}
[2m[WebServer] [22m{"time":"2026-09-04T21:29:03.996384-04:00","level":"INFO","msg":"client log","level":"ERROR","message":"loadMyChecklists error: Failed to fetch\nTypeError: Failed to fetch\n    at api (http://localhost:3106/sync.js:24:21)\n    at loadMyChecklists (http://localhost:3106/workflows.html:631:24)\n    at applyOp (http://localhost:3106/sync.js:566:7)\n    at _ws.onmessage (http://localhost:3106/sync.js:275:7)","user":"Jamal C. (jamal@yumyums.kitchen)","page":"/workflows.html","ua":"Mozilla/5.0 (Macintosh; Intel Mac OS X 10_15_7) AppleWebKit/537.36 (KHTML, like Gecko) HeadlessChrome/147.0.7727.15 Safa"}
  ✘  808 [chromium] › tests/workflows.spec.js:1110:3 › Offline sync › answers entered while OFFLINE survive the re-submit [DBL-04] (6.0s)
[2m[WebServer] [22m{"time":"2026-09-04T21:29:10.81584-04:00","level":"ERROR","msg":"GetManagerHires failed","error":"iterate assigned templates for hire 3ce344fa-4786-4815-9067-c510c9873ce5: context canceled"}
[2m[WebServer] [22m{"time":"2026-09-04T21:29:11.16903-04:00","level":"ERROR","msg":"GetManagerHires failed","error":"iterate assigned templates for hire 14c11b75-a485-46c7-9ce9-0a8dcd7a24bc: context canceled"}
[2m[WebServer] [22m{"time":"2026-09-04T21:29:11.536284-04:00","level":"ERROR","msg":"listTemplates error","error":"iterate schedules: context canceled"}
[2m[WebServer] [22m{"time":"2026-09-04T21:29:11.541043-04:00","level":"ERROR","msg":"myChecklists error","error":"iterate responses: context canceled"}
[2m[WebServer] [22m{"time":"2026-09-04T21:29:11.545469-04:00","level":"ERROR","msg":"listTemplates error","error":"iterate schedules: context canceled"}
[2m[WebServer] [22m{"time":"2026-09-04T21:29:11.565252-04:00","level":"INFO","msg":"client log","level":"ERROR","message":"loadMyChecklists error: Failed to fetch\nTypeError: Failed to fetch\n    at api (http://localhost:3106/sync.js:24:21)\n    at loadMyChecklists (http://localhost:3106/workflows.html:631:24)\n    at applyOp (http://localhost:3106/sync.js:566:7)\n    at _ws.onmessage (http://localhost:3106/sync.js:275:7)","user":"Jamal C. (jamal@yumyums.kitchen)","page":"/workflows.html","ua":"Mozilla/5.0 (Macintosh; Intel Mac OS X 10_15_7) AppleWebKit/537.36 (KHTML, like Gecko) HeadlessChrome/147.0.7727.15 Safa"}
[2m[WebServer] [22m{"time":"2026-09-04T21:29:11.568327-04:00","level":"INFO","msg":"client log","level":"ERROR","message":"loadMyChecklists error: Failed to fetch\nTypeError: Failed to fetch\n    at api (http://localhost:3106/sync.js:24:21)\n    at loadMyChecklists (http://localhost:3106/workflows.html:631:24)\n    at show (http://localhost:3106/workflows.html:3836:5)\n    at init (http://localhost:3106/workflows.html:3917:5)","user":"Jamal C. (jamal@yumyums.kitchen)","page":"/workflows.html","ua":"Mozilla/5.0 (Macintosh; Intel Mac OS X 10_15_7) AppleWebKit/537.36 (KHTML, like Gecko) HeadlessChrome/147.0.7727.15 Safa"}
  ✘  809 [chromium] › tests/workflows.spec.js:1202:3 › Offline sync › a queue entry from an earlier period does not lend its key to today [DBL-05] (1.2s)
[2m[WebServer] [22m{"time":"2026-09-04T21:29:13.55193-04:00","level":"ERROR","msg":"GetManagerHires failed","error":"query assigned templates for hire b6080b05-acf5-48b1-af4f-0fb5bb63d53a: context canceled"}
[2m[WebServer] [22m{"time":"2026-09-04T21:29:13.921298-04:00","level":"ERROR","msg":"GetManagerHires failed","error":"iterate hire overviews: context canceled"}
[2m[WebServer] [22m{"time":"2026-09-04T21:29:14.342404-04:00","level":"ERROR","msg":"pendingApprovals error","error":"iterate pending approvals: context canceled"}
[2m[WebServer] [22m{"time":"2026-09-04T21:29:14.34952-04:00","level":"ERROR","msg":"myChecklists error","error":"list responses: context canceled"}
[2m[WebServer] [22m{"time":"2026-09-04T21:29:14.374287-04:00","level":"INFO","msg":"client log","level":"ERROR","message":"loadMyChecklists error: Failed to fetch\nTypeError: Failed to fetch\n    at api (http://localhost:3106/sync.js:24:21)\n    at loadMyChecklists (http://localhost:3106/workflows.html:631:24)\n    at show (http://localhost:3106/workflows.html:3836:5)\n    at init (http://localhost:3106/workflows.html:3917:5)","user":"Jamal C. (jamal@yumyums.kitchen)","page":"/workflows.html","ua":"Mozilla/5.0 (Macintosh; Intel Mac OS X 10_15_7) AppleWebKit/537.36 (KHTML, like Gecko) HeadlessChrome/147.0.7727.15 Safa"}
[2m[WebServer] [22m{"time":"2026-09-04T21:29:14.379309-04:00","level":"INFO","msg":"client log","level":"ERROR","message":"loadMyChecklists error: Failed to fetch\nTypeError: Failed to fetch\n    at api (http://localhost:3106/sync.js:24:21)\n    at loadMyChecklists (http://localhost:3106/workflows.html:631:24)\n    at applyOp (http://localhost:3106/sync.js:566:7)\n    at _ws.onmessage (http://localhost:3106/sync.js:275:7)","user":"Jamal C. (jamal@yumyums.kitchen)","page":"/workflows.html","ua":"Mozilla/5.0 (Macintosh; Intel Mac OS X 10_15_7) AppleWebKit/537.36 (KHTML, like Gecko) HeadlessChrome/147.0.7727.15 Safa"}
  ✓  810 [chromium] › tests/workflows.spec.js:1271:3 › Offline sync › a queued submission and an unsaved field do not read the same [VOC-01] (2.3s)
[2m[WebServer] [22m{"time":"2026-09-04T21:29:16.221056-04:00","level":"ERROR","msg":"GetManagerHires failed","error":"iterate assigned templates for hire 9849b405-3bc4-4f68-9ba1-98f98ab52d7d: context canceled"}
[2m[WebServer] [22m{"time":"2026-09-04T21:29:16.510201-04:00","level":"ERROR","msg":"myChecklists error","error":"iterate fail notes: context canceled"}
  ✓  811 [chromium] › tests/workflows.spec.js:1326:3 › Access control › superadmin can access Builder tab [GLB-05] (619ms)
[2m[WebServer] [22m{"time":"2026-09-04T21:29:16.849727-04:00","level":"ERROR","msg":"GetManagerHires failed","error":"query assigned templates for hire 9849b405-3bc4-4f68-9ba1-98f98ab52d7d: context canceled"}
[2m[WebServer] [22m{"time":"2026-09-04T21:29:17.140751-04:00","level":"ERROR","msg":"myChecklists error","error":"iterate rejections: context canceled"}
[2m[WebServer] [22m{"time":"2026-09-04T21:29:17.147076-04:00","level":"INFO","msg":"client log","level":"ERROR","message":"loadMyChecklists error: Failed to fetch\nTypeError: Failed to fetch\n    at api (http://localhost:3106/sync.js:24:21)\n    at loadMyChecklists (http://localhost:3106/workflows.html:631:24)\n    at applyOp (http://localhost:3106/sync.js:566:7)\n    at _ws.onmessage (http://localhost:3106/sync.js:275:7)","user":"Jamal C. (jamal@yumyums.kitchen)","page":"/workflows.html","ua":"Mozilla/5.0 (Macintosh; Intel Mac OS X 10_15_7) AppleWebKit/537.36 (KHTML, like Gecko) HeadlessChrome/147.0.7727.15 Safa"}
[2m[WebServer] [22m{"time":"2026-09-04T21:29:17.148365-04:00","level":"INFO","msg":"client log","level":"ERROR","message":"loadMyChecklists error: Failed to fetch\nTypeError: Failed to fetch\n    at api (http://localhost:3106/sync.js:24:21)\n    at loadMyChecklists (http://localhost:3106/workflows.html:631:24)\n    at show (http://localhost:3106/workflows.html:3836:5)\n    at init (http://localhost:3106/workflows.html:3917:5)","user":"Jamal C. (jamal@yumyums.kitchen)","page":"/workflows.html","ua":"Mozilla/5.0 (Macintosh; Intel Mac OS X 10_15_7) AppleWebKit/537.36 (KHTML, like Gecko) HeadlessChrome/147.0.7727.15 Safa"}
  ✓  812 [chromium] › tests/workflows.spec.js:1378:3 › yes/no No enforcement › answering No without a corrective note blocks submit [FLD-08 GATE-01] (1.1s)
[2m[WebServer] [22m{"time":"2026-09-04T21:29:17.933219-04:00","level":"ERROR","msg":"GetManagerHires failed","error":"query assigned templates for hire 9849b405-3bc4-4f68-9ba1-98f98ab52d7d: context canceled"}
[2m[WebServer] [22m{"time":"2026-09-04T21:29:18.186297-04:00","level":"ERROR","msg":"listTemplates error","error":"list fields: context canceled"}
[2m[WebServer] [22m{"time":"2026-09-04T21:29:18.190991-04:00","level":"ERROR","msg":"listTemplates error","error":"list templates: context canceled"}
[2m[WebServer] [22m{"time":"2026-09-04T21:29:18.196531-04:00","level":"ERROR","msg":"myChecklists error","error":"iterate responses: context canceled"}
[2m[WebServer] [22m{"time":"2026-09-04T21:29:18.200663-04:00","level":"INFO","msg":"client log","level":"ERROR","message":"loadMyChecklists error: Failed to fetch\nTypeError: Failed to fetch\n    at api (http://localhost:3106/sync.js:24:21)\n    at loadMyChecklists (http://localhost:3106/workflows.html:631:24)\n    at show (http://localhost:3106/workflows.html:3836:5)\n    at init (http://localhost:3106/workflows.html:3917:5)","user":"Jamal C. (jamal@yumyums.kitchen)","page":"/workflows.html","ua":"Mozilla/5.0 (Macintosh; Intel Mac OS X 10_15_7) AppleWebKit/537.36 (KHTML, like Gecko) HeadlessChrome/147.0.7727.15 Safa"}
[2m[WebServer] [22m{"time":"2026-09-04T21:29:18.98449-04:00","level":"INFO","msg":"op handler received op","op_type":"SET_FIELD","entity_id":"8109ad95-0e18-4f72-a2b6-2102223e6dc3","device_id":"0c6b1d0f-81c1-43c8-a1c6-cda889ca6879","lamport_ts":1788571129995}
  ✘  813 [chromium] › tests/workflows.spec.js:1407:3 › yes/no No enforcement › answering No with note + severity allows submit [GATE-02] (30.0s)
[2m[WebServer] [22m{"time":"2026-09-04T21:29:49.042582-04:00","level":"ERROR","msg":"GetManagerHires failed","error":"query assigned templates for hire 401504f4-79bb-43cf-b331-4f42f2f1a31c: context canceled"}
[2m[WebServer] [22m{"time":"2026-09-04T21:29:49.365573-04:00","level":"ERROR","msg":"GetManagerHires failed","error":"iterate assigned templates for hire 14c11b75-a485-46c7-9ce9-0a8dcd7a24bc: context canceled"}
[2m[WebServer] [22m{"time":"2026-09-04T21:29:49.75874-04:00","level":"ERROR","msg":"listTemplates error","error":"list sections: context canceled"}
[2m[WebServer] [22m{"time":"2026-09-04T21:29:49.761625-04:00","level":"ERROR","msg":"myChecklists error","error":"iterate fail notes: context canceled"}
[2m[WebServer] [22m{"time":"2026-09-04T21:29:49.762148-04:00","level":"ERROR","msg":"listTemplates error","error":"iterate templates: context canceled"}
[2m[WebServer] [22m{"time":"2026-09-04T21:29:49.789427-04:00","level":"INFO","msg":"client log","level":"ERROR","message":"loadMyChecklists error: Failed to fetch\nTypeError: Failed to fetch\n    at api (http://localhost:3106/sync.js:24:21)\n    at loadMyChecklists (http://localhost:3106/workflows.html:631:24)\n    at show (http://localhost:3106/workflows.html:3836:5)\n    at init (http://localhost:3106/workflows.html:3917:5)","user":"Jamal C. (jamal@yumyums.kitchen)","page":"/workflows.html","ua":"Mozilla/5.0 (Macintosh; Intel Mac OS X 10_15_7) AppleWebKit/537.36 (KHTML, like Gecko) HeadlessChrome/147.0.7727.15 Safa"}
[2m[WebServer] [22m{"time":"2026-09-04T21:29:49.789431-04:00","level":"INFO","msg":"client log","level":"ERROR","message":"loadMyChecklists error: Failed to fetch\nTypeError: Failed to fetch\n    at api (http://localhost:3106/sync.js:24:21)\n    at loadMyChecklists (http://localhost:3106/workflows.html:631:24)\n    at applyOp (http://localhost:3106/sync.js:566:7)\n    at _ws.onmessage (http://localhost:3106/sync.js:275:7)","user":"Jamal C. (jamal@yumyums.kitchen)","page":"/workflows.html","ua":"Mozilla/5.0 (Macintosh; Intel Mac OS X 10_15_7) AppleWebKit/537.36 (KHTML, like Gecko) HeadlessChrome/147.0.7727.15 Safa"}
  ✓  814 [chromium] › tests/workflows.spec.js:1514:3 › required-photo submit gate › submit is blocked when a required photo is not attached [GATE-04] (2.1s)
[2m[WebServer] [22m{"time":"2026-09-04T21:29:51.535829-04:00","level":"ERROR","msg":"GetManagerHires failed","error":"query assigned templates for hire 9849b405-3bc4-4f68-9ba1-98f98ab52d7d: context canceled"}
[2m[WebServer] [22m{"time":"2026-09-04T21:29:52.060714-04:00","level":"ERROR","msg":"pendingApprovals error","error":"get user role: context canceled"}
[2m[WebServer] [22m{"time":"2026-09-04T21:29:52.077261-04:00","level":"ERROR","msg":"myChecklists error","error":"iterate responses: context canceled"}
[2m[WebServer] [22m{"time":"2026-09-04T21:29:52.096238-04:00","level":"ERROR","msg":"pendingApprovals error","error":"iterate pending approvals: context canceled"}
[2m[WebServer] [22m{"time":"2026-09-04T21:29:52.098484-04:00","level":"ERROR","msg":"listTemplates error","error":"iterate fields: context canceled"}
[2m[WebServer] [22m{"time":"2026-09-04T21:29:52.124166-04:00","level":"INFO","msg":"client log","level":"ERROR","message":"loadMyChecklists error: Failed to fetch\nTypeError: Failed to fetch\n    at api (http://localhost:3106/sync.js:24:21)\n    at loadMyChecklists (http://localhost:3106/workflows.html:631:24)\n    at applyOp (http://localhost:3106/sync.js:566:7)\n    at _ws.onmessage (http://localhost:3106/sync.js:275:7)","user":"Jamal C. (jamal@yumyums.kitchen)","page":"/workflows.html","ua":"Mozilla/5.0 (Macintosh; Intel Mac OS X 10_15_7) AppleWebKit/537.36 (KHTML, like Gecko) HeadlessChrome/147.0.7727.15 Safa"}
[2m[WebServer] [22m{"time":"2026-09-04T21:29:53.872551-04:00","level":"INFO","msg":"op handler received op","op_type":"SET_FIELD","entity_id":"56c2587d-f00b-4190-a0b3-a481d27ab0da","device_id":"f393496b-f0d7-4c07-acdb-182836c34dc4","lamport_ts":1788571129997}
  ✓  815 [chromium] › tests/workflows.spec.js:1540:3 › required-photo submit gate › submit is allowed once a photo URL is attached [GATE-04] (5.6s)
[2m[WebServer] [22m{"time":"2026-09-04T21:29:57.111363-04:00","level":"ERROR","msg":"GetManagerHires failed","error":"iterate assigned templates for hire 14c11b75-a485-46c7-9ce9-0a8dcd7a24bc: context canceled"}
  ✓  816 [chromium] › tests/workflows.spec.js:1588:3 › Navigation › clicking My Checklists tab while runner is open returns to list [RUN-18] (966ms)
[2m[WebServer] [22m{"time":"2026-09-04T21:29:57.806619-04:00","level":"ERROR","msg":"myChecklists error","error":"iterate fail notes: context canceled"}
[2m[WebServer] [22m{"time":"2026-09-04T21:29:58.111657-04:00","level":"ERROR","msg":"GetManagerHires failed","error":"iterate assigned templates for hire 14c11b75-a485-46c7-9ce9-0a8dcd7a24bc: context canceled"}
[2m[WebServer] [22m{"time":"2026-09-04T21:29:58.336816-04:00","level":"ERROR","msg":"myChecklists error","error":"iterate rejections: context canceled"}
[2m[WebServer] [22m{"time":"2026-09-04T21:29:58.337362-04:00","level":"ERROR","msg":"pendingApprovals error","error":"iterate pending approvals: context canceled"}
[2m[WebServer] [22m{"time":"2026-09-04T21:29:58.355474-04:00","level":"INFO","msg":"client log","level":"ERROR","message":"loadMyChecklists error: Failed to fetch\nTypeError: Failed to fetch\n    at api (http://localhost:3106/sync.js:24:21)\n    at loadMyChecklists (http://localhost:3106/workflows.html:631:24)\n    at show (http://localhost:3106/workflows.html:3836:5)\n    at init (http://localhost:3106/workflows.html:3917:5)","user":"Jamal C. (jamal@yumyums.kitchen)","page":"/workflows.html","ua":"Mozilla/5.0 (Macintosh; Intel Mac OS X 10_15_7) AppleWebKit/537.36 (KHTML, like Gecko) HeadlessChrome/147.0.7727.15 Safa"}
[2m[WebServer] [22m{"time":"2026-09-04T21:29:58.381196-04:00","level":"ERROR","msg":"OpsSince error","user_id":"3408ec5e-ad3a-42ad-bbc4-de107b16a14e","error":"context canceled"}
[2m[WebServer] [22m{"time":"2026-09-04T21:29:58.381392-04:00","level":"ERROR","msg":"pendingApprovals error","error":"iterate responses: context canceled"}
  ✓  817 [chromium] › tests/workflows.spec.js:1615:3 › Tab Persistence › workflows tab persists on reload [GLB-07] (574ms)
[2m[WebServer] [22m{"time":"2026-09-04T21:29:58.714975-04:00","level":"ERROR","msg":"GetManagerHires failed","error":"query assigned templates for hire 14c11b75-a485-46c7-9ce9-0a8dcd7a24bc: context canceled"}
[2m[WebServer] [22m{"time":"2026-09-04T21:29:58.88732-04:00","level":"ERROR","msg":"GetTemplates failed","error":"context canceled"}
[2m[WebServer] [22m{"time":"2026-09-04T21:29:58.887527-04:00","level":"ERROR","msg":"GetManagerHires failed","error":"iterate assigned templates for hire 638927fd-b362-49fc-840c-6e6af0d138cb: context canceled"}
[2m[WebServer] [22m{"time":"2026-09-04T21:29:58.920071-04:00","level":"ERROR","msg":"GetManagerHires failed","error":"query manager hires: context canceled"}
[2m[WebServer] [22m{"time":"2026-09-04T21:29:58.920486-04:00","level":"ERROR","msg":"GetTemplates failed","error":"context canceled"}
  ✓  818 [chromium] › tests/workflows.spec.js:1626:3 › Tab Persistence › onboarding tab persists on reload (527ms)
[2m[WebServer] [22m{"time":"2026-09-04T21:29:59.318679-04:00","level":"ERROR","msg":"GetManagerHires failed","error":"query assigned templates for hire 9849b405-3bc4-4f68-9ba1-98f98ab52d7d: context canceled"}
[2m[WebServer] [22m{"time":"2026-09-04T21:29:59.407148-04:00","level":"ERROR","msg":"GetStock query failed","error":"context canceled"}
  ✓  819 [chromium] › tests/workflows.spec.js:1641:3 › Tab Persistence › inventory tab persists on reload (510ms)
[2m[WebServer] [22m{"time":"2026-09-04T21:29:59.786839-04:00","level":"ERROR","msg":"GetManagerHires failed","error":"query assigned templates for hire 9849b405-3bc4-4f68-9ba1-98f98ab52d7d: context canceled"}
  ✓  820 [chromium] › tests/workflows.spec.js:1652:3 › Tab Persistence › users tab persists on reload (465ms)
[2m[WebServer] [22m{"time":"2026-09-04T21:30:00.252521-04:00","level":"ERROR","msg":"GetManagerHires failed","error":"query assigned templates for hire 9849b405-3bc4-4f68-9ba1-98f98ab52d7d: context canceled"}
[2m[WebServer] [22m{"time":"2026-09-04T21:30:00.530718-04:00","level":"ERROR","msg":"listTemplates error","error":"iterate schedules: context canceled"}
[2m[WebServer] [22m{"time":"2026-09-04T21:30:00.535958-04:00","level":"ERROR","msg":"myChecklists error","error":"iterate responses: context canceled"}
[2m[WebServer] [22m{"time":"2026-09-04T21:30:00.53782-04:00","level":"ERROR","msg":"listTemplates error","error":"list templates: context canceled"}
[2m[WebServer] [22m{"time":"2026-09-04T21:30:00.563299-04:00","level":"INFO","msg":"client log","level":"ERROR","message":"loadMyChecklists error: Failed to fetch\nTypeError: Failed to fetch\n    at api (http://localhost:3106/sync.js:24:21)\n    at loadMyChecklists (http://localhost:3106/workflows.html:631:24)\n    at applyOp (http://localhost:3106/sync.js:566:7)\n    at _ws.onmessage (http://localhost:3106/sync.js:275:7)","user":"Jamal C. (jamal@yumyums.kitchen)","page":"/workflows.html","ua":"Mozilla/5.0 (Macintosh; Intel Mac OS X 10_15_7) AppleWebKit/537.36 (KHTML, like Gecko) HeadlessChrome/147.0.7727.15 Safa"}
[2m[WebServer] [22m{"time":"2026-09-04T21:30:00.566177-04:00","level":"INFO","msg":"client log","level":"ERROR","message":"loadMyChecklists error: Failed to fetch\nTypeError: Failed to fetch\n    at api (http://localhost:3106/sync.js:24:21)\n    at loadMyChecklists (http://localhost:3106/workflows.html:631:24)\n    at show (http://localhost:3106/workflows.html:3836:5)\n    at init (http://localhost:3106/workflows.html:3917:5)","user":"Jamal C. (jamal@yumyums.kitchen)","page":"/workflows.html","ua":"Mozilla/5.0 (Macintosh; Intel Mac OS X 10_15_7) AppleWebKit/537.36 (KHTML, like Gecko) HeadlessChrome/147.0.7727.15 Safa"}
[2m[WebServer] [22m{"time":"2026-09-04T21:30:01.370043-04:00","level":"INFO","msg":"op handler received op","op_type":"SET_FIELD","entity_id":"273563f6-923b-4846-a70c-d8d3abf7c9f8","device_id":"3955f36a-e2c0-4b34-a674-53938ec087f3","lamport_ts":1788571129999}
  ✓  821 [chromium] › tests/workflows.spec.js:1670:3 › Validation › submit is blocked when fail trigger fires but corrective action is empty [FLD-12 GATE-01] (1.6s)
[2m[WebServer] [22m{"time":"2026-09-04T21:30:01.883237-04:00","level":"ERROR","msg":"GetManagerHires failed","error":"query assigned templates for hire 14c11b75-a485-46c7-9ce9-0a8dcd7a24bc: context canceled"}
  ✓  822 [chromium] › tests/workflows.spec.js:1723:3 › Validation › server rejects submission with triggered fail but no corrective action [GATE-03] (1.5s)
[2m[WebServer] [22m{"time":"2026-09-04T21:30:03.336365-04:00","level":"ERROR","msg":"GetManagerHires failed","error":"query assigned templates for hire 9849b405-3bc4-4f68-9ba1-98f98ab52d7d: context canceled"}
[2m[WebServer] [22m{"time":"2026-09-04T21:30:03.653769-04:00","level":"ERROR","msg":"listTemplates error","error":"list assignments: context canceled"}
[2m[WebServer] [22m{"time":"2026-09-04T21:30:03.656191-04:00","level":"ERROR","msg":"myChecklists error","error":"iterate rejections: context canceled"}
[2m[WebServer] [22m{"time":"2026-09-04T21:30:03.656703-04:00","level":"ERROR","msg":"listTemplates error","error":"iterate templates: context canceled"}
[2m[WebServer] [22m{"time":"2026-09-04T21:30:03.668733-04:00","level":"INFO","msg":"client log","level":"ERROR","message":"loadMyChecklists error: Failed to fetch\nTypeError: Failed to fetch\n    at api (http://localhost:3106/sync.js:24:21)\n    at loadMyChecklists (http://localhost:3106/workflows.html:631:24)\n    at applyOp (http://localhost:3106/sync.js:566:7)\n    at _ws.onmessage (http://localhost:3106/sync.js:275:7)","user":"Jamal C. (jamal@yumyums.kitchen)","page":"/workflows.html","ua":"Mozilla/5.0 (Macintosh; Intel Mac OS X 10_15_7) AppleWebKit/537.36 (KHTML, like Gecko) HeadlessChrome/147.0.7727.15 Safa"}
[2m[WebServer] [22m{"time":"2026-09-04T21:30:03.684294-04:00","level":"INFO","msg":"client log","level":"ERROR","message":"loadMyChecklists error: Failed to fetch\nTypeError: Failed to fetch\n    at api (http://localhost:3106/sync.js:24:21)\n    at loadMyChecklists (http://localhost:3106/workflows.html:631:24)\n    at show (http://localhost:3106/workflows.html:3836:5)\n    at init (http://localhost:3106/workflows.html:3917:5)","user":"Jamal C. (jamal@yumyums.kitchen)","page":"/workflows.html","ua":"Mozilla/5.0 (Macintosh; Intel Mac OS X 10_15_7) AppleWebKit/537.36 (KHTML, like Gecko) HeadlessChrome/147.0.7727.15 Safa"}
[2m[WebServer] [22m{"time":"2026-09-04T21:30:04.50247-04:00","level":"INFO","msg":"op handler received op","op_type":"SET_FIELD","entity_id":"85e7ccff-4c67-40ed-bf91-542ece745cd4","device_id":"b3bc3c70-71f7-4226-8539-600664eba22d","lamport_ts":1788571130001}
fillView: runner hasActive: yes sections: [33m1[39m fields: [{"id":"85e7ccff-4c67-40ed-bf91-542ece745cd4","label":"Check this","type":"checkbox"}]
FILL HTML: <button class="editor-back" id="fill-back">Checklists</button>
<div style="padding:12px 16px 0;font-size:16px;font-weight:600">Readonly Test</div>
<div style="padding:10px 16px 0" class="progress-line">
  <div style="height:6px;background:var(--brd);border-radius:3px;overflow:hidden;margin-bottom:6px"><div style="height:100%;background:#27ae60;border-radius:3px;width:100%;transition:width .3s"></div></div>
  <div style="font-size:13px;color:var(--mut)">1 of 1 items complete</div>
</div>
<div cla
  ✓  823 [chromium] › tests/workflows.spec.js:1774:3 › Read-only after submit › submitted checklist fields are not interactive [RUN-09 FLD-R1] (6.0s)
[2m[WebServer] [22m{"time":"2026-09-04T21:30:09.333981-04:00","level":"ERROR","msg":"GetManagerHires failed","error":"query assigned templates for hire 9849b405-3bc4-4f68-9ba1-98f98ab52d7d: context canceled"}
[2m[WebServer] [22m{"time":"2026-09-04T21:30:09.565413-04:00","level":"ERROR","msg":"myChecklists error","error":"iterate responses: context canceled"}
[2m[WebServer] [22m{"time":"2026-09-04T21:30:09.572972-04:00","level":"ERROR","msg":"listTemplates error","error":"list assignments: context canceled"}
[2m[WebServer] [22m{"time":"2026-09-04T21:30:09.574325-04:00","level":"ERROR","msg":"myChecklists error","error":"iterate templates: context canceled"}
[2m[WebServer] [22m{"time":"2026-09-04T21:30:09.576443-04:00","level":"ERROR","msg":"listTemplates error","error":"list templates: context canceled"}
[2m[WebServer] [22m{"time":"2026-09-04T21:30:09.597223-04:00","level":"INFO","msg":"client log","level":"ERROR","message":"loadMyChecklists error: Failed to fetch\nTypeError: Failed to fetch\n    at api (http://localhost:3106/sync.js:24:21)\n    at loadMyChecklists (http://localhost:3106/workflows.html:631:24)\n    at show (http://localhost:3106/workflows.html:3836:5)\n    at init (http://localhost:3106/workflows.html:3917:5)","user":"Jamal C. (jamal@yumyums.kitchen)","page":"/workflows.html","ua":"Mozilla/5.0 (Macintosh; Intel Mac OS X 10_15_7) AppleWebKit/537.36 (KHTML, like Gecko) HeadlessChrome/147.0.7727.15 Safa"}
[2m[WebServer] [22m{"time":"2026-09-04T21:30:09.599672-04:00","level":"INFO","msg":"client log","level":"ERROR","message":"loadMyChecklists error: Failed to fetch\nTypeError: Failed to fetch\n    at api (http://localhost:3106/sync.js:24:21)\n    at loadMyChecklists (http://localhost:3106/workflows.html:631:24)\n    at applyOp (http://localhost:3106/sync.js:566:7)\n    at _ws.onmessage (http://localhost:3106/sync.js:275:7)","user":"Jamal C. (jamal@yumyums.kitchen)","page":"/workflows.html","ua":"Mozilla/5.0 (Macintosh; Intel Mac OS X 10_15_7) AppleWebKit/537.36 (KHTML, like Gecko) HeadlessChrome/147.0.7727.15 Safa"}
[2m[WebServer] [22m{"time":"2026-09-04T21:30:10.366791-04:00","level":"INFO","msg":"op handler received op","op_type":"SET_FIELD","entity_id":"e61c2850-d3ba-4bb1-83b3-e7567b795214","device_id":"211d3609-8f4b-4ed2-b331-6b1c64c63bdd","lamport_ts":1788571130003}
  ✓  824 [chromium] › tests/workflows.spec.js:1834:3 › Read-only after submit › a no-approval checklist stays submitted and read-only across a reload [RUN-09b] (7.2s)
[2m[WebServer] [22m{"time":"2026-09-04T21:30:16.566752-04:00","level":"ERROR","msg":"GetManagerHires failed","error":"iterate assigned templates for hire 14c11b75-a485-46c7-9ce9-0a8dcd7a24bc: context canceled"}
[2m[WebServer] [22m{"time":"2026-09-04T21:30:16.860787-04:00","level":"ERROR","msg":"listTemplates error","error":"iterate fields: context canceled"}
[2m[WebServer] [22m{"time":"2026-09-04T21:30:16.865912-04:00","level":"ERROR","msg":"myChecklists error","error":"iterate rejections: context canceled"}
[2m[WebServer] [22m{"time":"2026-09-04T21:30:16.897847-04:00","level":"INFO","msg":"client log","level":"ERROR","message":"loadMyChecklists error: Failed to fetch\nTypeError: Failed to fetch\n    at api (http://localhost:3106/sync.js:24:21)\n    at loadMyChecklists (http://localhost:3106/workflows.html:631:24)\n    at applyOp (http://localhost:3106/sync.js:566:7)\n    at _ws.onmessage (http://localhost:3106/sync.js:275:7)","user":"Jamal C. (jamal@yumyums.kitchen)","page":"/workflows.html","ua":"Mozilla/5.0 (Macintosh; Intel Mac OS X 10_15_7) AppleWebKit/537.36 (KHTML, like Gecko) HeadlessChrome/147.0.7727.15 Safa"}
[2m[WebServer] [22m{"time":"2026-09-04T21:30:16.899379-04:00","level":"INFO","msg":"client log","level":"ERROR","message":"loadMyChecklists error: Failed to fetch\nTypeError: Failed to fetch\n    at api (http://localhost:3106/sync.js:24:21)\n    at loadMyChecklists (http://localhost:3106/workflows.html:631:24)\n    at show (http://localhost:3106/workflows.html:3836:5)\n    at init (http://localhost:3106/workflows.html:3917:5)","user":"Jamal C. (jamal@yumyums.kitchen)","page":"/workflows.html","ua":"Mozilla/5.0 (Macintosh; Intel Mac OS X 10_15_7) AppleWebKit/537.36 (KHTML, like Gecko) HeadlessChrome/147.0.7727.15 Safa"}
[2m[WebServer] [22m{"time":"2026-09-04T21:30:17.651989-04:00","level":"INFO","msg":"op handler received op","op_type":"SET_FIELD","entity_id":"a59f0854-c01b-4ad1-8f33-395753822a35","device_id":"7d5691a5-ecd4-4087-b097-9a823a643678","lamport_ts":1788571130005}
  ✓  825 [chromium] › tests/workflows.spec.js:1905:3 › Read-only after submit › a no-approval submitted checklist RENDERS as submitted — list badge + read-only runner, optimistic and after reload [RUN-09c] (5.8s)
[2m[WebServer] [22m{"time":"2026-09-04T21:30:22.420267-04:00","level":"ERROR","msg":"GetManagerHires failed","error":"query assigned templates for hire 6b3f459c-c422-4368-a62e-520c2c9fcd91: context canceled"}
[2m[WebServer] [22m{"time":"2026-09-04T21:30:22.654303-04:00","level":"ERROR","msg":"listTemplates error","error":"iterate fields: context canceled"}
[2m[WebServer] [22m{"time":"2026-09-04T21:30:22.654755-04:00","level":"ERROR","msg":"myChecklists error","error":"iterate rejections: context canceled"}
  ✓  826 [chromium] › tests/workflows.spec.js:1998:3 › Loading states › skeleton screens show during load [GLB-09] (532ms)
[2m[WebServer] [22m{"time":"2026-09-04T21:30:22.957079-04:00","level":"ERROR","msg":"GetManagerHires failed","error":"query assigned templates for hire 9849b405-3bc4-4f68-9ba1-98f98ab52d7d: context canceled"}
[2m[WebServer] [22m{"time":"2026-09-04T21:30:23.166661-04:00","level":"ERROR","msg":"listTemplates error","error":"list schedules: context canceled"}
[2m[WebServer] [22m{"time":"2026-09-04T21:30:23.16725-04:00","level":"ERROR","msg":"myChecklists error","error":"iterate rejections: context canceled"}
  ✓  827 [chromium] › tests/workflows.spec.js:2007:3 › Loading states › workflows page loads and shows tabs [GLB-02] (500ms)
[2m[WebServer] [22m{"time":"2026-09-04T21:30:23.601958-04:00","level":"ERROR","msg":"GetManagerHires failed","error":"iterate assigned templates for hire a9163051-215c-4954-9a8b-9c8b3d51c8c9: context canceled"}
[2m[WebServer] [22m{"time":"2026-09-04T21:30:23.784636-04:00","level":"ERROR","msg":"GetManagerHires failed","error":"iterate assigned templates for hire 6b3f459c-c422-4368-a62e-520c2c9fcd91: context canceled"}
[2m[WebServer] [22m{"time":"2026-09-04T21:30:25.265029-04:00","level":"INFO","msg":"op handler received op","op_type":"SET_FIELD","entity_id":"d80e5f63-9852-4cff-a593-3d00e9b21f92","device_id":"e5eb47ae-d61f-45d9-854f-52025cd5ddc4","lamport_ts":1788571130007}
[2m[WebServer] [22m{"time":"2026-09-04T21:30:26.886541-04:00","level":"ERROR","msg":"listTemplates error","error":"iterate schedules: context canceled"}
[2m[WebServer] [22m{"time":"2026-09-04T21:30:26.891321-04:00","level":"ERROR","msg":"listTemplates error","error":"iterate templates: context canceled"}
[2m[WebServer] [22m{"time":"2026-09-04T21:30:27.069335-04:00","level":"ERROR","msg":"RequirePermission grant lookup failed","error":"context canceled","grant":"onboarding","user_id":"93485063-fcda-4c62-9e27-9b5476a297f6"}
  ✓  828 [chromium] › tests/workflows.spec.js:2015:3 › Loading states › checklist progress is shared across team members [LC-04] (4.3s)
[2m[WebServer] [22m{"time":"2026-09-04T21:30:27.887965-04:00","level":"ERROR","msg":"GetManagerHires failed","error":"query assigned templates for hire 638927fd-b362-49fc-840c-6e6af0d138cb: context canceled"}
[2m[WebServer] [22m{"time":"2026-09-04T21:30:28.089499-04:00","level":"ERROR","msg":"GetManagerHires failed","error":"iterate assigned templates for hire 6b3f459c-c422-4368-a62e-520c2c9fcd91: context canceled"}
[2m[WebServer] [22m{"time":"2026-09-04T21:30:28.248048-04:00","level":"ERROR","msg":"RequirePermission grant lookup failed","error":"context canceled","grant":"onboarding","user_id":"019e4574-c309-4a6e-a73a-8113da12c657"}
[2m[WebServer] [22m{"time":"2026-09-04T21:30:29.21581-04:00","level":"INFO","msg":"op handler received op","op_type":"SET_FIELD","entity_id":"deae4b0b-962c-4e97-a265-b2b919cb250b","device_id":"c3b185e7-c46a-4f6e-9b43-60146f1f0637","lamport_ts":1788571130009}
[2m[WebServer] [22m{"time":"2026-09-04T21:30:30.968873-04:00","level":"ERROR","msg":"GetManagerHires failed","error":"iterate hire overviews: context canceled"}
  ✓  829 [chromium] › tests/workflows.spec.js:2084:3 › Loading states › field attribution shows who actually checked it, not the viewer [RUN-03] (3.8s)
[2m[WebServer] [22m{"time":"2026-09-04T21:30:31.601639-04:00","level":"ERROR","msg":"GetManagerHires failed","error":"query assigned templates for hire d14ddb58-bfc7-4ca0-bffa-95504ca40f31: context canceled"}
[2m[WebServer] [22m{"time":"2026-09-04T21:30:31.777483-04:00","level":"ERROR","msg":"GetManagerHires failed","error":"iterate assigned templates for hire b4858aa5-87f1-475f-9b00-ffbc38d0bac0: context canceled"}
[2m[WebServer] [22m{"time":"2026-09-04T21:30:32.931297-04:00","level":"INFO","msg":"op handler received op","op_type":"SET_FIELD","entity_id":"d1475a6f-e3d9-4c71-b52a-76a4e0833ae1","device_id":"694258e5-4bcc-458d-9ae9-4207cab4bcaa","lamport_ts":1788571130011}
[2m[WebServer] [22m{"time":"2026-09-04T21:30:34.56191-04:00","level":"ERROR","msg":"listTemplates error","error":"iterate assignments: context canceled"}
[2m[WebServer] [22m{"time":"2026-09-04T21:30:34.717587-04:00","level":"ERROR","msg":"RequirePermission grant lookup failed","error":"context canceled","grant":"onboarding","user_id":"85f340ac-89a8-4bc2-8762-efb676d5d841"}
[2m[WebServer] [22m{"time":"2026-09-04T21:30:35.504749-04:00","level":"INFO","msg":"op handler received op","op_type":"SET_FIELD","entity_id":"d1475a6f-e3d9-4c71-b52a-76a4e0833ae1","device_id":"65abeac6-e46b-43fa-b17a-9502e76d0edf","lamport_ts":1788571130013}
[2m[WebServer] [22m{"time":"2026-09-04T21:30:36.018077-04:00","level":"INFO","msg":"op handler received op","op_type":"SET_FIELD","entity_id":"d1475a6f-e3d9-4c71-b52a-76a4e0833ae1","device_id":"65abeac6-e46b-43fa-b17a-9502e76d0edf","lamport_ts":1788571130015}
  ✓  830 [chromium] › tests/workflows.spec.js:2145:3 › Loading states › re-checking a field updates attribution to the new user [RUN-03] (4.9s)
[2m[WebServer] [22m{"time":"2026-09-04T21:30:36.538931-04:00","level":"ERROR","msg":"GetManagerHires failed","error":"iterate assigned templates for hire 59a9e669-ef67-4977-9025-4347072eb111: context canceled"}
[2m[WebServer] [22m{"time":"2026-09-04T21:30:36.720145-04:00","level":"ERROR","msg":"GetManagerHires failed","error":"iterate assigned templates for hire 6b3f459c-c422-4368-a62e-520c2c9fcd91: context canceled"}
[2m[WebServer] [22m{"time":"2026-09-04T21:30:38.164387-04:00","level":"INFO","msg":"op handler received op","op_type":"SET_FIELD","entity_id":"167c1b7b-945c-4c30-96d0-fa784903d25c","device_id":"8d22303f-2bef-40eb-a6cb-783c734bfec2","lamport_ts":1788571130017}
[2m[WebServer] [22m{"time":"2026-09-04T21:30:39.775382-04:00","level":"ERROR","msg":"listTemplates error","error":"iterate sections: context canceled"}
[2m[WebServer] [22m{"time":"2026-09-04T21:30:39.7875-04:00","level":"ERROR","msg":"listTemplates error","error":"iterate schedules: context canceled"}
[2m[WebServer] [22m{"time":"2026-09-04T21:30:39.934811-04:00","level":"ERROR","msg":"RequirePermission grant lookup failed","error":"context canceled","grant":"onboarding","user_id":"61acf388-ba00-4cd0-aa9b-b7914e3b9964"}
[2m[WebServer] [22m{"time":"2026-09-04T21:30:40.738856-04:00","level":"INFO","msg":"op handler received op","op_type":"SET_FIELD","entity_id":"167c1b7b-945c-4c30-96d0-fa784903d25c","device_id":"d54c049b-42e6-4625-aae9-6434a793b6eb","lamport_ts":1788571130019}
  ✓  831 [chromium] › tests/workflows.spec.js:2216:3 › Loading states › yes/no field attribution updates when different user answers [RUN-03] (4.7s)
[2m[WebServer] [22m{"time":"2026-09-04T21:30:41.286846-04:00","level":"ERROR","msg":"GetManagerHires failed","error":"iterate assigned templates for hire d14ddb58-bfc7-4ca0-bffa-95504ca40f31: context canceled"}
[2m[WebServer] [22m{"time":"2026-09-04T21:30:41.435155-04:00","level":"ERROR","msg":"GetManagerHires failed","error":"iterate hire overviews: context canceled"}
[2m[WebServer] [22m{"time":"2026-09-04T21:30:41.651249-04:00","level":"ERROR","msg":"listTemplates error","error":"iterate sections: context canceled"}
[2m[WebServer] [22m{"time":"2026-09-04T21:30:41.654181-04:00","level":"ERROR","msg":"myChecklists error","error":"iterate responses: context canceled"}
[2m[WebServer] [22m{"time":"2026-09-04T21:30:41.677448-04:00","level":"INFO","msg":"client log","level":"ERROR","message":"loadMyChecklists error: Failed to fetch\nTypeError: Failed to fetch\n    at api (http://localhost:3106/sync.js:24:21)\n    at loadMyChecklists (http://localhost:3106/workflows.html:631:24)\n    at show (http://localhost:3106/workflows.html:3836:5)\n    at init (http://localhost:3106/workflows.html:3917:5)","user":"Jamal C. (jamal@yumyums.kitchen)","page":"/workflows.html","ua":"Mozilla/5.0 (Macintosh; Intel Mac OS X 10_15_7) AppleWebKit/537.36 (KHTML, like Gecko) HeadlessChrome/147.0.7727.15 Safa"}
[2m[WebServer] [22m{"time":"2026-09-04T21:30:44.467552-04:00","level":"INFO","msg":"op handler received op","op_type":"SET_FIELD","entity_id":"e9a4af3c-bd4f-41cd-98d2-dd904baab8d1","device_id":"28120fd4-557a-48e2-b227-5e95543093cb","lamport_ts":1788571130021}
[2m[WebServer] [22m{"time":"2026-09-04T21:30:46.98254-04:00","level":"INFO","msg":"op handler received op","op_type":"SET_FIELD","entity_id":"e9a4af3c-bd4f-41cd-98d2-dd904baab8d1","device_id":"9200842c-3f01-45c9-a41b-cf48f6d87ebb","lamport_ts":1788571130023}
  ✓  832 [chromium] › tests/workflows.spec.js:2282:3 › Loading states › sub-step completion attributes parent checkbox to the user who completed it [FLD-04] (6.2s)
[2m[WebServer] [22m{"time":"2026-09-04T21:30:47.365092-04:00","level":"ERROR","msg":"GetManagerHires failed","error":"query assigned templates for hire 9849b405-3bc4-4f68-9ba1-98f98ab52d7d: context canceled"}
[2m[WebServer] [22m{"time":"2026-09-04T21:30:47.845748-04:00","level":"ERROR","msg":"myChecklists error","error":"iterate responses: context canceled"}
[2m[WebServer] [22m{"time":"2026-09-04T21:30:47.846657-04:00","level":"ERROR","msg":"pendingApprovals error","error":"get user role: context canceled"}
[2m[WebServer] [22m{"time":"2026-09-04T21:30:47.852326-04:00","level":"ERROR","msg":"cleanupOldDrafts error","error":"cleanup old drafts: context canceled"}
[2m[WebServer] [22m{"time":"2026-09-04T21:30:47.852375-04:00","level":"ERROR","msg":"myChecklists error","error":"get user role: context canceled"}
[2m[WebServer] [22m{"time":"2026-09-04T21:30:47.857815-04:00","level":"ERROR","msg":"cleanupOldDrafts error","error":"cleanup old drafts: context canceled"}
[2m[WebServer] [22m{"time":"2026-09-04T21:30:47.858006-04:00","level":"ERROR","msg":"myChecklists error","error":"get user role: context canceled"}
[2m[WebServer] [22m{"time":"2026-09-04T21:30:47.861522-04:00","level":"ERROR","msg":"listTemplates error","error":"iterate sections: context canceled"}
[2m[WebServer] [22m{"time":"2026-09-04T21:30:47.88085-04:00","level":"ERROR","msg":"myChecklists error","error":"get user role: context canceled"}
[2m[WebServer] [22m{"time":"2026-09-04T21:30:47.880884-04:00","level":"ERROR","msg":"cleanupOldDrafts error","error":"cleanup old drafts: context canceled"}
[2m[WebServer] [22m{"time":"2026-09-04T21:30:47.890544-04:00","level":"INFO","msg":"client log","level":"ERROR","message":"loadMyChecklists error: Failed to fetch\nTypeError: Failed to fetch\n    at api (http://localhost:3106/sync.js:24:21)\n    at loadMyChecklists (http://localhost:3106/workflows.html:631:24)\n    at applyOp (http://localhost:3106/sync.js:566:7)\n    at _ws.onmessage (http://localhost:3106/sync.js:275:7)","user":"Jamal C. (jamal@yumyums.kitchen)","page":"/workflows.html","ua":"Mozilla/5.0 (Macintosh; Intel Mac OS X 10_15_7) AppleWebKit/537.36 (KHTML, like Gecko) HeadlessChrome/147.0.7727.15 Safa"}
[2m[WebServer] [22m{"time":"2026-09-04T21:30:47.894324-04:00","level":"INFO","msg":"client log","level":"ERROR","message":"loadMyChecklists error: Failed to fetch\nTypeError: Failed to fetch\n    at api (http://localhost:3106/sync.js:24:21)\n    at loadMyChecklists (http://localhost:3106/workflows.html:631:24)\n    at show (http://localhost:3106/workflows.html:3836:5)\n    at init (http://localhost:3106/workflows.html:3917:5)","user":"Jamal C. (jamal@yumyums.kitchen)","page":"/workflows.html","ua":"Mozilla/5.0 (Macintosh; Intel Mac OS X 10_15_7) AppleWebKit/537.36 (KHTML, like Gecko) HeadlessChrome/147.0.7727.15 Safa"}
[2m[WebServer] [22m{"time":"2026-09-04T21:30:47.894432-04:00","level":"INFO","msg":"client log","level":"ERROR","message":"loadMyChecklists error: Failed to fetch\nTypeError: Failed to fetch\n    at api (http://localhost:3106/sync.js:24:21)\n    at loadMyChecklists (http://localhost:3106/workflows.html:631:24)\n    at applyOp (http://localhost:3106/sync.js:566:7)\n    at _ws.onmessage (http://localhost:3106/sync.js:275:7)","user":"Jamal C. (jamal@yumyums.kitchen)","page":"/workflows.html","ua":"Mozilla/5.0 (Macintosh; Intel Mac OS X 10_15_7) AppleWebKit/537.36 (KHTML, like Gecko) HeadlessChrome/147.0.7727.15 Safa"}
[2m[WebServer] [22m{"time":"2026-09-04T21:30:47.900159-04:00","level":"INFO","msg":"client log","level":"ERROR","message":"loadMyChecklists error: Failed to fetch\nTypeError: Failed to fetch\n    at api (http://localhost:3106/sync.js:24:21)\n    at loadMyChecklists (http://localhost:3106/workflows.html:631:24)\n    at applyOp (http://localhost:3106/sync.js:566:7)\n    at _ws.onmessage (http://localhost:3106/sync.js:275:7)","user":"Jamal C. (jamal@yumyums.kitchen)","page":"/workflows.html","ua":"Mozilla/5.0 (Macintosh; Intel Mac OS X 10_15_7) AppleWebKit/537.36 (KHTML, like Gecko) HeadlessChrome/147.0.7727.15 Safa"}
[2m[WebServer] [22m{"time":"2026-09-04T21:30:47.907522-04:00","level":"INFO","msg":"client log","level":"ERROR","message":"loadMyChecklists error: Failed to fetch\nTypeError: Failed to fetch\n    at api (http://localhost:3106/sync.js:24:21)\n    at loadMyChecklists (http://localhost:3106/workflows.html:631:24)\n    at applyOp (http://localhost:3106/sync.js:566:7)\n    at _ws.onmessage (http://localhost:3106/sync.js:275:7)","user":"Jamal C. (jamal@yumyums.kitchen)","page":"/workflows.html","ua":"Mozilla/5.0 (Macintosh; Intel Mac OS X 10_15_7) AppleWebKit/537.36 (KHTML, like Gecko) HeadlessChrome/147.0.7727.15 Safa"}
[2m[WebServer] [22m{"time":"2026-09-04T21:30:47.908971-04:00","level":"INFO","msg":"client log","level":"ERROR","message":"loadMyChecklists error: Failed to fetch\nTypeError: Failed to fetch\n    at api (http://localhost:3106/sync.js:24:21)\n    at loadMyChecklists (http://localhost:3106/workflows.html:631:24)\n    at applyOp (http://localhost:3106/sync.js:566:7)\n    at _ws.onmessage (http://localhost:3106/sync.js:275:7)","user":"Jamal C. (jamal@yumyums.kitchen)","page":"/workflows.html","ua":"Mozilla/5.0 (Macintosh; Intel Mac OS X 10_15_7) AppleWebKit/537.36 (KHTML, like Gecko) HeadlessChrome/147.0.7727.15 Safa"}
[2m[WebServer] [22m{"time":"2026-09-04T21:30:47.909333-04:00","level":"INFO","msg":"client log","level":"ERROR","message":"loadMyChecklists error: Failed to fetch\nTypeError: Failed to fetch\n    at api (http://localhost:3106/sync.js:24:21)\n    at loadMyChecklists (http://localhost:3106/workflows.html:631:24)\n    at applyOp (http://localhost:3106/sync.js:566:7)\n    at _ws.onmessage (http://localhost:3106/sync.js:275:7)","user":"Jamal C. (jamal@yumyums.kitchen)","page":"/workflows.html","ua":"Mozilla/5.0 (Macintosh; Intel Mac OS X 10_15_7) AppleWebKit/537.36 (KHTML, like Gecko) HeadlessChrome/147.0.7727.15 Safa"}
[2m[WebServer] [22m{"time":"2026-09-04T21:30:48.63483-04:00","level":"INFO","msg":"op handler received op","op_type":"SET_FIELD","entity_id":"ee1b436b-2858-485c-8ea2-815bd60a3de8","device_id":"f9385a97-c732-4598-9390-f32978445bbd","lamport_ts":1788571130025}
  ✓  833 [chromium] › tests/workflows.spec.js:2362:3 › Loading states › sub-step attribution appears before divider line [FLD-03 FLD-04] (1.7s)
[2m[WebServer] [22m{"time":"2026-09-04T21:30:49.033288-04:00","level":"ERROR","msg":"GetManagerHires failed","error":"query assigned templates for hire 9849b405-3bc4-4f68-9ba1-98f98ab52d7d: context canceled"}
[2m[WebServer] [22m{"time":"2026-09-04T21:30:49.297509-04:00","level":"ERROR","msg":"myChecklists error","error":"iterate fail notes: context canceled"}
[2m[WebServer] [22m{"time":"2026-09-04T21:30:49.300393-04:00","level":"ERROR","msg":"listTemplates error","error":"iterate fields: context canceled"}
[2m[WebServer] [22m{"time":"2026-09-04T21:30:49.331431-04:00","level":"INFO","msg":"client log","level":"ERROR","message":"loadMyChecklists error: Failed to fetch\nTypeError: Failed to fetch\n    at api (http://localhost:3106/sync.js:24:21)\n    at loadMyChecklists (http://localhost:3106/workflows.html:631:24)\n    at applyOp (http://localhost:3106/sync.js:566:7)\n    at _ws.onmessage (http://localhost:3106/sync.js:275:7)","user":"Jamal C. (jamal@yumyums.kitchen)","page":"/workflows.html","ua":"Mozilla/5.0 (Macintosh; Intel Mac OS X 10_15_7) AppleWebKit/537.36 (KHTML, like Gecko) HeadlessChrome/147.0.7727.15 Safa"}
[2m[WebServer] [22m{"time":"2026-09-04T21:30:49.335172-04:00","level":"INFO","msg":"client log","level":"ERROR","message":"loadMyChecklists error: Failed to fetch\nTypeError: Failed to fetch\n    at api (http://localhost:3106/sync.js:24:21)\n    at loadMyChecklists (http://localhost:3106/workflows.html:631:24)\n    at show (http://localhost:3106/workflows.html:3836:5)\n    at init (http://localhost:3106/workflows.html:3917:5)","user":"Jamal C. (jamal@yumyums.kitchen)","page":"/workflows.html","ua":"Mozilla/5.0 (Macintosh; Intel Mac OS X 10_15_7) AppleWebKit/537.36 (KHTML, like Gecko) HeadlessChrome/147.0.7727.15 Safa"}
[2m[WebServer] [22m{"time":"2026-09-04T21:30:50.451299-04:00","level":"INFO","msg":"op handler received op","op_type":"SET_FIELD","entity_id":"a624c73a-c2e8-4437-9d5f-928f28d7241b","device_id":"e1690975-4acb-4a18-8a65-5d6e476c2c27","lamport_ts":1788571130027}
  ✓  834 [chromium] › tests/workflows.spec.js:2406:3 › Loading states › sub-steps visible in read-only submitted view [FLD-R2] (5.1s)
[2m[WebServer] [22m{"time":"2026-09-04T21:30:54.148257-04:00","level":"ERROR","msg":"GetManagerHires failed","error":"iterate assigned templates for hire 14c11b75-a485-46c7-9ce9-0a8dcd7a24bc: context canceled"}
[2m[WebServer] [22m{"time":"2026-09-04T21:30:54.408561-04:00","level":"ERROR","msg":"listTemplates error","error":"iterate fields: context canceled"}
[2m[WebServer] [22m{"time":"2026-09-04T21:30:54.408889-04:00","level":"ERROR","msg":"myChecklists error","error":"iterate responses: context canceled"}
[2m[WebServer] [22m{"time":"2026-09-04T21:30:54.428938-04:00","level":"INFO","msg":"client log","level":"ERROR","message":"loadMyChecklists error: Failed to fetch\nTypeError: Failed to fetch\n    at api (http://localhost:3106/sync.js:24:21)\n    at loadMyChecklists (http://localhost:3106/workflows.html:631:24)\n    at show (http://localhost:3106/workflows.html:3836:5)\n    at init (http://localhost:3106/workflows.html:3917:5)","user":"Jamal C. (jamal@yumyums.kitchen)","page":"/workflows.html","ua":"Mozilla/5.0 (Macintosh; Intel Mac OS X 10_15_7) AppleWebKit/537.36 (KHTML, like Gecko) HeadlessChrome/147.0.7727.15 Safa"}
[2m[WebServer] [22m{"time":"2026-09-04T21:30:54.44237-04:00","level":"INFO","msg":"client log","level":"ERROR","message":"loadMyChecklists error: Failed to fetch\nTypeError: Failed to fetch\n    at api (http://localhost:3106/sync.js:24:21)\n    at loadMyChecklists (http://localhost:3106/workflows.html:631:24)\n    at applyOp (http://localhost:3106/sync.js:566:7)\n    at _ws.onmessage (http://localhost:3106/sync.js:275:7)","user":"Jamal C. (jamal@yumyums.kitchen)","page":"/workflows.html","ua":"Mozilla/5.0 (Macintosh; Intel Mac OS X 10_15_7) AppleWebKit/537.36 (KHTML, like Gecko) HeadlessChrome/147.0.7727.15 Safa"}
[2m[WebServer] [22m{"time":"2026-09-04T21:30:55.555145-04:00","level":"INFO","msg":"op handler received op","op_type":"SET_FIELD","entity_id":"ddc7a12f-38e0-4e8d-9410-2868b57367a6","device_id":"c07edfd3-795a-4d0d-960a-c3e81bfadf0b","lamport_ts":1788571130029}
  ✓  835 [chromium] › tests/workflows.spec.js:2457:3 › Loading states › sub-steps visible in approvals review tab [APR-05] (5.0s)
[2m[WebServer] [22m{"time":"2026-09-04T21:30:59.132614-04:00","level":"ERROR","msg":"GetManagerHires failed","error":"query assigned templates for hire 9849b405-3bc4-4f68-9ba1-98f98ab52d7d: context canceled"}
[2m[WebServer] [22m{"time":"2026-09-04T21:30:59.422385-04:00","level":"ERROR","msg":"myChecklists error","error":"list responses: context canceled"}
[2m[WebServer] [22m{"time":"2026-09-04T21:30:59.42288-04:00","level":"ERROR","msg":"listTemplates error","error":"iterate sections: context canceled"}
[2m[WebServer] [22m{"time":"2026-09-04T21:30:59.426541-04:00","level":"ERROR","msg":"listTemplates error","error":"iterate templates: context canceled"}
[2m[WebServer] [22m{"time":"2026-09-04T21:30:59.431922-04:00","level":"INFO","msg":"client log","level":"ERROR","message":"loadMyChecklists error: Failed to fetch\nTypeError: Failed to fetch\n    at api (http://localhost:3106/sync.js:24:21)\n    at loadMyChecklists (http://localhost:3106/workflows.html:631:24)\n    at applyOp (http://localhost:3106/sync.js:566:7)\n    at _ws.onmessage (http://localhost:3106/sync.js:275:7)","user":"Jamal C. (jamal@yumyums.kitchen)","page":"/workflows.html","ua":"Mozilla/5.0 (Macintosh; Intel Mac OS X 10_15_7) AppleWebKit/537.36 (KHTML, like Gecko) HeadlessChrome/147.0.7727.15 Safa"}
[2m[WebServer] [22m{"time":"2026-09-04T21:30:59.453074-04:00","level":"INFO","msg":"client log","level":"ERROR","message":"loadMyChecklists error: Failed to fetch\nTypeError: Failed to fetch\n    at api (http://localhost:3106/sync.js:24:21)\n    at loadMyChecklists (http://localhost:3106/workflows.html:631:24)\n    at show (http://localhost:3106/workflows.html:3836:5)\n    at init (http://localhost:3106/workflows.html:3917:5)","user":"Jamal C. (jamal@yumyums.kitchen)","page":"/workflows.html","ua":"Mozilla/5.0 (Macintosh; Intel Mac OS X 10_15_7) AppleWebKit/537.36 (KHTML, like Gecko) HeadlessChrome/147.0.7727.15 Safa"}
  ✓  836 [chromium] › tests/workflows.spec.js:2508:3 › Loading states › list view item count matches runner count with conditional fields [LST-05] (943ms)
[2m[WebServer] [22m{"time":"2026-09-04T21:31:00.110661-04:00","level":"ERROR","msg":"GetManagerHires failed","error":"iterate hire overviews: context canceled"}
[2m[WebServer] [22m{"time":"2026-09-04T21:31:01.724258-04:00","level":"ERROR","msg":"listTemplates error","error":"iterate sections: context canceled"}
[2m[WebServer] [22m{"time":"2026-09-04T21:31:01.729624-04:00","level":"ERROR","msg":"listTemplates error","error":"iterate sections: context canceled"}
[2m[WebServer] [22m{"time":"2026-09-04T21:31:01.732583-04:00","level":"ERROR","msg":"listTemplates error","error":"iterate templates: context canceled"}
[2m[WebServer] [22m{"time":"2026-09-04T21:31:01.739497-04:00","level":"ERROR","msg":"listTemplates error","error":"iterate sections: context canceled"}
[2m[WebServer] [22m{"time":"2026-09-04T21:31:02.538754-04:00","level":"INFO","msg":"op handler received op","op_type":"SET_FIELD","entity_id":"527ec48f-edb8-4ee9-b32f-7f2938cd064a","device_id":"b33c14fd-a488-466f-80f1-3d03ce14cf83","lamport_ts":1788571130031}
  ✓  837 [chromium] › tests/workflows.spec.js:2548:3 › Loading states › conditional field appears after dependent checkbox is checked [VIS-06] (2.8s)
[2m[WebServer] [22m{"time":"2026-09-04T21:31:02.999512-04:00","level":"ERROR","msg":"GetManagerHires failed","error":"iterate assigned templates for hire 9849b405-3bc4-4f68-9ba1-98f98ab52d7d: context canceled"}
[2m[WebServer] [22m{"time":"2026-09-04T21:31:04.377775-04:00","level":"ERROR","msg":"listTemplates error","error":"iterate schedules: context canceled"}
[2m[WebServer] [22m{"time":"2026-09-04T21:31:04.384281-04:00","level":"ERROR","msg":"listTemplates error","error":"iterate sections: context canceled"}
[2m[WebServer] [22m{"time":"2026-09-04T21:31:04.399416-04:00","level":"ERROR","msg":"listTemplates error","error":"iterate sections: context canceled"}
[2m[WebServer] [22m{"time":"2026-09-04T21:31:04.401866-04:00","level":"ERROR","msg":"listTemplates error","error":"iterate templates: context canceled"}
[2m[WebServer] [22m{"time":"2026-09-04T21:31:05.177794-04:00","level":"INFO","msg":"op handler received op","op_type":"SET_FIELD","entity_id":"9bf2ed3d-9805-4dd7-9ae5-71e4ccbc3863","device_id":"1f19d8f3-a387-4192-96af-4d4b2af58b6d","lamport_ts":1788571130033}
  ✓  838 [chromium] › tests/workflows.spec.js:2600:3 › Loading states › conditional field appears after dependent text field is filled [VIS-07] (2.6s)
[2m[WebServer] [22m{"time":"2026-09-04T21:31:05.598388-04:00","level":"ERROR","msg":"GetManagerHires failed","error":"query assigned templates for hire 9849b405-3bc4-4f68-9ba1-98f98ab52d7d: context canceled"}
[2m[WebServer] [22m{"time":"2026-09-04T21:31:05.893394-04:00","level":"ERROR","msg":"myChecklists error","error":"iterate fail notes: context canceled"}
[2m[WebServer] [22m{"time":"2026-09-04T21:31:05.898107-04:00","level":"ERROR","msg":"listTemplates error","error":"iterate sections: context canceled"}
[2m[WebServer] [22m{"time":"2026-09-04T21:31:05.900576-04:00","level":"INFO","msg":"client log","level":"ERROR","message":"loadMyChecklists error: Failed to fetch\nTypeError: Failed to fetch\n    at api (http://localhost:3106/sync.js:24:21)\n    at loadMyChecklists (http://localhost:3106/workflows.html:631:24)\n    at applyOp (http://localhost:3106/sync.js:566:7)\n    at _ws.onmessage (http://localhost:3106/sync.js:275:7)","user":"Jamal C. (jamal@yumyums.kitchen)","page":"/workflows.html","ua":"Mozilla/5.0 (Macintosh; Intel Mac OS X 10_15_7) AppleWebKit/537.36 (KHTML, like Gecko) HeadlessChrome/147.0.7727.15 Safa"}
[2m[WebServer] [22m{"time":"2026-09-04T21:31:05.913079-04:00","level":"INFO","msg":"client log","level":"ERROR","message":"loadMyChecklists error: Failed to fetch\nTypeError: Failed to fetch\n    at api (http://localhost:3106/sync.js:24:21)\n    at loadMyChecklists (http://localhost:3106/workflows.html:631:24)\n    at show (http://localhost:3106/workflows.html:3836:5)\n    at init (http://localhost:3106/workflows.html:3917:5)","user":"Jamal C. (jamal@yumyums.kitchen)","page":"/workflows.html","ua":"Mozilla/5.0 (Macintosh; Intel Mac OS X 10_15_7) AppleWebKit/537.36 (KHTML, like Gecko) HeadlessChrome/147.0.7727.15 Safa"}
[2m[WebServer] [22m{"time":"2026-09-04T21:31:06.698972-04:00","level":"INFO","msg":"op handler received op","op_type":"SET_FIELD","entity_id":"5375af26-ee2e-4880-b597-6de4b1c01aac","device_id":"1d9b7d90-1c2c-4637-bb59-f818fb728eeb","lamport_ts":1788571130035}
[2m[WebServer] [22m{"time":"2026-09-04T21:31:09.872246-04:00","level":"ERROR","msg":"listTemplates error","error":"iterate sections: context canceled"}
[2m[WebServer] [22m{"time":"2026-09-04T21:31:09.872337-04:00","level":"ERROR","msg":"myChecklists error","error":"get user role: context canceled"}
[2m[WebServer] [22m{"time":"2026-09-04T21:31:09.872357-04:00","level":"ERROR","msg":"cleanupOldDrafts error","error":"cleanup old drafts: context canceled"}
[2m[WebServer] [22m{"time":"2026-09-04T21:31:09.88756-04:00","level":"INFO","msg":"client log","level":"ERROR","message":"loadMyChecklists error: Failed to fetch\nTypeError: Failed to fetch\n    at api (http://localhost:3106/sync.js:24:21)\n    at loadMyChecklists (http://localhost:3106/workflows.html:631:24)\n    at rerenderOpenChecklistAfterSave (http://localhost:3106/sync.js:588:53)\n    at applyOp (http://localhost:3106/sync.js:554:7)\n    at _ws.onmessage (http://localhost:3106/sync.js:275:7)","user":"Jamal C. (jamal@yumyums.kitchen)","page":"/workflows.html","ua":"Mozilla/5.0 (Macintosh; Intel Mac OS X 10_15_7) AppleWebKit/537.36 (KHTML, like Gecko) HeadlessChrome/147.0.7727.15 Safa"}
  ✓  839 [chromium] › tests/workflows.spec.js:2653:3 › Loading states › submitted responses survive template update [LC-02] (4.8s)
[2m[WebServer] [22m{"time":"2026-09-04T21:31:10.416654-04:00","level":"ERROR","msg":"GetManagerHires failed","error":"query assigned templates for hire 9849b405-3bc4-4f68-9ba1-98f98ab52d7d: context canceled"}
[2m[WebServer] [22m{"time":"2026-09-04T21:31:10.709867-04:00","level":"ERROR","msg":"listTemplates error","error":"list schedules: context canceled"}
[2m[WebServer] [22m{"time":"2026-09-04T21:31:10.713535-04:00","level":"ERROR","msg":"myChecklists error","error":"iterate responses: context canceled"}
[2m[WebServer] [22m{"time":"2026-09-04T21:31:10.719024-04:00","level":"ERROR","msg":"myChecklists error","error":"get user role: context canceled"}
[2m[WebServer] [22m{"time":"2026-09-04T21:31:10.719041-04:00","level":"ERROR","msg":"cleanupOldDrafts error","error":"cleanup old drafts: context canceled"}
[2m[WebServer] [22m{"time":"2026-09-04T21:31:10.744418-04:00","level":"INFO","msg":"client log","level":"ERROR","message":"loadMyChecklists error: Failed to fetch\nTypeError: Failed to fetch\n    at api (http://localhost:3106/sync.js:24:21)\n    at loadMyChecklists (http://localhost:3106/workflows.html:631:24)\n    at applyOp (http://localhost:3106/sync.js:566:7)\n    at _ws.onmessage (http://localhost:3106/sync.js:275:7)","user":"Jamal C. (jamal@yumyums.kitchen)","page":"/workflows.html","ua":"Mozilla/5.0 (Macintosh; Intel Mac OS X 10_15_7) AppleWebKit/537.36 (KHTML, like Gecko) HeadlessChrome/147.0.7727.15 Safa"}
[2m[WebServer] [22m{"time":"2026-09-04T21:31:10.744766-04:00","level":"INFO","msg":"client log","level":"ERROR","message":"loadMyChecklists error: Failed to fetch\nTypeError: Failed to fetch\n    at api (http://localhost:3106/sync.js:24:21)\n    at loadMyChecklists (http://localhost:3106/workflows.html:631:24)\n    at show (http://localhost:3106/workflows.html:3836:5)\n    at init (http://localhost:3106/workflows.html:3917:5)","user":"Jamal C. (jamal@yumyums.kitchen)","page":"/workflows.html","ua":"Mozilla/5.0 (Macintosh; Intel Mac OS X 10_15_7) AppleWebKit/537.36 (KHTML, like Gecko) HeadlessChrome/147.0.7727.15 Safa"}
[2m[WebServer] [22m{"time":"2026-09-04T21:31:11.501315-04:00","level":"INFO","msg":"op handler received op","op_type":"SET_FIELD","entity_id":"30481832-6afd-4948-ad08-8b8709224250","device_id":"4b9015d1-ff03-461c-94cf-20cd5d483d85","lamport_ts":1788571130037}
  ✓  840 [chromium] › tests/workflows.spec.js:2713:3 › Loading states › submitted checklist survives builder edit with assignment change [LC-02] (7.0s)
[2m[WebServer] [22m{"time":"2026-09-04T21:31:17.482519-04:00","level":"ERROR","msg":"GetManagerHires failed","error":"query assigned templates for hire 9849b405-3bc4-4f68-9ba1-98f98ab52d7d: context canceled"}
[2m[WebServer] [22m{"time":"2026-09-04T21:31:17.767907-04:00","level":"ERROR","msg":"myChecklists error","error":"iterate responses: context canceled"}
[2m[WebServer] [22m{"time":"2026-09-04T21:31:17.76924-04:00","level":"ERROR","msg":"listTemplates error","error":"iterate templates: context canceled"}
[2m[WebServer] [22m{"time":"2026-09-04T21:31:17.799046-04:00","level":"INFO","msg":"client log","level":"ERROR","message":"loadMyChecklists error: Failed to fetch\nTypeError: Failed to fetch\n    at api (http://localhost:3106/sync.js:24:21)\n    at loadMyChecklists (http://localhost:3106/workflows.html:631:24)\n    at show (http://localhost:3106/workflows.html:3836:5)\n    at init (http://localhost:3106/workflows.html:3917:5)","user":"Jamal C. (jamal@yumyums.kitchen)","page":"/workflows.html","ua":"Mozilla/5.0 (Macintosh; Intel Mac OS X 10_15_7) AppleWebKit/537.36 (KHTML, like Gecko) HeadlessChrome/147.0.7727.15 Safa"}
[2m[WebServer] [22m{"time":"2026-09-04T21:31:17.801481-04:00","level":"INFO","msg":"client log","level":"ERROR","message":"loadMyChecklists error: Failed to fetch\nTypeError: Failed to fetch\n    at api (http://localhost:3106/sync.js:24:21)\n    at loadMyChecklists (http://localhost:3106/workflows.html:631:24)\n    at applyOp (http://localhost:3106/sync.js:566:7)\n    at _ws.onmessage (http://localhost:3106/sync.js:275:7)","user":"Jamal C. (jamal@yumyums.kitchen)","page":"/workflows.html","ua":"Mozilla/5.0 (Macintosh; Intel Mac OS X 10_15_7) AppleWebKit/537.36 (KHTML, like Gecko) HeadlessChrome/147.0.7727.15 Safa"}
[2m[WebServer] [22m{"time":"2026-09-04T21:31:18.581498-04:00","level":"INFO","msg":"op handler received op","op_type":"SET_FIELD","entity_id":"6bcc90da-50c5-4f91-9220-dc5a2f0abb4a","device_id":"f023adfb-7d82-4be8-867b-165982a1e4af","lamport_ts":1788571130039}
[2m[WebServer] [22m{"time":"2026-09-04T21:31:20.750501-04:00","level":"ERROR","msg":"listTemplates error","error":"iterate sections: context canceled"}
[2m[WebServer] [22m{"time":"2026-09-04T21:31:20.750662-04:00","level":"ERROR","msg":"cleanupOldDrafts error","error":"cleanup old drafts: context canceled"}
[2m[WebServer] [22m{"time":"2026-09-04T21:31:20.75069-04:00","level":"ERROR","msg":"myChecklists error","error":"get user role: context canceled"}
[2m[WebServer] [22m{"time":"2026-09-04T21:31:20.754392-04:00","level":"INFO","msg":"client log","level":"ERROR","message":"loadMyChecklists error: Failed to fetch\nTypeError: Failed to fetch\n    at api (http://localhost:3106/sync.js:24:21)\n    at loadMyChecklists (http://localhost:3106/workflows.html:631:24)\n    at applyOp (http://localhost:3106/sync.js:566:7)\n    at _ws.onmessage (http://localhost:3106/sync.js:275:7)","user":"Jamal C. (jamal@yumyums.kitchen)","page":"/workflows.html","ua":"Mozilla/5.0 (Macintosh; Intel Mac OS X 10_15_7) AppleWebKit/537.36 (KHTML, like Gecko) HeadlessChrome/147.0.7727.15 Safa"}
  ✓  841 [chromium] › tests/workflows.spec.js:2770:3 › Loading states › draft responses survive template update (assignment change) [LC-03] (3.8s)
[2m[WebServer] [22m{"time":"2026-09-04T21:31:21.316245-04:00","level":"ERROR","msg":"GetManagerHires failed","error":"query assigned templates for hire 9849b405-3bc4-4f68-9ba1-98f98ab52d7d: context canceled"}
[2m[WebServer] [22m{"time":"2026-09-04T21:31:21.583794-04:00","level":"ERROR","msg":"myChecklists error","error":"iterate responses: context canceled"}
[2m[WebServer] [22m{"time":"2026-09-04T21:31:21.586377-04:00","level":"ERROR","msg":"myChecklists error","error":"get user role: context canceled"}
[2m[WebServer] [22m{"time":"2026-09-04T21:31:21.586521-04:00","level":"ERROR","msg":"cleanupOldDrafts error","error":"cleanup old drafts: context canceled"}
[2m[WebServer] [22m{"time":"2026-09-04T21:31:21.586827-04:00","level":"ERROR","msg":"listTemplates error","error":"iterate fields: context canceled"}
[2m[WebServer] [22m{"time":"2026-09-04T21:31:21.611424-04:00","level":"INFO","msg":"client log","level":"ERROR","message":"loadMyChecklists error: Failed to fetch\nTypeError: Failed to fetch\n    at api (http://localhost:3106/sync.js:24:21)\n    at loadMyChecklists (http://localhost:3106/workflows.html:631:24)\n    at applyOp (http://localhost:3106/sync.js:566:7)\n    at _ws.onmessage (http://localhost:3106/sync.js:275:7)","user":"Jamal C. (jamal@yumyums.kitchen)","page":"/workflows.html","ua":"Mozilla/5.0 (Macintosh; Intel Mac OS X 10_15_7) AppleWebKit/537.36 (KHTML, like Gecko) HeadlessChrome/147.0.7727.15 Safa"}
[2m[WebServer] [22m{"time":"2026-09-04T21:31:21.614042-04:00","level":"INFO","msg":"client log","level":"ERROR","message":"loadMyChecklists error: Failed to fetch\nTypeError: Failed to fetch\n    at api (http://localhost:3106/sync.js:24:21)\n    at loadMyChecklists (http://localhost:3106/workflows.html:631:24)\n    at show (http://localhost:3106/workflows.html:3836:5)\n    at init (http://localhost:3106/workflows.html:3917:5)","user":"Jamal C. (jamal@yumyums.kitchen)","page":"/workflows.html","ua":"Mozilla/5.0 (Macintosh; Intel Mac OS X 10_15_7) AppleWebKit/537.36 (KHTML, like Gecko) HeadlessChrome/147.0.7727.15 Safa"}
[2m[WebServer] [22m{"time":"2026-09-04T21:31:22.381336-04:00","level":"INFO","msg":"op handler received op","op_type":"SET_FIELD","entity_id":"e4fd12a5-99b0-4174-915b-1095b660a848","device_id":"187f353c-4cdf-44f3-a42d-31a868e8d751","lamport_ts":1788571130041}
[2m[WebServer] [22m{"time":"2026-09-04T21:31:25.639539-04:00","level":"ERROR","msg":"myChecklists error","error":"iterate responses: context canceled"}
  ✓  842 [chromium] › tests/workflows.spec.js:2824:3 › Loading states › unsubmit returns checklist to editable draft [RUN-10] (4.6s)
[2m[WebServer] [22m{"time":"2026-09-04T21:31:25.918308-04:00","level":"ERROR","msg":"GetManagerHires failed","error":"query assigned templates for hire 9849b405-3bc4-4f68-9ba1-98f98ab52d7d: context canceled"}
[2m[WebServer] [22m{"time":"2026-09-04T21:31:26.20526-04:00","level":"ERROR","msg":"myChecklists error","error":"iterate fail notes: context canceled"}
[2m[WebServer] [22m{"time":"2026-09-04T21:31:26.211977-04:00","level":"ERROR","msg":"listTemplates error","error":"iterate templates: context canceled"}
[2m[WebServer] [22m{"time":"2026-09-04T21:31:26.217686-04:00","level":"INFO","msg":"client log","level":"ERROR","message":"loadMyChecklists error: Failed to fetch\nTypeError: Failed to fetch\n    at api (http://localhost:3106/sync.js:24:21)\n    at loadMyChecklists (http://localhost:3106/workflows.html:631:24)\n    at show (http://localhost:3106/workflows.html:3836:5)\n    at init (http://localhost:3106/workflows.html:3917:5)","user":"Jamal C. (jamal@yumyums.kitchen)","page":"/workflows.html","ua":"Mozilla/5.0 (Macintosh; Intel Mac OS X 10_15_7) AppleWebKit/537.36 (KHTML, like Gecko) HeadlessChrome/147.0.7727.15 Safa"}
[2m[WebServer] [22m{"time":"2026-09-04T21:31:26.233212-04:00","level":"INFO","msg":"client log","level":"ERROR","message":"loadMyChecklists error: Failed to fetch\nTypeError: Failed to fetch\n    at api (http://localhost:3106/sync.js:24:21)\n    at loadMyChecklists (http://localhost:3106/workflows.html:631:24)\n    at applyOp (http://localhost:3106/sync.js:566:7)\n    at _ws.onmessage (http://localhost:3106/sync.js:275:7)","user":"Jamal C. (jamal@yumyums.kitchen)","page":"/workflows.html","ua":"Mozilla/5.0 (Macintosh; Intel Mac OS X 10_15_7) AppleWebKit/537.36 (KHTML, like Gecko) HeadlessChrome/147.0.7727.15 Safa"}
[2m[WebServer] [22m{"time":"2026-09-04T21:31:26.998861-04:00","level":"INFO","msg":"op handler received op","op_type":"SET_FIELD","entity_id":"89a1c232-1d6d-42db-9a62-cd974c862eee","device_id":"e84dc752-c698-4036-9249-339bc803b98c","lamport_ts":1788571130043}
  ✓  843 [chromium] › tests/workflows.spec.js:2872:3 › Loading states › incomplete submit shows confirmation prompt [GATE-06] (1.5s)
[2m[WebServer] [22m{"time":"2026-09-04T21:31:27.439314-04:00","level":"ERROR","msg":"GetManagerHires failed","error":"query assigned templates for hire 9849b405-3bc4-4f68-9ba1-98f98ab52d7d: context canceled"}
[2m[WebServer] [22m{"time":"2026-09-04T21:31:27.71445-04:00","level":"ERROR","msg":"listTemplates error","error":"iterate schedules: context canceled"}
[2m[WebServer] [22m{"time":"2026-09-04T21:31:27.718291-04:00","level":"ERROR","msg":"myChecklists error","error":"iterate rejections: context canceled"}
[2m[WebServer] [22m{"time":"2026-09-04T21:31:27.721139-04:00","level":"ERROR","msg":"listTemplates error","error":"iterate fields: context canceled"}
[2m[WebServer] [22m{"time":"2026-09-04T21:31:27.732952-04:00","level":"INFO","msg":"client log","level":"ERROR","message":"loadMyChecklists error: Failed to fetch\nTypeError: Failed to fetch\n    at api (http://localhost:3106/sync.js:24:21)\n    at loadMyChecklists (http://localhost:3106/workflows.html:631:24)\n    at show (http://localhost:3106/workflows.html:3836:5)\n    at init (http://localhost:3106/workflows.html:3917:5)","user":"Jamal C. (jamal@yumyums.kitchen)","page":"/workflows.html","ua":"Mozilla/5.0 (Macintosh; Intel Mac OS X 10_15_7) AppleWebKit/537.36 (KHTML, like Gecko) HeadlessChrome/147.0.7727.15 Safa"}
[2m[WebServer] [22m{"time":"2026-09-04T21:31:27.742125-04:00","level":"INFO","msg":"client log","level":"ERROR","message":"loadMyChecklists error: Failed to fetch\nTypeError: Failed to fetch\n    at api (http://localhost:3106/sync.js:24:21)\n    at loadMyChecklists (http://localhost:3106/workflows.html:631:24)\n    at applyOp (http://localhost:3106/sync.js:566:7)\n    at _ws.onmessage (http://localhost:3106/sync.js:275:7)","user":"Jamal C. (jamal@yumyums.kitchen)","page":"/workflows.html","ua":"Mozilla/5.0 (Macintosh; Intel Mac OS X 10_15_7) AppleWebKit/537.36 (KHTML, like Gecko) HeadlessChrome/147.0.7727.15 Safa"}
[2m[WebServer] [22m{"time":"2026-09-04T21:31:28.501376-04:00","level":"INFO","msg":"op handler received op","op_type":"SET_FIELD","entity_id":"188ca831-b81e-4712-8c05-cda1babb999d","device_id":"da3a1591-84bf-4d38-9c4c-1266ba0fcdf0","lamport_ts":1788571130045}
[2m[WebServer] [22m{"time":"2026-09-04T21:31:29.030395-04:00","level":"INFO","msg":"op handler received op","op_type":"SET_FIELD","entity_id":"188ca831-b81e-4712-8c05-cda1babb999d","device_id":"da3a1591-84bf-4d38-9c4c-1266ba0fcdf0","lamport_ts":1788571130047}
  ✓  844 [chromium] › tests/workflows.spec.js:2909:3 › Loading states › sub-step progress counts correctly in list view [LST-04] (2.0s)
[2m[WebServer] [22m{"time":"2026-09-04T21:31:29.443971-04:00","level":"ERROR","msg":"GetManagerHires failed","error":"query assigned templates for hire 9849b405-3bc4-4f68-9ba1-98f98ab52d7d: context canceled"}
[2m[WebServer] [22m{"time":"2026-09-04T21:31:29.692861-04:00","level":"ERROR","msg":"myChecklists error","error":"iterate fail notes: context canceled"}
[2m[WebServer] [22m{"time":"2026-09-04T21:31:29.695163-04:00","level":"ERROR","msg":"listTemplates error","error":"list templates: context canceled"}
[2m[WebServer] [22m{"time":"2026-09-04T21:31:29.715648-04:00","level":"INFO","msg":"client log","level":"ERROR","message":"loadMyChecklists error: Failed to fetch\nTypeError: Failed to fetch\n    at api (http://localhost:3106/sync.js:24:21)\n    at loadMyChecklists (http://localhost:3106/workflows.html:631:24)\n    at applyOp (http://localhost:3106/sync.js:566:7)\n    at _ws.onmessage (http://localhost:3106/sync.js:275:7)","user":"Jamal C. (jamal@yumyums.kitchen)","page":"/workflows.html","ua":"Mozilla/5.0 (Macintosh; Intel Mac OS X 10_15_7) AppleWebKit/537.36 (KHTML, like Gecko) HeadlessChrome/147.0.7727.15 Safa"}
[2m[WebServer] [22m{"time":"2026-09-04T21:31:29.720511-04:00","level":"INFO","msg":"client log","level":"ERROR","message":"loadMyChecklists error: Failed to fetch\nTypeError: Failed to fetch\n    at api (http://localhost:3106/sync.js:24:21)\n    at loadMyChecklists (http://localhost:3106/workflows.html:631:24)\n    at show (http://localhost:3106/workflows.html:3836:5)\n    at init (http://localhost:3106/workflows.html:3917:5)","user":"Jamal C. (jamal@yumyums.kitchen)","page":"/workflows.html","ua":"Mozilla/5.0 (Macintosh; Intel Mac OS X 10_15_7) AppleWebKit/537.36 (KHTML, like Gecko) HeadlessChrome/147.0.7727.15 Safa"}
[2m[WebServer] [22m{"time":"2026-09-04T21:31:31.001403-04:00","level":"ERROR","msg":"myChecklists error","error":"iterate responses: context canceled"}
[2m[WebServer] [22m{"time":"2026-09-04T21:31:31.003762-04:00","level":"INFO","msg":"client log","level":"ERROR","message":"loadMyChecklists error: Failed to fetch\nTypeError: Failed to fetch\n    at api (http://localhost:3106/sync.js:24:21)\n    at loadMyChecklists (http://localhost:3106/workflows.html:631:24)\n    at applyOp (http://localhost:3106/sync.js:566:7)\n    at _ws.onmessage (http://localhost:3106/sync.js:275:7)","user":"Jamal C. (jamal@yumyums.kitchen)","page":"/workflows.html","ua":"Mozilla/5.0 (Macintosh; Intel Mac OS X 10_15_7) AppleWebKit/537.36 (KHTML, like Gecko) HeadlessChrome/147.0.7727.15 Safa"}
  ✓  845 [chromium] › tests/workflows.spec.js:2951:3 › Loading states › skip logic condition persists after save and reload [BLD-07] (2.4s)
[2m[WebServer] [22m{"time":"2026-09-04T21:31:31.83761-04:00","level":"ERROR","msg":"GetManagerHires failed","error":"query assigned templates for hire 9849b405-3bc4-4f68-9ba1-98f98ab52d7d: context canceled"}
[2m[WebServer] [22m{"time":"2026-09-04T21:31:32.053853-04:00","level":"ERROR","msg":"myChecklists error","error":"iterate rejections: context canceled"}
[2m[WebServer] [22m{"time":"2026-09-04T21:31:32.071968-04:00","level":"INFO","msg":"client log","level":"ERROR","message":"loadMyChecklists error: Failed to fetch\nTypeError: Failed to fetch\n    at api (http://localhost:3106/sync.js:24:21)\n    at loadMyChecklists (http://localhost:3106/workflows.html:631:24)\n    at show (http://localhost:3106/workflows.html:3836:5)\n    at init (http://localhost:3106/workflows.html:3917:5)","user":"Jamal C. (jamal@yumyums.kitchen)","page":"/workflows.html","ua":"Mozilla/5.0 (Macintosh; Intel Mac OS X 10_15_7) AppleWebKit/537.36 (KHTML, like Gecko) HeadlessChrome/147.0.7727.15 Safa"}
[2m[WebServer] [22m{"time":"2026-09-04T21:31:32.248066-04:00","level":"ERROR","msg":"myChecklists error","error":"iterate rejections: context canceled"}
  ✓  846 [chromium] › tests/workflows.spec.js:3022:3 › Loading states › new section defaults to Same as schedule [BLD-07] (702ms)
[2m[WebServer] [22m{"time":"2026-09-04T21:31:32.545113-04:00","level":"ERROR","msg":"GetManagerHires failed","error":"iterate assigned templates for hire 14c11b75-a485-46c7-9ce9-0a8dcd7a24bc: context canceled"}
[2m[WebServer] [22m{"time":"2026-09-04T21:31:32.813896-04:00","level":"ERROR","msg":"myChecklists error","error":"iterate fail notes: context canceled"}
[2m[WebServer] [22m{"time":"2026-09-04T21:31:32.81862-04:00","level":"ERROR","msg":"listTemplates error","error":"list assignments: context canceled"}
[2m[WebServer] [22m{"time":"2026-09-04T21:31:32.834979-04:00","level":"INFO","msg":"client log","level":"ERROR","message":"loadMyChecklists error: Failed to fetch\nTypeError: Failed to fetch\n    at api (http://localhost:3106/sync.js:24:21)\n    at loadMyChecklists (http://localhost:3106/workflows.html:631:24)\n    at show (http://localhost:3106/workflows.html:3836:5)\n    at init (http://localhost:3106/workflows.html:3917:5)","user":"Jamal C. (jamal@yumyums.kitchen)","page":"/workflows.html","ua":"Mozilla/5.0 (Macintosh; Intel Mac OS X 10_15_7) AppleWebKit/537.36 (KHTML, like Gecko) HeadlessChrome/147.0.7727.15 Safa"}
[2m[WebServer] [22m{"time":"2026-09-04T21:31:33.581913-04:00","level":"INFO","msg":"op handler received op","op_type":"SET_FIELD","entity_id":"a9411352-1831-48c2-b6c8-6fb0e16e93e4","device_id":"a3091cfa-ba9c-4071-a2e1-5e61a5171ded","lamport_ts":1788571130049}
[2m[WebServer] [22m{"time":"2026-09-04T21:31:35.097701-04:00","level":"INFO","msg":"op handler received op","op_type":"SET_FIELD","entity_id":"a9411352-1831-48c2-b6c8-6fb0e16e93e4","device_id":"a3091cfa-ba9c-4071-a2e1-5e61a5171ded","lamport_ts":1788571130051}
  ✓  847 [chromium] › tests/workflows.spec.js:3048:3 › Loading states › text field in read-only view shows answer below label [FLD-R4] (4.7s)
[2m[WebServer] [22m{"time":"2026-09-04T21:31:37.331396-04:00","level":"ERROR","msg":"GetManagerHires failed","error":"iterate assigned templates for hire 3911c7ba-9088-4b69-94de-f69a6b1bf4c7: context canceled"}
  ✓  848 [chromium] › tests/workflows.spec.js:3095:3 › Loading states › team_member cannot see Builder tab [GLB-03] (1.2s)
[2m[WebServer] [22m{"time":"2026-09-04T21:31:38.607322-04:00","level":"ERROR","msg":"GetManagerHires failed","error":"query assigned templates for hire 61acf388-ba00-4cd0-aa9b-b7914e3b9964: context canceled"}
[2m[WebServer] [22m{"time":"2026-09-04T21:31:38.853106-04:00","level":"ERROR","msg":"GetManagerHires failed","error":"iterate assigned templates for hire 948f6e88-bcf9-428a-8a5a-1a7582776767: context canceled"}
[2m[WebServer] [22m{"time":"2026-09-04T21:31:38.991201-04:00","level":"ERROR","msg":"GetManagerHires failed","error":"iterate hire overviews: context canceled"}
[2m[WebServer] [22m{"time":"2026-09-04T21:31:39.122352-04:00","level":"ERROR","msg":"RequirePermission grant lookup failed","error":"context canceled","grant":"onboarding","user_id":"c3184099-1361-4179-b40b-c2efff24d885"}
[2m[WebServer] [22m{"time":"2026-09-04T21:31:40.683337-04:00","level":"INFO","msg":"op handler received op","op_type":"SET_FIELD","entity_id":"d13ecf37-2ce2-4c47-8986-8666033b8d73","device_id":"bc860b4c-a7ae-49d4-9ff3-8afc5d8e4ee8","lamport_ts":1788571130025}
[2m[WebServer] [22m{"time":"2026-09-04T21:31:41.016002-04:00","level":"INFO","msg":"op handler received op","op_type":"SET_FIELD","entity_id":"ff5d35cf-0586-4c95-bd46-8e3c89418531","device_id":"bc860b4c-a7ae-49d4-9ff3-8afc5d8e4ee8","lamport_ts":1788571130027}
[2m[WebServer] [22m{"time":"2026-09-04T21:31:41.330272-04:00","level":"INFO","msg":"op handler received op","op_type":"SET_FIELD","entity_id":"2b52f329-5d32-419f-b0eb-6e68b9349d9e","device_id":"bc860b4c-a7ae-49d4-9ff3-8afc5d8e4ee8","lamport_ts":1788571130029}
[2m[WebServer] [22m{"time":"2026-09-04T21:31:41.646998-04:00","level":"INFO","msg":"op handler received op","op_type":"SET_FIELD","entity_id":"66f8acb7-5ec7-4af2-b8fe-1f0dc2c12bac","device_id":"bc860b4c-a7ae-49d4-9ff3-8afc5d8e4ee8","lamport_ts":1788571130031}
[2m[WebServer] [22m{"time":"2026-09-04T21:31:46.555319-04:00","level":"ERROR","msg":"GetManagerHires failed","error":"iterate hire overviews: context canceled"}
[2m[WebServer] [22m{"time":"2026-09-04T21:31:47.553461-04:00","level":"ERROR","msg":"myChecklists error","error":"iterate fail notes: context canceled"}
  ✓  849 [chromium] › tests/workflows.spec.js:3242:3 › Approval Flow › team member completes checklist, manager approves [RUN-07 APR-11] (9.4s)
[2m[WebServer] [22m{"time":"2026-09-04T21:31:48.237957-04:00","level":"ERROR","msg":"GetManagerHires failed","error":"query assigned templates for hire ab8c4588-a72e-4514-bbe3-b9e1c30cfe40: context canceled"}
[2m[WebServer] [22m{"time":"2026-09-04T21:31:48.372732-04:00","level":"ERROR","msg":"GetManagerHires failed","error":"iterate hire overviews: context canceled"}
[2m[WebServer] [22m{"time":"2026-09-04T21:31:48.513042-04:00","level":"ERROR","msg":"RequirePermission grant lookup failed","error":"context canceled","grant":"onboarding","user_id":"3af4f7cb-c6ce-4cd4-8e76-55bb1dd6c77d"}
[2m[WebServer] [22m{"time":"2026-09-04T21:31:50.115263-04:00","level":"INFO","msg":"op handler received op","op_type":"SET_FIELD","entity_id":"259e466a-ec8c-4703-8754-66cae1213ebb","device_id":"41281c1b-b649-4ab3-8a50-f022ae4ead02","lamport_ts":1788571130033}
[2m[WebServer] [22m{"time":"2026-09-04T21:31:50.448146-04:00","level":"INFO","msg":"op handler received op","op_type":"SET_FIELD","entity_id":"06e708c2-6f57-4de5-aae8-420fc7e3d2e1","device_id":"41281c1b-b649-4ab3-8a50-f022ae4ead02","lamport_ts":1788571130035}
[2m[WebServer] [22m{"time":"2026-09-04T21:31:50.76589-04:00","level":"INFO","msg":"op handler received op","op_type":"SET_FIELD","entity_id":"d33a9dff-c757-4a44-8715-ea5314d57464","device_id":"41281c1b-b649-4ab3-8a50-f022ae4ead02","lamport_ts":1788571130037}
[2m[WebServer] [22m{"time":"2026-09-04T21:31:51.081373-04:00","level":"INFO","msg":"op handler received op","op_type":"SET_FIELD","entity_id":"46fbc70a-2abc-4b1a-99ec-6858487db112","device_id":"41281c1b-b649-4ab3-8a50-f022ae4ead02","lamport_ts":1788571130039}
[2m[WebServer] [22m{"time":"2026-09-04T21:31:54.154555-04:00","level":"ERROR","msg":"GetManagerHires failed","error":"iterate hire overviews: context canceled"}
[2m[WebServer] [22m{"time":"2026-09-04T21:31:55.215982-04:00","level":"ERROR","msg":"myChecklists error","error":"iterate fail notes: context canceled"}
[2m[WebServer] [22m{"time":"2026-09-04T21:31:55.221518-04:00","level":"INFO","msg":"client log","level":"ERROR","message":"loadMyChecklists error: Failed to fetch\nTypeError: Failed to fetch\n    at api (http://localhost:3106/sync.js:24:21)\n    at loadMyChecklists (http://localhost:3106/workflows.html:631:24)\n    at applyOp (http://localhost:3106/sync.js:544:7)\n    at _ws.onmessage (http://localhost:3106/sync.js:275:7)","user":"MgrR M. (MgrR-1788571908150@yumyums.kitchen)","page":"/workflows.html","ua":"Mozilla/5.0 (Macintosh; Intel Mac OS X 10_15_7) AppleWebKit/537.36 (KHTML, like Gecko) HeadlessChrome/147.0.7727.15 Safa"}
[2m[WebServer] [22m{"time":"2026-09-04T21:31:55.221674-04:00","level":"INFO","msg":"client log","level":"ERROR","message":"loadMyChecklists error: Failed to fetch\nTypeError: Failed to fetch\n    at api (http://localhost:3106/sync.js:24:21)\n    at loadMyChecklists (http://localhost:3106/workflows.html:631:24)\n    at applyOp (http://localhost:3106/sync.js:544:7)\n    at _ws.onmessage (http://localhost:3106/sync.js:275:7)","user":"MgrR M. (MgrR-1788571908150@yumyums.kitchen)","page":"/workflows.html","ua":"Mozilla/5.0 (Macintosh; Intel Mac OS X 10_15_7) AppleWebKit/537.36 (KHTML, like Gecko) HeadlessChrome/147.0.7727.15 Safa"}
[2m[WebServer] [22m{"time":"2026-09-04T21:31:57.332423-04:00","level":"INFO","msg":"op handler received op","op_type":"SET_FIELD","entity_id":"259e466a-ec8c-4703-8754-66cae1213ebb","device_id":"b509ec9d-8933-40bd-9254-1d298940c3fc","lamport_ts":1788571130044}
[2m[WebServer] [22m{"time":"2026-09-04T21:31:57.665296-04:00","level":"INFO","msg":"op handler received op","op_type":"SET_FIELD","entity_id":"06e708c2-6f57-4de5-aae8-420fc7e3d2e1","device_id":"b509ec9d-8933-40bd-9254-1d298940c3fc","lamport_ts":1788571130046}
[2m[WebServer] [22m{"time":"2026-09-04T21:32:03.038852-04:00","level":"ERROR","msg":"GetManagerHires failed","error":"query manager hires: context canceled"}
[2m[WebServer] [22m{"time":"2026-09-04T21:32:04.01745-04:00","level":"ERROR","msg":"myChecklists error","error":"iterate responses: context canceled"}
  ✓  850 [chromium] › tests/workflows.spec.js:3288:3 › Approval Flow › team member completes checklist, manager rejects 2 items, crew resubmits, manager approves [APR-09 FLD-18 LC-01] (16.5s)
[2m[WebServer] [22m{"time":"2026-09-04T21:32:04.481321-04:00","level":"ERROR","msg":"GetManagerHires failed","error":"iterate assigned templates for hire 2e633bb0-9b3f-40a2-9431-c6a8a92d49ef: context canceled"}
[2m[WebServer] [22m{"time":"2026-09-04T21:32:04.728869-04:00","level":"ERROR","msg":"GetManagerHires failed","error":"query assigned templates for hire eff1d722-8981-4c61-932b-a260eef43152: context canceled"}
[2m[WebServer] [22m{"time":"2026-09-04T21:32:04.870481-04:00","level":"ERROR","msg":"GetManagerHires failed","error":"iterate hire overviews: context canceled"}
[2m[WebServer] [22m{"time":"2026-09-04T21:32:05.002959-04:00","level":"ERROR","msg":"RequirePermission grant lookup failed","error":"context canceled","grant":"onboarding","user_id":"5c8abd44-446d-418c-b275-f71b68dbaaf7"}
[2m[WebServer] [22m{"time":"2026-09-04T21:32:06.684575-04:00","level":"INFO","msg":"op handler received op","op_type":"SET_FIELD","entity_id":"c481f983-04e4-41da-b2fe-956d7396cf0b","device_id":"10b04691-f6fd-4821-8c39-e984ff79ee4f","lamport_ts":1788571130048}
[2m[WebServer] [22m{"time":"2026-09-04T21:32:07.015303-04:00","level":"INFO","msg":"op handler received op","op_type":"SET_FIELD","entity_id":"6f7a797a-e61c-4bab-939f-40a894c1a3c1","device_id":"10b04691-f6fd-4821-8c39-e984ff79ee4f","lamport_ts":1788571130050}
[2m[WebServer] [22m{"time":"2026-09-04T21:32:07.32896-04:00","level":"INFO","msg":"op handler received op","op_type":"SET_FIELD","entity_id":"828bda2b-0ef6-4d50-b466-2633f4048e76","device_id":"10b04691-f6fd-4821-8c39-e984ff79ee4f","lamport_ts":1788571130052}
[2m[WebServer] [22m{"time":"2026-09-04T21:32:07.646621-04:00","level":"INFO","msg":"op handler received op","op_type":"SET_FIELD","entity_id":"88228db1-f6d4-4ea4-92b3-dd9ae2e40e58","device_id":"10b04691-f6fd-4821-8c39-e984ff79ee4f","lamport_ts":1788571130054}
[2m[WebServer] [22m{"time":"2026-09-04T21:32:12.555392-04:00","level":"ERROR","msg":"GetManagerHires failed","error":"iterate hire overviews: context canceled"}
[2m[WebServer] [22m{"time":"2026-09-04T21:32:13.533699-04:00","level":"ERROR","msg":"myChecklists error","error":"iterate rejections: context canceled"}
[2m[WebServer] [22m{"time":"2026-09-04T21:32:13.536863-04:00","level":"INFO","msg":"client log","level":"ERROR","message":"loadMyChecklists error: Failed to fetch\nTypeError: Failed to fetch\n    at api (http://localhost:3106/sync.js:24:21)\n    at loadMyChecklists (http://localhost:3106/workflows.html:631:24)\n    at http://localhost:3106/workflows.html:3700:7","user":"MgrAB M. (MgrAB-1788571924617@yumyums.kitchen)","page":"/workflows.html","ua":"Mozilla/5.0 (Macintosh; Intel Mac OS X 10_15_7) AppleWebKit/537.36 (KHTML, like Gecko) HeadlessChrome/147.0.7727.15 Safa"}
[2m[WebServer] [22m{"time":"2026-09-04T21:32:13.537598-04:00","level":"INFO","msg":"client log","level":"ERROR","message":"loadMyChecklists error: Failed to fetch\nTypeError: Failed to fetch\n    at api (http://localhost:3106/sync.js:24:21)\n    at loadMyChecklists (http://localhost:3106/workflows.html:631:24)\n    at applyOp (http://localhost:3106/sync.js:544:7)\n    at _ws.onmessage (http://localhost:3106/sync.js:275:7)","user":"MgrAB M. (MgrAB-1788571924617@yumyums.kitchen)","page":"/workflows.html","ua":"Mozilla/5.0 (Macintosh; Intel Mac OS X 10_15_7) AppleWebKit/537.36 (KHTML, like Gecko) HeadlessChrome/147.0.7727.15 Safa"}
  ✓  851 [chromium] › tests/workflows.spec.js:3400:3 › Approval Flow › approved checklist shows Approved badge and cannot be resubmitted [LST-08 RUN-08] (10.4s)
[2m[WebServer] [22m{"time":"2026-09-04T21:32:14.754406-04:00","level":"ERROR","msg":"GetManagerHires failed","error":"iterate hire overviews: context canceled"}
  ✓  852 [chromium] › tests/workflows.spec.js:3476:3 › Checklist submit/unsubmit/history (prove sweep) › FR-6 duplicate submit with same idempotency key creates exactly one submission [GATE-08] (794ms)
[2m[WebServer] [22m{"time":"2026-09-04T21:32:15.279915-04:00","level":"ERROR","msg":"myChecklists error","error":"iterate rejections: context canceled"}
[2m[WebServer] [22m{"time":"2026-09-04T21:32:15.596486-04:00","level":"ERROR","msg":"GetManagerHires failed","error":"query assigned templates for hire 9849b405-3bc4-4f68-9ba1-98f98ab52d7d: context canceled"}
[2m[WebServer] [22m{"time":"2026-09-04T21:32:16.48874-04:00","level":"ERROR","msg":"unsubmitChecklist error","error":"not the submitter"}
[2m[WebServer] [22m{"time":"2026-09-04T21:32:16.526659-04:00","level":"ERROR","msg":"listTemplates error","error":"iterate sections: context canceled"}
[2m[WebServer] [22m{"time":"2026-09-04T21:32:16.540304-04:00","level":"ERROR","msg":"listTemplates error","error":"iterate templates: context canceled"}
[2m[WebServer] [22m{"time":"2026-09-04T21:32:16.546287-04:00","level":"ERROR","msg":"myChecklists error","error":"iterate rejections: context canceled"}
[2m[WebServer] [22m{"time":"2026-09-04T21:32:16.56192-04:00","level":"ERROR","msg":"listTemplates error","error":"iterate templates: context canceled"}
[2m[WebServer] [22m{"time":"2026-09-04T21:32:16.56506-04:00","level":"INFO","msg":"client log","level":"ERROR","message":"loadMyChecklists error: Failed to fetch\nTypeError: Failed to fetch\n    at api (http://localhost:3106/sync.js:24:21)\n    at loadMyChecklists (http://localhost:3106/workflows.html:631:24)\n    at applyOp (http://localhost:3106/sync.js:519:7)\n    at _ws.onmessage (http://localhost:3106/sync.js:275:7)","user":"Non S. (fr7-nonsubmitter-1788571935960@yumyums.kitchen)","page":"/workflows.html","ua":"Mozilla/5.0 (Macintosh; Intel Mac OS X 10_15_7) AppleWebKit/537.36 (KHTML, like Gecko) HeadlessChrome/147.0.7727.15 Safa"}
[2m[WebServer] [22m{"time":"2026-09-04T21:32:16.579986-04:00","level":"INFO","msg":"client log","level":"ERROR","message":"loadMyChecklists error: Failed to fetch\nTypeError: Failed to fetch\n    at api (http://localhost:3106/sync.js:24:21)\n    at loadMyChecklists (http://localhost:3106/workflows.html:631:24)\n    at applyOp (http://localhost:3106/sync.js:566:7)\n    at _ws.onmessage (http://localhost:3106/sync.js:275:7)","user":"Non S. (fr7-nonsubmitter-1788571935960@yumyums.kitchen)","page":"/workflows.html","ua":"Mozilla/5.0 (Macintosh; Intel Mac OS X 10_15_7) AppleWebKit/537.36 (KHTML, like Gecko) HeadlessChrome/147.0.7727.15 Safa"}
[2m[WebServer] [22m{"time":"2026-09-04T21:32:16.741016-04:00","level":"ERROR","msg":"GetManagerHires failed","error":"query assigned templates for hire b4858aa5-87f1-475f-9b00-ffbc38d0bac0: context canceled"}
  ✓  853 [chromium] › tests/workflows.spec.js:3528:3 › Checklist submit/unsubmit/history (prove sweep) › FR-7 a non-submitter is refused (403) when unsubmitting [RUN-11] (1.5s)
[2m[WebServer] [22m{"time":"2026-09-04T21:32:17.104794-04:00","level":"ERROR","msg":"GetManagerHires failed","error":"iterate assigned templates for hire 9849b405-3bc4-4f68-9ba1-98f98ab52d7d: context canceled"}
[2m[WebServer] [22m{"time":"2026-09-04T21:32:17.112744-04:00","level":"ERROR","msg":"GetMyTrainings failed","error":"context canceled"}
  ✓  854 [chromium] › tests/workflows.spec.js:3596:3 › Checklist submit/unsubmit/history (prove sweep) › FR-8 myHistory returns at most the last 50 submissions in DESC order [LST-13] (2.5s)
[2m[WebServer] [22m{"time":"2026-09-04T21:32:19.28158-04:00","level":"ERROR","msg":"pendingApprovals error","error":"iterate rejections: context canceled"}
[2m[WebServer] [22m{"time":"2026-09-04T21:32:19.284801-04:00","level":"ERROR","msg":"myChecklists error","error":"iterate responses: context canceled"}
[2m[WebServer] [22m{"time":"2026-09-04T21:32:19.628228-04:00","level":"ERROR","msg":"GetManagerHires failed","error":"query assigned templates for hire 9849b405-3bc4-4f68-9ba1-98f98ab52d7d: context canceled"}
[2m[WebServer] [22m{"time":"2026-09-04T21:32:19.965624-04:00","level":"ERROR","msg":"myChecklists error","error":"iterate fail notes: context canceled"}
[2m[WebServer] [22m{"time":"2026-09-04T21:32:19.981987-04:00","level":"ERROR","msg":"cleanupOldDrafts error","error":"cleanup old drafts: context canceled"}
[2m[WebServer] [22m{"time":"2026-09-04T21:32:19.982015-04:00","level":"ERROR","msg":"myChecklists error","error":"list sections: context canceled"}
[2m[WebServer] [22m{"time":"2026-09-04T21:32:19.982046-04:00","level":"ERROR","msg":"listTemplates error","error":"list assignments: context canceled"}
[2m[WebServer] [22m{"time":"2026-09-04T21:32:19.986087-04:00","level":"INFO","msg":"client log","level":"ERROR","message":"loadMyChecklists error: Failed to fetch\nTypeError: Failed to fetch\n    at api (http://localhost:3106/sync.js:24:21)\n    at loadMyChecklists (http://localhost:3106/workflows.html:631:24)\n    at show (http://localhost:3106/workflows.html:3836:5)\n    at init (http://localhost:3106/workflows.html:3917:5)","user":"Jamal C. (jamal@yumyums.kitchen)","page":"/workflows.html","ua":"Mozilla/5.0 (Macintosh; Intel Mac OS X 10_15_7) AppleWebKit/537.36 (KHTML, like Gecko) HeadlessChrome/147.0.7727.15 Safa"}
[2m[WebServer] [22m{"time":"2026-09-04T21:32:19.986218-04:00","level":"INFO","msg":"client log","level":"ERROR","message":"loadMyChecklists error: Failed to fetch\nTypeError: Failed to fetch\n    at api (http://localhost:3106/sync.js:24:21)\n    at loadMyChecklists (http://localhost:3106/workflows.html:631:24)\n    at applyOp (http://localhost:3106/sync.js:566:7)\n    at _ws.onmessage (http://localhost:3106/sync.js:275:7)","user":"Jamal C. (jamal@yumyums.kitchen)","page":"/workflows.html","ua":"Mozilla/5.0 (Macintosh; Intel Mac OS X 10_15_7) AppleWebKit/537.36 (KHTML, like Gecko) HeadlessChrome/147.0.7727.15 Safa"}
[2m[WebServer] [22m{"time":"2026-09-04T21:32:19.986242-04:00","level":"INFO","msg":"client log","level":"ERROR","message":"loadMyChecklists error: Failed to fetch\nTypeError: Failed to fetch\n    at api (http://localhost:3106/sync.js:24:21)\n    at loadMyChecklists (http://localhost:3106/workflows.html:631:24)\n    at applyOp (http://localhost:3106/sync.js:566:7)\n    at _ws.onmessage (http://localhost:3106/sync.js:275:7)","user":"Jamal C. (jamal@yumyums.kitchen)","page":"/workflows.html","ua":"Mozilla/5.0 (Macintosh; Intel Mac OS X 10_15_7) AppleWebKit/537.36 (KHTML, like Gecko) HeadlessChrome/147.0.7727.15 Safa"}
  ✓  855 [chromium] › tests/workflows.spec.js:3644:3 › Builder conditional logic (prove sweep) › FR-16 DOW schedule shows today-scheduled checklist and hides off-day one [LST-10] (1.5s)
[2m[WebServer] [22m{"time":"2026-09-04T21:32:21.168017-04:00","level":"ERROR","msg":"GetManagerHires failed","error":"query assigned templates for hire 9849b405-3bc4-4f68-9ba1-98f98ab52d7d: context canceled"}
[2m[WebServer] [22m{"time":"2026-09-04T21:32:21.484274-04:00","level":"ERROR","msg":"listTemplates error","error":"iterate fields: context canceled"}
[2m[WebServer] [22m{"time":"2026-09-04T21:32:21.487134-04:00","level":"ERROR","msg":"myChecklists error","error":"iterate responses: context canceled"}
[2m[WebServer] [22m{"time":"2026-09-04T21:32:21.490678-04:00","level":"ERROR","msg":"listTemplates error","error":"iterate sections: context canceled"}
[2m[WebServer] [22m{"time":"2026-09-04T21:32:21.491599-04:00","level":"ERROR","msg":"cleanupOldDrafts error","error":"cleanup old drafts: context canceled"}
[2m[WebServer] [22m{"time":"2026-09-04T21:32:21.491684-04:00","level":"ERROR","msg":"myChecklists error","error":"get user role: context canceled"}
[2m[WebServer] [22m{"time":"2026-09-04T21:32:21.515984-04:00","level":"INFO","msg":"client log","level":"ERROR","message":"loadMyChecklists error: Failed to fetch\nTypeError: Failed to fetch\n    at api (http://localhost:3106/sync.js:24:21)\n    at loadMyChecklists (http://localhost:3106/workflows.html:631:24)\n    at show (http://localhost:3106/workflows.html:3836:5)\n    at init (http://localhost:3106/workflows.html:3917:5)","user":"Jamal C. (jamal@yumyums.kitchen)","page":"/workflows.html","ua":"Mozilla/5.0 (Macintosh; Intel Mac OS X 10_15_7) AppleWebKit/537.36 (KHTML, like Gecko) HeadlessChrome/147.0.7727.15 Safa"}
[2m[WebServer] [22m{"time":"2026-09-04T21:32:21.518175-04:00","level":"INFO","msg":"client log","level":"ERROR","message":"loadMyChecklists error: Failed to fetch\nTypeError: Failed to fetch\n    at api (http://localhost:3106/sync.js:24:21)\n    at loadMyChecklists (http://localhost:3106/workflows.html:631:24)\n    at applyOp (http://localhost:3106/sync.js:566:7)\n    at _ws.onmessage (http://localhost:3106/sync.js:275:7)","user":"Jamal C. (jamal@yumyums.kitchen)","page":"/workflows.html","ua":"Mozilla/5.0 (Macintosh; Intel Mac OS X 10_15_7) AppleWebKit/537.36 (KHTML, like Gecko) HeadlessChrome/147.0.7727.15 Safa"}
[2m[WebServer] [22m{"time":"2026-09-04T21:32:21.518513-04:00","level":"INFO","msg":"client log","level":"ERROR","message":"loadMyChecklists error: Failed to fetch\nTypeError: Failed to fetch\n    at api (http://localhost:3106/sync.js:24:21)\n    at loadMyChecklists (http://localhost:3106/workflows.html:631:24)\n    at applyOp (http://localhost:3106/sync.js:566:7)\n    at _ws.onmessage (http://localhost:3106/sync.js:275:7)","user":"Jamal C. (jamal@yumyums.kitchen)","page":"/workflows.html","ua":"Mozilla/5.0 (Macintosh; Intel Mac OS X 10_15_7) AppleWebKit/537.36 (KHTML, like Gecko) HeadlessChrome/147.0.7727.15 Safa"}
  ✓  856 [chromium] › tests/workflows.spec.js:3692:3 › Builder conditional logic (prove sweep) › FR-17 section day-condition hides the section and its fields in the runner [VIS-03] (1.5s)
[2m[WebServer] [22m{"time":"2026-09-04T21:32:22.695354-04:00","level":"ERROR","msg":"GetManagerHires failed","error":"iterate hire overviews: context canceled"}
[2m[WebServer] [22m{"time":"2026-09-04T21:32:23.55332-04:00","level":"ERROR","msg":"myChecklists error","error":"iterate responses: context canceled"}
[2m[WebServer] [22m{"time":"2026-09-04T21:32:23.557071-04:00","level":"ERROR","msg":"listTemplates error","error":"iterate assignments: context canceled"}
[2m[WebServer] [22m{"time":"2026-09-04T21:32:23.574502-04:00","level":"ERROR","msg":"myChecklists error","error":"iterate responses: context canceled"}
[2m[WebServer] [22m{"time":"2026-09-04T21:32:23.582826-04:00","level":"ERROR","msg":"myChecklists error","error":"iterate templates: context canceled"}
[2m[WebServer] [22m{"time":"2026-09-04T21:32:23.582824-04:00","level":"ERROR","msg":"cleanupOldDrafts error","error":"cleanup old drafts: context canceled"}
[2m[WebServer] [22m{"time":"2026-09-04T21:32:23.587942-04:00","level":"ERROR","msg":"listTemplates error","error":"list sections: context canceled"}
[2m[WebServer] [22m{"time":"2026-09-04T21:32:23.594045-04:00","level":"INFO","msg":"client log","level":"ERROR","message":"loadMyChecklists error: Failed to fetch\nTypeError: Failed to fetch\n    at api (http://localhost:3106/sync.js:24:21)\n    at loadMyChecklists (http://localhost:3106/workflows.html:631:24)\n    at applyOp (http://localhost:3106/sync.js:566:7)\n    at _ws.onmessage (http://localhost:3106/sync.js:275:7)","user":"Jamal C. (jamal@yumyums.kitchen)","page":"/workflows.html","ua":"Mozilla/5.0 (Macintosh; Intel Mac OS X 10_15_7) AppleWebKit/537.36 (KHTML, like Gecko) HeadlessChrome/147.0.7727.15 Safa"}
[2m[WebServer] [22m{"time":"2026-09-04T21:32:23.599251-04:00","level":"INFO","msg":"client log","level":"ERROR","message":"loadMyChecklists error: Failed to fetch\nTypeError: Failed to fetch\n    at api (http://localhost:3106/sync.js:24:21)\n    at loadMyChecklists (http://localhost:3106/workflows.html:631:24)\n    at applyOp (http://localhost:3106/sync.js:566:7)\n    at _ws.onmessage (http://localhost:3106/sync.js:275:7)","user":"Jamal C. (jamal@yumyums.kitchen)","page":"/workflows.html","ua":"Mozilla/5.0 (Macintosh; Intel Mac OS X 10_15_7) AppleWebKit/537.36 (KHTML, like Gecko) HeadlessChrome/147.0.7727.15 Safa"}
[2m[WebServer] [22m{"time":"2026-09-04T21:32:23.607876-04:00","level":"INFO","msg":"client log","level":"ERROR","message":"loadMyChecklists error: Failed to fetch\nTypeError: Failed to fetch\n    at api (http://localhost:3106/sync.js:24:21)\n    at loadMyChecklists (http://localhost:3106/workflows.html:631:24)\n    at applyOp (http://localhost:3106/sync.js:566:7)\n    at _ws.onmessage (http://localhost:3106/sync.js:275:7)","user":"Jamal C. (jamal@yumyums.kitchen)","page":"/workflows.html","ua":"Mozilla/5.0 (Macintosh; Intel Mac OS X 10_15_7) AppleWebKit/537.36 (KHTML, like Gecko) HeadlessChrome/147.0.7727.15 Safa"}
[2m[WebServer] [22m{"time":"2026-09-04T21:32:24.865821-04:00","level":"INFO","msg":"op handler received op","op_type":"SET_FIELD","entity_id":"ecf9fe5b-82c6-4174-a79a-e4fd5936af11","device_id":"215ae3ea-2055-47bf-9091-2a313e7105f9","lamport_ts":1788571130053}
[2m[WebServer] [22m{"time":"2026-09-04T21:32:25.380553-04:00","level":"INFO","msg":"op handler received op","op_type":"SET_FIELD","entity_id":"ecf9fe5b-82c6-4174-a79a-e4fd5936af11","device_id":"215ae3ea-2055-47bf-9091-2a313e7105f9","lamport_ts":1788571130055}
  ✓  857 [chromium] › tests/workflows.spec.js:3739:3 › Builder conditional logic (prove sweep) › FR-18 skip logic shows then re-hides a field as the source answer changes [VIS-05 VIS-08] (3.1s)
[2m[WebServer] [22m{"time":"2026-09-04T21:32:25.786849-04:00","level":"ERROR","msg":"GetManagerHires failed","error":"query assigned templates for hire 9849b405-3bc4-4f68-9ba1-98f98ab52d7d: context canceled"}
[2m[WebServer] [22m{"time":"2026-09-04T21:32:26.010255-04:00","level":"ERROR","msg":"listTemplates error","error":"iterate schedules: context canceled"}
[2m[WebServer] [22m{"time":"2026-09-04T21:32:26.010581-04:00","level":"ERROR","msg":"myChecklists error","error":"list responses: context canceled"}
  ✓  858 [chromium] › tests/workflows.spec.js:3828:3 › Cross-cutting guarantees (prove sweep) › NFR-2 photo presign returns the documented shape (503 degraded when S3 unset; PUT/round-trip PARKed) [FLD-20] (515ms)
[2m[WebServer] [22m{"time":"2026-09-04T21:32:26.310879-04:00","level":"ERROR","msg":"GetManagerHires failed","error":"query assigned templates for hire 14c11b75-a485-46c7-9ce9-0a8dcd7a24bc: context canceled"}
  ✓  859 [chromium] › tests/workflows.spec.js:3861:3 › Cross-cutting guarantees (prove sweep) › NFR-6 submitting an archived template returns 409 template_archived and creates no submission [GATE-09] (652ms)
[2m[WebServer] [22m{"time":"2026-09-04T21:32:26.680886-04:00","level":"ERROR","msg":"myChecklists error","error":"list fail notes: context canceled"}
[2m[WebServer] [22m{"time":"2026-09-04T21:32:26.979823-04:00","level":"ERROR","msg":"GetManagerHires failed","error":"iterate assigned templates for hire 14c11b75-a485-46c7-9ce9-0a8dcd7a24bc: context canceled"}
  ✓  860 [chromium] › tests/workflows.spec.js:3909:3 › Cross-cutting guarantees (prove sweep) › NFR-7 an unauthenticated workflows load redirects to /login.html [GLB-01] (439ms)
[2m[WebServer] [22m{"time":"2026-09-04T21:32:27.426914-04:00","level":"ERROR","msg":"GetManagerHires failed","error":"query assigned templates for hire 14c11b75-a485-46c7-9ce9-0a8dcd7a24bc: context canceled"}
  ✓  861 [chromium] › tests/workflows.spec.js:3927:3 › Cross-cutting guarantees (prove sweep) › FR-19 a submitted checklist freezes a template snapshot that later edits do not change [LC-02] (635ms)
[2m[WebServer] [22m{"time":"2026-09-04T21:32:27.781928-04:00","level":"ERROR","msg":"myChecklists error","error":"iterate rejections: context canceled"}
[2m[WebServer] [22m{"time":"2026-09-04T21:32:28.073615-04:00","level":"ERROR","msg":"GetManagerHires failed","error":"query assigned templates for hire 9849b405-3bc4-4f68-9ba1-98f98ab52d7d: context canceled"}
  ✓  862 [chromium] › tests/workflows.spec.js:3983:3 › Cross-cutting guarantees (prove sweep) › FR-20 requires_approval without an approver is refused (400 requires_approver); with one it is allowed [BLD-13] (3.4s)
[2m[WebServer] [22m{"time":"2026-09-04T21:32:31.659977-04:00","level":"ERROR","msg":"GetManagerHires failed","error":"query assigned templates for hire aebcadbc-216f-4800-9007-687cbc617800: context canceled"}
[2m[WebServer] [22m{"time":"2026-09-04T21:32:31.943746-04:00","level":"ERROR","msg":"GetManagerHires failed","error":"iterate assigned templates for hire 5b67e8b6-0b11-4bb7-a847-17bf0bb4fc96: context canceled"}
[2m[WebServer] [22m{"time":"2026-09-04T21:32:32.329542-04:00","level":"ERROR","msg":"GetManagerHires failed","error":"iterate assigned templates for hire 9849b405-3bc4-4f68-9ba1-98f98ab52d7d: context canceled"}
  ✓  863 [chromium] › tests/workflows.spec.js:4113:3 › Approve/reject authz — the /ops path › APPROVE_ITEM via /ops is refused for a non-approver and mutates nothing (1.2s)
[2m[WebServer] [22m{"time":"2026-09-04T21:32:32.796105-04:00","level":"ERROR","msg":"GetManagerHires failed","error":"query assigned templates for hire 95cfb894-8a14-4502-a3b3-644b8e3a5be6: context canceled"}
[2m[WebServer] [22m{"time":"2026-09-04T21:32:33.081005-04:00","level":"ERROR","msg":"GetManagerHires failed","error":"iterate assigned templates for hire 3d6fa69a-6213-4f33-b72d-43647c299d2d: context canceled"}
[2m[WebServer] [22m{"time":"2026-09-04T21:32:33.434355-04:00","level":"ERROR","msg":"GetManagerHires failed","error":"iterate assigned templates for hire 9849b405-3bc4-4f68-9ba1-98f98ab52d7d: context canceled"}
  ✓  864 [chromium] › tests/workflows.spec.js:4144:3 › Approve/reject authz — the /ops path › REJECT_ITEM via /ops is refused for a non-approver and writes no rejection (1.1s)
[2m[WebServer] [22m{"time":"2026-09-04T21:32:33.867115-04:00","level":"ERROR","msg":"GetManagerHires failed","error":"query assigned templates for hire eff1d722-8981-4c61-932b-a260eef43152: context canceled"}
[2m[WebServer] [22m{"time":"2026-09-04T21:32:34.133648-04:00","level":"ERROR","msg":"GetManagerHires failed","error":"query assigned templates for hire 3408ec5e-ad3a-42ad-bbc4-de107b16a14e: context canceled"}
[2m[WebServer] [22m{"time":"2026-09-04T21:32:34.276865-04:00","level":"ERROR","msg":"RequirePermission grant lookup failed","error":"context canceled","grant":"onboarding","user_id":"8e51c8ce-5179-42ed-a2ef-a94ef1c3f63c"}
[2m[WebServer] [22m{"time":"2026-09-04T21:32:34.448483-04:00","level":"INFO","msg":"op handler received op","op_type":"APPROVE_ITEM","entity_id":"181fdbbc-e2a8-4f59-a8b6-3839752a9d16","device_id":"admin-1788571954430","lamport_ts":1788571954430}
[2m[WebServer] [22m{"time":"2026-09-04T21:32:34.464092-04:00","level":"ERROR","msg":"GetManagerHires failed","error":"iterate assigned templates for hire 019e4574-c309-4a6e-a73a-8113da12c657: context canceled"}
[2m[WebServer] [22m{"time":"2026-09-04T21:32:34.659867-04:00","level":"ERROR","msg":"GetManagerHires failed","error":"iterate assigned templates for hire d949b011-7c4e-4234-a641-2a565765b237: context canceled"}
  ✓  865 [chromium] › tests/workflows.spec.js:4174:3 › Approve/reject authz — the /ops path › APPROVE_ITEM via /ops still succeeds for an admin (1.2s)
[2m[WebServer] [22m{"time":"2026-09-04T21:32:34.977445-04:00","level":"ERROR","msg":"GetManagerHires failed","error":"query assigned templates for hire 9849b405-3bc4-4f68-9ba1-98f98ab52d7d: context canceled"}
[2m[WebServer] [22m{"time":"2026-09-04T21:32:35.298264-04:00","level":"ERROR","msg":"listTemplates error","error":"iterate templates: context canceled"}
[2m[WebServer] [22m{"time":"2026-09-04T21:32:35.300847-04:00","level":"ERROR","msg":"myChecklists error","error":"iterate responses: context canceled"}
[2m[WebServer] [22m{"time":"2026-09-04T21:32:35.325372-04:00","level":"INFO","msg":"client log","level":"ERROR","message":"loadMyChecklists error: Failed to fetch\nTypeError: Failed to fetch\n    at api (http://localhost:3106/sync.js:24:21)\n    at loadMyChecklists (http://localhost:3106/workflows.html:631:24)\n    at applyOp (http://localhost:3106/sync.js:566:7)\n    at _ws.onmessage (http://localhost:3106/sync.js:275:7)","user":"Jamal C. (jamal@yumyums.kitchen)","page":"/workflows.html","ua":"Mozilla/5.0 (Macintosh; Intel Mac OS X 10_15_7) AppleWebKit/537.36 (KHTML, like Gecko) HeadlessChrome/147.0.7727.15 Safa"}
[2m[WebServer] [22m{"time":"2026-09-04T21:32:35.327267-04:00","level":"INFO","msg":"client log","level":"ERROR","message":"loadMyChecklists error: Failed to fetch\nTypeError: Failed to fetch\n    at api (http://localhost:3106/sync.js:24:21)\n    at loadMyChecklists (http://localhost:3106/workflows.html:631:24)\n    at show (http://localhost:3106/workflows.html:3836:5)\n    at init (http://localhost:3106/workflows.html:3917:5)","user":"Jamal C. (jamal@yumyums.kitchen)","page":"/workflows.html","ua":"Mozilla/5.0 (Macintosh; Intel Mac OS X 10_15_7) AppleWebKit/537.36 (KHTML, like Gecko) HeadlessChrome/147.0.7727.15 Safa"}
[2m[WebServer] [22m{"time":"2026-09-04T21:32:35.339577-04:00","level":"INFO","msg":"client log","level":"ERROR","message":"loadMyChecklists error: Failed to fetch\nTypeError: Failed to fetch\n    at api (http://localhost:3106/sync.js:24:21)\n    at loadMyChecklists (http://localhost:3106/workflows.html:631:24)\n    at applyOp (http://localhost:3106/sync.js:566:7)\n    at _ws.onmessage (http://localhost:3106/sync.js:275:7)","user":"Jamal C. (jamal@yumyums.kitchen)","page":"/workflows.html","ua":"Mozilla/5.0 (Macintosh; Intel Mac OS X 10_15_7) AppleWebKit/537.36 (KHTML, like Gecko) HeadlessChrome/147.0.7727.15 Safa"}
[2m[WebServer] [22m{"time":"2026-09-04T21:32:35.363071-04:00","level":"ERROR","msg":"myChecklists error","error":"list responses: context canceled"}
[2m[WebServer] [22m{"time":"2026-09-04T21:32:35.365515-04:00","level":"INFO","msg":"client log","level":"ERROR","message":"catch-up error: Failed to fetch\nTypeError: Failed to fetch\n    at api (http://localhost:3106/sync.js:24:21)\n    at wsCatchUp (http://localhost:3106/sync.js:307:23)\n    at _ws.onopen (http://localhost:3106/sync.js:268:5)","user":"Jamal C. (jamal@yumyums.kitchen)","page":"/workflows.html","ua":"Mozilla/5.0 (Macintosh; Intel Mac OS X 10_15_7) AppleWebKit/537.36 (KHTML, like Gecko) HeadlessChrome/147.0.7727.15 Safa"}
[2m[WebServer] [22m{"time":"2026-09-04T21:32:35.366317-04:00","level":"INFO","msg":"client log","level":"ERROR","message":"loadMyChecklists error: Failed to fetch\nTypeError: Failed to fetch\n    at api (http://localhost:3106/sync.js:24:21)\n    at loadMyChecklists (http://localhost:3106/workflows.html:631:24)\n    at show (http://localhost:3106/workflows.html:3836:5)\n    at init (http://localhost:3106/workflows.html:3917:5)","user":"Jamal C. (jamal@yumyums.kitchen)","page":"/workflows.html","ua":"Mozilla/5.0 (Macintosh; Intel Mac OS X 10_15_7) AppleWebKit/537.36 (KHTML, like Gecko) HeadlessChrome/147.0.7727.15 Safa"}
[2m[WebServer] [22m{"time":"2026-09-04T21:32:36.232266-04:00","level":"INFO","msg":"op handler received op","op_type":"SET_FIELD","entity_id":"f806f0aa-bbbc-4859-921d-f47373156171","device_id":"37fc5197-e08e-4bdc-bc4e-ae68903454db","lamport_ts":1788571954432}
  ✓  866 [chromium] › tests/workflows.spec.js:4214:3 › B-132 — fireworks confetti canvas › completed submit does not throw ctx.arc negative radius; overlay does not freeze on screen (4.7s)
[2m[WebServer] [22m{"time":"2026-09-04T21:32:40.894776-04:00","level":"ERROR","msg":"GetManagerHires failed","error":"iterate assigned templates for hire 638927fd-b362-49fc-840c-6e6af0d138cb: context canceled"}
  ✓  867 [bdd] › .features-gen/features/user-invite-onboarding.feature.spec.js:6:7 › Manager invites team member and new user completes onboarding › Manager invites a new team member who accepts and sees permitted apps (1.9s)


  1) [chromium] › tests/marketing.spec.js:521:3 › Camera scanner decode (card camera-scanner-decode) › hash caching: repeated scans of one token digest once 

    Error: [2mexpect([22m[31mreceived[39m[2m).[22mtoBeGreaterThanOrEqual[2m([22m[32mexpected[39m[2m)[22m

    Expected: >= [32m1[39m
    Received:    [31m0[39m

      525 |     const stats = await page.evaluate(() => window.MarketingScan.hasherStats());
      526 |     expect(stats.misses).toBe(1);
    > 527 |     expect(stats.hits).toBeGreaterThanOrEqual(1);
          |                        ^
      528 |   });
      529 |
      530 |   test('enqueue is serialized per code: two rapid same-code enqueues insert exactly one live attempt', async ({ page }) => {
        at /Users/jamal/projects/yumyums/wt-20260905-c6/tests/marketing.spec.js:527:24

    Error Context: test-results/marketing-Camera-scanner-d-71b6a-ns-of-one-token-digest-once-chromium/error-context.md

  2) [chromium] › tests/sync.spec.js:3062:3 › Cross-device: rejection-flag reconciliation › a live redo op clears the rejection flag on other devices [SYNC-RF-01] 

    Error: [2mexpect([22m[31mlocator[39m[2m).[22mtoBeVisible[2m([22m[2m)[22m failed

    Locator: locator('.check-btn.checked').first()
    Expected: visible
    Timeout: 10000ms
    Error: element(s) not found

    Call log:
    [2m  - Expect "toBeVisible" with timeout 10000ms[22m
    [2m  - waiting for locator('.check-btn.checked').first()[22m


      3118 |     // must all converge — a checked field with a live banner and "0 of 1" is
      3119 |     // the stuck state this test exists to prevent.
    > 3120 |     await expect(pageB.locator('.check-btn.checked').first()).toBeVisible({ timeout: 10000 });
           |                                                               ^
      3121 |     await expect(pageB.locator('#fill-body .progress-line')).toContainText('1 of 1', { timeout: 5000 });
      3122 |     await expect(pageB.locator('.correction-banner')).toHaveCount(0);
      3123 |
        at /Users/jamal/projects/yumyums/wt-20260905-c6/tests/sync.spec.js:3120:63

    Error Context: test-results/sync-Cross-device-rejectio-dab76-n-other-devices-SYNC-RF-01--chromium/error-context.md

  3) [chromium] › tests/workflows.spec.js:1110:3 › Offline sync › answers entered while OFFLINE survive the re-submit [DBL-04] 

    Error: [2mexpect([22m[31mlocator[39m[2m).[22mtoHaveClass[2m([22m[32mexpected[39m[2m)[22m failed

    Locator: locator('.check-btn').first()
    Expected pattern: [32m/checked/[39m
    Received string:  [31m"check-btn "[39m
    Timeout: 5000ms

    Call log:
    [2m  - Expect "toHaveClass" with timeout 5000ms[22m
    [2m  - waiting for locator('.check-btn').first()[22m
    [2m    9 × locator resolved to <button class="check-btn " aria-label="Toggle checkbox" data-field-id="385c47e0-af52-4d01-b88d-ff04e25045a5"></button>[22m
    [2m      - unexpected value "check-btn "[22m


      1150 |     const checkBtn = page.locator('.check-btn').first();
      1151 |     await checkBtn.click();
    > 1152 |     await expect(checkBtn).toHaveClass(/checked/, { timeout: 5000 });
           |                            ^
      1153 |     await page.waitForTimeout(1600); // the auto-save fires and FAILS — nothing durable
      1154 |
      1155 |     await page.click('[data-action="submit"]');
        at /Users/jamal/projects/yumyums/wt-20260905-c6/tests/workflows.spec.js:1152:28

    Error Context: test-results/workflows-Offline-sync-ans-ba761-rvive-the-re-submit-DBL-04--chromium/error-context.md

  4) [chromium] › tests/workflows.spec.js:1202:3 › Offline sync › a queue entry from an earlier period does not lend its key to today [DBL-05] 

    Error: today's submit queues its own entry

    [2mexpect([22m[31mreceived[39m[2m).[22mtoBe[2m([22m[32mexpected[39m[2m) // Object.is equality[22m

    Expected: [32m1[39m
    Received: [31m0[39m

      1242 |     const queue = await readSubmitQueue(page);
      1243 |     const fresh = queue.filter((e) => e.id !== STALE_ID);
    > 1244 |     expect(fresh.length, "today's submit queues its own entry").toBe(1);
           |                                                                 ^
      1245 |     expect(fresh[0].idempotency_key,
      1246 |       "a three-day-old queue entry must NOT lend its key to today's submit — that upserts "
      1247 |       + "today's answers onto the older day's submission row").not.toBe(staleKey);
        at /Users/jamal/projects/yumyums/wt-20260905-c6/tests/workflows.spec.js:1244:65

    Error Context: test-results/workflows-Offline-sync-a-q-6e655-nd-its-key-to-today-DBL-05--chromium/error-context.md

  5) [chromium] › tests/workflows.spec.js:1407:3 › yes/no No enforcement › answering No with note + severity allows submit [GATE-02] 

    [31mTest timeout of 30000ms exceeded.[39m

    Error: page.click: Test timeout of 30000ms exceeded.
    Call log:
    [2m  - waiting for locator('[data-action="set-severity"][data-severity="major"]')[22m
    [2m    - locator resolved to <button class="severity-pill" data-severity="major" data-action="set-severity" data-fld-id="8109ad95-0e18-4f72-a2b6-2102223e6dc3">Major</button>[22m
    [2m  - attempting click action[22m
    [2m    - waiting for element to be visible, enabled and stable[22m
    [2m  - element was detached from the DOM, retrying[22m


      1417 |     await expect(page.locator('.fail-card')).toBeVisible({ timeout: 5000 });
      1418 |     await page.fill('[data-action="fail-note-input"]', 'Adjusted thermostat, re-checked temp');
    > 1419 |     await page.click('[data-action="set-severity"][data-severity="major"]');
           |                ^
      1420 |
      1421 |     // Wait for the fail-note auto-save to persist (debounced).
      1422 |     await page.waitForTimeout(1800);
        at /Users/jamal/projects/yumyums/wt-20260905-c6/tests/workflows.spec.js:1419:16

    Error Context: test-results/workflows-yes-no-No-enforc-6a583-rity-allows-submit-GATE-02--chromium/error-context.md

  5 failed
    [chromium] › tests/marketing.spec.js:521:3 › Camera scanner decode (card camera-scanner-decode) › hash caching: repeated scans of one token digest once 
    [chromium] › tests/sync.spec.js:3062:3 › Cross-device: rejection-flag reconciliation › a live redo op clears the rejection flag on other devices [SYNC-RF-01] 
    [chromium] › tests/workflows.spec.js:1110:3 › Offline sync › answers entered while OFFLINE survive the re-submit [DBL-04] 
    [chromium] › tests/workflows.spec.js:1202:3 › Offline sync › a queue entry from an earlier period does not lend its key to today [DBL-05] 
    [chromium] › tests/workflows.spec.js:1407:3 › yes/no No enforcement › answering No with note + severity allows submit [GATE-02] 
  6 skipped
  856 passed (19.3m)
EXIT=1
