[1A[2K[2m[WebServer] [22mNOTICE:  database "hq_test_e2e_verify_20261006" does not exist, skipping

[1A[2K[2m[WebServer] [22m── reset hq_test_e2e_verify_20261006 on localhost:5434 ──

[1A[2K[2m[WebServer] [22m── wrote version.json frontend=1.10.2 ──

[1A[2K[2m[WebServer] [22m{"time":"2026-10-05T21:12:40.915047063-04:00","level":"INFO","msg":"serving static files from disk","dir":"../"}

[1A[2K[2m[WebServer] [22m{"time":"2026-10-05T21:12:40.91531428-04:00","level":"INFO","msg":"loaded superadmins","count":1}

[1A[2K[2m[WebServer] [22m{"time":"2026-10-05T21:12:40.93715929-04:00","level":"INFO","msg":"connected to database"}

[1A[2K[2m[WebServer] [22m{"time":"2026-10-05T21:12:41.008383764-04:00","level":"INFO","msg":"OK   0001_users.sql (42.1ms)","source":"stdlog"}

[1A[2K[2m[WebServer] [22m{"time":"2026-10-05T21:12:41.077404462-04:00","level":"INFO","msg":"OK   0002_sessions.sql (68.64ms)","source":"stdlog"}

[1A[2K[2m[WebServer] [22m{"time":"2026-10-05T21:12:41.123562195-04:00","level":"INFO","msg":"OK   0003_invite_tokens.sql (45.93ms)","source":"stdlog"}

[1A[2K[2m[WebServer] [22m{"time":"2026-10-05T21:12:41.166938948-04:00","level":"INFO","msg":"OK   0004_hq_apps.sql (42.97ms)","source":"stdlog"}

[1A[2K[2m[WebServer] [22m{"time":"2026-10-05T21:12:41.230444704-04:00","level":"INFO","msg":"OK   0005_app_permissions.sql (62.64ms)","source":"stdlog"}

[1A[2K[2m[WebServer] [22m{"time":"2026-10-05T21:12:41.26124192-04:00","level":"INFO","msg":"OK   0006_checklist_templates.sql (30.67ms)","source":"stdlog"}

[1A[2K[2m[WebServer] [22m{"time":"2026-10-05T21:12:41.295590975-04:00","level":"INFO","msg":"OK   0007_checklist_schedules.sql (34.2ms)","source":"stdlog"}

[1A[2K[2m[WebServer] [22m{"time":"2026-10-05T21:12:41.349632965-04:00","level":"INFO","msg":"OK   0008_template_assignments.sql (53.93ms)","source":"stdlog"}

[1A[2K[2m[WebServer] [22m{"time":"2026-10-05T21:12:41.393284195-04:00","level":"INFO","msg":"OK   0009_checklist_sections.sql (38.05ms)","source":"stdlog"}

[1A[2K[2m[WebServer] [22m{"time":"2026-10-05T21:12:41.44556574-04:00","level":"INFO","msg":"OK   0010_checklist_fields.sql (52.05ms)","source":"stdlog"}

[1A[2K[2m[WebServer] [22m{"time":"2026-10-05T21:12:41.508026557-04:00","level":"INFO","msg":"OK   0011_checklist_submissions.sql (55.79ms)","source":"stdlog"}

[1A[2K[2m[WebServer] [22m{"time":"2026-10-05T21:12:41.569869081-04:00","level":"INFO","msg":"OK   0012_submission_responses.sql (61.57ms)","source":"stdlog"}

[1A[2K[2m[WebServer] [22m{"time":"2026-10-05T21:12:41.609275385-04:00","level":"INFO","msg":"OK   0013_submission_fail_notes.sql (39.26ms)","source":"stdlog"}

[1A[2K[2m[WebServer] [22m{"time":"2026-10-05T21:12:41.648186696-04:00","level":"INFO","msg":"OK   0014_submission_rejections.sql (38.62ms)","source":"stdlog"}

[1A[2K[2m[WebServer] [22m{"time":"2026-10-05T21:12:41.720275451-04:00","level":"INFO","msg":"OK   0015_ops.sql (71.98ms)","source":"stdlog"}

[1A[2K[2m[WebServer] [22m{"time":"2026-10-05T21:12:41.744732507-04:00","level":"INFO","msg":"OK   0016_lamport_ts.sql (24.36ms)","source":"stdlog"}

[1A[2K[2m[WebServer] [22m{"time":"2026-10-05T21:12:41.768381011-04:00","level":"INFO","msg":"OK   0017_users_naming.sql (23.54ms)","source":"stdlog"}

[1A[2K[2m[WebServer] [22m{"time":"2026-10-05T21:12:41.850768272-04:00","level":"INFO","msg":"OK   0018_ob_templates.sql (82.26ms)","source":"stdlog"}

[1A[2K[2m[WebServer] [22m{"time":"2026-10-05T21:12:41.940189872-04:00","level":"INFO","msg":"OK   0019_ob_items.sql (89.26ms)","source":"stdlog"}

[1A[2K[2m[WebServer] [22m{"time":"2026-10-05T21:12:41.994869895-04:00","level":"INFO","msg":"OK   0020_ob_progress.sql (54.52ms)","source":"stdlog"}

[1A[2K[2m[WebServer] [22m{"time":"2026-10-05T21:12:42.036445507-04:00","level":"INFO","msg":"OK   0021_ob_signoffs.sql (41.44ms)","source":"stdlog"}

[1A[2K[2m[WebServer] [22m{"time":"2026-10-05T21:12:42.083524597-04:00","level":"INFO","msg":"OK   0022_ob_template_assignments.sql (46.95ms)","source":"stdlog"}

[1A[2K[2m[WebServer] [22m{"time":"2026-10-05T21:12:42.158531414-04:00","level":"INFO","msg":"OK   0023_multi_role.sql (74.84ms)","source":"stdlog"}

[1A[2K[2m[WebServer] [22m{"time":"2026-10-05T21:12:42.381821007-04:00","level":"INFO","msg":"OK   0024_inventory.sql (222.9ms)","source":"stdlog"}

[1A[2K[2m[WebServer] [22m{"time":"2026-10-05T21:12:42.424836456-04:00","level":"INFO","msg":"OK   0025_pending_purchases.sql (42.84ms)","source":"stdlog"}

[1A[2K[2m[WebServer] [22m{"time":"2026-10-05T21:12:42.434229172-04:00","level":"INFO","msg":"OK   0026_ob_progress_faq.sql (9.29ms)","source":"stdlog"}

[1A[2K[2m[WebServer] [22m{"time":"2026-10-05T21:12:42.444094872-04:00","level":"INFO","msg":"OK   0027_ob_section_signoff_roles.sql (9.76ms)","source":"stdlog"}

[1A[2K[2m[WebServer] [22m{"time":"2026-10-05T21:12:42.470738658-04:00","level":"INFO","msg":"OK   0028_ob_video_upgrade.sql (26.51ms)","source":"stdlog"}

[1A[2K[2m[WebServer] [22m{"time":"2026-10-05T21:12:42.480414428-04:00","level":"INFO","msg":"OK   0029_ob_templates_archived_at.sql (9.56ms)","source":"stdlog"}

[1A[2K[2m[WebServer] [22m{"time":"2026-10-05T21:12:42.520641423-04:00","level":"INFO","msg":"OK   0030_item_groups_unique_name.sql (39.89ms)","source":"stdlog"}

[1A[2K[2m[WebServer] [22m{"time":"2026-10-05T21:12:42.531719827-04:00","level":"INFO","msg":"OK   0031_remove_placeholder_items.sql (10.97ms)","source":"stdlog"}

[1A[2K[2m[WebServer] [22m{"time":"2026-10-05T21:12:42.54731446-04:00","level":"INFO","msg":"OK   0032_item_group_thresholds.sql (15.48ms)","source":"stdlog"}

[1A[2K[2m[WebServer] [22m{"time":"2026-10-05T21:12:42.586063704-04:00","level":"INFO","msg":"OK   0033_stock_count_overrides.sql (38.65ms)","source":"stdlog"}

[1A[2K[2m[WebServer] [22m{"time":"2026-10-05T21:12:42.67988391-04:00","level":"INFO","msg":"OK   0034_purchase_orders.sql (93.67ms)","source":"stdlog"}

[1A[2K[2m[WebServer] [22m{"time":"2026-10-05T21:12:42.695538138-04:00","level":"INFO","msg":"OK   0035_purchase_items_photo_store.sql (15.54ms)","source":"stdlog"}

[1A[2K[2m[WebServer] [22m{"time":"2026-10-05T21:12:42.710715602-04:00","level":"INFO","msg":"OK   0036_purchase_items_full_name.sql (15.05ms)","source":"stdlog"}

[1A[2K[2m[WebServer] [22m{"time":"2026-10-05T21:12:42.745888118-04:00","level":"INFO","msg":"OK   0037_cutoff_config.sql (35.02ms)","source":"stdlog"}

[1A[2K[2m[WebServer] [22m{"time":"2026-10-05T21:12:42.77214518-04:00","level":"INFO","msg":"OK   0038_po_status_extend.sql (26.12ms)","source":"stdlog"}

[1A[2K[2m[WebServer] [22m{"time":"2026-10-05T21:12:42.806770492-04:00","level":"INFO","msg":"OK   0039_purchase_items_vendor.sql (34.53ms)","source":"stdlog"}

[1A[2K[2m[WebServer] [22m{"time":"2026-10-05T21:12:42.971910749-04:00","level":"INFO","msg":"OK   0040_shopping_lists.sql (164.82ms)","source":"stdlog"}

[1A[2K[2m[WebServer] [22m{"time":"2026-10-05T21:12:42.994454727-04:00","level":"INFO","msg":"OK   0041_notification_channel.sql (22.44ms)","source":"stdlog"}

[1A[2K[2m[WebServer] [22m{"time":"2026-10-05T21:12:43.070658686-04:00","level":"INFO","msg":"OK   0042_repurchase_tracking.sql (76.01ms)","source":"stdlog"}

[1A[2K[2m[WebServer] [22m{"time":"2026-10-05T21:12:43.124388615-04:00","level":"INFO","msg":"OK   0043_alert_log.sql (53.59ms)","source":"stdlog"}

[1A[2K[2m[WebServer] [22m{"time":"2026-10-05T21:12:43.181235699-04:00","level":"INFO","msg":"OK   0044_low_stock_alert_log.sql (56.7ms)","source":"stdlog"}

[1A[2K[2m[WebServer] [22m{"time":"2026-10-05T21:12:43.244038324-04:00","level":"INFO","msg":"OK   0045_notification_channel_array.sql (62.62ms)","source":"stdlog"}

[1A[2K[2m[WebServer] [22m{"time":"2026-10-05T21:12:43.252136966-04:00","level":"INFO","msg":"OK   0046_user_timezone.sql (7.97ms)","source":"stdlog"}

[1A[2K[2m[WebServer] [22m{"time":"2026-10-05T21:12:43.316279292-04:00","level":"INFO","msg":"OK   0047_employee_fields.sql (64.01ms)","source":"stdlog"}

[1A[2K[2m[WebServer] [22m{"time":"2026-10-05T21:12:43.32777835-04:00","level":"INFO","msg":"OK   0048_notification_default_both.sql (11.37ms)","source":"stdlog"}

[1A[2K[2m[WebServer] [22m{"time":"2026-10-05T21:12:43.376284625-04:00","level":"INFO","msg":"OK   0049_ob_sub_items.sql (48.29ms)","source":"stdlog"}

[1A[2K[2m[WebServer] [22m{"time":"2026-10-05T21:12:43.385718479-04:00","level":"INFO","msg":"OK   0050_ob_progress_sub_item.sql (9.26ms)","source":"stdlog"}

[1A[2K[2m[WebServer] [22m{"time":"2026-10-05T21:12:43.393576948-04:00","level":"INFO","msg":"OK   0051_rejection_field_fk.sql (7.75ms)","source":"stdlog"}

[1A[2K[2m[WebServer] [22m{"time":"2026-10-05T21:12:43.412413636-04:00","level":"INFO","msg":"OK   0052_template_name_unique.sql (18.7ms)","source":"stdlog"}

[1A[2K[2m[WebServer] [22m{"time":"2026-10-05T21:12:43.421055559-04:00","level":"INFO","msg":"OK   0053_response_field_fk.sql (8.54ms)","source":"stdlog"}

[1A[2K[2m[WebServer] [22m{"time":"2026-10-05T21:12:43.429136747-04:00","level":"INFO","msg":"OK   0054_failnote_field_fk.sql (7.97ms)","source":"stdlog"}

[1A[2K[2m[WebServer] [22m{"time":"2026-10-05T21:12:43.436540404-04:00","level":"INFO","msg":"OK   0055_item_location_in_store.sql (7.26ms)","source":"stdlog"}

[1A[2K[2m[WebServer] [22m{"time":"2026-10-05T21:12:43.452355686-04:00","level":"INFO","msg":"OK   0056_ob_progress_photo.sql (15.63ms)","source":"stdlog"}

[1A[2K[2m[WebServer] [22m{"time":"2026-10-05T21:12:43.466765041-04:00","level":"INFO","msg":"OK   0057_ob_items_photo_type.sql (14.26ms)","source":"stdlog"}

[1A[2K[2m[WebServer] [22m{"time":"2026-10-05T21:12:43.481394321-04:00","level":"INFO","msg":"OK   0058_ob_sub_items_photos.sql (14.44ms)","source":"stdlog"}

[1A[2K[2m[WebServer] [22m{"time":"2026-10-05T21:12:43.489281815-04:00","level":"INFO","msg":"OK   0059_cleanup_photo_items.sql (7.77ms)","source":"stdlog"}

[1A[2K[2m[WebServer] [22m{"time":"2026-10-05T21:12:43.560110073-04:00","level":"INFO","msg":"OK   0060_menu_items.sql (70.64ms)","source":"stdlog"}

[1A[2K[2m[WebServer] [22m{"time":"2026-10-05T21:12:43.595156812-04:00","level":"INFO","msg":"OK   0061_daily_menu_sales.sql (34.88ms)","source":"stdlog"}

[1A[2K[2m[WebServer] [22m{"time":"2026-10-05T21:12:43.64392221-04:00","level":"INFO","msg":"OK   0062_recipes.sql (48.63ms)","source":"stdlog"}

[1A[2K[2m[WebServer] [22m{"time":"2026-10-05T21:12:43.68830037-04:00","level":"INFO","msg":"OK   0063_drift_check_results.sql (44.26ms)","source":"stdlog"}

[1A[2K[2m[WebServer] [22m{"time":"2026-10-05T21:12:43.705746092-04:00","level":"INFO","msg":"OK   0064_no_itemized_receipt_seed.sql (17.3ms)","source":"stdlog"}

[1A[2K[2m[WebServer] [22m{"time":"2026-10-05T21:12:43.721007521-04:00","level":"INFO","msg":"OK   0065_mercury_category_on_purchase_events.sql (15.14ms)","source":"stdlog"}

[1A[2K[2m[WebServer] [22m{"time":"2026-10-05T21:12:43.736478303-04:00","level":"INFO","msg":"OK   0066_mercury_category_on_pending_purchases.sql (15.34ms)","source":"stdlog"}

[1A[2K[2m[WebServer] [22m{"time":"2026-10-05T21:12:43.79560972-04:00","level":"INFO","msg":"OK   0067_receipt_sync_runs.sql (58.97ms)","source":"stdlog"}

[1A[2K[2m[WebServer] [22m{"time":"2026-10-05T21:12:43.822657057-04:00","level":"INFO","msg":"OK   0068_pending_purchases_bank_tx_uniq.sql (26.92ms)","source":"stdlog"}

[1A[2K[2m[WebServer] [22m{"time":"2026-10-05T21:12:43.839160342-04:00","level":"INFO","msg":"OK   0069_pending_purchases_parse_error.sql (16.36ms)","source":"stdlog"}

[1A[2K[2m[WebServer] [22m{"time":"2026-10-05T21:12:43.855529277-04:00","level":"INFO","msg":"OK   0070_receipt_urls.sql (16.24ms)","source":"stdlog"}

[1A[2K[2m[WebServer] [22m{"time":"2026-10-05T21:12:43.878912687-04:00","level":"INFO","msg":"OK   0071_submission_fail_notes_unique.sql (23.24ms)","source":"stdlog"}

[1A[2K[2m[WebServer] [22m{"time":"2026-10-05T21:12:43.906058767-04:00","level":"INFO","msg":"OK   0072_app_timezone_new_york.sql (26.48ms)","source":"stdlog"}

[1A[2K[2m[WebServer] [22m{"time":"2026-10-05T21:12:43.937739399-04:00","level":"INFO","msg":"OK   0073_sync_fdw_views.sql (31.37ms)","source":"stdlog"}

[1A[2K[2m[WebServer] [22m{"time":"2026-10-05T21:12:43.949402728-04:00","level":"INFO","msg":"OK   0074_sync_fdw_approver_view.sql (11.5ms)","source":"stdlog"}

[1A[2K[2m[WebServer] [22m{"time":"2026-10-05T21:12:44.002284572-04:00","level":"INFO","msg":"OK   0075_item_aliases.sql (52.75ms)","source":"stdlog"}

[1A[2K[2m[WebServer] [22m{"time":"2026-10-05T21:12:44.02945159-04:00","level":"INFO","msg":"OK   0076_checklist_template_app.sql (26.96ms)","source":"stdlog"}

[1A[2K[2m[WebServer] [22m{"time":"2026-10-05T21:12:44.082383204-04:00","level":"INFO","msg":"OK   0077_race_lost_notifications.sql (52.77ms)","source":"stdlog"}

[1A[2K[2m[WebServer] [22m{"time":"2026-10-05T21:12:44.097848732-04:00","level":"INFO","msg":"OK   0078_card_holder_on_purchases.sql (15.36ms)","source":"stdlog"}

[1A[2K[2m[WebServer] [22m{"time":"2026-10-05T21:12:44.123307988-04:00","level":"INFO","msg":"OK   0079_pending_purchases_retry_requested.sql (24.75ms)","source":"stdlog"}

[1A[2K[2m[WebServer] [22m{"time":"2026-10-05T21:12:44.138774816-04:00","level":"INFO","msg":"OK   0080_receipt_sync_runs_cancelled.sql (15.33ms)","source":"stdlog"}

[1A[2K[2m[WebServer] [22m{"time":"2026-10-05T21:12:44.169776347-04:00","level":"INFO","msg":"OK   0081_item_alias_display.sql (30.83ms)","source":"stdlog"}

[1A[2K[2m[WebServer] [22m{"time":"2026-10-05T21:12:44.188234536-04:00","level":"INFO","msg":"OK   0082_bi_grants.sql (18.28ms)","source":"stdlog"}

[1A[2K[2m[WebServer] [22m{"time":"2026-10-05T21:12:44.314640328-04:00","level":"INFO","msg":"OK   0083_campaigns_admin.sql (126.2ms)","source":"stdlog"}

[1A[2K[2m[WebServer] [22m{"time":"2026-10-05T21:12:44.467428755-04:00","level":"INFO","msg":"OK   0084_toast_orders_reconciliation.sql (152.47ms)","source":"stdlog"}

[1A[2K[2m[WebServer] [22m{"time":"2026-10-05T21:12:44.584347443-04:00","level":"INFO","msg":"OK   0085_subscribers.sql (116.77ms)","source":"stdlog"}

[1A[2K[2m[WebServer] [22m{"time":"2026-10-05T21:12:44.626719225-04:00","level":"INFO","msg":"OK   0086_merge_repoint_and_erasure_backstop.sql (42.18ms)","source":"stdlog"}

[1A[2K[2m[WebServer] [22m{"time":"2026-10-05T21:12:44.711316039-04:00","level":"INFO","msg":"OK   0087_qr_scans_dedupe_bucket.sql (84.42ms)","source":"stdlog"}

[1A[2K[2m[WebServer] [22m{"time":"2026-10-05T21:12:44.781060013-04:00","level":"INFO","msg":"OK   0088_identity_codes.sql (69.58ms)","source":"stdlog"}
[2m[WebServer] [22m{"time":"2026-10-05T21:12:44.781095301-04:00","level":"INFO","msg":"goose: successfully migrated database to version: 88","source":"stdlog"}
[2m[WebServer] [22m{"time":"2026-10-05T21:12:44.781109296-04:00","level":"INFO","msg":"database migrations applied successfully"}

[1A[2K[2m[WebServer] [22m{"time":"2026-10-05T21:12:44.87995886-04:00","level":"INFO","msg":"upserted superadmin","email":"jamal@yumyums.kitchen"}

[1A[2K[2m[WebServer] [22m{"time":"2026-10-05T21:12:44.968467016-04:00","level":"INFO","msg":"seeded template","name":"Setup Checklist","id":"4676fa64-18c1-45b7-b459-82848592e34e"}
[2m[WebServer] [22m{"time":"2026-10-05T21:12:44.968580177-04:00","level":"INFO","msg":"seeded templates","count":1}

[1A[2K[2m[WebServer] [22m{"time":"2026-10-05T21:12:45.074187821-04:00","level":"INFO","msg":"seeded onboarding template","name":"Kitchen Basics Training","id":"eae87d79-ea9d-43af-bc5b-4a8396aaa552"}

[1A[2K[2m[WebServer] [22m{"time":"2026-10-05T21:12:45.106218413-04:00","level":"INFO","msg":"inventory: seeded vendors","count":5}

[1A[2K[2m[WebServer] [22m{"time":"2026-10-05T21:12:45.202504803-04:00","level":"INFO","msg":"inventory: seeded unique tags","count":19}

[1A[2K[2m[WebServer] [22m{"time":"2026-10-05T21:12:45.363236802-04:00","level":"INFO","msg":"inventory: seeded item groups","count":10}

[1A[2K[2m[WebServer] [22m{"time":"2026-10-05T21:12:45.974935709-04:00","level":"INFO","msg":"inventory: seeded purchase items from YAML","count":106}
[2m[WebServer] [22m{"time":"2026-10-05T21:12:45.975039477-04:00","level":"WARN","msg":"object storage env vars not set, photo and video upload endpoints will return 503","required":"STORAGE_KEY, STORAGE_SECRET, STORAGE_BUCKET, STORAGE_ENDPOINT, STORAGE_REGION"}

[1A[2K[2m[WebServer] [22m{"time":"2026-10-05T21:12:45.975120008-04:00","level":"WARN","msg":"HQ_INVENTORY_SERVICE_TOKEN not set, /api/v1/inventory/period-summary AND /api/v1/inventory/menu-cogs will return 503"}
[2m[WebServer] [22m{"time":"2026-10-05T21:12:45.975230788-04:00","level":"INFO","msg":"marketing campaign projection not configured; campaigns will save with projected_at NULL and warnings:[\"not_projected\"]","missing":"HQ_SYNC_REST_URL and/or HQ_SYNC_SERVICE_KEY"}
[2m[WebServer] [22m{"time":"2026-10-05T21:12:45.975306111-04:00","level":"INFO","msg":"inventory COGS category allowlist","allowlist":["COGS"]}

[1A[2K[2m[WebServer] [22m{"time":"2026-10-05T21:12:45.97593253-04:00","level":"INFO","msg":"redemption arbiter not configured; POST /api/v1/marketing/redeem answers 503","missing":"HQ_SYNC_REST_URL and/or HQ_SYNC_SERVICE_KEY"}
[2m[WebServer] [22m{"time":"2026-10-05T21:12:45.976081973-04:00","level":"INFO","msg":"receipt worker disabled","reason":"E2E_DISABLE_SCHEDULERS=1"}
[2m[WebServer] [22m{"time":"2026-10-05T21:12:45.976119233-04:00","level":"INFO","msg":"alert queue started","delivery_enabled":false}
[2m[WebServer] [22m{"time":"2026-10-05T21:12:45.976139166-04:00","level":"INFO","msg":"cutoff scheduler disabled","reason":"E2E_DISABLE_SCHEDULERS=1"}
[2m[WebServer] [22m{"time":"2026-10-05T21:12:45.976156494-04:00","level":"INFO","msg":"scan-attempts mirror disabled","reason":"E2E_DISABLE_SCHEDULERS=1"}
[2m[WebServer] [22m{"time":"2026-10-05T21:12:45.976175224-04:00","level":"INFO","msg":"toast worker disabled, cmd/sync-toast remains available","reason":"TOAST_SYNC_INTERVAL=0"}
[2m[WebServer] [22m{"time":"2026-10-05T21:12:45.976278092-04:00","level":"INFO","msg":"alerts queue started"}

[1A[2K[2m[WebServer] [22m{"time":"2026-10-05T21:12:46.002782096-04:00","level":"INFO","msg":"server listening","port":"8371"}

[1A[2K[2m[WebServer] [22m{"time":"2026-10-05T21:12:46.012794205-04:00","level":"INFO","msg":"reachable at","url":"http://10.255.255.254:8371"}
[2m[WebServer] [22m{"time":"2026-10-05T21:12:46.012830427-04:00","level":"INFO","msg":"reachable at","url":"http://100.70.200.55:8371"}
[2m[WebServer] [22m{"time":"2026-10-05T21:12:46.012841464-04:00","level":"INFO","msg":"reachable at","url":"http://192.168.8.164:8371"}
[2m[WebServer] [22m{"time":"2026-10-05T21:12:46.012890829-04:00","level":"INFO","msg":"Yumyums HQ ready, accepting connections"}


Running 1 test using 1 worker

[1A[2K[1/1] [chromium] › tests/zz-verify-e1.spec.js:51:1 › verify-e1 read rate
[1A[2K[2m[WebServer] [22m{"time":"2026-10-05T21:12:51.485184787-04:00","level":"INFO","msg":"client log","level":"WARN","message":"-------------- RxDB Open Core RxStorage -------------------------------\nYou are using the free Dexie.js based RxStorage implementation from RxDB https://rxdb.info/rx-storage-dexie.html?console=dexie \nWhile this is a great option, we want to let you know that there are faster storage solutions available in our premium plugins.\nFor professional users and production environments, we highly recommend considering these premium options to enhance performance and reliability.\n https://rxdb.info/premium/?console=dexie \nIf you already purchased premium access you can disable this log by calling the setPremiumFlag() function from rxdb-premium/plugins/shared.\n---------------------------------------------------------------------","user":"Jamal C. (jamal@yumyums.kitchen)","page":"/marketing.html","ua":"Mozilla/5.0 (X11; Linux x86_64) AppleWebKit/537.36 (KHTML, like Gecko) HeadlessChrome/147.0.7727.15 Safari/537.36"}

[1A[2K[chromium] › tests/zz-verify-e1.spec.js:51:1 › verify-e1 read rate
VERIFY ENV {"barcodeDetector":false,"ua":"Mozilla/5.0 (X11; Linux x86_64) AppleWebKit/537.36 (KHTML, like Gecko) HeadlessChrome/147.0.7727.15 Safari/537.36","surfaceW":640,"dpr":1}

[1A[2K[2m[WebServer] [22m{"time":"2026-10-05T21:12:56.36434269-04:00","level":"INFO","msg":"client log","level":"WARN","message":"-------------- RxDB Open Core RxStorage -------------------------------\nYou are using the free Dexie.js based RxStorage implementation from RxDB https://rxdb.info/rx-storage-dexie.html?console=dexie \nWhile this is a great option, we want to let you know that there are faster storage solutions available in our premium plugins.\nFor professional users and production environments, we highly recommend considering these premium options to enhance performance and reliability.\n https://rxdb.info/premium/?console=dexie \nIf you already purchased premium access you can disable this log by calling the setPremiumFlag() function from rxdb-premium/plugins/shared.\n---------------------------------------------------------------------","user":"Jamal C. (jamal@yumyums.kitchen)","page":"/marketing.html","ua":"Mozilla/5.0 (X11; Linux x86_64) AppleWebKit/537.36 (KHTML, like Gecko) HeadlessChrome/147.0.7727.15 Safari/537.36"}

[1A[2K[2m[WebServer] [22m{"time":"2026-10-05T21:12:56.902878479-04:00","level":"INFO","msg":"client log","level":"WARN","message":"-------------- RxDB Open Core RxStorage -------------------------------\nYou are using the free Dexie.js based RxStorage implementation from RxDB https://rxdb.info/rx-storage-dexie.html?console=dexie \nWhile this is a great option, we want to let you know that there are faster storage solutions available in our premium plugins.\nFor professional users and production environments, we highly recommend considering these premium options to enhance performance and reliability.\n https://rxdb.info/premium/?console=dexie \nIf you already purchased premium access you can disable this log by calling the setPremiumFlag() function from rxdb-premium/plugins/shared.\n---------------------------------------------------------------------","user":"Jamal C. (jamal@yumyums.kitchen)","page":"/marketing.html","ua":"Mozilla/5.0 (X11; Linux x86_64) AppleWebKit/537.36 (KHTML, like Gecko) HeadlessChrome/147.0.7727.15 Safari/537.36"}

[1A[2K[2m[WebServer] [22m{"time":"2026-10-05T21:12:57.285674022-04:00","level":"INFO","msg":"client log","level":"WARN","message":"-------------- RxDB Open Core RxStorage -------------------------------\nYou are using the free Dexie.js based RxStorage implementation from RxDB https://rxdb.info/rx-storage-dexie.html?console=dexie \nWhile this is a great option, we want to let you know that there are faster storage solutions available in our premium plugins.\nFor professional users and production environments, we highly recommend considering these premium options to enhance performance and reliability.\n https://rxdb.info/premium/?console=dexie \nIf you already purchased premium access you can disable this log by calling the setPremiumFlag() function from rxdb-premium/plugins/shared.\n---------------------------------------------------------------------","user":"Jamal C. (jamal@yumyums.kitchen)","page":"/marketing.html","ua":"Mozilla/5.0 (X11; Linux x86_64) AppleWebKit/537.36 (KHTML, like Gecko) HeadlessChrome/147.0.7727.15 Safari/537.36"}

[1A[2K[2m[WebServer] [22m{"time":"2026-10-05T21:12:57.634903053-04:00","level":"INFO","msg":"client log","level":"WARN","message":"-------------- RxDB Open Core RxStorage -------------------------------\nYou are using the free Dexie.js based RxStorage implementation from RxDB https://rxdb.info/rx-storage-dexie.html?console=dexie \nWhile this is a great option, we want to let you know that there are faster storage solutions available in our premium plugins.\nFor professional users and production environments, we highly recommend considering these premium options to enhance performance and reliability.\n https://rxdb.info/premium/?console=dexie \nIf you already purchased premium access you can disable this log by calling the setPremiumFlag() function from rxdb-premium/plugins/shared.\n---------------------------------------------------------------------","user":"Jamal C. (jamal@yumyums.kitchen)","page":"/marketing.html","ua":"Mozilla/5.0 (X11; Linux x86_64) AppleWebKit/537.36 (KHTML, like Gecko) HeadlessChrome/147.0.7727.15 Safari/537.36"}

[1A[2K[2m[WebServer] [22m{"time":"2026-10-05T21:12:58.091724909-04:00","level":"INFO","msg":"client log","level":"WARN","message":"-------------- RxDB Open Core RxStorage -------------------------------\nYou are using the free Dexie.js based RxStorage implementation from RxDB https://rxdb.info/rx-storage-dexie.html?console=dexie \nWhile this is a great option, we want to let you know that there are faster storage solutions available in our premium plugins.\nFor professional users and production environments, we highly recommend considering these premium options to enhance performance and reliability.\n https://rxdb.info/premium/?console=dexie \nIf you already purchased premium access you can disable this log by calling the setPremiumFlag() function from rxdb-premium/plugins/shared.\n---------------------------------------------------------------------","user":"Jamal C. (jamal@yumyums.kitchen)","page":"/marketing.html","ua":"Mozilla/5.0 (X11; Linux x86_64) AppleWebKit/537.36 (KHTML, like Gecko) HeadlessChrome/147.0.7727.15 Safari/537.36"}

[1A[2K[2m[WebServer] [22m{"time":"2026-10-05T21:12:58.648713757-04:00","level":"INFO","msg":"client log","level":"WARN","message":"-------------- RxDB Open Core RxStorage -------------------------------\nYou are using the free Dexie.js based RxStorage implementation from RxDB https://rxdb.info/rx-storage-dexie.html?console=dexie \nWhile this is a great option, we want to let you know that there are faster storage solutions available in our premium plugins.\nFor professional users and production environments, we highly recommend considering these premium options to enhance performance and reliability.\n https://rxdb.info/premium/?console=dexie \nIf you already purchased premium access you can disable this log by calling the setPremiumFlag() function from rxdb-premium/plugins/shared.\n---------------------------------------------------------------------","user":"Jamal C. (jamal@yumyums.kitchen)","page":"/marketing.html","ua":"Mozilla/5.0 (X11; Linux x86_64) AppleWebKit/537.36 (KHTML, like Gecko) HeadlessChrome/147.0.7727.15 Safari/537.36"}

[1A[2K[2m[WebServer] [22m{"time":"2026-10-05T21:12:59.264152052-04:00","level":"INFO","msg":"client log","level":"WARN","message":"-------------- RxDB Open Core RxStorage -------------------------------\nYou are using the free Dexie.js based RxStorage implementation from RxDB https://rxdb.info/rx-storage-dexie.html?console=dexie \nWhile this is a great option, we want to let you know that there are faster storage solutions available in our premium plugins.\nFor professional users and production environments, we highly recommend considering these premium options to enhance performance and reliability.\n https://rxdb.info/premium/?console=dexie \nIf you already purchased premium access you can disable this log by calling the setPremiumFlag() function from rxdb-premium/plugins/shared.\n---------------------------------------------------------------------","user":"Jamal C. (jamal@yumyums.kitchen)","page":"/marketing.html","ua":"Mozilla/5.0 (X11; Linux x86_64) AppleWebKit/537.36 (KHTML, like Gecko) HeadlessChrome/147.0.7727.15 Safari/537.36"}

[1A[2K[2m[WebServer] [22m{"time":"2026-10-05T21:12:59.712574223-04:00","level":"INFO","msg":"client log","level":"WARN","message":"-------------- RxDB Open Core RxStorage -------------------------------\nYou are using the free Dexie.js based RxStorage implementation from RxDB https://rxdb.info/rx-storage-dexie.html?console=dexie \nWhile this is a great option, we want to let you know that there are faster storage solutions available in our premium plugins.\nFor professional users and production environments, we highly recommend considering these premium options to enhance performance and reliability.\n https://rxdb.info/premium/?console=dexie \nIf you already purchased premium access you can disable this log by calling the setPremiumFlag() function from rxdb-premium/plugins/shared.\n---------------------------------------------------------------------","user":"Jamal C. (jamal@yumyums.kitchen)","page":"/marketing.html","ua":"Mozilla/5.0 (X11; Linux x86_64) AppleWebKit/537.36 (KHTML, like Gecko) HeadlessChrome/147.0.7727.15 Safari/537.36"}

[1A[2K[2m[WebServer] [22m{"time":"2026-10-05T21:13:00.111512416-04:00","level":"INFO","msg":"client log","level":"WARN","message":"-------------- RxDB Open Core RxStorage -------------------------------\nYou are using the free Dexie.js based RxStorage implementation from RxDB https://rxdb.info/rx-storage-dexie.html?console=dexie \nWhile this is a great option, we want to let you know that there are faster storage solutions available in our premium plugins.\nFor professional users and production environments, we highly recommend considering these premium options to enhance performance and reliability.\n https://rxdb.info/premium/?console=dexie \nIf you already purchased premium access you can disable this log by calling the setPremiumFlag() function from rxdb-premium/plugins/shared.\n---------------------------------------------------------------------","user":"Jamal C. (jamal@yumyums.kitchen)","page":"/marketing.html","ua":"Mozilla/5.0 (X11; Linux x86_64) AppleWebKit/537.36 (KHTML, like Gecko) HeadlessChrome/147.0.7727.15 Safari/537.36"}

[1A[2K[2m[WebServer] [22m{"time":"2026-10-05T21:13:00.4574741-04:00","level":"INFO","msg":"client log","level":"WARN","message":"-------------- RxDB Open Core RxStorage -------------------------------\nYou are using the free Dexie.js based RxStorage implementation from RxDB https://rxdb.info/rx-storage-dexie.html?console=dexie \nWhile this is a great option, we want to let you know that there are faster storage solutions available in our premium plugins.\nFor professional users and production environments, we highly recommend considering these premium options to enhance performance and reliability.\n https://rxdb.info/premium/?console=dexie \nIf you already purchased premium access you can disable this log by calling the setPremiumFlag() function from rxdb-premium/plugins/shared.\n---------------------------------------------------------------------","user":"Jamal C. (jamal@yumyums.kitchen)","page":"/marketing.html","ua":"Mozilla/5.0 (X11; Linux x86_64) AppleWebKit/537.36 (KHTML, like Gecko) HeadlessChrome/147.0.7727.15 Safari/537.36"}

[1A[2K[2m[WebServer] [22m{"time":"2026-10-05T21:13:00.846536864-04:00","level":"INFO","msg":"client log","level":"WARN","message":"-------------- RxDB Open Core RxStorage -------------------------------\nYou are using the free Dexie.js based RxStorage implementation from RxDB https://rxdb.info/rx-storage-dexie.html?console=dexie \nWhile this is a great option, we want to let you know that there are faster storage solutions available in our premium plugins.\nFor professional users and production environments, we highly recommend considering these premium options to enhance performance and reliability.\n https://rxdb.info/premium/?console=dexie \nIf you already purchased premium access you can disable this log by calling the setPremiumFlag() function from rxdb-premium/plugins/shared.\n---------------------------------------------------------------------","user":"Jamal C. (jamal@yumyums.kitchen)","page":"/marketing.html","ua":"Mozilla/5.0 (X11; Linux x86_64) AppleWebKit/537.36 (KHTML, like Gecko) HeadlessChrome/147.0.7727.15 Safari/537.36"}

[1A[2K[2m[WebServer] [22m{"time":"2026-10-05T21:13:01.385358868-04:00","level":"INFO","msg":"client log","level":"WARN","message":"-------------- RxDB Open Core RxStorage -------------------------------\nYou are using the free Dexie.js based RxStorage implementation from RxDB https://rxdb.info/rx-storage-dexie.html?console=dexie \nWhile this is a great option, we want to let you know that there are faster storage solutions available in our premium plugins.\nFor professional users and production environments, we highly recommend considering these premium options to enhance performance and reliability.\n https://rxdb.info/premium/?console=dexie \nIf you already purchased premium access you can disable this log by calling the setPremiumFlag() function from rxdb-premium/plugins/shared.\n---------------------------------------------------------------------","user":"Jamal C. (jamal@yumyums.kitchen)","page":"/marketing.html","ua":"Mozilla/5.0 (X11; Linux x86_64) AppleWebKit/537.36 (KHTML, like Gecko) HeadlessChrome/147.0.7727.15 Safari/537.36"}

[1A[2K[2m[WebServer] [22m{"time":"2026-10-05T21:13:01.730077881-04:00","level":"INFO","msg":"client log","level":"WARN","message":"-------------- RxDB Open Core RxStorage -------------------------------\nYou are using the free Dexie.js based RxStorage implementation from RxDB https://rxdb.info/rx-storage-dexie.html?console=dexie \nWhile this is a great option, we want to let you know that there are faster storage solutions available in our premium plugins.\nFor professional users and production environments, we highly recommend considering these premium options to enhance performance and reliability.\n https://rxdb.info/premium/?console=dexie \nIf you already purchased premium access you can disable this log by calling the setPremiumFlag() function from rxdb-premium/plugins/shared.\n---------------------------------------------------------------------","user":"Jamal C. (jamal@yumyums.kitchen)","page":"/marketing.html","ua":"Mozilla/5.0 (X11; Linux x86_64) AppleWebKit/537.36 (KHTML, like Gecko) HeadlessChrome/147.0.7727.15 Safari/537.36"}

[1A[2K[2m[WebServer] [22m{"time":"2026-10-05T21:13:02.064698414-04:00","level":"INFO","msg":"client log","level":"WARN","message":"-------------- RxDB Open Core RxStorage -------------------------------\nYou are using the free Dexie.js based RxStorage implementation from RxDB https://rxdb.info/rx-storage-dexie.html?console=dexie \nWhile this is a great option, we want to let you know that there are faster storage solutions available in our premium plugins.\nFor professional users and production environments, we highly recommend considering these premium options to enhance performance and reliability.\n https://rxdb.info/premium/?console=dexie \nIf you already purchased premium access you can disable this log by calling the setPremiumFlag() function from rxdb-premium/plugins/shared.\n---------------------------------------------------------------------","user":"Jamal C. (jamal@yumyums.kitchen)","page":"/marketing.html","ua":"Mozilla/5.0 (X11; Linux x86_64) AppleWebKit/537.36 (KHTML, like Gecko) HeadlessChrome/147.0.7727.15 Safari/537.36"}

[1A[2K[2m[WebServer] [22m{"time":"2026-10-05T21:13:02.438101874-04:00","level":"INFO","msg":"client log","level":"WARN","message":"-------------- RxDB Open Core RxStorage -------------------------------\nYou are using the free Dexie.js based RxStorage implementation from RxDB https://rxdb.info/rx-storage-dexie.html?console=dexie \nWhile this is a great option, we want to let you know that there are faster storage solutions available in our premium plugins.\nFor professional users and production environments, we highly recommend considering these premium options to enhance performance and reliability.\n https://rxdb.info/premium/?console=dexie \nIf you already purchased premium access you can disable this log by calling the setPremiumFlag() function from rxdb-premium/plugins/shared.\n---------------------------------------------------------------------","user":"Jamal C. (jamal@yumyums.kitchen)","page":"/marketing.html","ua":"Mozilla/5.0 (X11; Linux x86_64) AppleWebKit/537.36 (KHTML, like Gecko) HeadlessChrome/147.0.7727.15 Safari/537.36"}

[1A[2K[2m[WebServer] [22m{"time":"2026-10-05T21:13:03.048536638-04:00","level":"INFO","msg":"client log","level":"WARN","message":"-------------- RxDB Open Core RxStorage -------------------------------\nYou are using the free Dexie.js based RxStorage implementation from RxDB https://rxdb.info/rx-storage-dexie.html?console=dexie \nWhile this is a great option, we want to let you know that there are faster storage solutions available in our premium plugins.\nFor professional users and production environments, we highly recommend considering these premium options to enhance performance and reliability.\n https://rxdb.info/premium/?console=dexie \nIf you already purchased premium access you can disable this log by calling the setPremiumFlag() function from rxdb-premium/plugins/shared.\n---------------------------------------------------------------------","user":"Jamal C. (jamal@yumyums.kitchen)","page":"/marketing.html","ua":"Mozilla/5.0 (X11; Linux x86_64) AppleWebKit/537.36 (KHTML, like Gecko) HeadlessChrome/147.0.7727.15 Safari/537.36"}

[1A[2K[2m[WebServer] [22m{"time":"2026-10-05T21:13:03.392670803-04:00","level":"INFO","msg":"client log","level":"WARN","message":"-------------- RxDB Open Core RxStorage -------------------------------\nYou are using the free Dexie.js based RxStorage implementation from RxDB https://rxdb.info/rx-storage-dexie.html?console=dexie \nWhile this is a great option, we want to let you know that there are faster storage solutions available in our premium plugins.\nFor professional users and production environments, we highly recommend considering these premium options to enhance performance and reliability.\n https://rxdb.info/premium/?console=dexie \nIf you already purchased premium access you can disable this log by calling the setPremiumFlag() function from rxdb-premium/plugins/shared.\n---------------------------------------------------------------------","user":"Jamal C. (jamal@yumyums.kitchen)","page":"/marketing.html","ua":"Mozilla/5.0 (X11; Linux x86_64) AppleWebKit/537.36 (KHTML, like Gecko) HeadlessChrome/147.0.7727.15 Safari/537.36"}

[1A[2K[2m[WebServer] [22m{"time":"2026-10-05T21:13:03.635674667-04:00","level":"INFO","msg":"client log","level":"WARN","message":"-------------- RxDB Open Core RxStorage -------------------------------\nYou are using the free Dexie.js based RxStorage implementation from RxDB https://rxdb.info/rx-storage-dexie.html?console=dexie \nWhile this is a great option, we want to let you know that there are faster storage solutions available in our premium plugins.\nFor professional users and production environments, we highly recommend considering these premium options to enhance performance and reliability.\n https://rxdb.info/premium/?console=dexie \nIf you already purchased premium access you can disable this log by calling the setPremiumFlag() function from rxdb-premium/plugins/shared.\n---------------------------------------------------------------------","user":"Jamal C. (jamal@yumyums.kitchen)","page":"/marketing.html","ua":"Mozilla/5.0 (X11; Linux x86_64) AppleWebKit/537.36 (KHTML, like Gecko) HeadlessChrome/147.0.7727.15 Safari/537.36"}

[1A[2K[2m[WebServer] [22m{"time":"2026-10-05T21:13:03.909268288-04:00","level":"INFO","msg":"client log","level":"WARN","message":"-------------- RxDB Open Core RxStorage -------------------------------\nYou are using the free Dexie.js based RxStorage implementation from RxDB https://rxdb.info/rx-storage-dexie.html?console=dexie \nWhile this is a great option, we want to let you know that there are faster storage solutions available in our premium plugins.\nFor professional users and production environments, we highly recommend considering these premium options to enhance performance and reliability.\n https://rxdb.info/premium/?console=dexie \nIf you already purchased premium access you can disable this log by calling the setPremiumFlag() function from rxdb-premium/plugins/shared.\n---------------------------------------------------------------------","user":"Jamal C. (jamal@yumyums.kitchen)","page":"/marketing.html","ua":"Mozilla/5.0 (X11; Linux x86_64) AppleWebKit/537.36 (KHTML, like Gecko) HeadlessChrome/147.0.7727.15 Safari/537.36"}

[1A[2K[2m[WebServer] [22m{"time":"2026-10-05T21:13:04.143932729-04:00","level":"INFO","msg":"client log","level":"WARN","message":"-------------- RxDB Open Core RxStorage -------------------------------\nYou are using the free Dexie.js based RxStorage implementation from RxDB https://rxdb.info/rx-storage-dexie.html?console=dexie \nWhile this is a great option, we want to let you know that there are faster storage solutions available in our premium plugins.\nFor professional users and production environments, we highly recommend considering these premium options to enhance performance and reliability.\n https://rxdb.info/premium/?console=dexie \nIf you already purchased premium access you can disable this log by calling the setPremiumFlag() function from rxdb-premium/plugins/shared.\n---------------------------------------------------------------------","user":"Jamal C. (jamal@yumyums.kitchen)","page":"/marketing.html","ua":"Mozilla/5.0 (X11; Linux x86_64) AppleWebKit/537.36 (KHTML, like Gecko) HeadlessChrome/147.0.7727.15 Safari/537.36"}

[1A[2K[2m[WebServer] [22m{"time":"2026-10-05T21:13:04.550536254-04:00","level":"INFO","msg":"client log","level":"WARN","message":"-------------- RxDB Open Core RxStorage -------------------------------\nYou are using the free Dexie.js based RxStorage implementation from RxDB https://rxdb.info/rx-storage-dexie.html?console=dexie \nWhile this is a great option, we want to let you know that there are faster storage solutions available in our premium plugins.\nFor professional users and production environments, we highly recommend considering these premium options to enhance performance and reliability.\n https://rxdb.info/premium/?console=dexie \nIf you already purchased premium access you can disable this log by calling the setPremiumFlag() function from rxdb-premium/plugins/shared.\n---------------------------------------------------------------------","user":"Jamal C. (jamal@yumyums.kitchen)","page":"/marketing.html","ua":"Mozilla/5.0 (X11; Linux x86_64) AppleWebKit/537.36 (KHTML, like Gecko) HeadlessChrome/147.0.7727.15 Safari/537.36"}

[1A[2K[2m[WebServer] [22m{"time":"2026-10-05T21:13:04.901934917-04:00","level":"INFO","msg":"client log","level":"WARN","message":"-------------- RxDB Open Core RxStorage -------------------------------\nYou are using the free Dexie.js based RxStorage implementation from RxDB https://rxdb.info/rx-storage-dexie.html?console=dexie \nWhile this is a great option, we want to let you know that there are faster storage solutions available in our premium plugins.\nFor professional users and production environments, we highly recommend considering these premium options to enhance performance and reliability.\n https://rxdb.info/premium/?console=dexie \nIf you already purchased premium access you can disable this log by calling the setPremiumFlag() function from rxdb-premium/plugins/shared.\n---------------------------------------------------------------------","user":"Jamal C. (jamal@yumyums.kitchen)","page":"/marketing.html","ua":"Mozilla/5.0 (X11; Linux x86_64) AppleWebKit/537.36 (KHTML, like Gecko) HeadlessChrome/147.0.7727.15 Safari/537.36"}

[1A[2K[2m[WebServer] [22m{"time":"2026-10-05T21:13:05.405012793-04:00","level":"INFO","msg":"client log","level":"WARN","message":"-------------- RxDB Open Core RxStorage -------------------------------\nYou are using the free Dexie.js based RxStorage implementation from RxDB https://rxdb.info/rx-storage-dexie.html?console=dexie \nWhile this is a great option, we want to let you know that there are faster storage solutions available in our premium plugins.\nFor professional users and production environments, we highly recommend considering these premium options to enhance performance and reliability.\n https://rxdb.info/premium/?console=dexie \nIf you already purchased premium access you can disable this log by calling the setPremiumFlag() function from rxdb-premium/plugins/shared.\n---------------------------------------------------------------------","user":"Jamal C. (jamal@yumyums.kitchen)","page":"/marketing.html","ua":"Mozilla/5.0 (X11; Linux x86_64) AppleWebKit/537.36 (KHTML, like Gecko) HeadlessChrome/147.0.7727.15 Safari/537.36"}

[1A[2K[2m[WebServer] [22m{"time":"2026-10-05T21:13:05.870026726-04:00","level":"INFO","msg":"client log","level":"WARN","message":"-------------- RxDB Open Core RxStorage -------------------------------\nYou are using the free Dexie.js based RxStorage implementation from RxDB https://rxdb.info/rx-storage-dexie.html?console=dexie \nWhile this is a great option, we want to let you know that there are faster storage solutions available in our premium plugins.\nFor professional users and production environments, we highly recommend considering these premium options to enhance performance and reliability.\n https://rxdb.info/premium/?console=dexie \nIf you already purchased premium access you can disable this log by calling the setPremiumFlag() function from rxdb-premium/plugins/shared.\n---------------------------------------------------------------------","user":"Jamal C. (jamal@yumyums.kitchen)","page":"/marketing.html","ua":"Mozilla/5.0 (X11; Linux x86_64) AppleWebKit/537.36 (KHTML, like Gecko) HeadlessChrome/147.0.7727.15 Safari/537.36"}

[1A[2K[2m[WebServer] [22m{"time":"2026-10-05T21:13:06.12651993-04:00","level":"INFO","msg":"client log","level":"WARN","message":"-------------- RxDB Open Core RxStorage -------------------------------\nYou are using the free Dexie.js based RxStorage implementation from RxDB https://rxdb.info/rx-storage-dexie.html?console=dexie \nWhile this is a great option, we want to let you know that there are faster storage solutions available in our premium plugins.\nFor professional users and production environments, we highly recommend considering these premium options to enhance performance and reliability.\n https://rxdb.info/premium/?console=dexie \nIf you already purchased premium access you can disable this log by calling the setPremiumFlag() function from rxdb-premium/plugins/shared.\n---------------------------------------------------------------------","user":"Jamal C. (jamal@yumyums.kitchen)","page":"/marketing.html","ua":"Mozilla/5.0 (X11; Linux x86_64) AppleWebKit/537.36 (KHTML, like Gecko) HeadlessChrome/147.0.7727.15 Safari/537.36"}

[1A[2K[2m[WebServer] [22m{"time":"2026-10-05T21:13:06.458092684-04:00","level":"INFO","msg":"client log","level":"WARN","message":"-------------- RxDB Open Core RxStorage -------------------------------\nYou are using the free Dexie.js based RxStorage implementation from RxDB https://rxdb.info/rx-storage-dexie.html?console=dexie \nWhile this is a great option, we want to let you know that there are faster storage solutions available in our premium plugins.\nFor professional users and production environments, we highly recommend considering these premium options to enhance performance and reliability.\n https://rxdb.info/premium/?console=dexie \nIf you already purchased premium access you can disable this log by calling the setPremiumFlag() function from rxdb-premium/plugins/shared.\n---------------------------------------------------------------------","user":"Jamal C. (jamal@yumyums.kitchen)","page":"/marketing.html","ua":"Mozilla/5.0 (X11; Linux x86_64) AppleWebKit/537.36 (KHTML, like Gecko) HeadlessChrome/147.0.7727.15 Safari/537.36"}

[1A[2K[2m[WebServer] [22m{"time":"2026-10-05T21:13:06.739824881-04:00","level":"INFO","msg":"client log","level":"WARN","message":"-------------- RxDB Open Core RxStorage -------------------------------\nYou are using the free Dexie.js based RxStorage implementation from RxDB https://rxdb.info/rx-storage-dexie.html?console=dexie \nWhile this is a great option, we want to let you know that there are faster storage solutions available in our premium plugins.\nFor professional users and production environments, we highly recommend considering these premium options to enhance performance and reliability.\n https://rxdb.info/premium/?console=dexie \nIf you already purchased premium access you can disable this log by calling the setPremiumFlag() function from rxdb-premium/plugins/shared.\n---------------------------------------------------------------------","user":"Jamal C. (jamal@yumyums.kitchen)","page":"/marketing.html","ua":"Mozilla/5.0 (X11; Linux x86_64) AppleWebKit/537.36 (KHTML, like Gecko) HeadlessChrome/147.0.7727.15 Safari/537.36"}

[1A[2K[2m[WebServer] [22m{"time":"2026-10-05T21:13:07.255708191-04:00","level":"INFO","msg":"client log","level":"WARN","message":"-------------- RxDB Open Core RxStorage -------------------------------\nYou are using the free Dexie.js based RxStorage implementation from RxDB https://rxdb.info/rx-storage-dexie.html?console=dexie \nWhile this is a great option, we want to let you know that there are faster storage solutions available in our premium plugins.\nFor professional users and production environments, we highly recommend considering these premium options to enhance performance and reliability.\n https://rxdb.info/premium/?console=dexie \nIf you already purchased premium access you can disable this log by calling the setPremiumFlag() function from rxdb-premium/plugins/shared.\n---------------------------------------------------------------------","user":"Jamal C. (jamal@yumyums.kitchen)","page":"/marketing.html","ua":"Mozilla/5.0 (X11; Linux x86_64) AppleWebKit/537.36 (KHTML, like Gecko) HeadlessChrome/147.0.7727.15 Safari/537.36"}

[1A[2K[2m[WebServer] [22m{"time":"2026-10-05T21:13:07.53387616-04:00","level":"INFO","msg":"client log","level":"WARN","message":"-------------- RxDB Open Core RxStorage -------------------------------\nYou are using the free Dexie.js based RxStorage implementation from RxDB https://rxdb.info/rx-storage-dexie.html?console=dexie \nWhile this is a great option, we want to let you know that there are faster storage solutions available in our premium plugins.\nFor professional users and production environments, we highly recommend considering these premium options to enhance performance and reliability.\n https://rxdb.info/premium/?console=dexie \nIf you already purchased premium access you can disable this log by calling the setPremiumFlag() function from rxdb-premium/plugins/shared.\n---------------------------------------------------------------------","user":"Jamal C. (jamal@yumyums.kitchen)","page":"/marketing.html","ua":"Mozilla/5.0 (X11; Linux x86_64) AppleWebKit/537.36 (KHTML, like Gecko) HeadlessChrome/147.0.7727.15 Safari/537.36"}

[1A[2K[2m[WebServer] [22m{"time":"2026-10-05T21:13:08.000980608-04:00","level":"INFO","msg":"client log","level":"WARN","message":"-------------- RxDB Open Core RxStorage -------------------------------\nYou are using the free Dexie.js based RxStorage implementation from RxDB https://rxdb.info/rx-storage-dexie.html?console=dexie \nWhile this is a great option, we want to let you know that there are faster storage solutions available in our premium plugins.\nFor professional users and production environments, we highly recommend considering these premium options to enhance performance and reliability.\n https://rxdb.info/premium/?console=dexie \nIf you already purchased premium access you can disable this log by calling the setPremiumFlag() function from rxdb-premium/plugins/shared.\n---------------------------------------------------------------------","user":"Jamal C. (jamal@yumyums.kitchen)","page":"/marketing.html","ua":"Mozilla/5.0 (X11; Linux x86_64) AppleWebKit/537.36 (KHTML, like Gecko) HeadlessChrome/147.0.7727.15 Safari/537.36"}

[1A[2K[2m[WebServer] [22m{"time":"2026-10-05T21:13:08.388720765-04:00","level":"INFO","msg":"client log","level":"WARN","message":"-------------- RxDB Open Core RxStorage -------------------------------\nYou are using the free Dexie.js based RxStorage implementation from RxDB https://rxdb.info/rx-storage-dexie.html?console=dexie \nWhile this is a great option, we want to let you know that there are faster storage solutions available in our premium plugins.\nFor professional users and production environments, we highly recommend considering these premium options to enhance performance and reliability.\n https://rxdb.info/premium/?console=dexie \nIf you already purchased premium access you can disable this log by calling the setPremiumFlag() function from rxdb-premium/plugins/shared.\n---------------------------------------------------------------------","user":"Jamal C. (jamal@yumyums.kitchen)","page":"/marketing.html","ua":"Mozilla/5.0 (X11; Linux x86_64) AppleWebKit/537.36 (KHTML, like Gecko) HeadlessChrome/147.0.7727.15 Safari/537.36"}

[1A[2K[2m[WebServer] [22m{"time":"2026-10-05T21:13:08.936371022-04:00","level":"INFO","msg":"client log","level":"WARN","message":"-------------- RxDB Open Core RxStorage -------------------------------\nYou are using the free Dexie.js based RxStorage implementation from RxDB https://rxdb.info/rx-storage-dexie.html?console=dexie \nWhile this is a great option, we want to let you know that there are faster storage solutions available in our premium plugins.\nFor professional users and production environments, we highly recommend considering these premium options to enhance performance and reliability.\n https://rxdb.info/premium/?console=dexie \nIf you already purchased premium access you can disable this log by calling the setPremiumFlag() function from rxdb-premium/plugins/shared.\n---------------------------------------------------------------------","user":"Jamal C. (jamal@yumyums.kitchen)","page":"/marketing.html","ua":"Mozilla/5.0 (X11; Linux x86_64) AppleWebKit/537.36 (KHTML, like Gecko) HeadlessChrome/147.0.7727.15 Safari/537.36"}

[1A[2K[2m[WebServer] [22m{"time":"2026-10-05T21:13:09.73864277-04:00","level":"INFO","msg":"client log","level":"WARN","message":"-------------- RxDB Open Core RxStorage -------------------------------\nYou are using the free Dexie.js based RxStorage implementation from RxDB https://rxdb.info/rx-storage-dexie.html?console=dexie \nWhile this is a great option, we want to let you know that there are faster storage solutions available in our premium plugins.\nFor professional users and production environments, we highly recommend considering these premium options to enhance performance and reliability.\n https://rxdb.info/premium/?console=dexie \nIf you already purchased premium access you can disable this log by calling the setPremiumFlag() function from rxdb-premium/plugins/shared.\n---------------------------------------------------------------------","user":"Jamal C. (jamal@yumyums.kitchen)","page":"/marketing.html","ua":"Mozilla/5.0 (X11; Linux x86_64) AppleWebKit/537.36 (KHTML, like Gecko) HeadlessChrome/147.0.7727.15 Safari/537.36"}

[1A[2K[2m[WebServer] [22m{"time":"2026-10-05T21:13:10.1804813-04:00","level":"INFO","msg":"client log","level":"WARN","message":"-------------- RxDB Open Core RxStorage -------------------------------\nYou are using the free Dexie.js based RxStorage implementation from RxDB https://rxdb.info/rx-storage-dexie.html?console=dexie \nWhile this is a great option, we want to let you know that there are faster storage solutions available in our premium plugins.\nFor professional users and production environments, we highly recommend considering these premium options to enhance performance and reliability.\n https://rxdb.info/premium/?console=dexie \nIf you already purchased premium access you can disable this log by calling the setPremiumFlag() function from rxdb-premium/plugins/shared.\n---------------------------------------------------------------------","user":"Jamal C. (jamal@yumyums.kitchen)","page":"/marketing.html","ua":"Mozilla/5.0 (X11; Linux x86_64) AppleWebKit/537.36 (KHTML, like Gecko) HeadlessChrome/147.0.7727.15 Safari/537.36"}

[1A[2K[2m[WebServer] [22m{"time":"2026-10-05T21:13:10.491364065-04:00","level":"INFO","msg":"client log","level":"WARN","message":"-------------- RxDB Open Core RxStorage -------------------------------\nYou are using the free Dexie.js based RxStorage implementation from RxDB https://rxdb.info/rx-storage-dexie.html?console=dexie \nWhile this is a great option, we want to let you know that there are faster storage solutions available in our premium plugins.\nFor professional users and production environments, we highly recommend considering these premium options to enhance performance and reliability.\n https://rxdb.info/premium/?console=dexie \nIf you already purchased premium access you can disable this log by calling the setPremiumFlag() function from rxdb-premium/plugins/shared.\n---------------------------------------------------------------------","user":"Jamal C. (jamal@yumyums.kitchen)","page":"/marketing.html","ua":"Mozilla/5.0 (X11; Linux x86_64) AppleWebKit/537.36 (KHTML, like Gecko) HeadlessChrome/147.0.7727.15 Safari/537.36"}

[1A[2K[2m[WebServer] [22m{"time":"2026-10-05T21:13:10.786619964-04:00","level":"INFO","msg":"client log","level":"WARN","message":"-------------- RxDB Open Core RxStorage -------------------------------\nYou are using the free Dexie.js based RxStorage implementation from RxDB https://rxdb.info/rx-storage-dexie.html?console=dexie \nWhile this is a great option, we want to let you know that there are faster storage solutions available in our premium plugins.\nFor professional users and production environments, we highly recommend considering these premium options to enhance performance and reliability.\n https://rxdb.info/premium/?console=dexie \nIf you already purchased premium access you can disable this log by calling the setPremiumFlag() function from rxdb-premium/plugins/shared.\n---------------------------------------------------------------------","user":"Jamal C. (jamal@yumyums.kitchen)","page":"/marketing.html","ua":"Mozilla/5.0 (X11; Linux x86_64) AppleWebKit/537.36 (KHTML, like Gecko) HeadlessChrome/147.0.7727.15 Safari/537.36"}

[1A[2K[2m[WebServer] [22m{"time":"2026-10-05T21:13:11.1746869-04:00","level":"INFO","msg":"client log","level":"WARN","message":"-------------- RxDB Open Core RxStorage -------------------------------\nYou are using the free Dexie.js based RxStorage implementation from RxDB https://rxdb.info/rx-storage-dexie.html?console=dexie \nWhile this is a great option, we want to let you know that there are faster storage solutions available in our premium plugins.\nFor professional users and production environments, we highly recommend considering these premium options to enhance performance and reliability.\n https://rxdb.info/premium/?console=dexie \nIf you already purchased premium access you can disable this log by calling the setPremiumFlag() function from rxdb-premium/plugins/shared.\n---------------------------------------------------------------------","user":"Jamal C. (jamal@yumyums.kitchen)","page":"/marketing.html","ua":"Mozilla/5.0 (X11; Linux x86_64) AppleWebKit/537.36 (KHTML, like Gecko) HeadlessChrome/147.0.7727.15 Safari/537.36"}

[1A[2K[2m[WebServer] [22m{"time":"2026-10-05T21:13:11.751120823-04:00","level":"INFO","msg":"client log","level":"WARN","message":"-------------- RxDB Open Core RxStorage -------------------------------\nYou are using the free Dexie.js based RxStorage implementation from RxDB https://rxdb.info/rx-storage-dexie.html?console=dexie \nWhile this is a great option, we want to let you know that there are faster storage solutions available in our premium plugins.\nFor professional users and production environments, we highly recommend considering these premium options to enhance performance and reliability.\n https://rxdb.info/premium/?console=dexie \nIf you already purchased premium access you can disable this log by calling the setPremiumFlag() function from rxdb-premium/plugins/shared.\n---------------------------------------------------------------------","user":"Jamal C. (jamal@yumyums.kitchen)","page":"/marketing.html","ua":"Mozilla/5.0 (X11; Linux x86_64) AppleWebKit/537.36 (KHTML, like Gecko) HeadlessChrome/147.0.7727.15 Safari/537.36"}

[1A[2K[2m[WebServer] [22m{"time":"2026-10-05T21:13:12.095853164-04:00","level":"INFO","msg":"client log","level":"WARN","message":"-------------- RxDB Open Core RxStorage -------------------------------\nYou are using the free Dexie.js based RxStorage implementation from RxDB https://rxdb.info/rx-storage-dexie.html?console=dexie \nWhile this is a great option, we want to let you know that there are faster storage solutions available in our premium plugins.\nFor professional users and production environments, we highly recommend considering these premium options to enhance performance and reliability.\n https://rxdb.info/premium/?console=dexie \nIf you already purchased premium access you can disable this log by calling the setPremiumFlag() function from rxdb-premium/plugins/shared.\n---------------------------------------------------------------------","user":"Jamal C. (jamal@yumyums.kitchen)","page":"/marketing.html","ua":"Mozilla/5.0 (X11; Linux x86_64) AppleWebKit/537.36 (KHTML, like Gecko) HeadlessChrome/147.0.7727.15 Safari/537.36"}

[1A[2K[2m[WebServer] [22m{"time":"2026-10-05T21:13:12.552571086-04:00","level":"INFO","msg":"client log","level":"WARN","message":"-------------- RxDB Open Core RxStorage -------------------------------\nYou are using the free Dexie.js based RxStorage implementation from RxDB https://rxdb.info/rx-storage-dexie.html?console=dexie \nWhile this is a great option, we want to let you know that there are faster storage solutions available in our premium plugins.\nFor professional users and production environments, we highly recommend considering these premium options to enhance performance and reliability.\n https://rxdb.info/premium/?console=dexie \nIf you already purchased premium access you can disable this log by calling the setPremiumFlag() function from rxdb-premium/plugins/shared.\n---------------------------------------------------------------------","user":"Jamal C. (jamal@yumyums.kitchen)","page":"/marketing.html","ua":"Mozilla/5.0 (X11; Linux x86_64) AppleWebKit/537.36 (KHTML, like Gecko) HeadlessChrome/147.0.7727.15 Safari/537.36"}

[1A[2K[2m[WebServer] [22m{"time":"2026-10-05T21:13:13.03115523-04:00","level":"INFO","msg":"client log","level":"WARN","message":"-------------- RxDB Open Core RxStorage -------------------------------\nYou are using the free Dexie.js based RxStorage implementation from RxDB https://rxdb.info/rx-storage-dexie.html?console=dexie \nWhile this is a great option, we want to let you know that there are faster storage solutions available in our premium plugins.\nFor professional users and production environments, we highly recommend considering these premium options to enhance performance and reliability.\n https://rxdb.info/premium/?console=dexie \nIf you already purchased premium access you can disable this log by calling the setPremiumFlag() function from rxdb-premium/plugins/shared.\n---------------------------------------------------------------------","user":"Jamal C. (jamal@yumyums.kitchen)","page":"/marketing.html","ua":"Mozilla/5.0 (X11; Linux x86_64) AppleWebKit/537.36 (KHTML, like Gecko) HeadlessChrome/147.0.7727.15 Safari/537.36"}

[1A[2K[2m[WebServer] [22m{"time":"2026-10-05T21:13:13.459459739-04:00","level":"INFO","msg":"client log","level":"WARN","message":"-------------- RxDB Open Core RxStorage -------------------------------\nYou are using the free Dexie.js based RxStorage implementation from RxDB https://rxdb.info/rx-storage-dexie.html?console=dexie \nWhile this is a great option, we want to let you know that there are faster storage solutions available in our premium plugins.\nFor professional users and production environments, we highly recommend considering these premium options to enhance performance and reliability.\n https://rxdb.info/premium/?console=dexie \nIf you already purchased premium access you can disable this log by calling the setPremiumFlag() function from rxdb-premium/plugins/shared.\n---------------------------------------------------------------------","user":"Jamal C. (jamal@yumyums.kitchen)","page":"/marketing.html","ua":"Mozilla/5.0 (X11; Linux x86_64) AppleWebKit/537.36 (KHTML, like Gecko) HeadlessChrome/147.0.7727.15 Safari/537.36"}

[1A[2K[2m[WebServer] [22m{"time":"2026-10-05T21:13:13.818722628-04:00","level":"INFO","msg":"client log","level":"WARN","message":"-------------- RxDB Open Core RxStorage -------------------------------\nYou are using the free Dexie.js based RxStorage implementation from RxDB https://rxdb.info/rx-storage-dexie.html?console=dexie \nWhile this is a great option, we want to let you know that there are faster storage solutions available in our premium plugins.\nFor professional users and production environments, we highly recommend considering these premium options to enhance performance and reliability.\n https://rxdb.info/premium/?console=dexie \nIf you already purchased premium access you can disable this log by calling the setPremiumFlag() function from rxdb-premium/plugins/shared.\n---------------------------------------------------------------------","user":"Jamal C. (jamal@yumyums.kitchen)","page":"/marketing.html","ua":"Mozilla/5.0 (X11; Linux x86_64) AppleWebKit/537.36 (KHTML, like Gecko) HeadlessChrome/147.0.7727.15 Safari/537.36"}

[1A[2K[2m[WebServer] [22m{"time":"2026-10-05T21:13:14.176976421-04:00","level":"INFO","msg":"client log","level":"WARN","message":"-------------- RxDB Open Core RxStorage -------------------------------\nYou are using the free Dexie.js based RxStorage implementation from RxDB https://rxdb.info/rx-storage-dexie.html?console=dexie \nWhile this is a great option, we want to let you know that there are faster storage solutions available in our premium plugins.\nFor professional users and production environments, we highly recommend considering these premium options to enhance performance and reliability.\n https://rxdb.info/premium/?console=dexie \nIf you already purchased premium access you can disable this log by calling the setPremiumFlag() function from rxdb-premium/plugins/shared.\n---------------------------------------------------------------------","user":"Jamal C. (jamal@yumyums.kitchen)","page":"/marketing.html","ua":"Mozilla/5.0 (X11; Linux x86_64) AppleWebKit/537.36 (KHTML, like Gecko) HeadlessChrome/147.0.7727.15 Safari/537.36"}

[1A[2K[2m[WebServer] [22m{"time":"2026-10-05T21:13:14.573915078-04:00","level":"INFO","msg":"client log","level":"WARN","message":"-------------- RxDB Open Core RxStorage -------------------------------\nYou are using the free Dexie.js based RxStorage implementation from RxDB https://rxdb.info/rx-storage-dexie.html?console=dexie \nWhile this is a great option, we want to let you know that there are faster storage solutions available in our premium plugins.\nFor professional users and production environments, we highly recommend considering these premium options to enhance performance and reliability.\n https://rxdb.info/premium/?console=dexie \nIf you already purchased premium access you can disable this log by calling the setPremiumFlag() function from rxdb-premium/plugins/shared.\n---------------------------------------------------------------------","user":"Jamal C. (jamal@yumyums.kitchen)","page":"/marketing.html","ua":"Mozilla/5.0 (X11; Linux x86_64) AppleWebKit/537.36 (KHTML, like Gecko) HeadlessChrome/147.0.7727.15 Safari/537.36"}

[1A[2K[2m[WebServer] [22m{"time":"2026-10-05T21:13:15.260267816-04:00","level":"INFO","msg":"client log","level":"WARN","message":"-------------- RxDB Open Core RxStorage -------------------------------\nYou are using the free Dexie.js based RxStorage implementation from RxDB https://rxdb.info/rx-storage-dexie.html?console=dexie \nWhile this is a great option, we want to let you know that there are faster storage solutions available in our premium plugins.\nFor professional users and production environments, we highly recommend considering these premium options to enhance performance and reliability.\n https://rxdb.info/premium/?console=dexie \nIf you already purchased premium access you can disable this log by calling the setPremiumFlag() function from rxdb-premium/plugins/shared.\n---------------------------------------------------------------------","user":"Jamal C. (jamal@yumyums.kitchen)","page":"/marketing.html","ua":"Mozilla/5.0 (X11; Linux x86_64) AppleWebKit/537.36 (KHTML, like Gecko) HeadlessChrome/147.0.7727.15 Safari/537.36"}

[1A[2K[2m[WebServer] [22m{"time":"2026-10-05T21:13:15.669642391-04:00","level":"INFO","msg":"client log","level":"WARN","message":"-------------- RxDB Open Core RxStorage -------------------------------\nYou are using the free Dexie.js based RxStorage implementation from RxDB https://rxdb.info/rx-storage-dexie.html?console=dexie \nWhile this is a great option, we want to let you know that there are faster storage solutions available in our premium plugins.\nFor professional users and production environments, we highly recommend considering these premium options to enhance performance and reliability.\n https://rxdb.info/premium/?console=dexie \nIf you already purchased premium access you can disable this log by calling the setPremiumFlag() function from rxdb-premium/plugins/shared.\n---------------------------------------------------------------------","user":"Jamal C. (jamal@yumyums.kitchen)","page":"/marketing.html","ua":"Mozilla/5.0 (X11; Linux x86_64) AppleWebKit/537.36 (KHTML, like Gecko) HeadlessChrome/147.0.7727.15 Safari/537.36"}

[1A[2K[2m[WebServer] [22m{"time":"2026-10-05T21:13:16.0411903-04:00","level":"INFO","msg":"client log","level":"WARN","message":"-------------- RxDB Open Core RxStorage -------------------------------\nYou are using the free Dexie.js based RxStorage implementation from RxDB https://rxdb.info/rx-storage-dexie.html?console=dexie \nWhile this is a great option, we want to let you know that there are faster storage solutions available in our premium plugins.\nFor professional users and production environments, we highly recommend considering these premium options to enhance performance and reliability.\n https://rxdb.info/premium/?console=dexie \nIf you already purchased premium access you can disable this log by calling the setPremiumFlag() function from rxdb-premium/plugins/shared.\n---------------------------------------------------------------------","user":"Jamal C. (jamal@yumyums.kitchen)","page":"/marketing.html","ua":"Mozilla/5.0 (X11; Linux x86_64) AppleWebKit/537.36 (KHTML, like Gecko) HeadlessChrome/147.0.7727.15 Safari/537.36"}

[1A[2K[2m[WebServer] [22m{"time":"2026-10-05T21:13:16.424542269-04:00","level":"INFO","msg":"client log","level":"WARN","message":"-------------- RxDB Open Core RxStorage -------------------------------\nYou are using the free Dexie.js based RxStorage implementation from RxDB https://rxdb.info/rx-storage-dexie.html?console=dexie \nWhile this is a great option, we want to let you know that there are faster storage solutions available in our premium plugins.\nFor professional users and production environments, we highly recommend considering these premium options to enhance performance and reliability.\n https://rxdb.info/premium/?console=dexie \nIf you already purchased premium access you can disable this log by calling the setPremiumFlag() function from rxdb-premium/plugins/shared.\n---------------------------------------------------------------------","user":"Jamal C. (jamal@yumyums.kitchen)","page":"/marketing.html","ua":"Mozilla/5.0 (X11; Linux x86_64) AppleWebKit/537.36 (KHTML, like Gecko) HeadlessChrome/147.0.7727.15 Safari/537.36"}

[1A[2K[2m[WebServer] [22m{"time":"2026-10-05T21:13:16.941456244-04:00","level":"INFO","msg":"client log","level":"WARN","message":"-------------- RxDB Open Core RxStorage -------------------------------\nYou are using the free Dexie.js based RxStorage implementation from RxDB https://rxdb.info/rx-storage-dexie.html?console=dexie \nWhile this is a great option, we want to let you know that there are faster storage solutions available in our premium plugins.\nFor professional users and production environments, we highly recommend considering these premium options to enhance performance and reliability.\n https://rxdb.info/premium/?console=dexie \nIf you already purchased premium access you can disable this log by calling the setPremiumFlag() function from rxdb-premium/plugins/shared.\n---------------------------------------------------------------------","user":"Jamal C. (jamal@yumyums.kitchen)","page":"/marketing.html","ua":"Mozilla/5.0 (X11; Linux x86_64) AppleWebKit/537.36 (KHTML, like Gecko) HeadlessChrome/147.0.7727.15 Safari/537.36"}

[1A[2K[2m[WebServer] [22m{"time":"2026-10-05T21:13:17.326532822-04:00","level":"INFO","msg":"client log","level":"WARN","message":"-------------- RxDB Open Core RxStorage -------------------------------\nYou are using the free Dexie.js based RxStorage implementation from RxDB https://rxdb.info/rx-storage-dexie.html?console=dexie \nWhile this is a great option, we want to let you know that there are faster storage solutions available in our premium plugins.\nFor professional users and production environments, we highly recommend considering these premium options to enhance performance and reliability.\n https://rxdb.info/premium/?console=dexie \nIf you already purchased premium access you can disable this log by calling the setPremiumFlag() function from rxdb-premium/plugins/shared.\n---------------------------------------------------------------------","user":"Jamal C. (jamal@yumyums.kitchen)","page":"/marketing.html","ua":"Mozilla/5.0 (X11; Linux x86_64) AppleWebKit/537.36 (KHTML, like Gecko) HeadlessChrome/147.0.7727.15 Safari/537.36"}

[1A[2K[2m[WebServer] [22m{"time":"2026-10-05T21:13:17.792304238-04:00","level":"INFO","msg":"client log","level":"WARN","message":"-------------- RxDB Open Core RxStorage -------------------------------\nYou are using the free Dexie.js based RxStorage implementation from RxDB https://rxdb.info/rx-storage-dexie.html?console=dexie \nWhile this is a great option, we want to let you know that there are faster storage solutions available in our premium plugins.\nFor professional users and production environments, we highly recommend considering these premium options to enhance performance and reliability.\n https://rxdb.info/premium/?console=dexie \nIf you already purchased premium access you can disable this log by calling the setPremiumFlag() function from rxdb-premium/plugins/shared.\n---------------------------------------------------------------------","user":"Jamal C. (jamal@yumyums.kitchen)","page":"/marketing.html","ua":"Mozilla/5.0 (X11; Linux x86_64) AppleWebKit/537.36 (KHTML, like Gecko) HeadlessChrome/147.0.7727.15 Safari/537.36"}

[1A[2K[2m[WebServer] [22m{"time":"2026-10-05T21:13:18.199952045-04:00","level":"INFO","msg":"client log","level":"WARN","message":"-------------- RxDB Open Core RxStorage -------------------------------\nYou are using the free Dexie.js based RxStorage implementation from RxDB https://rxdb.info/rx-storage-dexie.html?console=dexie \nWhile this is a great option, we want to let you know that there are faster storage solutions available in our premium plugins.\nFor professional users and production environments, we highly recommend considering these premium options to enhance performance and reliability.\n https://rxdb.info/premium/?console=dexie \nIf you already purchased premium access you can disable this log by calling the setPremiumFlag() function from rxdb-premium/plugins/shared.\n---------------------------------------------------------------------","user":"Jamal C. (jamal@yumyums.kitchen)","page":"/marketing.html","ua":"Mozilla/5.0 (X11; Linux x86_64) AppleWebKit/537.36 (KHTML, like Gecko) HeadlessChrome/147.0.7727.15 Safari/537.36"}

[1A[2K[2m[WebServer] [22m{"time":"2026-10-05T21:13:18.970535242-04:00","level":"INFO","msg":"client log","level":"WARN","message":"-------------- RxDB Open Core RxStorage -------------------------------\nYou are using the free Dexie.js based RxStorage implementation from RxDB https://rxdb.info/rx-storage-dexie.html?console=dexie \nWhile this is a great option, we want to let you know that there are faster storage solutions available in our premium plugins.\nFor professional users and production environments, we highly recommend considering these premium options to enhance performance and reliability.\n https://rxdb.info/premium/?console=dexie \nIf you already purchased premium access you can disable this log by calling the setPremiumFlag() function from rxdb-premium/plugins/shared.\n---------------------------------------------------------------------","user":"Jamal C. (jamal@yumyums.kitchen)","page":"/marketing.html","ua":"Mozilla/5.0 (X11; Linux x86_64) AppleWebKit/537.36 (KHTML, like Gecko) HeadlessChrome/147.0.7727.15 Safari/537.36"}

[1A[2K[2m[WebServer] [22m{"time":"2026-10-05T21:13:19.369554694-04:00","level":"INFO","msg":"client log","level":"WARN","message":"-------------- RxDB Open Core RxStorage -------------------------------\nYou are using the free Dexie.js based RxStorage implementation from RxDB https://rxdb.info/rx-storage-dexie.html?console=dexie \nWhile this is a great option, we want to let you know that there are faster storage solutions available in our premium plugins.\nFor professional users and production environments, we highly recommend considering these premium options to enhance performance and reliability.\n https://rxdb.info/premium/?console=dexie \nIf you already purchased premium access you can disable this log by calling the setPremiumFlag() function from rxdb-premium/plugins/shared.\n---------------------------------------------------------------------","user":"Jamal C. (jamal@yumyums.kitchen)","page":"/marketing.html","ua":"Mozilla/5.0 (X11; Linux x86_64) AppleWebKit/537.36 (KHTML, like Gecko) HeadlessChrome/147.0.7727.15 Safari/537.36"}

[1A[2K[2m[WebServer] [22m{"time":"2026-10-05T21:13:19.830240569-04:00","level":"INFO","msg":"client log","level":"WARN","message":"-------------- RxDB Open Core RxStorage -------------------------------\nYou are using the free Dexie.js based RxStorage implementation from RxDB https://rxdb.info/rx-storage-dexie.html?console=dexie \nWhile this is a great option, we want to let you know that there are faster storage solutions available in our premium plugins.\nFor professional users and production environments, we highly recommend considering these premium options to enhance performance and reliability.\n https://rxdb.info/premium/?console=dexie \nIf you already purchased premium access you can disable this log by calling the setPremiumFlag() function from rxdb-premium/plugins/shared.\n---------------------------------------------------------------------","user":"Jamal C. (jamal@yumyums.kitchen)","page":"/marketing.html","ua":"Mozilla/5.0 (X11; Linux x86_64) AppleWebKit/537.36 (KHTML, like Gecko) HeadlessChrome/147.0.7727.15 Safari/537.36"}

[1A[2K[2m[WebServer] [22m{"time":"2026-10-05T21:13:20.218464704-04:00","level":"INFO","msg":"client log","level":"WARN","message":"-------------- RxDB Open Core RxStorage -------------------------------\nYou are using the free Dexie.js based RxStorage implementation from RxDB https://rxdb.info/rx-storage-dexie.html?console=dexie \nWhile this is a great option, we want to let you know that there are faster storage solutions available in our premium plugins.\nFor professional users and production environments, we highly recommend considering these premium options to enhance performance and reliability.\n https://rxdb.info/premium/?console=dexie \nIf you already purchased premium access you can disable this log by calling the setPremiumFlag() function from rxdb-premium/plugins/shared.\n---------------------------------------------------------------------","user":"Jamal C. (jamal@yumyums.kitchen)","page":"/marketing.html","ua":"Mozilla/5.0 (X11; Linux x86_64) AppleWebKit/537.36 (KHTML, like Gecko) HeadlessChrome/147.0.7727.15 Safari/537.36"}

[1A[2K[2m[WebServer] [22m{"time":"2026-10-05T21:13:20.715439889-04:00","level":"INFO","msg":"client log","level":"WARN","message":"-------------- RxDB Open Core RxStorage -------------------------------\nYou are using the free Dexie.js based RxStorage implementation from RxDB https://rxdb.info/rx-storage-dexie.html?console=dexie \nWhile this is a great option, we want to let you know that there are faster storage solutions available in our premium plugins.\nFor professional users and production environments, we highly recommend considering these premium options to enhance performance and reliability.\n https://rxdb.info/premium/?console=dexie \nIf you already purchased premium access you can disable this log by calling the setPremiumFlag() function from rxdb-premium/plugins/shared.\n---------------------------------------------------------------------","user":"Jamal C. (jamal@yumyums.kitchen)","page":"/marketing.html","ua":"Mozilla/5.0 (X11; Linux x86_64) AppleWebKit/537.36 (KHTML, like Gecko) HeadlessChrome/147.0.7727.15 Safari/537.36"}

[1A[2K[2m[WebServer] [22m{"time":"2026-10-05T21:13:21.155135438-04:00","level":"INFO","msg":"client log","level":"WARN","message":"-------------- RxDB Open Core RxStorage -------------------------------\nYou are using the free Dexie.js based RxStorage implementation from RxDB https://rxdb.info/rx-storage-dexie.html?console=dexie \nWhile this is a great option, we want to let you know that there are faster storage solutions available in our premium plugins.\nFor professional users and production environments, we highly recommend considering these premium options to enhance performance and reliability.\n https://rxdb.info/premium/?console=dexie \nIf you already purchased premium access you can disable this log by calling the setPremiumFlag() function from rxdb-premium/plugins/shared.\n---------------------------------------------------------------------","user":"Jamal C. (jamal@yumyums.kitchen)","page":"/marketing.html","ua":"Mozilla/5.0 (X11; Linux x86_64) AppleWebKit/537.36 (KHTML, like Gecko) HeadlessChrome/147.0.7727.15 Safari/537.36"}

[1A[2K[2m[WebServer] [22m{"time":"2026-10-05T21:13:21.644508569-04:00","level":"INFO","msg":"client log","level":"WARN","message":"-------------- RxDB Open Core RxStorage -------------------------------\nYou are using the free Dexie.js based RxStorage implementation from RxDB https://rxdb.info/rx-storage-dexie.html?console=dexie \nWhile this is a great option, we want to let you know that there are faster storage solutions available in our premium plugins.\nFor professional users and production environments, we highly recommend considering these premium options to enhance performance and reliability.\n https://rxdb.info/premium/?console=dexie \nIf you already purchased premium access you can disable this log by calling the setPremiumFlag() function from rxdb-premium/plugins/shared.\n---------------------------------------------------------------------","user":"Jamal C. (jamal@yumyums.kitchen)","page":"/marketing.html","ua":"Mozilla/5.0 (X11; Linux x86_64) AppleWebKit/537.36 (KHTML, like Gecko) HeadlessChrome/147.0.7727.15 Safari/537.36"}

[1A[2K[2m[WebServer] [22m{"time":"2026-10-05T21:13:22.063294103-04:00","level":"INFO","msg":"client log","level":"WARN","message":"-------------- RxDB Open Core RxStorage -------------------------------\nYou are using the free Dexie.js based RxStorage implementation from RxDB https://rxdb.info/rx-storage-dexie.html?console=dexie \nWhile this is a great option, we want to let you know that there are faster storage solutions available in our premium plugins.\nFor professional users and production environments, we highly recommend considering these premium options to enhance performance and reliability.\n https://rxdb.info/premium/?console=dexie \nIf you already purchased premium access you can disable this log by calling the setPremiumFlag() function from rxdb-premium/plugins/shared.\n---------------------------------------------------------------------","user":"Jamal C. (jamal@yumyums.kitchen)","page":"/marketing.html","ua":"Mozilla/5.0 (X11; Linux x86_64) AppleWebKit/537.36 (KHTML, like Gecko) HeadlessChrome/147.0.7727.15 Safari/537.36"}

[1A[2K[2m[WebServer] [22m{"time":"2026-10-05T21:13:22.63101251-04:00","level":"INFO","msg":"client log","level":"WARN","message":"-------------- RxDB Open Core RxStorage -------------------------------\nYou are using the free Dexie.js based RxStorage implementation from RxDB https://rxdb.info/rx-storage-dexie.html?console=dexie \nWhile this is a great option, we want to let you know that there are faster storage solutions available in our premium plugins.\nFor professional users and production environments, we highly recommend considering these premium options to enhance performance and reliability.\n https://rxdb.info/premium/?console=dexie \nIf you already purchased premium access you can disable this log by calling the setPremiumFlag() function from rxdb-premium/plugins/shared.\n---------------------------------------------------------------------","user":"Jamal C. (jamal@yumyums.kitchen)","page":"/marketing.html","ua":"Mozilla/5.0 (X11; Linux x86_64) AppleWebKit/537.36 (KHTML, like Gecko) HeadlessChrome/147.0.7727.15 Safari/537.36"}

[1A[2K[2m[WebServer] [22m{"time":"2026-10-05T21:13:23.07927013-04:00","level":"INFO","msg":"client log","level":"WARN","message":"-------------- RxDB Open Core RxStorage -------------------------------\nYou are using the free Dexie.js based RxStorage implementation from RxDB https://rxdb.info/rx-storage-dexie.html?console=dexie \nWhile this is a great option, we want to let you know that there are faster storage solutions available in our premium plugins.\nFor professional users and production environments, we highly recommend considering these premium options to enhance performance and reliability.\n https://rxdb.info/premium/?console=dexie \nIf you already purchased premium access you can disable this log by calling the setPremiumFlag() function from rxdb-premium/plugins/shared.\n---------------------------------------------------------------------","user":"Jamal C. (jamal@yumyums.kitchen)","page":"/marketing.html","ua":"Mozilla/5.0 (X11; Linux x86_64) AppleWebKit/537.36 (KHTML, like Gecko) HeadlessChrome/147.0.7727.15 Safari/537.36"}

[1A[2K[2m[WebServer] [22m{"time":"2026-10-05T21:13:23.399726629-04:00","level":"INFO","msg":"client log","level":"WARN","message":"-------------- RxDB Open Core RxStorage -------------------------------\nYou are using the free Dexie.js based RxStorage implementation from RxDB https://rxdb.info/rx-storage-dexie.html?console=dexie \nWhile this is a great option, we want to let you know that there are faster storage solutions available in our premium plugins.\nFor professional users and production environments, we highly recommend considering these premium options to enhance performance and reliability.\n https://rxdb.info/premium/?console=dexie \nIf you already purchased premium access you can disable this log by calling the setPremiumFlag() function from rxdb-premium/plugins/shared.\n---------------------------------------------------------------------","user":"Jamal C. (jamal@yumyums.kitchen)","page":"/marketing.html","ua":"Mozilla/5.0 (X11; Linux x86_64) AppleWebKit/537.36 (KHTML, like Gecko) HeadlessChrome/147.0.7727.15 Safari/537.36"}

[1A[2K[2m[WebServer] [22m{"time":"2026-10-05T21:13:23.80802925-04:00","level":"INFO","msg":"client log","level":"WARN","message":"-------------- RxDB Open Core RxStorage -------------------------------\nYou are using the free Dexie.js based RxStorage implementation from RxDB https://rxdb.info/rx-storage-dexie.html?console=dexie \nWhile this is a great option, we want to let you know that there are faster storage solutions available in our premium plugins.\nFor professional users and production environments, we highly recommend considering these premium options to enhance performance and reliability.\n https://rxdb.info/premium/?console=dexie \nIf you already purchased premium access you can disable this log by calling the setPremiumFlag() function from rxdb-premium/plugins/shared.\n---------------------------------------------------------------------","user":"Jamal C. (jamal@yumyums.kitchen)","page":"/marketing.html","ua":"Mozilla/5.0 (X11; Linux x86_64) AppleWebKit/537.36 (KHTML, like Gecko) HeadlessChrome/147.0.7727.15 Safari/537.36"}

[1A[2K[2m[WebServer] [22m{"time":"2026-10-05T21:13:24.31255938-04:00","level":"INFO","msg":"client log","level":"WARN","message":"-------------- RxDB Open Core RxStorage -------------------------------\nYou are using the free Dexie.js based RxStorage implementation from RxDB https://rxdb.info/rx-storage-dexie.html?console=dexie \nWhile this is a great option, we want to let you know that there are faster storage solutions available in our premium plugins.\nFor professional users and production environments, we highly recommend considering these premium options to enhance performance and reliability.\n https://rxdb.info/premium/?console=dexie \nIf you already purchased premium access you can disable this log by calling the setPremiumFlag() function from rxdb-premium/plugins/shared.\n---------------------------------------------------------------------","user":"Jamal C. (jamal@yumyums.kitchen)","page":"/marketing.html","ua":"Mozilla/5.0 (X11; Linux x86_64) AppleWebKit/537.36 (KHTML, like Gecko) HeadlessChrome/147.0.7727.15 Safari/537.36"}

[1A[2K[2m[WebServer] [22m{"time":"2026-10-05T21:13:24.740870519-04:00","level":"INFO","msg":"client log","level":"WARN","message":"-------------- RxDB Open Core RxStorage -------------------------------\nYou are using the free Dexie.js based RxStorage implementation from RxDB https://rxdb.info/rx-storage-dexie.html?console=dexie \nWhile this is a great option, we want to let you know that there are faster storage solutions available in our premium plugins.\nFor professional users and production environments, we highly recommend considering these premium options to enhance performance and reliability.\n https://rxdb.info/premium/?console=dexie \nIf you already purchased premium access you can disable this log by calling the setPremiumFlag() function from rxdb-premium/plugins/shared.\n---------------------------------------------------------------------","user":"Jamal C. (jamal@yumyums.kitchen)","page":"/marketing.html","ua":"Mozilla/5.0 (X11; Linux x86_64) AppleWebKit/537.36 (KHTML, like Gecko) HeadlessChrome/147.0.7727.15 Safari/537.36"}

[1A[2K[2m[WebServer] [22m{"time":"2026-10-05T21:13:25.255690229-04:00","level":"INFO","msg":"client log","level":"WARN","message":"-------------- RxDB Open Core RxStorage -------------------------------\nYou are using the free Dexie.js based RxStorage implementation from RxDB https://rxdb.info/rx-storage-dexie.html?console=dexie \nWhile this is a great option, we want to let you know that there are faster storage solutions available in our premium plugins.\nFor professional users and production environments, we highly recommend considering these premium options to enhance performance and reliability.\n https://rxdb.info/premium/?console=dexie \nIf you already purchased premium access you can disable this log by calling the setPremiumFlag() function from rxdb-premium/plugins/shared.\n---------------------------------------------------------------------","user":"Jamal C. (jamal@yumyums.kitchen)","page":"/marketing.html","ua":"Mozilla/5.0 (X11; Linux x86_64) AppleWebKit/537.36 (KHTML, like Gecko) HeadlessChrome/147.0.7727.15 Safari/537.36"}

[1A[2K[2m[WebServer] [22m{"time":"2026-10-05T21:13:25.773697817-04:00","level":"INFO","msg":"client log","level":"WARN","message":"-------------- RxDB Open Core RxStorage -------------------------------\nYou are using the free Dexie.js based RxStorage implementation from RxDB https://rxdb.info/rx-storage-dexie.html?console=dexie \nWhile this is a great option, we want to let you know that there are faster storage solutions available in our premium plugins.\nFor professional users and production environments, we highly recommend considering these premium options to enhance performance and reliability.\n https://rxdb.info/premium/?console=dexie \nIf you already purchased premium access you can disable this log by calling the setPremiumFlag() function from rxdb-premium/plugins/shared.\n---------------------------------------------------------------------","user":"Jamal C. (jamal@yumyums.kitchen)","page":"/marketing.html","ua":"Mozilla/5.0 (X11; Linux x86_64) AppleWebKit/537.36 (KHTML, like Gecko) HeadlessChrome/147.0.7727.15 Safari/537.36"}

[1A[2K[2m[WebServer] [22m{"time":"2026-10-05T21:13:26.275767467-04:00","level":"INFO","msg":"client log","level":"WARN","message":"-------------- RxDB Open Core RxStorage -------------------------------\nYou are using the free Dexie.js based RxStorage implementation from RxDB https://rxdb.info/rx-storage-dexie.html?console=dexie \nWhile this is a great option, we want to let you know that there are faster storage solutions available in our premium plugins.\nFor professional users and production environments, we highly recommend considering these premium options to enhance performance and reliability.\n https://rxdb.info/premium/?console=dexie \nIf you already purchased premium access you can disable this log by calling the setPremiumFlag() function from rxdb-premium/plugins/shared.\n---------------------------------------------------------------------","user":"Jamal C. (jamal@yumyums.kitchen)","page":"/marketing.html","ua":"Mozilla/5.0 (X11; Linux x86_64) AppleWebKit/537.36 (KHTML, like Gecko) HeadlessChrome/147.0.7727.15 Safari/537.36"}

[1A[2K[2m[WebServer] [22m{"time":"2026-10-05T21:13:26.653816274-04:00","level":"INFO","msg":"client log","level":"WARN","message":"-------------- RxDB Open Core RxStorage -------------------------------\nYou are using the free Dexie.js based RxStorage implementation from RxDB https://rxdb.info/rx-storage-dexie.html?console=dexie \nWhile this is a great option, we want to let you know that there are faster storage solutions available in our premium plugins.\nFor professional users and production environments, we highly recommend considering these premium options to enhance performance and reliability.\n https://rxdb.info/premium/?console=dexie \nIf you already purchased premium access you can disable this log by calling the setPremiumFlag() function from rxdb-premium/plugins/shared.\n---------------------------------------------------------------------","user":"Jamal C. (jamal@yumyums.kitchen)","page":"/marketing.html","ua":"Mozilla/5.0 (X11; Linux x86_64) AppleWebKit/537.36 (KHTML, like Gecko) HeadlessChrome/147.0.7727.15 Safari/537.36"}

[1A[2K[2m[WebServer] [22m{"time":"2026-10-05T21:13:27.014268736-04:00","level":"INFO","msg":"client log","level":"WARN","message":"-------------- RxDB Open Core RxStorage -------------------------------\nYou are using the free Dexie.js based RxStorage implementation from RxDB https://rxdb.info/rx-storage-dexie.html?console=dexie \nWhile this is a great option, we want to let you know that there are faster storage solutions available in our premium plugins.\nFor professional users and production environments, we highly recommend considering these premium options to enhance performance and reliability.\n https://rxdb.info/premium/?console=dexie \nIf you already purchased premium access you can disable this log by calling the setPremiumFlag() function from rxdb-premium/plugins/shared.\n---------------------------------------------------------------------","user":"Jamal C. (jamal@yumyums.kitchen)","page":"/marketing.html","ua":"Mozilla/5.0 (X11; Linux x86_64) AppleWebKit/537.36 (KHTML, like Gecko) HeadlessChrome/147.0.7727.15 Safari/537.36"}

[1A[2K[2m[WebServer] [22m{"time":"2026-10-05T21:13:27.427773007-04:00","level":"INFO","msg":"client log","level":"WARN","message":"-------------- RxDB Open Core RxStorage -------------------------------\nYou are using the free Dexie.js based RxStorage implementation from RxDB https://rxdb.info/rx-storage-dexie.html?console=dexie \nWhile this is a great option, we want to let you know that there are faster storage solutions available in our premium plugins.\nFor professional users and production environments, we highly recommend considering these premium options to enhance performance and reliability.\n https://rxdb.info/premium/?console=dexie \nIf you already purchased premium access you can disable this log by calling the setPremiumFlag() function from rxdb-premium/plugins/shared.\n---------------------------------------------------------------------","user":"Jamal C. (jamal@yumyums.kitchen)","page":"/marketing.html","ua":"Mozilla/5.0 (X11; Linux x86_64) AppleWebKit/537.36 (KHTML, like Gecko) HeadlessChrome/147.0.7727.15 Safari/537.36"}

[1A[2K[2m[WebServer] [22m{"time":"2026-10-05T21:13:28.023155365-04:00","level":"INFO","msg":"client log","level":"WARN","message":"-------------- RxDB Open Core RxStorage -------------------------------\nYou are using the free Dexie.js based RxStorage implementation from RxDB https://rxdb.info/rx-storage-dexie.html?console=dexie \nWhile this is a great option, we want to let you know that there are faster storage solutions available in our premium plugins.\nFor professional users and production environments, we highly recommend considering these premium options to enhance performance and reliability.\n https://rxdb.info/premium/?console=dexie \nIf you already purchased premium access you can disable this log by calling the setPremiumFlag() function from rxdb-premium/plugins/shared.\n---------------------------------------------------------------------","user":"Jamal C. (jamal@yumyums.kitchen)","page":"/marketing.html","ua":"Mozilla/5.0 (X11; Linux x86_64) AppleWebKit/537.36 (KHTML, like Gecko) HeadlessChrome/147.0.7727.15 Safari/537.36"}

[1A[2K[2m[WebServer] [22m{"time":"2026-10-05T21:13:28.424464115-04:00","level":"INFO","msg":"client log","level":"WARN","message":"-------------- RxDB Open Core RxStorage -------------------------------\nYou are using the free Dexie.js based RxStorage implementation from RxDB https://rxdb.info/rx-storage-dexie.html?console=dexie \nWhile this is a great option, we want to let you know that there are faster storage solutions available in our premium plugins.\nFor professional users and production environments, we highly recommend considering these premium options to enhance performance and reliability.\n https://rxdb.info/premium/?console=dexie \nIf you already purchased premium access you can disable this log by calling the setPremiumFlag() function from rxdb-premium/plugins/shared.\n---------------------------------------------------------------------","user":"Jamal C. (jamal@yumyums.kitchen)","page":"/marketing.html","ua":"Mozilla/5.0 (X11; Linux x86_64) AppleWebKit/537.36 (KHTML, like Gecko) HeadlessChrome/147.0.7727.15 Safari/537.36"}

[1A[2K[2m[WebServer] [22m{"time":"2026-10-05T21:13:29.155494325-04:00","level":"INFO","msg":"client log","level":"WARN","message":"-------------- RxDB Open Core RxStorage -------------------------------\nYou are using the free Dexie.js based RxStorage implementation from RxDB https://rxdb.info/rx-storage-dexie.html?console=dexie \nWhile this is a great option, we want to let you know that there are faster storage solutions available in our premium plugins.\nFor professional users and production environments, we highly recommend considering these premium options to enhance performance and reliability.\n https://rxdb.info/premium/?console=dexie \nIf you already purchased premium access you can disable this log by calling the setPremiumFlag() function from rxdb-premium/plugins/shared.\n---------------------------------------------------------------------","user":"Jamal C. (jamal@yumyums.kitchen)","page":"/marketing.html","ua":"Mozilla/5.0 (X11; Linux x86_64) AppleWebKit/537.36 (KHTML, like Gecko) HeadlessChrome/147.0.7727.15 Safari/537.36"}

[1A[2K[2m[WebServer] [22m{"time":"2026-10-05T21:13:29.486339233-04:00","level":"INFO","msg":"client log","level":"WARN","message":"-------------- RxDB Open Core RxStorage -------------------------------\nYou are using the free Dexie.js based RxStorage implementation from RxDB https://rxdb.info/rx-storage-dexie.html?console=dexie \nWhile this is a great option, we want to let you know that there are faster storage solutions available in our premium plugins.\nFor professional users and production environments, we highly recommend considering these premium options to enhance performance and reliability.\n https://rxdb.info/premium/?console=dexie \nIf you already purchased premium access you can disable this log by calling the setPremiumFlag() function from rxdb-premium/plugins/shared.\n---------------------------------------------------------------------","user":"Jamal C. (jamal@yumyums.kitchen)","page":"/marketing.html","ua":"Mozilla/5.0 (X11; Linux x86_64) AppleWebKit/537.36 (KHTML, like Gecko) HeadlessChrome/147.0.7727.15 Safari/537.36"}

[1A[2K[2m[WebServer] [22m{"time":"2026-10-05T21:13:29.997633672-04:00","level":"INFO","msg":"client log","level":"WARN","message":"-------------- RxDB Open Core RxStorage -------------------------------\nYou are using the free Dexie.js based RxStorage implementation from RxDB https://rxdb.info/rx-storage-dexie.html?console=dexie \nWhile this is a great option, we want to let you know that there are faster storage solutions available in our premium plugins.\nFor professional users and production environments, we highly recommend considering these premium options to enhance performance and reliability.\n https://rxdb.info/premium/?console=dexie \nIf you already purchased premium access you can disable this log by calling the setPremiumFlag() function from rxdb-premium/plugins/shared.\n---------------------------------------------------------------------","user":"Jamal C. (jamal@yumyums.kitchen)","page":"/marketing.html","ua":"Mozilla/5.0 (X11; Linux x86_64) AppleWebKit/537.36 (KHTML, like Gecko) HeadlessChrome/147.0.7727.15 Safari/537.36"}

[1A[2K[2m[WebServer] [22m{"time":"2026-10-05T21:13:30.4222464-04:00","level":"INFO","msg":"client log","level":"WARN","message":"-------------- RxDB Open Core RxStorage -------------------------------\nYou are using the free Dexie.js based RxStorage implementation from RxDB https://rxdb.info/rx-storage-dexie.html?console=dexie \nWhile this is a great option, we want to let you know that there are faster storage solutions available in our premium plugins.\nFor professional users and production environments, we highly recommend considering these premium options to enhance performance and reliability.\n https://rxdb.info/premium/?console=dexie \nIf you already purchased premium access you can disable this log by calling the setPremiumFlag() function from rxdb-premium/plugins/shared.\n---------------------------------------------------------------------","user":"Jamal C. (jamal@yumyums.kitchen)","page":"/marketing.html","ua":"Mozilla/5.0 (X11; Linux x86_64) AppleWebKit/537.36 (KHTML, like Gecko) HeadlessChrome/147.0.7727.15 Safari/537.36"}

[1A[2K[2m[WebServer] [22m{"time":"2026-10-05T21:13:30.752765656-04:00","level":"INFO","msg":"client log","level":"WARN","message":"-------------- RxDB Open Core RxStorage -------------------------------\nYou are using the free Dexie.js based RxStorage implementation from RxDB https://rxdb.info/rx-storage-dexie.html?console=dexie \nWhile this is a great option, we want to let you know that there are faster storage solutions available in our premium plugins.\nFor professional users and production environments, we highly recommend considering these premium options to enhance performance and reliability.\n https://rxdb.info/premium/?console=dexie \nIf you already purchased premium access you can disable this log by calling the setPremiumFlag() function from rxdb-premium/plugins/shared.\n---------------------------------------------------------------------","user":"Jamal C. (jamal@yumyums.kitchen)","page":"/marketing.html","ua":"Mozilla/5.0 (X11; Linux x86_64) AppleWebKit/537.36 (KHTML, like Gecko) HeadlessChrome/147.0.7727.15 Safari/537.36"}

[1A[2K[2m[WebServer] [22m{"time":"2026-10-05T21:13:31.225802049-04:00","level":"INFO","msg":"client log","level":"WARN","message":"-------------- RxDB Open Core RxStorage -------------------------------\nYou are using the free Dexie.js based RxStorage implementation from RxDB https://rxdb.info/rx-storage-dexie.html?console=dexie \nWhile this is a great option, we want to let you know that there are faster storage solutions available in our premium plugins.\nFor professional users and production environments, we highly recommend considering these premium options to enhance performance and reliability.\n https://rxdb.info/premium/?console=dexie \nIf you already purchased premium access you can disable this log by calling the setPremiumFlag() function from rxdb-premium/plugins/shared.\n---------------------------------------------------------------------","user":"Jamal C. (jamal@yumyums.kitchen)","page":"/marketing.html","ua":"Mozilla/5.0 (X11; Linux x86_64) AppleWebKit/537.36 (KHTML, like Gecko) HeadlessChrome/147.0.7727.15 Safari/537.36"}

[1A[2K[2m[WebServer] [22m{"time":"2026-10-05T21:13:31.794375696-04:00","level":"INFO","msg":"client log","level":"WARN","message":"-------------- RxDB Open Core RxStorage -------------------------------\nYou are using the free Dexie.js based RxStorage implementation from RxDB https://rxdb.info/rx-storage-dexie.html?console=dexie \nWhile this is a great option, we want to let you know that there are faster storage solutions available in our premium plugins.\nFor professional users and production environments, we highly recommend considering these premium options to enhance performance and reliability.\n https://rxdb.info/premium/?console=dexie \nIf you already purchased premium access you can disable this log by calling the setPremiumFlag() function from rxdb-premium/plugins/shared.\n---------------------------------------------------------------------","user":"Jamal C. (jamal@yumyums.kitchen)","page":"/marketing.html","ua":"Mozilla/5.0 (X11; Linux x86_64) AppleWebKit/537.36 (KHTML, like Gecko) HeadlessChrome/147.0.7727.15 Safari/537.36"}

[1A[2K[2m[WebServer] [22m{"time":"2026-10-05T21:13:32.203648599-04:00","level":"INFO","msg":"client log","level":"WARN","message":"-------------- RxDB Open Core RxStorage -------------------------------\nYou are using the free Dexie.js based RxStorage implementation from RxDB https://rxdb.info/rx-storage-dexie.html?console=dexie \nWhile this is a great option, we want to let you know that there are faster storage solutions available in our premium plugins.\nFor professional users and production environments, we highly recommend considering these premium options to enhance performance and reliability.\n https://rxdb.info/premium/?console=dexie \nIf you already purchased premium access you can disable this log by calling the setPremiumFlag() function from rxdb-premium/plugins/shared.\n---------------------------------------------------------------------","user":"Jamal C. (jamal@yumyums.kitchen)","page":"/marketing.html","ua":"Mozilla/5.0 (X11; Linux x86_64) AppleWebKit/537.36 (KHTML, like Gecko) HeadlessChrome/147.0.7727.15 Safari/537.36"}

[1A[2K[2m[WebServer] [22m{"time":"2026-10-05T21:13:32.55096577-04:00","level":"INFO","msg":"client log","level":"WARN","message":"-------------- RxDB Open Core RxStorage -------------------------------\nYou are using the free Dexie.js based RxStorage implementation from RxDB https://rxdb.info/rx-storage-dexie.html?console=dexie \nWhile this is a great option, we want to let you know that there are faster storage solutions available in our premium plugins.\nFor professional users and production environments, we highly recommend considering these premium options to enhance performance and reliability.\n https://rxdb.info/premium/?console=dexie \nIf you already purchased premium access you can disable this log by calling the setPremiumFlag() function from rxdb-premium/plugins/shared.\n---------------------------------------------------------------------","user":"Jamal C. (jamal@yumyums.kitchen)","page":"/marketing.html","ua":"Mozilla/5.0 (X11; Linux x86_64) AppleWebKit/537.36 (KHTML, like Gecko) HeadlessChrome/147.0.7727.15 Safari/537.36"}

[1A[2K[2m[WebServer] [22m{"time":"2026-10-05T21:13:33.221276163-04:00","level":"INFO","msg":"client log","level":"WARN","message":"-------------- RxDB Open Core RxStorage -------------------------------\nYou are using the free Dexie.js based RxStorage implementation from RxDB https://rxdb.info/rx-storage-dexie.html?console=dexie \nWhile this is a great option, we want to let you know that there are faster storage solutions available in our premium plugins.\nFor professional users and production environments, we highly recommend considering these premium options to enhance performance and reliability.\n https://rxdb.info/premium/?console=dexie \nIf you already purchased premium access you can disable this log by calling the setPremiumFlag() function from rxdb-premium/plugins/shared.\n---------------------------------------------------------------------","user":"Jamal C. (jamal@yumyums.kitchen)","page":"/marketing.html","ua":"Mozilla/5.0 (X11; Linux x86_64) AppleWebKit/537.36 (KHTML, like Gecko) HeadlessChrome/147.0.7727.15 Safari/537.36"}

[1A[2K[2m[WebServer] [22m{"time":"2026-10-05T21:13:33.699249924-04:00","level":"INFO","msg":"client log","level":"WARN","message":"-------------- RxDB Open Core RxStorage -------------------------------\nYou are using the free Dexie.js based RxStorage implementation from RxDB https://rxdb.info/rx-storage-dexie.html?console=dexie \nWhile this is a great option, we want to let you know that there are faster storage solutions available in our premium plugins.\nFor professional users and production environments, we highly recommend considering these premium options to enhance performance and reliability.\n https://rxdb.info/premium/?console=dexie \nIf you already purchased premium access you can disable this log by calling the setPremiumFlag() function from rxdb-premium/plugins/shared.\n---------------------------------------------------------------------","user":"Jamal C. (jamal@yumyums.kitchen)","page":"/marketing.html","ua":"Mozilla/5.0 (X11; Linux x86_64) AppleWebKit/537.36 (KHTML, like Gecko) HeadlessChrome/147.0.7727.15 Safari/537.36"}

[1A[2K[2m[WebServer] [22m{"time":"2026-10-05T21:13:34.017969563-04:00","level":"INFO","msg":"client log","level":"WARN","message":"-------------- RxDB Open Core RxStorage -------------------------------\nYou are using the free Dexie.js based RxStorage implementation from RxDB https://rxdb.info/rx-storage-dexie.html?console=dexie \nWhile this is a great option, we want to let you know that there are faster storage solutions available in our premium plugins.\nFor professional users and production environments, we highly recommend considering these premium options to enhance performance and reliability.\n https://rxdb.info/premium/?console=dexie \nIf you already purchased premium access you can disable this log by calling the setPremiumFlag() function from rxdb-premium/plugins/shared.\n---------------------------------------------------------------------","user":"Jamal C. (jamal@yumyums.kitchen)","page":"/marketing.html","ua":"Mozilla/5.0 (X11; Linux x86_64) AppleWebKit/537.36 (KHTML, like Gecko) HeadlessChrome/147.0.7727.15 Safari/537.36"}

[1A[2K[2m[WebServer] [22m{"time":"2026-10-05T21:13:34.407108414-04:00","level":"INFO","msg":"client log","level":"WARN","message":"-------------- RxDB Open Core RxStorage -------------------------------\nYou are using the free Dexie.js based RxStorage implementation from RxDB https://rxdb.info/rx-storage-dexie.html?console=dexie \nWhile this is a great option, we want to let you know that there are faster storage solutions available in our premium plugins.\nFor professional users and production environments, we highly recommend considering these premium options to enhance performance and reliability.\n https://rxdb.info/premium/?console=dexie \nIf you already purchased premium access you can disable this log by calling the setPremiumFlag() function from rxdb-premium/plugins/shared.\n---------------------------------------------------------------------","user":"Jamal C. (jamal@yumyums.kitchen)","page":"/marketing.html","ua":"Mozilla/5.0 (X11; Linux x86_64) AppleWebKit/537.36 (KHTML, like Gecko) HeadlessChrome/147.0.7727.15 Safari/537.36"}

[1A[2K[2m[WebServer] [22m{"time":"2026-10-05T21:13:34.902863178-04:00","level":"INFO","msg":"client log","level":"WARN","message":"-------------- RxDB Open Core RxStorage -------------------------------\nYou are using the free Dexie.js based RxStorage implementation from RxDB https://rxdb.info/rx-storage-dexie.html?console=dexie \nWhile this is a great option, we want to let you know that there are faster storage solutions available in our premium plugins.\nFor professional users and production environments, we highly recommend considering these premium options to enhance performance and reliability.\n https://rxdb.info/premium/?console=dexie \nIf you already purchased premium access you can disable this log by calling the setPremiumFlag() function from rxdb-premium/plugins/shared.\n---------------------------------------------------------------------","user":"Jamal C. (jamal@yumyums.kitchen)","page":"/marketing.html","ua":"Mozilla/5.0 (X11; Linux x86_64) AppleWebKit/537.36 (KHTML, like Gecko) HeadlessChrome/147.0.7727.15 Safari/537.36"}

[1A[2K[2m[WebServer] [22m{"time":"2026-10-05T21:13:35.455990795-04:00","level":"INFO","msg":"client log","level":"WARN","message":"-------------- RxDB Open Core RxStorage -------------------------------\nYou are using the free Dexie.js based RxStorage implementation from RxDB https://rxdb.info/rx-storage-dexie.html?console=dexie \nWhile this is a great option, we want to let you know that there are faster storage solutions available in our premium plugins.\nFor professional users and production environments, we highly recommend considering these premium options to enhance performance and reliability.\n https://rxdb.info/premium/?console=dexie \nIf you already purchased premium access you can disable this log by calling the setPremiumFlag() function from rxdb-premium/plugins/shared.\n---------------------------------------------------------------------","user":"Jamal C. (jamal@yumyums.kitchen)","page":"/marketing.html","ua":"Mozilla/5.0 (X11; Linux x86_64) AppleWebKit/537.36 (KHTML, like Gecko) HeadlessChrome/147.0.7727.15 Safari/537.36"}

[1A[2K[2m[WebServer] [22m{"time":"2026-10-05T21:13:35.729867971-04:00","level":"INFO","msg":"client log","level":"WARN","message":"-------------- RxDB Open Core RxStorage -------------------------------\nYou are using the free Dexie.js based RxStorage implementation from RxDB https://rxdb.info/rx-storage-dexie.html?console=dexie \nWhile this is a great option, we want to let you know that there are faster storage solutions available in our premium plugins.\nFor professional users and production environments, we highly recommend considering these premium options to enhance performance and reliability.\n https://rxdb.info/premium/?console=dexie \nIf you already purchased premium access you can disable this log by calling the setPremiumFlag() function from rxdb-premium/plugins/shared.\n---------------------------------------------------------------------","user":"Jamal C. (jamal@yumyums.kitchen)","page":"/marketing.html","ua":"Mozilla/5.0 (X11; Linux x86_64) AppleWebKit/537.36 (KHTML, like Gecko) HeadlessChrome/147.0.7727.15 Safari/537.36"}

[1A[2K[2m[WebServer] [22m{"time":"2026-10-05T21:13:36.286649178-04:00","level":"INFO","msg":"client log","level":"WARN","message":"-------------- RxDB Open Core RxStorage -------------------------------\nYou are using the free Dexie.js based RxStorage implementation from RxDB https://rxdb.info/rx-storage-dexie.html?console=dexie \nWhile this is a great option, we want to let you know that there are faster storage solutions available in our premium plugins.\nFor professional users and production environments, we highly recommend considering these premium options to enhance performance and reliability.\n https://rxdb.info/premium/?console=dexie \nIf you already purchased premium access you can disable this log by calling the setPremiumFlag() function from rxdb-premium/plugins/shared.\n---------------------------------------------------------------------","user":"Jamal C. (jamal@yumyums.kitchen)","page":"/marketing.html","ua":"Mozilla/5.0 (X11; Linux x86_64) AppleWebKit/537.36 (KHTML, like Gecko) HeadlessChrome/147.0.7727.15 Safari/537.36"}

[1A[2K[2m[WebServer] [22m{"time":"2026-10-05T21:13:36.752674847-04:00","level":"INFO","msg":"client log","level":"WARN","message":"-------------- RxDB Open Core RxStorage -------------------------------\nYou are using the free Dexie.js based RxStorage implementation from RxDB https://rxdb.info/rx-storage-dexie.html?console=dexie \nWhile this is a great option, we want to let you know that there are faster storage solutions available in our premium plugins.\nFor professional users and production environments, we highly recommend considering these premium options to enhance performance and reliability.\n https://rxdb.info/premium/?console=dexie \nIf you already purchased premium access you can disable this log by calling the setPremiumFlag() function from rxdb-premium/plugins/shared.\n---------------------------------------------------------------------","user":"Jamal C. (jamal@yumyums.kitchen)","page":"/marketing.html","ua":"Mozilla/5.0 (X11; Linux x86_64) AppleWebKit/537.36 (KHTML, like Gecko) HeadlessChrome/147.0.7727.15 Safari/537.36"}

[1A[2K[2m[WebServer] [22m{"time":"2026-10-05T21:13:37.069775625-04:00","level":"INFO","msg":"client log","level":"WARN","message":"-------------- RxDB Open Core RxStorage -------------------------------\nYou are using the free Dexie.js based RxStorage implementation from RxDB https://rxdb.info/rx-storage-dexie.html?console=dexie \nWhile this is a great option, we want to let you know that there are faster storage solutions available in our premium plugins.\nFor professional users and production environments, we highly recommend considering these premium options to enhance performance and reliability.\n https://rxdb.info/premium/?console=dexie \nIf you already purchased premium access you can disable this log by calling the setPremiumFlag() function from rxdb-premium/plugins/shared.\n---------------------------------------------------------------------","user":"Jamal C. (jamal@yumyums.kitchen)","page":"/marketing.html","ua":"Mozilla/5.0 (X11; Linux x86_64) AppleWebKit/537.36 (KHTML, like Gecko) HeadlessChrome/147.0.7727.15 Safari/537.36"}

[1A[2K[2m[WebServer] [22m{"time":"2026-10-05T21:13:37.474270682-04:00","level":"INFO","msg":"client log","level":"WARN","message":"-------------- RxDB Open Core RxStorage -------------------------------\nYou are using the free Dexie.js based RxStorage implementation from RxDB https://rxdb.info/rx-storage-dexie.html?console=dexie \nWhile this is a great option, we want to let you know that there are faster storage solutions available in our premium plugins.\nFor professional users and production environments, we highly recommend considering these premium options to enhance performance and reliability.\n https://rxdb.info/premium/?console=dexie \nIf you already purchased premium access you can disable this log by calling the setPremiumFlag() function from rxdb-premium/plugins/shared.\n---------------------------------------------------------------------","user":"Jamal C. (jamal@yumyums.kitchen)","page":"/marketing.html","ua":"Mozilla/5.0 (X11; Linux x86_64) AppleWebKit/537.36 (KHTML, like Gecko) HeadlessChrome/147.0.7727.15 Safari/537.36"}

[1A[2K[2m[WebServer] [22m{"time":"2026-10-05T21:13:38.08366454-04:00","level":"INFO","msg":"client log","level":"WARN","message":"-------------- RxDB Open Core RxStorage -------------------------------\nYou are using the free Dexie.js based RxStorage implementation from RxDB https://rxdb.info/rx-storage-dexie.html?console=dexie \nWhile this is a great option, we want to let you know that there are faster storage solutions available in our premium plugins.\nFor professional users and production environments, we highly recommend considering these premium options to enhance performance and reliability.\n https://rxdb.info/premium/?console=dexie \nIf you already purchased premium access you can disable this log by calling the setPremiumFlag() function from rxdb-premium/plugins/shared.\n---------------------------------------------------------------------","user":"Jamal C. (jamal@yumyums.kitchen)","page":"/marketing.html","ua":"Mozilla/5.0 (X11; Linux x86_64) AppleWebKit/537.36 (KHTML, like Gecko) HeadlessChrome/147.0.7727.15 Safari/537.36"}

[1A[2K[2m[WebServer] [22m{"time":"2026-10-05T21:13:38.662416382-04:00","level":"INFO","msg":"client log","level":"WARN","message":"-------------- RxDB Open Core RxStorage -------------------------------\nYou are using the free Dexie.js based RxStorage implementation from RxDB https://rxdb.info/rx-storage-dexie.html?console=dexie \nWhile this is a great option, we want to let you know that there are faster storage solutions available in our premium plugins.\nFor professional users and production environments, we highly recommend considering these premium options to enhance performance and reliability.\n https://rxdb.info/premium/?console=dexie \nIf you already purchased premium access you can disable this log by calling the setPremiumFlag() function from rxdb-premium/plugins/shared.\n---------------------------------------------------------------------","user":"Jamal C. (jamal@yumyums.kitchen)","page":"/marketing.html","ua":"Mozilla/5.0 (X11; Linux x86_64) AppleWebKit/537.36 (KHTML, like Gecko) HeadlessChrome/147.0.7727.15 Safari/537.36"}

[1A[2K[2m[WebServer] [22m{"time":"2026-10-05T21:13:39.16398796-04:00","level":"INFO","msg":"client log","level":"WARN","message":"-------------- RxDB Open Core RxStorage -------------------------------\nYou are using the free Dexie.js based RxStorage implementation from RxDB https://rxdb.info/rx-storage-dexie.html?console=dexie \nWhile this is a great option, we want to let you know that there are faster storage solutions available in our premium plugins.\nFor professional users and production environments, we highly recommend considering these premium options to enhance performance and reliability.\n https://rxdb.info/premium/?console=dexie \nIf you already purchased premium access you can disable this log by calling the setPremiumFlag() function from rxdb-premium/plugins/shared.\n---------------------------------------------------------------------","user":"Jamal C. (jamal@yumyums.kitchen)","page":"/marketing.html","ua":"Mozilla/5.0 (X11; Linux x86_64) AppleWebKit/537.36 (KHTML, like Gecko) HeadlessChrome/147.0.7727.15 Safari/537.36"}

[1A[2K[2m[WebServer] [22m{"time":"2026-10-05T21:13:39.484138551-04:00","level":"INFO","msg":"client log","level":"WARN","message":"-------------- RxDB Open Core RxStorage -------------------------------\nYou are using the free Dexie.js based RxStorage implementation from RxDB https://rxdb.info/rx-storage-dexie.html?console=dexie \nWhile this is a great option, we want to let you know that there are faster storage solutions available in our premium plugins.\nFor professional users and production environments, we highly recommend considering these premium options to enhance performance and reliability.\n https://rxdb.info/premium/?console=dexie \nIf you already purchased premium access you can disable this log by calling the setPremiumFlag() function from rxdb-premium/plugins/shared.\n---------------------------------------------------------------------","user":"Jamal C. (jamal@yumyums.kitchen)","page":"/marketing.html","ua":"Mozilla/5.0 (X11; Linux x86_64) AppleWebKit/537.36 (KHTML, like Gecko) HeadlessChrome/147.0.7727.15 Safari/537.36"}

[1A[2K[2m[WebServer] [22m{"time":"2026-10-05T21:13:40.105375929-04:00","level":"INFO","msg":"client log","level":"WARN","message":"-------------- RxDB Open Core RxStorage -------------------------------\nYou are using the free Dexie.js based RxStorage implementation from RxDB https://rxdb.info/rx-storage-dexie.html?console=dexie \nWhile this is a great option, we want to let you know that there are faster storage solutions available in our premium plugins.\nFor professional users and production environments, we highly recommend considering these premium options to enhance performance and reliability.\n https://rxdb.info/premium/?console=dexie \nIf you already purchased premium access you can disable this log by calling the setPremiumFlag() function from rxdb-premium/plugins/shared.\n---------------------------------------------------------------------","user":"Jamal C. (jamal@yumyums.kitchen)","page":"/marketing.html","ua":"Mozilla/5.0 (X11; Linux x86_64) AppleWebKit/537.36 (KHTML, like Gecko) HeadlessChrome/147.0.7727.15 Safari/537.36"}

[1A[2K[2m[WebServer] [22m{"time":"2026-10-05T21:13:40.422783115-04:00","level":"INFO","msg":"client log","level":"WARN","message":"-------------- RxDB Open Core RxStorage -------------------------------\nYou are using the free Dexie.js based RxStorage implementation from RxDB https://rxdb.info/rx-storage-dexie.html?console=dexie \nWhile this is a great option, we want to let you know that there are faster storage solutions available in our premium plugins.\nFor professional users and production environments, we highly recommend considering these premium options to enhance performance and reliability.\n https://rxdb.info/premium/?console=dexie \nIf you already purchased premium access you can disable this log by calling the setPremiumFlag() function from rxdb-premium/plugins/shared.\n---------------------------------------------------------------------","user":"Jamal C. (jamal@yumyums.kitchen)","page":"/marketing.html","ua":"Mozilla/5.0 (X11; Linux x86_64) AppleWebKit/537.36 (KHTML, like Gecko) HeadlessChrome/147.0.7727.15 Safari/537.36"}

[1A[2K[2m[WebServer] [22m{"time":"2026-10-05T21:13:40.82385402-04:00","level":"INFO","msg":"client log","level":"WARN","message":"-------------- RxDB Open Core RxStorage -------------------------------\nYou are using the free Dexie.js based RxStorage implementation from RxDB https://rxdb.info/rx-storage-dexie.html?console=dexie \nWhile this is a great option, we want to let you know that there are faster storage solutions available in our premium plugins.\nFor professional users and production environments, we highly recommend considering these premium options to enhance performance and reliability.\n https://rxdb.info/premium/?console=dexie \nIf you already purchased premium access you can disable this log by calling the setPremiumFlag() function from rxdb-premium/plugins/shared.\n---------------------------------------------------------------------","user":"Jamal C. (jamal@yumyums.kitchen)","page":"/marketing.html","ua":"Mozilla/5.0 (X11; Linux x86_64) AppleWebKit/537.36 (KHTML, like Gecko) HeadlessChrome/147.0.7727.15 Safari/537.36"}

[1A[2K[2m[WebServer] [22m{"time":"2026-10-05T21:13:41.291445666-04:00","level":"INFO","msg":"client log","level":"WARN","message":"-------------- RxDB Open Core RxStorage -------------------------------\nYou are using the free Dexie.js based RxStorage implementation from RxDB https://rxdb.info/rx-storage-dexie.html?console=dexie \nWhile this is a great option, we want to let you know that there are faster storage solutions available in our premium plugins.\nFor professional users and production environments, we highly recommend considering these premium options to enhance performance and reliability.\n https://rxdb.info/premium/?console=dexie \nIf you already purchased premium access you can disable this log by calling the setPremiumFlag() function from rxdb-premium/plugins/shared.\n---------------------------------------------------------------------","user":"Jamal C. (jamal@yumyums.kitchen)","page":"/marketing.html","ua":"Mozilla/5.0 (X11; Linux x86_64) AppleWebKit/537.36 (KHTML, like Gecko) HeadlessChrome/147.0.7727.15 Safari/537.36"}

[1A[2K[2m[WebServer] [22m{"time":"2026-10-05T21:13:41.942113192-04:00","level":"INFO","msg":"client log","level":"WARN","message":"-------------- RxDB Open Core RxStorage -------------------------------\nYou are using the free Dexie.js based RxStorage implementation from RxDB https://rxdb.info/rx-storage-dexie.html?console=dexie \nWhile this is a great option, we want to let you know that there are faster storage solutions available in our premium plugins.\nFor professional users and production environments, we highly recommend considering these premium options to enhance performance and reliability.\n https://rxdb.info/premium/?console=dexie \nIf you already purchased premium access you can disable this log by calling the setPremiumFlag() function from rxdb-premium/plugins/shared.\n---------------------------------------------------------------------","user":"Jamal C. (jamal@yumyums.kitchen)","page":"/marketing.html","ua":"Mozilla/5.0 (X11; Linux x86_64) AppleWebKit/537.36 (KHTML, like Gecko) HeadlessChrome/147.0.7727.15 Safari/537.36"}

[1A[2K[2m[WebServer] [22m{"time":"2026-10-05T21:13:42.314179777-04:00","level":"INFO","msg":"client log","level":"WARN","message":"-------------- RxDB Open Core RxStorage -------------------------------\nYou are using the free Dexie.js based RxStorage implementation from RxDB https://rxdb.info/rx-storage-dexie.html?console=dexie \nWhile this is a great option, we want to let you know that there are faster storage solutions available in our premium plugins.\nFor professional users and production environments, we highly recommend considering these premium options to enhance performance and reliability.\n https://rxdb.info/premium/?console=dexie \nIf you already purchased premium access you can disable this log by calling the setPremiumFlag() function from rxdb-premium/plugins/shared.\n---------------------------------------------------------------------","user":"Jamal C. (jamal@yumyums.kitchen)","page":"/marketing.html","ua":"Mozilla/5.0 (X11; Linux x86_64) AppleWebKit/537.36 (KHTML, like Gecko) HeadlessChrome/147.0.7727.15 Safari/537.36"}

[1A[2K[2m[WebServer] [22m{"time":"2026-10-05T21:13:42.717310553-04:00","level":"INFO","msg":"client log","level":"WARN","message":"-------------- RxDB Open Core RxStorage -------------------------------\nYou are using the free Dexie.js based RxStorage implementation from RxDB https://rxdb.info/rx-storage-dexie.html?console=dexie \nWhile this is a great option, we want to let you know that there are faster storage solutions available in our premium plugins.\nFor professional users and production environments, we highly recommend considering these premium options to enhance performance and reliability.\n https://rxdb.info/premium/?console=dexie \nIf you already purchased premium access you can disable this log by calling the setPremiumFlag() function from rxdb-premium/plugins/shared.\n---------------------------------------------------------------------","user":"Jamal C. (jamal@yumyums.kitchen)","page":"/marketing.html","ua":"Mozilla/5.0 (X11; Linux x86_64) AppleWebKit/537.36 (KHTML, like Gecko) HeadlessChrome/147.0.7727.15 Safari/537.36"}

[1A[2K[2m[WebServer] [22m{"time":"2026-10-05T21:13:43.061402246-04:00","level":"INFO","msg":"client log","level":"WARN","message":"-------------- RxDB Open Core RxStorage -------------------------------\nYou are using the free Dexie.js based RxStorage implementation from RxDB https://rxdb.info/rx-storage-dexie.html?console=dexie \nWhile this is a great option, we want to let you know that there are faster storage solutions available in our premium plugins.\nFor professional users and production environments, we highly recommend considering these premium options to enhance performance and reliability.\n https://rxdb.info/premium/?console=dexie \nIf you already purchased premium access you can disable this log by calling the setPremiumFlag() function from rxdb-premium/plugins/shared.\n---------------------------------------------------------------------","user":"Jamal C. (jamal@yumyums.kitchen)","page":"/marketing.html","ua":"Mozilla/5.0 (X11; Linux x86_64) AppleWebKit/537.36 (KHTML, like Gecko) HeadlessChrome/147.0.7727.15 Safari/537.36"}

[1A[2K[2m[WebServer] [22m{"time":"2026-10-05T21:13:43.604972629-04:00","level":"INFO","msg":"client log","level":"WARN","message":"-------------- RxDB Open Core RxStorage -------------------------------\nYou are using the free Dexie.js based RxStorage implementation from RxDB https://rxdb.info/rx-storage-dexie.html?console=dexie \nWhile this is a great option, we want to let you know that there are faster storage solutions available in our premium plugins.\nFor professional users and production environments, we highly recommend considering these premium options to enhance performance and reliability.\n https://rxdb.info/premium/?console=dexie \nIf you already purchased premium access you can disable this log by calling the setPremiumFlag() function from rxdb-premium/plugins/shared.\n---------------------------------------------------------------------","user":"Jamal C. (jamal@yumyums.kitchen)","page":"/marketing.html","ua":"Mozilla/5.0 (X11; Linux x86_64) AppleWebKit/537.36 (KHTML, like Gecko) HeadlessChrome/147.0.7727.15 Safari/537.36"}

[1A[2K[2m[WebServer] [22m{"time":"2026-10-05T21:13:44.028252436-04:00","level":"INFO","msg":"client log","level":"WARN","message":"-------------- RxDB Open Core RxStorage -------------------------------\nYou are using the free Dexie.js based RxStorage implementation from RxDB https://rxdb.info/rx-storage-dexie.html?console=dexie \nWhile this is a great option, we want to let you know that there are faster storage solutions available in our premium plugins.\nFor professional users and production environments, we highly recommend considering these premium options to enhance performance and reliability.\n https://rxdb.info/premium/?console=dexie \nIf you already purchased premium access you can disable this log by calling the setPremiumFlag() function from rxdb-premium/plugins/shared.\n---------------------------------------------------------------------","user":"Jamal C. (jamal@yumyums.kitchen)","page":"/marketing.html","ua":"Mozilla/5.0 (X11; Linux x86_64) AppleWebKit/537.36 (KHTML, like Gecko) HeadlessChrome/147.0.7727.15 Safari/537.36"}

[1A[2K[2m[WebServer] [22m{"time":"2026-10-05T21:13:44.345029588-04:00","level":"INFO","msg":"client log","level":"WARN","message":"-------------- RxDB Open Core RxStorage -------------------------------\nYou are using the free Dexie.js based RxStorage implementation from RxDB https://rxdb.info/rx-storage-dexie.html?console=dexie \nWhile this is a great option, we want to let you know that there are faster storage solutions available in our premium plugins.\nFor professional users and production environments, we highly recommend considering these premium options to enhance performance and reliability.\n https://rxdb.info/premium/?console=dexie \nIf you already purchased premium access you can disable this log by calling the setPremiumFlag() function from rxdb-premium/plugins/shared.\n---------------------------------------------------------------------","user":"Jamal C. (jamal@yumyums.kitchen)","page":"/marketing.html","ua":"Mozilla/5.0 (X11; Linux x86_64) AppleWebKit/537.36 (KHTML, like Gecko) HeadlessChrome/147.0.7727.15 Safari/537.36"}

[1A[2K[2m[WebServer] [22m{"time":"2026-10-05T21:13:44.887110818-04:00","level":"INFO","msg":"client log","level":"WARN","message":"-------------- RxDB Open Core RxStorage -------------------------------\nYou are using the free Dexie.js based RxStorage implementation from RxDB https://rxdb.info/rx-storage-dexie.html?console=dexie \nWhile this is a great option, we want to let you know that there are faster storage solutions available in our premium plugins.\nFor professional users and production environments, we highly recommend considering these premium options to enhance performance and reliability.\n https://rxdb.info/premium/?console=dexie \nIf you already purchased premium access you can disable this log by calling the setPremiumFlag() function from rxdb-premium/plugins/shared.\n---------------------------------------------------------------------","user":"Jamal C. (jamal@yumyums.kitchen)","page":"/marketing.html","ua":"Mozilla/5.0 (X11; Linux x86_64) AppleWebKit/537.36 (KHTML, like Gecko) HeadlessChrome/147.0.7727.15 Safari/537.36"}

[1A[2K[2m[WebServer] [22m{"time":"2026-10-05T21:13:45.468046824-04:00","level":"INFO","msg":"client log","level":"WARN","message":"-------------- RxDB Open Core RxStorage -------------------------------\nYou are using the free Dexie.js based RxStorage implementation from RxDB https://rxdb.info/rx-storage-dexie.html?console=dexie \nWhile this is a great option, we want to let you know that there are faster storage solutions available in our premium plugins.\nFor professional users and production environments, we highly recommend considering these premium options to enhance performance and reliability.\n https://rxdb.info/premium/?console=dexie \nIf you already purchased premium access you can disable this log by calling the setPremiumFlag() function from rxdb-premium/plugins/shared.\n---------------------------------------------------------------------","user":"Jamal C. (jamal@yumyums.kitchen)","page":"/marketing.html","ua":"Mozilla/5.0 (X11; Linux x86_64) AppleWebKit/537.36 (KHTML, like Gecko) HeadlessChrome/147.0.7727.15 Safari/537.36"}

[1A[2K[2m[WebServer] [22m{"time":"2026-10-05T21:13:45.863654326-04:00","level":"INFO","msg":"client log","level":"WARN","message":"-------------- RxDB Open Core RxStorage -------------------------------\nYou are using the free Dexie.js based RxStorage implementation from RxDB https://rxdb.info/rx-storage-dexie.html?console=dexie \nWhile this is a great option, we want to let you know that there are faster storage solutions available in our premium plugins.\nFor professional users and production environments, we highly recommend considering these premium options to enhance performance and reliability.\n https://rxdb.info/premium/?console=dexie \nIf you already purchased premium access you can disable this log by calling the setPremiumFlag() function from rxdb-premium/plugins/shared.\n---------------------------------------------------------------------","user":"Jamal C. (jamal@yumyums.kitchen)","page":"/marketing.html","ua":"Mozilla/5.0 (X11; Linux x86_64) AppleWebKit/537.36 (KHTML, like Gecko) HeadlessChrome/147.0.7727.15 Safari/537.36"}

[1A[2K[2m[WebServer] [22m{"time":"2026-10-05T21:13:46.237894768-04:00","level":"INFO","msg":"client log","level":"WARN","message":"-------------- RxDB Open Core RxStorage -------------------------------\nYou are using the free Dexie.js based RxStorage implementation from RxDB https://rxdb.info/rx-storage-dexie.html?console=dexie \nWhile this is a great option, we want to let you know that there are faster storage solutions available in our premium plugins.\nFor professional users and production environments, we highly recommend considering these premium options to enhance performance and reliability.\n https://rxdb.info/premium/?console=dexie \nIf you already purchased premium access you can disable this log by calling the setPremiumFlag() function from rxdb-premium/plugins/shared.\n---------------------------------------------------------------------","user":"Jamal C. (jamal@yumyums.kitchen)","page":"/marketing.html","ua":"Mozilla/5.0 (X11; Linux x86_64) AppleWebKit/537.36 (KHTML, like Gecko) HeadlessChrome/147.0.7727.15 Safari/537.36"}

[1A[2K[2m[WebServer] [22m{"time":"2026-10-05T21:13:46.632032674-04:00","level":"INFO","msg":"client log","level":"WARN","message":"-------------- RxDB Open Core RxStorage -------------------------------\nYou are using the free Dexie.js based RxStorage implementation from RxDB https://rxdb.info/rx-storage-dexie.html?console=dexie \nWhile this is a great option, we want to let you know that there are faster storage solutions available in our premium plugins.\nFor professional users and production environments, we highly recommend considering these premium options to enhance performance and reliability.\n https://rxdb.info/premium/?console=dexie \nIf you already purchased premium access you can disable this log by calling the setPremiumFlag() function from rxdb-premium/plugins/shared.\n---------------------------------------------------------------------","user":"Jamal C. (jamal@yumyums.kitchen)","page":"/marketing.html","ua":"Mozilla/5.0 (X11; Linux x86_64) AppleWebKit/537.36 (KHTML, like Gecko) HeadlessChrome/147.0.7727.15 Safari/537.36"}

[1A[2K[2m[WebServer] [22m{"time":"2026-10-05T21:13:47.090624745-04:00","level":"INFO","msg":"client log","level":"WARN","message":"-------------- RxDB Open Core RxStorage -------------------------------\nYou are using the free Dexie.js based RxStorage implementation from RxDB https://rxdb.info/rx-storage-dexie.html?console=dexie \nWhile this is a great option, we want to let you know that there are faster storage solutions available in our premium plugins.\nFor professional users and production environments, we highly recommend considering these premium options to enhance performance and reliability.\n https://rxdb.info/premium/?console=dexie \nIf you already purchased premium access you can disable this log by calling the setPremiumFlag() function from rxdb-premium/plugins/shared.\n---------------------------------------------------------------------","user":"Jamal C. (jamal@yumyums.kitchen)","page":"/marketing.html","ua":"Mozilla/5.0 (X11; Linux x86_64) AppleWebKit/537.36 (KHTML, like Gecko) HeadlessChrome/147.0.7727.15 Safari/537.36"}

[1A[2K[2m[WebServer] [22m{"time":"2026-10-05T21:13:47.545408719-04:00","level":"INFO","msg":"client log","level":"WARN","message":"-------------- RxDB Open Core RxStorage -------------------------------\nYou are using the free Dexie.js based RxStorage implementation from RxDB https://rxdb.info/rx-storage-dexie.html?console=dexie \nWhile this is a great option, we want to let you know that there are faster storage solutions available in our premium plugins.\nFor professional users and production environments, we highly recommend considering these premium options to enhance performance and reliability.\n https://rxdb.info/premium/?console=dexie \nIf you already purchased premium access you can disable this log by calling the setPremiumFlag() function from rxdb-premium/plugins/shared.\n---------------------------------------------------------------------","user":"Jamal C. (jamal@yumyums.kitchen)","page":"/marketing.html","ua":"Mozilla/5.0 (X11; Linux x86_64) AppleWebKit/537.36 (KHTML, like Gecko) HeadlessChrome/147.0.7727.15 Safari/537.36"}

[1A[2K[2m[WebServer] [22m{"time":"2026-10-05T21:13:47.938242715-04:00","level":"INFO","msg":"client log","level":"WARN","message":"-------------- RxDB Open Core RxStorage -------------------------------\nYou are using the free Dexie.js based RxStorage implementation from RxDB https://rxdb.info/rx-storage-dexie.html?console=dexie \nWhile this is a great option, we want to let you know that there are faster storage solutions available in our premium plugins.\nFor professional users and production environments, we highly recommend considering these premium options to enhance performance and reliability.\n https://rxdb.info/premium/?console=dexie \nIf you already purchased premium access you can disable this log by calling the setPremiumFlag() function from rxdb-premium/plugins/shared.\n---------------------------------------------------------------------","user":"Jamal C. (jamal@yumyums.kitchen)","page":"/marketing.html","ua":"Mozilla/5.0 (X11; Linux x86_64) AppleWebKit/537.36 (KHTML, like Gecko) HeadlessChrome/147.0.7727.15 Safari/537.36"}

[1A[2K[2m[WebServer] [22m{"time":"2026-10-05T21:13:48.408979926-04:00","level":"INFO","msg":"client log","level":"WARN","message":"-------------- RxDB Open Core RxStorage -------------------------------\nYou are using the free Dexie.js based RxStorage implementation from RxDB https://rxdb.info/rx-storage-dexie.html?console=dexie \nWhile this is a great option, we want to let you know that there are faster storage solutions available in our premium plugins.\nFor professional users and production environments, we highly recommend considering these premium options to enhance performance and reliability.\n https://rxdb.info/premium/?console=dexie \nIf you already purchased premium access you can disable this log by calling the setPremiumFlag() function from rxdb-premium/plugins/shared.\n---------------------------------------------------------------------","user":"Jamal C. (jamal@yumyums.kitchen)","page":"/marketing.html","ua":"Mozilla/5.0 (X11; Linux x86_64) AppleWebKit/537.36 (KHTML, like Gecko) HeadlessChrome/147.0.7727.15 Safari/537.36"}

[1A[2K[2m[WebServer] [22m{"time":"2026-10-05T21:13:49.115966577-04:00","level":"INFO","msg":"client log","level":"WARN","message":"-------------- RxDB Open Core RxStorage -------------------------------\nYou are using the free Dexie.js based RxStorage implementation from RxDB https://rxdb.info/rx-storage-dexie.html?console=dexie \nWhile this is a great option, we want to let you know that there are faster storage solutions available in our premium plugins.\nFor professional users and production environments, we highly recommend considering these premium options to enhance performance and reliability.\n https://rxdb.info/premium/?console=dexie \nIf you already purchased premium access you can disable this log by calling the setPremiumFlag() function from rxdb-premium/plugins/shared.\n---------------------------------------------------------------------","user":"Jamal C. (jamal@yumyums.kitchen)","page":"/marketing.html","ua":"Mozilla/5.0 (X11; Linux x86_64) AppleWebKit/537.36 (KHTML, like Gecko) HeadlessChrome/147.0.7727.15 Safari/537.36"}

[1A[2K[2m[WebServer] [22m{"time":"2026-10-05T21:13:49.5925857-04:00","level":"INFO","msg":"client log","level":"WARN","message":"-------------- RxDB Open Core RxStorage -------------------------------\nYou are using the free Dexie.js based RxStorage implementation from RxDB https://rxdb.info/rx-storage-dexie.html?console=dexie \nWhile this is a great option, we want to let you know that there are faster storage solutions available in our premium plugins.\nFor professional users and production environments, we highly recommend considering these premium options to enhance performance and reliability.\n https://rxdb.info/premium/?console=dexie \nIf you already purchased premium access you can disable this log by calling the setPremiumFlag() function from rxdb-premium/plugins/shared.\n---------------------------------------------------------------------","user":"Jamal C. (jamal@yumyums.kitchen)","page":"/marketing.html","ua":"Mozilla/5.0 (X11; Linux x86_64) AppleWebKit/537.36 (KHTML, like Gecko) HeadlessChrome/147.0.7727.15 Safari/537.36"}

[1A[2K[2m[WebServer] [22m{"time":"2026-10-05T21:13:49.99581401-04:00","level":"INFO","msg":"client log","level":"WARN","message":"-------------- RxDB Open Core RxStorage -------------------------------\nYou are using the free Dexie.js based RxStorage implementation from RxDB https://rxdb.info/rx-storage-dexie.html?console=dexie \nWhile this is a great option, we want to let you know that there are faster storage solutions available in our premium plugins.\nFor professional users and production environments, we highly recommend considering these premium options to enhance performance and reliability.\n https://rxdb.info/premium/?console=dexie \nIf you already purchased premium access you can disable this log by calling the setPremiumFlag() function from rxdb-premium/plugins/shared.\n---------------------------------------------------------------------","user":"Jamal C. (jamal@yumyums.kitchen)","page":"/marketing.html","ua":"Mozilla/5.0 (X11; Linux x86_64) AppleWebKit/537.36 (KHTML, like Gecko) HeadlessChrome/147.0.7727.15 Safari/537.36"}

[1A[2K[2m[WebServer] [22m{"time":"2026-10-05T21:13:50.341533462-04:00","level":"INFO","msg":"client log","level":"WARN","message":"-------------- RxDB Open Core RxStorage -------------------------------\nYou are using the free Dexie.js based RxStorage implementation from RxDB https://rxdb.info/rx-storage-dexie.html?console=dexie \nWhile this is a great option, we want to let you know that there are faster storage solutions available in our premium plugins.\nFor professional users and production environments, we highly recommend considering these premium options to enhance performance and reliability.\n https://rxdb.info/premium/?console=dexie \nIf you already purchased premium access you can disable this log by calling the setPremiumFlag() function from rxdb-premium/plugins/shared.\n---------------------------------------------------------------------","user":"Jamal C. (jamal@yumyums.kitchen)","page":"/marketing.html","ua":"Mozilla/5.0 (X11; Linux x86_64) AppleWebKit/537.36 (KHTML, like Gecko) HeadlessChrome/147.0.7727.15 Safari/537.36"}

[1A[2K[2m[WebServer] [22m{"time":"2026-10-05T21:13:50.656713421-04:00","level":"INFO","msg":"client log","level":"WARN","message":"-------------- RxDB Open Core RxStorage -------------------------------\nYou are using the free Dexie.js based RxStorage implementation from RxDB https://rxdb.info/rx-storage-dexie.html?console=dexie \nWhile this is a great option, we want to let you know that there are faster storage solutions available in our premium plugins.\nFor professional users and production environments, we highly recommend considering these premium options to enhance performance and reliability.\n https://rxdb.info/premium/?console=dexie \nIf you already purchased premium access you can disable this log by calling the setPremiumFlag() function from rxdb-premium/plugins/shared.\n---------------------------------------------------------------------","user":"Jamal C. (jamal@yumyums.kitchen)","page":"/marketing.html","ua":"Mozilla/5.0 (X11; Linux x86_64) AppleWebKit/537.36 (KHTML, like Gecko) HeadlessChrome/147.0.7727.15 Safari/537.36"}

[1A[2K[2m[WebServer] [22m{"time":"2026-10-05T21:13:51.083723678-04:00","level":"INFO","msg":"client log","level":"WARN","message":"-------------- RxDB Open Core RxStorage -------------------------------\nYou are using the free Dexie.js based RxStorage implementation from RxDB https://rxdb.info/rx-storage-dexie.html?console=dexie \nWhile this is a great option, we want to let you know that there are faster storage solutions available in our premium plugins.\nFor professional users and production environments, we highly recommend considering these premium options to enhance performance and reliability.\n https://rxdb.info/premium/?console=dexie \nIf you already purchased premium access you can disable this log by calling the setPremiumFlag() function from rxdb-premium/plugins/shared.\n---------------------------------------------------------------------","user":"Jamal C. (jamal@yumyums.kitchen)","page":"/marketing.html","ua":"Mozilla/5.0 (X11; Linux x86_64) AppleWebKit/537.36 (KHTML, like Gecko) HeadlessChrome/147.0.7727.15 Safari/537.36"}

[1A[2K[2m[WebServer] [22m{"time":"2026-10-05T21:13:51.632480531-04:00","level":"INFO","msg":"client log","level":"WARN","message":"-------------- RxDB Open Core RxStorage -------------------------------\nYou are using the free Dexie.js based RxStorage implementation from RxDB https://rxdb.info/rx-storage-dexie.html?console=dexie \nWhile this is a great option, we want to let you know that there are faster storage solutions available in our premium plugins.\nFor professional users and production environments, we highly recommend considering these premium options to enhance performance and reliability.\n https://rxdb.info/premium/?console=dexie \nIf you already purchased premium access you can disable this log by calling the setPremiumFlag() function from rxdb-premium/plugins/shared.\n---------------------------------------------------------------------","user":"Jamal C. (jamal@yumyums.kitchen)","page":"/marketing.html","ua":"Mozilla/5.0 (X11; Linux x86_64) AppleWebKit/537.36 (KHTML, like Gecko) HeadlessChrome/147.0.7727.15 Safari/537.36"}

[1A[2K[2m[WebServer] [22m{"time":"2026-10-05T21:13:52.00369243-04:00","level":"INFO","msg":"client log","level":"WARN","message":"-------------- RxDB Open Core RxStorage -------------------------------\nYou are using the free Dexie.js based RxStorage implementation from RxDB https://rxdb.info/rx-storage-dexie.html?console=dexie \nWhile this is a great option, we want to let you know that there are faster storage solutions available in our premium plugins.\nFor professional users and production environments, we highly recommend considering these premium options to enhance performance and reliability.\n https://rxdb.info/premium/?console=dexie \nIf you already purchased premium access you can disable this log by calling the setPremiumFlag() function from rxdb-premium/plugins/shared.\n---------------------------------------------------------------------","user":"Jamal C. (jamal@yumyums.kitchen)","page":"/marketing.html","ua":"Mozilla/5.0 (X11; Linux x86_64) AppleWebKit/537.36 (KHTML, like Gecko) HeadlessChrome/147.0.7727.15 Safari/537.36"}

[1A[2K[2m[WebServer] [22m{"time":"2026-10-05T21:13:52.374702969-04:00","level":"INFO","msg":"client log","level":"WARN","message":"-------------- RxDB Open Core RxStorage -------------------------------\nYou are using the free Dexie.js based RxStorage implementation from RxDB https://rxdb.info/rx-storage-dexie.html?console=dexie \nWhile this is a great option, we want to let you know that there are faster storage solutions available in our premium plugins.\nFor professional users and production environments, we highly recommend considering these premium options to enhance performance and reliability.\n https://rxdb.info/premium/?console=dexie \nIf you already purchased premium access you can disable this log by calling the setPremiumFlag() function from rxdb-premium/plugins/shared.\n---------------------------------------------------------------------","user":"Jamal C. (jamal@yumyums.kitchen)","page":"/marketing.html","ua":"Mozilla/5.0 (X11; Linux x86_64) AppleWebKit/537.36 (KHTML, like Gecko) HeadlessChrome/147.0.7727.15 Safari/537.36"}

[1A[2K[2m[WebServer] [22m{"time":"2026-10-05T21:13:52.708397711-04:00","level":"INFO","msg":"client log","level":"WARN","message":"-------------- RxDB Open Core RxStorage -------------------------------\nYou are using the free Dexie.js based RxStorage implementation from RxDB https://rxdb.info/rx-storage-dexie.html?console=dexie \nWhile this is a great option, we want to let you know that there are faster storage solutions available in our premium plugins.\nFor professional users and production environments, we highly recommend considering these premium options to enhance performance and reliability.\n https://rxdb.info/premium/?console=dexie \nIf you already purchased premium access you can disable this log by calling the setPremiumFlag() function from rxdb-premium/plugins/shared.\n---------------------------------------------------------------------","user":"Jamal C. (jamal@yumyums.kitchen)","page":"/marketing.html","ua":"Mozilla/5.0 (X11; Linux x86_64) AppleWebKit/537.36 (KHTML, like Gecko) HeadlessChrome/147.0.7727.15 Safari/537.36"}

[1A[2K[2m[WebServer] [22m{"time":"2026-10-05T21:13:53.060862608-04:00","level":"INFO","msg":"client log","level":"WARN","message":"-------------- RxDB Open Core RxStorage -------------------------------\nYou are using the free Dexie.js based RxStorage implementation from RxDB https://rxdb.info/rx-storage-dexie.html?console=dexie \nWhile this is a great option, we want to let you know that there are faster storage solutions available in our premium plugins.\nFor professional users and production environments, we highly recommend considering these premium options to enhance performance and reliability.\n https://rxdb.info/premium/?console=dexie \nIf you already purchased premium access you can disable this log by calling the setPremiumFlag() function from rxdb-premium/plugins/shared.\n---------------------------------------------------------------------","user":"Jamal C. (jamal@yumyums.kitchen)","page":"/marketing.html","ua":"Mozilla/5.0 (X11; Linux x86_64) AppleWebKit/537.36 (KHTML, like Gecko) HeadlessChrome/147.0.7727.15 Safari/537.36"}

[1A[2K[2m[WebServer] [22m{"time":"2026-10-05T21:13:53.45699971-04:00","level":"INFO","msg":"client log","level":"WARN","message":"-------------- RxDB Open Core RxStorage -------------------------------\nYou are using the free Dexie.js based RxStorage implementation from RxDB https://rxdb.info/rx-storage-dexie.html?console=dexie \nWhile this is a great option, we want to let you know that there are faster storage solutions available in our premium plugins.\nFor professional users and production environments, we highly recommend considering these premium options to enhance performance and reliability.\n https://rxdb.info/premium/?console=dexie \nIf you already purchased premium access you can disable this log by calling the setPremiumFlag() function from rxdb-premium/plugins/shared.\n---------------------------------------------------------------------","user":"Jamal C. (jamal@yumyums.kitchen)","page":"/marketing.html","ua":"Mozilla/5.0 (X11; Linux x86_64) AppleWebKit/537.36 (KHTML, like Gecko) HeadlessChrome/147.0.7727.15 Safari/537.36"}

[1A[2K[2m[WebServer] [22m{"time":"2026-10-05T21:13:53.855245518-04:00","level":"INFO","msg":"client log","level":"WARN","message":"-------------- RxDB Open Core RxStorage -------------------------------\nYou are using the free Dexie.js based RxStorage implementation from RxDB https://rxdb.info/rx-storage-dexie.html?console=dexie \nWhile this is a great option, we want to let you know that there are faster storage solutions available in our premium plugins.\nFor professional users and production environments, we highly recommend considering these premium options to enhance performance and reliability.\n https://rxdb.info/premium/?console=dexie \nIf you already purchased premium access you can disable this log by calling the setPremiumFlag() function from rxdb-premium/plugins/shared.\n---------------------------------------------------------------------","user":"Jamal C. (jamal@yumyums.kitchen)","page":"/marketing.html","ua":"Mozilla/5.0 (X11; Linux x86_64) AppleWebKit/537.36 (KHTML, like Gecko) HeadlessChrome/147.0.7727.15 Safari/537.36"}

[1A[2K[2m[WebServer] [22m{"time":"2026-10-05T21:13:54.216967082-04:00","level":"INFO","msg":"client log","level":"WARN","message":"-------------- RxDB Open Core RxStorage -------------------------------\nYou are using the free Dexie.js based RxStorage implementation from RxDB https://rxdb.info/rx-storage-dexie.html?console=dexie \nWhile this is a great option, we want to let you know that there are faster storage solutions available in our premium plugins.\nFor professional users and production environments, we highly recommend considering these premium options to enhance performance and reliability.\n https://rxdb.info/premium/?console=dexie \nIf you already purchased premium access you can disable this log by calling the setPremiumFlag() function from rxdb-premium/plugins/shared.\n---------------------------------------------------------------------","user":"Jamal C. (jamal@yumyums.kitchen)","page":"/marketing.html","ua":"Mozilla/5.0 (X11; Linux x86_64) AppleWebKit/537.36 (KHTML, like Gecko) HeadlessChrome/147.0.7727.15 Safari/537.36"}

[1A[2K[2m[WebServer] [22m{"time":"2026-10-05T21:13:54.51741588-04:00","level":"INFO","msg":"client log","level":"WARN","message":"-------------- RxDB Open Core RxStorage -------------------------------\nYou are using the free Dexie.js based RxStorage implementation from RxDB https://rxdb.info/rx-storage-dexie.html?console=dexie \nWhile this is a great option, we want to let you know that there are faster storage solutions available in our premium plugins.\nFor professional users and production environments, we highly recommend considering these premium options to enhance performance and reliability.\n https://rxdb.info/premium/?console=dexie \nIf you already purchased premium access you can disable this log by calling the setPremiumFlag() function from rxdb-premium/plugins/shared.\n---------------------------------------------------------------------","user":"Jamal C. (jamal@yumyums.kitchen)","page":"/marketing.html","ua":"Mozilla/5.0 (X11; Linux x86_64) AppleWebKit/537.36 (KHTML, like Gecko) HeadlessChrome/147.0.7727.15 Safari/537.36"}

[1A[2K[2m[WebServer] [22m{"time":"2026-10-05T21:13:54.75312219-04:00","level":"INFO","msg":"client log","level":"WARN","message":"-------------- RxDB Open Core RxStorage -------------------------------\nYou are using the free Dexie.js based RxStorage implementation from RxDB https://rxdb.info/rx-storage-dexie.html?console=dexie \nWhile this is a great option, we want to let you know that there are faster storage solutions available in our premium plugins.\nFor professional users and production environments, we highly recommend considering these premium options to enhance performance and reliability.\n https://rxdb.info/premium/?console=dexie \nIf you already purchased premium access you can disable this log by calling the setPremiumFlag() function from rxdb-premium/plugins/shared.\n---------------------------------------------------------------------","user":"Jamal C. (jamal@yumyums.kitchen)","page":"/marketing.html","ua":"Mozilla/5.0 (X11; Linux x86_64) AppleWebKit/537.36 (KHTML, like Gecko) HeadlessChrome/147.0.7727.15 Safari/537.36"}

[1A[2K[2m[WebServer] [22m{"time":"2026-10-05T21:13:55.164087506-04:00","level":"INFO","msg":"client log","level":"WARN","message":"-------------- RxDB Open Core RxStorage -------------------------------\nYou are using the free Dexie.js based RxStorage implementation from RxDB https://rxdb.info/rx-storage-dexie.html?console=dexie \nWhile this is a great option, we want to let you know that there are faster storage solutions available in our premium plugins.\nFor professional users and production environments, we highly recommend considering these premium options to enhance performance and reliability.\n https://rxdb.info/premium/?console=dexie \nIf you already purchased premium access you can disable this log by calling the setPremiumFlag() function from rxdb-premium/plugins/shared.\n---------------------------------------------------------------------","user":"Jamal C. (jamal@yumyums.kitchen)","page":"/marketing.html","ua":"Mozilla/5.0 (X11; Linux x86_64) AppleWebKit/537.36 (KHTML, like Gecko) HeadlessChrome/147.0.7727.15 Safari/537.36"}

[1A[2K[2m[WebServer] [22m{"time":"2026-10-05T21:13:55.386275476-04:00","level":"INFO","msg":"client log","level":"WARN","message":"-------------- RxDB Open Core RxStorage -------------------------------\nYou are using the free Dexie.js based RxStorage implementation from RxDB https://rxdb.info/rx-storage-dexie.html?console=dexie \nWhile this is a great option, we want to let you know that there are faster storage solutions available in our premium plugins.\nFor professional users and production environments, we highly recommend considering these premium options to enhance performance and reliability.\n https://rxdb.info/premium/?console=dexie \nIf you already purchased premium access you can disable this log by calling the setPremiumFlag() function from rxdb-premium/plugins/shared.\n---------------------------------------------------------------------","user":"Jamal C. (jamal@yumyums.kitchen)","page":"/marketing.html","ua":"Mozilla/5.0 (X11; Linux x86_64) AppleWebKit/537.36 (KHTML, like Gecko) HeadlessChrome/147.0.7727.15 Safari/537.36"}

[1A[2K[2m[WebServer] [22m{"time":"2026-10-05T21:13:55.655361497-04:00","level":"INFO","msg":"client log","level":"WARN","message":"-------------- RxDB Open Core RxStorage -------------------------------\nYou are using the free Dexie.js based RxStorage implementation from RxDB https://rxdb.info/rx-storage-dexie.html?console=dexie \nWhile this is a great option, we want to let you know that there are faster storage solutions available in our premium plugins.\nFor professional users and production environments, we highly recommend considering these premium options to enhance performance and reliability.\n https://rxdb.info/premium/?console=dexie \nIf you already purchased premium access you can disable this log by calling the setPremiumFlag() function from rxdb-premium/plugins/shared.\n---------------------------------------------------------------------","user":"Jamal C. (jamal@yumyums.kitchen)","page":"/marketing.html","ua":"Mozilla/5.0 (X11; Linux x86_64) AppleWebKit/537.36 (KHTML, like Gecko) HeadlessChrome/147.0.7727.15 Safari/537.36"}

[1A[2K[2m[WebServer] [22m{"time":"2026-10-05T21:13:55.974016766-04:00","level":"INFO","msg":"client log","level":"WARN","message":"-------------- RxDB Open Core RxStorage -------------------------------\nYou are using the free Dexie.js based RxStorage implementation from RxDB https://rxdb.info/rx-storage-dexie.html?console=dexie \nWhile this is a great option, we want to let you know that there are faster storage solutions available in our premium plugins.\nFor professional users and production environments, we highly recommend considering these premium options to enhance performance and reliability.\n https://rxdb.info/premium/?console=dexie \nIf you already purchased premium access you can disable this log by calling the setPremiumFlag() function from rxdb-premium/plugins/shared.\n---------------------------------------------------------------------","user":"Jamal C. (jamal@yumyums.kitchen)","page":"/marketing.html","ua":"Mozilla/5.0 (X11; Linux x86_64) AppleWebKit/537.36 (KHTML, like Gecko) HeadlessChrome/147.0.7727.15 Safari/537.36"}

[1A[2K[2m[WebServer] [22m{"time":"2026-10-05T21:13:56.349102939-04:00","level":"INFO","msg":"client log","level":"WARN","message":"-------------- RxDB Open Core RxStorage -------------------------------\nYou are using the free Dexie.js based RxStorage implementation from RxDB https://rxdb.info/rx-storage-dexie.html?console=dexie \nWhile this is a great option, we want to let you know that there are faster storage solutions available in our premium plugins.\nFor professional users and production environments, we highly recommend considering these premium options to enhance performance and reliability.\n https://rxdb.info/premium/?console=dexie \nIf you already purchased premium access you can disable this log by calling the setPremiumFlag() function from rxdb-premium/plugins/shared.\n---------------------------------------------------------------------","user":"Jamal C. (jamal@yumyums.kitchen)","page":"/marketing.html","ua":"Mozilla/5.0 (X11; Linux x86_64) AppleWebKit/537.36 (KHTML, like Gecko) HeadlessChrome/147.0.7727.15 Safari/537.36"}

[1A[2K[2m[WebServer] [22m{"time":"2026-10-05T21:13:56.789134975-04:00","level":"INFO","msg":"client log","level":"WARN","message":"-------------- RxDB Open Core RxStorage -------------------------------\nYou are using the free Dexie.js based RxStorage implementation from RxDB https://rxdb.info/rx-storage-dexie.html?console=dexie \nWhile this is a great option, we want to let you know that there are faster storage solutions available in our premium plugins.\nFor professional users and production environments, we highly recommend considering these premium options to enhance performance and reliability.\n https://rxdb.info/premium/?console=dexie \nIf you already purchased premium access you can disable this log by calling the setPremiumFlag() function from rxdb-premium/plugins/shared.\n---------------------------------------------------------------------","user":"Jamal C. (jamal@yumyums.kitchen)","page":"/marketing.html","ua":"Mozilla/5.0 (X11; Linux x86_64) AppleWebKit/537.36 (KHTML, like Gecko) HeadlessChrome/147.0.7727.15 Safari/537.36"}

[1A[2K[2m[WebServer] [22m{"time":"2026-10-05T21:13:57.097135076-04:00","level":"INFO","msg":"client log","level":"WARN","message":"-------------- RxDB Open Core RxStorage -------------------------------\nYou are using the free Dexie.js based RxStorage implementation from RxDB https://rxdb.info/rx-storage-dexie.html?console=dexie \nWhile this is a great option, we want to let you know that there are faster storage solutions available in our premium plugins.\nFor professional users and production environments, we highly recommend considering these premium options to enhance performance and reliability.\n https://rxdb.info/premium/?console=dexie \nIf you already purchased premium access you can disable this log by calling the setPremiumFlag() function from rxdb-premium/plugins/shared.\n---------------------------------------------------------------------","user":"Jamal C. (jamal@yumyums.kitchen)","page":"/marketing.html","ua":"Mozilla/5.0 (X11; Linux x86_64) AppleWebKit/537.36 (KHTML, like Gecko) HeadlessChrome/147.0.7727.15 Safari/537.36"}

[1A[2K[2m[WebServer] [22m{"time":"2026-10-05T21:13:57.485699113-04:00","level":"INFO","msg":"client log","level":"WARN","message":"-------------- RxDB Open Core RxStorage -------------------------------\nYou are using the free Dexie.js based RxStorage implementation from RxDB https://rxdb.info/rx-storage-dexie.html?console=dexie \nWhile this is a great option, we want to let you know that there are faster storage solutions available in our premium plugins.\nFor professional users and production environments, we highly recommend considering these premium options to enhance performance and reliability.\n https://rxdb.info/premium/?console=dexie \nIf you already purchased premium access you can disable this log by calling the setPremiumFlag() function from rxdb-premium/plugins/shared.\n---------------------------------------------------------------------","user":"Jamal C. (jamal@yumyums.kitchen)","page":"/marketing.html","ua":"Mozilla/5.0 (X11; Linux x86_64) AppleWebKit/537.36 (KHTML, like Gecko) HeadlessChrome/147.0.7727.15 Safari/537.36"}

[1A[2K[2m[WebServer] [22m{"time":"2026-10-05T21:13:57.807046902-04:00","level":"INFO","msg":"client log","level":"WARN","message":"-------------- RxDB Open Core RxStorage -------------------------------\nYou are using the free Dexie.js based RxStorage implementation from RxDB https://rxdb.info/rx-storage-dexie.html?console=dexie \nWhile this is a great option, we want to let you know that there are faster storage solutions available in our premium plugins.\nFor professional users and production environments, we highly recommend considering these premium options to enhance performance and reliability.\n https://rxdb.info/premium/?console=dexie \nIf you already purchased premium access you can disable this log by calling the setPremiumFlag() function from rxdb-premium/plugins/shared.\n---------------------------------------------------------------------","user":"Jamal C. (jamal@yumyums.kitchen)","page":"/marketing.html","ua":"Mozilla/5.0 (X11; Linux x86_64) AppleWebKit/537.36 (KHTML, like Gecko) HeadlessChrome/147.0.7727.15 Safari/537.36"}

[1A[2K[2m[WebServer] [22m{"time":"2026-10-05T21:13:58.070150238-04:00","level":"INFO","msg":"client log","level":"WARN","message":"-------------- RxDB Open Core RxStorage -------------------------------\nYou are using the free Dexie.js based RxStorage implementation from RxDB https://rxdb.info/rx-storage-dexie.html?console=dexie \nWhile this is a great option, we want to let you know that there are faster storage solutions available in our premium plugins.\nFor professional users and production environments, we highly recommend considering these premium options to enhance performance and reliability.\n https://rxdb.info/premium/?console=dexie \nIf you already purchased premium access you can disable this log by calling the setPremiumFlag() function from rxdb-premium/plugins/shared.\n---------------------------------------------------------------------","user":"Jamal C. (jamal@yumyums.kitchen)","page":"/marketing.html","ua":"Mozilla/5.0 (X11; Linux x86_64) AppleWebKit/537.36 (KHTML, like Gecko) HeadlessChrome/147.0.7727.15 Safari/537.36"}

[1A[2K[2m[WebServer] [22m{"time":"2026-10-05T21:13:58.330719043-04:00","level":"INFO","msg":"client log","level":"WARN","message":"-------------- RxDB Open Core RxStorage -------------------------------\nYou are using the free Dexie.js based RxStorage implementation from RxDB https://rxdb.info/rx-storage-dexie.html?console=dexie \nWhile this is a great option, we want to let you know that there are faster storage solutions available in our premium plugins.\nFor professional users and production environments, we highly recommend considering these premium options to enhance performance and reliability.\n https://rxdb.info/premium/?console=dexie \nIf you already purchased premium access you can disable this log by calling the setPremiumFlag() function from rxdb-premium/plugins/shared.\n---------------------------------------------------------------------","user":"Jamal C. (jamal@yumyums.kitchen)","page":"/marketing.html","ua":"Mozilla/5.0 (X11; Linux x86_64) AppleWebKit/537.36 (KHTML, like Gecko) HeadlessChrome/147.0.7727.15 Safari/537.36"}

[1A[2K[2m[WebServer] [22m{"time":"2026-10-05T21:13:59.050297956-04:00","level":"INFO","msg":"client log","level":"WARN","message":"-------------- RxDB Open Core RxStorage -------------------------------\nYou are using the free Dexie.js based RxStorage implementation from RxDB https://rxdb.info/rx-storage-dexie.html?console=dexie \nWhile this is a great option, we want to let you know that there are faster storage solutions available in our premium plugins.\nFor professional users and production environments, we highly recommend considering these premium options to enhance performance and reliability.\n https://rxdb.info/premium/?console=dexie \nIf you already purchased premium access you can disable this log by calling the setPremiumFlag() function from rxdb-premium/plugins/shared.\n---------------------------------------------------------------------","user":"Jamal C. (jamal@yumyums.kitchen)","page":"/marketing.html","ua":"Mozilla/5.0 (X11; Linux x86_64) AppleWebKit/537.36 (KHTML, like Gecko) HeadlessChrome/147.0.7727.15 Safari/537.36"}

[1A[2K[2m[WebServer] [22m{"time":"2026-10-05T21:13:59.362372835-04:00","level":"INFO","msg":"client log","level":"WARN","message":"-------------- RxDB Open Core RxStorage -------------------------------\nYou are using the free Dexie.js based RxStorage implementation from RxDB https://rxdb.info/rx-storage-dexie.html?console=dexie \nWhile this is a great option, we want to let you know that there are faster storage solutions available in our premium plugins.\nFor professional users and production environments, we highly recommend considering these premium options to enhance performance and reliability.\n https://rxdb.info/premium/?console=dexie \nIf you already purchased premium access you can disable this log by calling the setPremiumFlag() function from rxdb-premium/plugins/shared.\n---------------------------------------------------------------------","user":"Jamal C. (jamal@yumyums.kitchen)","page":"/marketing.html","ua":"Mozilla/5.0 (X11; Linux x86_64) AppleWebKit/537.36 (KHTML, like Gecko) HeadlessChrome/147.0.7727.15 Safari/537.36"}

[1A[2K[2m[WebServer] [22m{"time":"2026-10-05T21:13:59.642212932-04:00","level":"INFO","msg":"client log","level":"WARN","message":"-------------- RxDB Open Core RxStorage -------------------------------\nYou are using the free Dexie.js based RxStorage implementation from RxDB https://rxdb.info/rx-storage-dexie.html?console=dexie \nWhile this is a great option, we want to let you know that there are faster storage solutions available in our premium plugins.\nFor professional users and production environments, we highly recommend considering these premium options to enhance performance and reliability.\n https://rxdb.info/premium/?console=dexie \nIf you already purchased premium access you can disable this log by calling the setPremiumFlag() function from rxdb-premium/plugins/shared.\n---------------------------------------------------------------------","user":"Jamal C. (jamal@yumyums.kitchen)","page":"/marketing.html","ua":"Mozilla/5.0 (X11; Linux x86_64) AppleWebKit/537.36 (KHTML, like Gecko) HeadlessChrome/147.0.7727.15 Safari/537.36"}

[1A[2K[2m[WebServer] [22m{"time":"2026-10-05T21:14:00.003124993-04:00","level":"INFO","msg":"client log","level":"WARN","message":"-------------- RxDB Open Core RxStorage -------------------------------\nYou are using the free Dexie.js based RxStorage implementation from RxDB https://rxdb.info/rx-storage-dexie.html?console=dexie \nWhile this is a great option, we want to let you know that there are faster storage solutions available in our premium plugins.\nFor professional users and production environments, we highly recommend considering these premium options to enhance performance and reliability.\n https://rxdb.info/premium/?console=dexie \nIf you already purchased premium access you can disable this log by calling the setPremiumFlag() function from rxdb-premium/plugins/shared.\n---------------------------------------------------------------------","user":"Jamal C. (jamal@yumyums.kitchen)","page":"/marketing.html","ua":"Mozilla/5.0 (X11; Linux x86_64) AppleWebKit/537.36 (KHTML, like Gecko) HeadlessChrome/147.0.7727.15 Safari/537.36"}

[1A[2K[2m[WebServer] [22m{"time":"2026-10-05T21:14:00.546913918-04:00","level":"INFO","msg":"client log","level":"WARN","message":"-------------- RxDB Open Core RxStorage -------------------------------\nYou are using the free Dexie.js based RxStorage implementation from RxDB https://rxdb.info/rx-storage-dexie.html?console=dexie \nWhile this is a great option, we want to let you know that there are faster storage solutions available in our premium plugins.\nFor professional users and production environments, we highly recommend considering these premium options to enhance performance and reliability.\n https://rxdb.info/premium/?console=dexie \nIf you already purchased premium access you can disable this log by calling the setPremiumFlag() function from rxdb-premium/plugins/shared.\n---------------------------------------------------------------------","user":"Jamal C. (jamal@yumyums.kitchen)","page":"/marketing.html","ua":"Mozilla/5.0 (X11; Linux x86_64) AppleWebKit/537.36 (KHTML, like Gecko) HeadlessChrome/147.0.7727.15 Safari/537.36"}

[1A[2K[2m[WebServer] [22m{"time":"2026-10-05T21:14:00.861953296-04:00","level":"INFO","msg":"client log","level":"WARN","message":"-------------- RxDB Open Core RxStorage -------------------------------\nYou are using the free Dexie.js based RxStorage implementation from RxDB https://rxdb.info/rx-storage-dexie.html?console=dexie \nWhile this is a great option, we want to let you know that there are faster storage solutions available in our premium plugins.\nFor professional users and production environments, we highly recommend considering these premium options to enhance performance and reliability.\n https://rxdb.info/premium/?console=dexie \nIf you already purchased premium access you can disable this log by calling the setPremiumFlag() function from rxdb-premium/plugins/shared.\n---------------------------------------------------------------------","user":"Jamal C. (jamal@yumyums.kitchen)","page":"/marketing.html","ua":"Mozilla/5.0 (X11; Linux x86_64) AppleWebKit/537.36 (KHTML, like Gecko) HeadlessChrome/147.0.7727.15 Safari/537.36"}

[1A[2K[2m[WebServer] [22m{"time":"2026-10-05T21:14:01.239396235-04:00","level":"INFO","msg":"client log","level":"WARN","message":"-------------- RxDB Open Core RxStorage -------------------------------\nYou are using the free Dexie.js based RxStorage implementation from RxDB https://rxdb.info/rx-storage-dexie.html?console=dexie \nWhile this is a great option, we want to let you know that there are faster storage solutions available in our premium plugins.\nFor professional users and production environments, we highly recommend considering these premium options to enhance performance and reliability.\n https://rxdb.info/premium/?console=dexie \nIf you already purchased premium access you can disable this log by calling the setPremiumFlag() function from rxdb-premium/plugins/shared.\n---------------------------------------------------------------------","user":"Jamal C. (jamal@yumyums.kitchen)","page":"/marketing.html","ua":"Mozilla/5.0 (X11; Linux x86_64) AppleWebKit/537.36 (KHTML, like Gecko) HeadlessChrome/147.0.7727.15 Safari/537.36"}

[1A[2K[2m[WebServer] [22m{"time":"2026-10-05T21:14:01.67523695-04:00","level":"INFO","msg":"client log","level":"WARN","message":"-------------- RxDB Open Core RxStorage -------------------------------\nYou are using the free Dexie.js based RxStorage implementation from RxDB https://rxdb.info/rx-storage-dexie.html?console=dexie \nWhile this is a great option, we want to let you know that there are faster storage solutions available in our premium plugins.\nFor professional users and production environments, we highly recommend considering these premium options to enhance performance and reliability.\n https://rxdb.info/premium/?console=dexie \nIf you already purchased premium access you can disable this log by calling the setPremiumFlag() function from rxdb-premium/plugins/shared.\n---------------------------------------------------------------------","user":"Jamal C. (jamal@yumyums.kitchen)","page":"/marketing.html","ua":"Mozilla/5.0 (X11; Linux x86_64) AppleWebKit/537.36 (KHTML, like Gecko) HeadlessChrome/147.0.7727.15 Safari/537.36"}

[1A[2K[2m[WebServer] [22m{"time":"2026-10-05T21:14:02.048590071-04:00","level":"INFO","msg":"client log","level":"WARN","message":"-------------- RxDB Open Core RxStorage -------------------------------\nYou are using the free Dexie.js based RxStorage implementation from RxDB https://rxdb.info/rx-storage-dexie.html?console=dexie \nWhile this is a great option, we want to let you know that there are faster storage solutions available in our premium plugins.\nFor professional users and production environments, we highly recommend considering these premium options to enhance performance and reliability.\n https://rxdb.info/premium/?console=dexie \nIf you already purchased premium access you can disable this log by calling the setPremiumFlag() function from rxdb-premium/plugins/shared.\n---------------------------------------------------------------------","user":"Jamal C. (jamal@yumyums.kitchen)","page":"/marketing.html","ua":"Mozilla/5.0 (X11; Linux x86_64) AppleWebKit/537.36 (KHTML, like Gecko) HeadlessChrome/147.0.7727.15 Safari/537.36"}

[1A[2K[2m[WebServer] [22m{"time":"2026-10-05T21:14:02.341776766-04:00","level":"INFO","msg":"client log","level":"WARN","message":"-------------- RxDB Open Core RxStorage -------------------------------\nYou are using the free Dexie.js based RxStorage implementation from RxDB https://rxdb.info/rx-storage-dexie.html?console=dexie \nWhile this is a great option, we want to let you know that there are faster storage solutions available in our premium plugins.\nFor professional users and production environments, we highly recommend considering these premium options to enhance performance and reliability.\n https://rxdb.info/premium/?console=dexie \nIf you already purchased premium access you can disable this log by calling the setPremiumFlag() function from rxdb-premium/plugins/shared.\n---------------------------------------------------------------------","user":"Jamal C. (jamal@yumyums.kitchen)","page":"/marketing.html","ua":"Mozilla/5.0 (X11; Linux x86_64) AppleWebKit/537.36 (KHTML, like Gecko) HeadlessChrome/147.0.7727.15 Safari/537.36"}

[1A[2K[2m[WebServer] [22m{"time":"2026-10-05T21:14:02.624832728-04:00","level":"INFO","msg":"client log","level":"WARN","message":"-------------- RxDB Open Core RxStorage -------------------------------\nYou are using the free Dexie.js based RxStorage implementation from RxDB https://rxdb.info/rx-storage-dexie.html?console=dexie \nWhile this is a great option, we want to let you know that there are faster storage solutions available in our premium plugins.\nFor professional users and production environments, we highly recommend considering these premium options to enhance performance and reliability.\n https://rxdb.info/premium/?console=dexie \nIf you already purchased premium access you can disable this log by calling the setPremiumFlag() function from rxdb-premium/plugins/shared.\n---------------------------------------------------------------------","user":"Jamal C. (jamal@yumyums.kitchen)","page":"/marketing.html","ua":"Mozilla/5.0 (X11; Linux x86_64) AppleWebKit/537.36 (KHTML, like Gecko) HeadlessChrome/147.0.7727.15 Safari/537.36"}

[1A[2K[2m[WebServer] [22m{"time":"2026-10-05T21:14:02.916833353-04:00","level":"INFO","msg":"client log","level":"WARN","message":"-------------- RxDB Open Core RxStorage -------------------------------\nYou are using the free Dexie.js based RxStorage implementation from RxDB https://rxdb.info/rx-storage-dexie.html?console=dexie \nWhile this is a great option, we want to let you know that there are faster storage solutions available in our premium plugins.\nFor professional users and production environments, we highly recommend considering these premium options to enhance performance and reliability.\n https://rxdb.info/premium/?console=dexie \nIf you already purchased premium access you can disable this log by calling the setPremiumFlag() function from rxdb-premium/plugins/shared.\n---------------------------------------------------------------------","user":"Jamal C. (jamal@yumyums.kitchen)","page":"/marketing.html","ua":"Mozilla/5.0 (X11; Linux x86_64) AppleWebKit/537.36 (KHTML, like Gecko) HeadlessChrome/147.0.7727.15 Safari/537.36"}

[1A[2K[2m[WebServer] [22m{"time":"2026-10-05T21:14:03.267211069-04:00","level":"INFO","msg":"client log","level":"WARN","message":"-------------- RxDB Open Core RxStorage -------------------------------\nYou are using the free Dexie.js based RxStorage implementation from RxDB https://rxdb.info/rx-storage-dexie.html?console=dexie \nWhile this is a great option, we want to let you know that there are faster storage solutions available in our premium plugins.\nFor professional users and production environments, we highly recommend considering these premium options to enhance performance and reliability.\n https://rxdb.info/premium/?console=dexie \nIf you already purchased premium access you can disable this log by calling the setPremiumFlag() function from rxdb-premium/plugins/shared.\n---------------------------------------------------------------------","user":"Jamal C. (jamal@yumyums.kitchen)","page":"/marketing.html","ua":"Mozilla/5.0 (X11; Linux x86_64) AppleWebKit/537.36 (KHTML, like Gecko) HeadlessChrome/147.0.7727.15 Safari/537.36"}

[1A[2K[2m[WebServer] [22m{"time":"2026-10-05T21:14:03.70071526-04:00","level":"INFO","msg":"client log","level":"WARN","message":"-------------- RxDB Open Core RxStorage -------------------------------\nYou are using the free Dexie.js based RxStorage implementation from RxDB https://rxdb.info/rx-storage-dexie.html?console=dexie \nWhile this is a great option, we want to let you know that there are faster storage solutions available in our premium plugins.\nFor professional users and production environments, we highly recommend considering these premium options to enhance performance and reliability.\n https://rxdb.info/premium/?console=dexie \nIf you already purchased premium access you can disable this log by calling the setPremiumFlag() function from rxdb-premium/plugins/shared.\n---------------------------------------------------------------------","user":"Jamal C. (jamal@yumyums.kitchen)","page":"/marketing.html","ua":"Mozilla/5.0 (X11; Linux x86_64) AppleWebKit/537.36 (KHTML, like Gecko) HeadlessChrome/147.0.7727.15 Safari/537.36"}

[1A[2K[2m[WebServer] [22m{"time":"2026-10-05T21:14:04.055547876-04:00","level":"INFO","msg":"client log","level":"WARN","message":"-------------- RxDB Open Core RxStorage -------------------------------\nYou are using the free Dexie.js based RxStorage implementation from RxDB https://rxdb.info/rx-storage-dexie.html?console=dexie \nWhile this is a great option, we want to let you know that there are faster storage solutions available in our premium plugins.\nFor professional users and production environments, we highly recommend considering these premium options to enhance performance and reliability.\n https://rxdb.info/premium/?console=dexie \nIf you already purchased premium access you can disable this log by calling the setPremiumFlag() function from rxdb-premium/plugins/shared.\n---------------------------------------------------------------------","user":"Jamal C. (jamal@yumyums.kitchen)","page":"/marketing.html","ua":"Mozilla/5.0 (X11; Linux x86_64) AppleWebKit/537.36 (KHTML, like Gecko) HeadlessChrome/147.0.7727.15 Safari/537.36"}

[1A[2K[2m[WebServer] [22m{"time":"2026-10-05T21:14:04.37734711-04:00","level":"INFO","msg":"client log","level":"WARN","message":"-------------- RxDB Open Core RxStorage -------------------------------\nYou are using the free Dexie.js based RxStorage implementation from RxDB https://rxdb.info/rx-storage-dexie.html?console=dexie \nWhile this is a great option, we want to let you know that there are faster storage solutions available in our premium plugins.\nFor professional users and production environments, we highly recommend considering these premium options to enhance performance and reliability.\n https://rxdb.info/premium/?console=dexie \nIf you already purchased premium access you can disable this log by calling the setPremiumFlag() function from rxdb-premium/plugins/shared.\n---------------------------------------------------------------------","user":"Jamal C. (jamal@yumyums.kitchen)","page":"/marketing.html","ua":"Mozilla/5.0 (X11; Linux x86_64) AppleWebKit/537.36 (KHTML, like Gecko) HeadlessChrome/147.0.7727.15 Safari/537.36"}

[1A[2K[2m[WebServer] [22m{"time":"2026-10-05T21:14:04.676253747-04:00","level":"INFO","msg":"client log","level":"WARN","message":"-------------- RxDB Open Core RxStorage -------------------------------\nYou are using the free Dexie.js based RxStorage implementation from RxDB https://rxdb.info/rx-storage-dexie.html?console=dexie \nWhile this is a great option, we want to let you know that there are faster storage solutions available in our premium plugins.\nFor professional users and production environments, we highly recommend considering these premium options to enhance performance and reliability.\n https://rxdb.info/premium/?console=dexie \nIf you already purchased premium access you can disable this log by calling the setPremiumFlag() function from rxdb-premium/plugins/shared.\n---------------------------------------------------------------------","user":"Jamal C. (jamal@yumyums.kitchen)","page":"/marketing.html","ua":"Mozilla/5.0 (X11; Linux x86_64) AppleWebKit/537.36 (KHTML, like Gecko) HeadlessChrome/147.0.7727.15 Safari/537.36"}

[1A[2K[2m[WebServer] [22m{"time":"2026-10-05T21:14:05.01125032-04:00","level":"INFO","msg":"client log","level":"WARN","message":"-------------- RxDB Open Core RxStorage -------------------------------\nYou are using the free Dexie.js based RxStorage implementation from RxDB https://rxdb.info/rx-storage-dexie.html?console=dexie \nWhile this is a great option, we want to let you know that there are faster storage solutions available in our premium plugins.\nFor professional users and production environments, we highly recommend considering these premium options to enhance performance and reliability.\n https://rxdb.info/premium/?console=dexie \nIf you already purchased premium access you can disable this log by calling the setPremiumFlag() function from rxdb-premium/plugins/shared.\n---------------------------------------------------------------------","user":"Jamal C. (jamal@yumyums.kitchen)","page":"/marketing.html","ua":"Mozilla/5.0 (X11; Linux x86_64) AppleWebKit/537.36 (KHTML, like Gecko) HeadlessChrome/147.0.7727.15 Safari/537.36"}

[1A[2K[2m[WebServer] [22m{"time":"2026-10-05T21:14:05.388639536-04:00","level":"INFO","msg":"client log","level":"WARN","message":"-------------- RxDB Open Core RxStorage -------------------------------\nYou are using the free Dexie.js based RxStorage implementation from RxDB https://rxdb.info/rx-storage-dexie.html?console=dexie \nWhile this is a great option, we want to let you know that there are faster storage solutions available in our premium plugins.\nFor professional users and production environments, we highly recommend considering these premium options to enhance performance and reliability.\n https://rxdb.info/premium/?console=dexie \nIf you already purchased premium access you can disable this log by calling the setPremiumFlag() function from rxdb-premium/plugins/shared.\n---------------------------------------------------------------------","user":"Jamal C. (jamal@yumyums.kitchen)","page":"/marketing.html","ua":"Mozilla/5.0 (X11; Linux x86_64) AppleWebKit/537.36 (KHTML, like Gecko) HeadlessChrome/147.0.7727.15 Safari/537.36"}

[1A[2K[2m[WebServer] [22m{"time":"2026-10-05T21:14:05.545565948-04:00","level":"INFO","msg":"client log","level":"WARN","message":"-------------- RxDB Open Core RxStorage -------------------------------\nYou are using the free Dexie.js based RxStorage implementation from RxDB https://rxdb.info/rx-storage-dexie.html?console=dexie \nWhile this is a great option, we want to let you know that there are faster storage solutions available in our premium plugins.\nFor professional users and production environments, we highly recommend considering these premium options to enhance performance and reliability.\n https://rxdb.info/premium/?console=dexie \nIf you already purchased premium access you can disable this log by calling the setPremiumFlag() function from rxdb-premium/plugins/shared.\n---------------------------------------------------------------------","user":"Jamal C. (jamal@yumyums.kitchen)","page":"/marketing.html","ua":"Mozilla/5.0 (X11; Linux x86_64) AppleWebKit/537.36 (KHTML, like Gecko) HeadlessChrome/147.0.7727.15 Safari/537.36"}

[1A[2K[2m[WebServer] [22m{"time":"2026-10-05T21:14:05.854193255-04:00","level":"INFO","msg":"client log","level":"WARN","message":"-------------- RxDB Open Core RxStorage -------------------------------\nYou are using the free Dexie.js based RxStorage implementation from RxDB https://rxdb.info/rx-storage-dexie.html?console=dexie \nWhile this is a great option, we want to let you know that there are faster storage solutions available in our premium plugins.\nFor professional users and production environments, we highly recommend considering these premium options to enhance performance and reliability.\n https://rxdb.info/premium/?console=dexie \nIf you already purchased premium access you can disable this log by calling the setPremiumFlag() function from rxdb-premium/plugins/shared.\n---------------------------------------------------------------------","user":"Jamal C. (jamal@yumyums.kitchen)","page":"/marketing.html","ua":"Mozilla/5.0 (X11; Linux x86_64) AppleWebKit/537.36 (KHTML, like Gecko) HeadlessChrome/147.0.7727.15 Safari/537.36"}

[1A[2K[2m[WebServer] [22m{"time":"2026-10-05T21:14:06.279836167-04:00","level":"INFO","msg":"client log","level":"WARN","message":"-------------- RxDB Open Core RxStorage -------------------------------\nYou are using the free Dexie.js based RxStorage implementation from RxDB https://rxdb.info/rx-storage-dexie.html?console=dexie \nWhile this is a great option, we want to let you know that there are faster storage solutions available in our premium plugins.\nFor professional users and production environments, we highly recommend considering these premium options to enhance performance and reliability.\n https://rxdb.info/premium/?console=dexie \nIf you already purchased premium access you can disable this log by calling the setPremiumFlag() function from rxdb-premium/plugins/shared.\n---------------------------------------------------------------------","user":"Jamal C. (jamal@yumyums.kitchen)","page":"/marketing.html","ua":"Mozilla/5.0 (X11; Linux x86_64) AppleWebKit/537.36 (KHTML, like Gecko) HeadlessChrome/147.0.7727.15 Safari/537.36"}

[1A[2K[2m[WebServer] [22m{"time":"2026-10-05T21:14:06.574891098-04:00","level":"INFO","msg":"client log","level":"WARN","message":"-------------- RxDB Open Core RxStorage -------------------------------\nYou are using the free Dexie.js based RxStorage implementation from RxDB https://rxdb.info/rx-storage-dexie.html?console=dexie \nWhile this is a great option, we want to let you know that there are faster storage solutions available in our premium plugins.\nFor professional users and production environments, we highly recommend considering these premium options to enhance performance and reliability.\n https://rxdb.info/premium/?console=dexie \nIf you already purchased premium access you can disable this log by calling the setPremiumFlag() function from rxdb-premium/plugins/shared.\n---------------------------------------------------------------------","user":"Jamal C. (jamal@yumyums.kitchen)","page":"/marketing.html","ua":"Mozilla/5.0 (X11; Linux x86_64) AppleWebKit/537.36 (KHTML, like Gecko) HeadlessChrome/147.0.7727.15 Safari/537.36"}

[1A[2K[2m[WebServer] [22m{"time":"2026-10-05T21:14:06.850399624-04:00","level":"INFO","msg":"client log","level":"WARN","message":"-------------- RxDB Open Core RxStorage -------------------------------\nYou are using the free Dexie.js based RxStorage implementation from RxDB https://rxdb.info/rx-storage-dexie.html?console=dexie \nWhile this is a great option, we want to let you know that there are faster storage solutions available in our premium plugins.\nFor professional users and production environments, we highly recommend considering these premium options to enhance performance and reliability.\n https://rxdb.info/premium/?console=dexie \nIf you already purchased premium access you can disable this log by calling the setPremiumFlag() function from rxdb-premium/plugins/shared.\n---------------------------------------------------------------------","user":"Jamal C. (jamal@yumyums.kitchen)","page":"/marketing.html","ua":"Mozilla/5.0 (X11; Linux x86_64) AppleWebKit/537.36 (KHTML, like Gecko) HeadlessChrome/147.0.7727.15 Safari/537.36"}

[1A[2K[2m[WebServer] [22m{"time":"2026-10-05T21:14:07.121786926-04:00","level":"INFO","msg":"client log","level":"WARN","message":"-------------- RxDB Open Core RxStorage -------------------------------\nYou are using the free Dexie.js based RxStorage implementation from RxDB https://rxdb.info/rx-storage-dexie.html?console=dexie \nWhile this is a great option, we want to let you know that there are faster storage solutions available in our premium plugins.\nFor professional users and production environments, we highly recommend considering these premium options to enhance performance and reliability.\n https://rxdb.info/premium/?console=dexie \nIf you already purchased premium access you can disable this log by calling the setPremiumFlag() function from rxdb-premium/plugins/shared.\n---------------------------------------------------------------------","user":"Jamal C. (jamal@yumyums.kitchen)","page":"/marketing.html","ua":"Mozilla/5.0 (X11; Linux x86_64) AppleWebKit/537.36 (KHTML, like Gecko) HeadlessChrome/147.0.7727.15 Safari/537.36"}

[1A[2K[2m[WebServer] [22m{"time":"2026-10-05T21:14:07.438805549-04:00","level":"INFO","msg":"client log","level":"WARN","message":"-------------- RxDB Open Core RxStorage -------------------------------\nYou are using the free Dexie.js based RxStorage implementation from RxDB https://rxdb.info/rx-storage-dexie.html?console=dexie \nWhile this is a great option, we want to let you know that there are faster storage solutions available in our premium plugins.\nFor professional users and production environments, we highly recommend considering these premium options to enhance performance and reliability.\n https://rxdb.info/premium/?console=dexie \nIf you already purchased premium access you can disable this log by calling the setPremiumFlag() function from rxdb-premium/plugins/shared.\n---------------------------------------------------------------------","user":"Jamal C. (jamal@yumyums.kitchen)","page":"/marketing.html","ua":"Mozilla/5.0 (X11; Linux x86_64) AppleWebKit/537.36 (KHTML, like Gecko) HeadlessChrome/147.0.7727.15 Safari/537.36"}

[1A[2K[2m[WebServer] [22m{"time":"2026-10-05T21:14:07.682765047-04:00","level":"INFO","msg":"client log","level":"WARN","message":"-------------- RxDB Open Core RxStorage -------------------------------\nYou are using the free Dexie.js based RxStorage implementation from RxDB https://rxdb.info/rx-storage-dexie.html?console=dexie \nWhile this is a great option, we want to let you know that there are faster storage solutions available in our premium plugins.\nFor professional users and production environments, we highly recommend considering these premium options to enhance performance and reliability.\n https://rxdb.info/premium/?console=dexie \nIf you already purchased premium access you can disable this log by calling the setPremiumFlag() function from rxdb-premium/plugins/shared.\n---------------------------------------------------------------------","user":"Jamal C. (jamal@yumyums.kitchen)","page":"/marketing.html","ua":"Mozilla/5.0 (X11; Linux x86_64) AppleWebKit/537.36 (KHTML, like Gecko) HeadlessChrome/147.0.7727.15 Safari/537.36"}

[1A[2K[2m[WebServer] [22m{"time":"2026-10-05T21:14:07.931411143-04:00","level":"INFO","msg":"client log","level":"WARN","message":"-------------- RxDB Open Core RxStorage -------------------------------\nYou are using the free Dexie.js based RxStorage implementation from RxDB https://rxdb.info/rx-storage-dexie.html?console=dexie \nWhile this is a great option, we want to let you know that there are faster storage solutions available in our premium plugins.\nFor professional users and production environments, we highly recommend considering these premium options to enhance performance and reliability.\n https://rxdb.info/premium/?console=dexie \nIf you already purchased premium access you can disable this log by calling the setPremiumFlag() function from rxdb-premium/plugins/shared.\n---------------------------------------------------------------------","user":"Jamal C. (jamal@yumyums.kitchen)","page":"/marketing.html","ua":"Mozilla/5.0 (X11; Linux x86_64) AppleWebKit/537.36 (KHTML, like Gecko) HeadlessChrome/147.0.7727.15 Safari/537.36"}

[1A[2K[2m[WebServer] [22m{"time":"2026-10-05T21:14:08.202929575-04:00","level":"INFO","msg":"client log","level":"WARN","message":"-------------- RxDB Open Core RxStorage -------------------------------\nYou are using the free Dexie.js based RxStorage implementation from RxDB https://rxdb.info/rx-storage-dexie.html?console=dexie \nWhile this is a great option, we want to let you know that there are faster storage solutions available in our premium plugins.\nFor professional users and production environments, we highly recommend considering these premium options to enhance performance and reliability.\n https://rxdb.info/premium/?console=dexie \nIf you already purchased premium access you can disable this log by calling the setPremiumFlag() function from rxdb-premium/plugins/shared.\n---------------------------------------------------------------------","user":"Jamal C. (jamal@yumyums.kitchen)","page":"/marketing.html","ua":"Mozilla/5.0 (X11; Linux x86_64) AppleWebKit/537.36 (KHTML, like Gecko) HeadlessChrome/147.0.7727.15 Safari/537.36"}

[1A[2K[2m[WebServer] [22m{"time":"2026-10-05T21:14:08.840903759-04:00","level":"INFO","msg":"client log","level":"WARN","message":"-------------- RxDB Open Core RxStorage -------------------------------\nYou are using the free Dexie.js based RxStorage implementation from RxDB https://rxdb.info/rx-storage-dexie.html?console=dexie \nWhile this is a great option, we want to let you know that there are faster storage solutions available in our premium plugins.\nFor professional users and production environments, we highly recommend considering these premium options to enhance performance and reliability.\n https://rxdb.info/premium/?console=dexie \nIf you already purchased premium access you can disable this log by calling the setPremiumFlag() function from rxdb-premium/plugins/shared.\n---------------------------------------------------------------------","user":"Jamal C. (jamal@yumyums.kitchen)","page":"/marketing.html","ua":"Mozilla/5.0 (X11; Linux x86_64) AppleWebKit/537.36 (KHTML, like Gecko) HeadlessChrome/147.0.7727.15 Safari/537.36"}

[1A[2K[2m[WebServer] [22m{"time":"2026-10-05T21:14:09.586639455-04:00","level":"INFO","msg":"client log","level":"WARN","message":"-------------- RxDB Open Core RxStorage -------------------------------\nYou are using the free Dexie.js based RxStorage implementation from RxDB https://rxdb.info/rx-storage-dexie.html?console=dexie \nWhile this is a great option, we want to let you know that there are faster storage solutions available in our premium plugins.\nFor professional users and production environments, we highly recommend considering these premium options to enhance performance and reliability.\n https://rxdb.info/premium/?console=dexie \nIf you already purchased premium access you can disable this log by calling the setPremiumFlag() function from rxdb-premium/plugins/shared.\n---------------------------------------------------------------------","user":"Jamal C. (jamal@yumyums.kitchen)","page":"/marketing.html","ua":"Mozilla/5.0 (X11; Linux x86_64) AppleWebKit/537.36 (KHTML, like Gecko) HeadlessChrome/147.0.7727.15 Safari/537.36"}

[1A[2K[2m[WebServer] [22m{"time":"2026-10-05T21:14:09.948101717-04:00","level":"INFO","msg":"client log","level":"WARN","message":"-------------- RxDB Open Core RxStorage -------------------------------\nYou are using the free Dexie.js based RxStorage implementation from RxDB https://rxdb.info/rx-storage-dexie.html?console=dexie \nWhile this is a great option, we want to let you know that there are faster storage solutions available in our premium plugins.\nFor professional users and production environments, we highly recommend considering these premium options to enhance performance and reliability.\n https://rxdb.info/premium/?console=dexie \nIf you already purchased premium access you can disable this log by calling the setPremiumFlag() function from rxdb-premium/plugins/shared.\n---------------------------------------------------------------------","user":"Jamal C. (jamal@yumyums.kitchen)","page":"/marketing.html","ua":"Mozilla/5.0 (X11; Linux x86_64) AppleWebKit/537.36 (KHTML, like Gecko) HeadlessChrome/147.0.7727.15 Safari/537.36"}

[1A[2K[2m[WebServer] [22m{"time":"2026-10-05T21:14:10.292652405-04:00","level":"INFO","msg":"client log","level":"WARN","message":"-------------- RxDB Open Core RxStorage -------------------------------\nYou are using the free Dexie.js based RxStorage implementation from RxDB https://rxdb.info/rx-storage-dexie.html?console=dexie \nWhile this is a great option, we want to let you know that there are faster storage solutions available in our premium plugins.\nFor professional users and production environments, we highly recommend considering these premium options to enhance performance and reliability.\n https://rxdb.info/premium/?console=dexie \nIf you already purchased premium access you can disable this log by calling the setPremiumFlag() function from rxdb-premium/plugins/shared.\n---------------------------------------------------------------------","user":"Jamal C. (jamal@yumyums.kitchen)","page":"/marketing.html","ua":"Mozilla/5.0 (X11; Linux x86_64) AppleWebKit/537.36 (KHTML, like Gecko) HeadlessChrome/147.0.7727.15 Safari/537.36"}

[1A[2K[2m[WebServer] [22m{"time":"2026-10-05T21:14:10.580563709-04:00","level":"INFO","msg":"client log","level":"WARN","message":"-------------- RxDB Open Core RxStorage -------------------------------\nYou are using the free Dexie.js based RxStorage implementation from RxDB https://rxdb.info/rx-storage-dexie.html?console=dexie \nWhile this is a great option, we want to let you know that there are faster storage solutions available in our premium plugins.\nFor professional users and production environments, we highly recommend considering these premium options to enhance performance and reliability.\n https://rxdb.info/premium/?console=dexie \nIf you already purchased premium access you can disable this log by calling the setPremiumFlag() function from rxdb-premium/plugins/shared.\n---------------------------------------------------------------------","user":"Jamal C. (jamal@yumyums.kitchen)","page":"/marketing.html","ua":"Mozilla/5.0 (X11; Linux x86_64) AppleWebKit/537.36 (KHTML, like Gecko) HeadlessChrome/147.0.7727.15 Safari/537.36"}

[1A[2K[2m[WebServer] [22m{"time":"2026-10-05T21:14:10.855635022-04:00","level":"INFO","msg":"client log","level":"WARN","message":"-------------- RxDB Open Core RxStorage -------------------------------\nYou are using the free Dexie.js based RxStorage implementation from RxDB https://rxdb.info/rx-storage-dexie.html?console=dexie \nWhile this is a great option, we want to let you know that there are faster storage solutions available in our premium plugins.\nFor professional users and production environments, we highly recommend considering these premium options to enhance performance and reliability.\n https://rxdb.info/premium/?console=dexie \nIf you already purchased premium access you can disable this log by calling the setPremiumFlag() function from rxdb-premium/plugins/shared.\n---------------------------------------------------------------------","user":"Jamal C. (jamal@yumyums.kitchen)","page":"/marketing.html","ua":"Mozilla/5.0 (X11; Linux x86_64) AppleWebKit/537.36 (KHTML, like Gecko) HeadlessChrome/147.0.7727.15 Safari/537.36"}

[1A[2K[2m[WebServer] [22m{"time":"2026-10-05T21:14:11.101319195-04:00","level":"INFO","msg":"client log","level":"WARN","message":"-------------- RxDB Open Core RxStorage -------------------------------\nYou are using the free Dexie.js based RxStorage implementation from RxDB https://rxdb.info/rx-storage-dexie.html?console=dexie \nWhile this is a great option, we want to let you know that there are faster storage solutions available in our premium plugins.\nFor professional users and production environments, we highly recommend considering these premium options to enhance performance and reliability.\n https://rxdb.info/premium/?console=dexie \nIf you already purchased premium access you can disable this log by calling the setPremiumFlag() function from rxdb-premium/plugins/shared.\n---------------------------------------------------------------------","user":"Jamal C. (jamal@yumyums.kitchen)","page":"/marketing.html","ua":"Mozilla/5.0 (X11; Linux x86_64) AppleWebKit/537.36 (KHTML, like Gecko) HeadlessChrome/147.0.7727.15 Safari/537.36"}

[1A[2K[2m[WebServer] [22m{"time":"2026-10-05T21:14:11.438971295-04:00","level":"INFO","msg":"client log","level":"WARN","message":"-------------- RxDB Open Core RxStorage -------------------------------\nYou are using the free Dexie.js based RxStorage implementation from RxDB https://rxdb.info/rx-storage-dexie.html?console=dexie \nWhile this is a great option, we want to let you know that there are faster storage solutions available in our premium plugins.\nFor professional users and production environments, we highly recommend considering these premium options to enhance performance and reliability.\n https://rxdb.info/premium/?console=dexie \nIf you already purchased premium access you can disable this log by calling the setPremiumFlag() function from rxdb-premium/plugins/shared.\n---------------------------------------------------------------------","user":"Jamal C. (jamal@yumyums.kitchen)","page":"/marketing.html","ua":"Mozilla/5.0 (X11; Linux x86_64) AppleWebKit/537.36 (KHTML, like Gecko) HeadlessChrome/147.0.7727.15 Safari/537.36"}

[1A[2K[2m[WebServer] [22m{"time":"2026-10-05T21:14:11.763936675-04:00","level":"INFO","msg":"client log","level":"WARN","message":"-------------- RxDB Open Core RxStorage -------------------------------\nYou are using the free Dexie.js based RxStorage implementation from RxDB https://rxdb.info/rx-storage-dexie.html?console=dexie \nWhile this is a great option, we want to let you know that there are faster storage solutions available in our premium plugins.\nFor professional users and production environments, we highly recommend considering these premium options to enhance performance and reliability.\n https://rxdb.info/premium/?console=dexie \nIf you already purchased premium access you can disable this log by calling the setPremiumFlag() function from rxdb-premium/plugins/shared.\n---------------------------------------------------------------------","user":"Jamal C. (jamal@yumyums.kitchen)","page":"/marketing.html","ua":"Mozilla/5.0 (X11; Linux x86_64) AppleWebKit/537.36 (KHTML, like Gecko) HeadlessChrome/147.0.7727.15 Safari/537.36"}

[1A[2K[2m[WebServer] [22m{"time":"2026-10-05T21:14:12.045831281-04:00","level":"INFO","msg":"client log","level":"WARN","message":"-------------- RxDB Open Core RxStorage -------------------------------\nYou are using the free Dexie.js based RxStorage implementation from RxDB https://rxdb.info/rx-storage-dexie.html?console=dexie \nWhile this is a great option, we want to let you know that there are faster storage solutions available in our premium plugins.\nFor professional users and production environments, we highly recommend considering these premium options to enhance performance and reliability.\n https://rxdb.info/premium/?console=dexie \nIf you already purchased premium access you can disable this log by calling the setPremiumFlag() function from rxdb-premium/plugins/shared.\n---------------------------------------------------------------------","user":"Jamal C. (jamal@yumyums.kitchen)","page":"/marketing.html","ua":"Mozilla/5.0 (X11; Linux x86_64) AppleWebKit/537.36 (KHTML, like Gecko) HeadlessChrome/147.0.7727.15 Safari/537.36"}

[1A[2K[2m[WebServer] [22m{"time":"2026-10-05T21:14:12.300586055-04:00","level":"INFO","msg":"client log","level":"WARN","message":"-------------- RxDB Open Core RxStorage -------------------------------\nYou are using the free Dexie.js based RxStorage implementation from RxDB https://rxdb.info/rx-storage-dexie.html?console=dexie \nWhile this is a great option, we want to let you know that there are faster storage solutions available in our premium plugins.\nFor professional users and production environments, we highly recommend considering these premium options to enhance performance and reliability.\n https://rxdb.info/premium/?console=dexie \nIf you already purchased premium access you can disable this log by calling the setPremiumFlag() function from rxdb-premium/plugins/shared.\n---------------------------------------------------------------------","user":"Jamal C. (jamal@yumyums.kitchen)","page":"/marketing.html","ua":"Mozilla/5.0 (X11; Linux x86_64) AppleWebKit/537.36 (KHTML, like Gecko) HeadlessChrome/147.0.7727.15 Safari/537.36"}

[1A[2K[2m[WebServer] [22m{"time":"2026-10-05T21:14:12.572560907-04:00","level":"INFO","msg":"client log","level":"WARN","message":"-------------- RxDB Open Core RxStorage -------------------------------\nYou are using the free Dexie.js based RxStorage implementation from RxDB https://rxdb.info/rx-storage-dexie.html?console=dexie \nWhile this is a great option, we want to let you know that there are faster storage solutions available in our premium plugins.\nFor professional users and production environments, we highly recommend considering these premium options to enhance performance and reliability.\n https://rxdb.info/premium/?console=dexie \nIf you already purchased premium access you can disable this log by calling the setPremiumFlag() function from rxdb-premium/plugins/shared.\n---------------------------------------------------------------------","user":"Jamal C. (jamal@yumyums.kitchen)","page":"/marketing.html","ua":"Mozilla/5.0 (X11; Linux x86_64) AppleWebKit/537.36 (KHTML, like Gecko) HeadlessChrome/147.0.7727.15 Safari/537.36"}

[1A[2K[2m[WebServer] [22m{"time":"2026-10-05T21:14:12.877309587-04:00","level":"INFO","msg":"client log","level":"WARN","message":"-------------- RxDB Open Core RxStorage -------------------------------\nYou are using the free Dexie.js based RxStorage implementation from RxDB https://rxdb.info/rx-storage-dexie.html?console=dexie \nWhile this is a great option, we want to let you know that there are faster storage solutions available in our premium plugins.\nFor professional users and production environments, we highly recommend considering these premium options to enhance performance and reliability.\n https://rxdb.info/premium/?console=dexie \nIf you already purchased premium access you can disable this log by calling the setPremiumFlag() function from rxdb-premium/plugins/shared.\n---------------------------------------------------------------------","user":"Jamal C. (jamal@yumyums.kitchen)","page":"/marketing.html","ua":"Mozilla/5.0 (X11; Linux x86_64) AppleWebKit/537.36 (KHTML, like Gecko) HeadlessChrome/147.0.7727.15 Safari/537.36"}

[1A[2K[2m[WebServer] [22m{"time":"2026-10-05T21:14:13.139744203-04:00","level":"INFO","msg":"client log","level":"WARN","message":"-------------- RxDB Open Core RxStorage -------------------------------\nYou are using the free Dexie.js based RxStorage implementation from RxDB https://rxdb.info/rx-storage-dexie.html?console=dexie \nWhile this is a great option, we want to let you know that there are faster storage solutions available in our premium plugins.\nFor professional users and production environments, we highly recommend considering these premium options to enhance performance and reliability.\n https://rxdb.info/premium/?console=dexie \nIf you already purchased premium access you can disable this log by calling the setPremiumFlag() function from rxdb-premium/plugins/shared.\n---------------------------------------------------------------------","user":"Jamal C. (jamal@yumyums.kitchen)","page":"/marketing.html","ua":"Mozilla/5.0 (X11; Linux x86_64) AppleWebKit/537.36 (KHTML, like Gecko) HeadlessChrome/147.0.7727.15 Safari/537.36"}

[1A[2K[2m[WebServer] [22m{"time":"2026-10-05T21:14:13.432447541-04:00","level":"INFO","msg":"client log","level":"WARN","message":"-------------- RxDB Open Core RxStorage -------------------------------\nYou are using the free Dexie.js based RxStorage implementation from RxDB https://rxdb.info/rx-storage-dexie.html?console=dexie \nWhile this is a great option, we want to let you know that there are faster storage solutions available in our premium plugins.\nFor professional users and production environments, we highly recommend considering these premium options to enhance performance and reliability.\n https://rxdb.info/premium/?console=dexie \nIf you already purchased premium access you can disable this log by calling the setPremiumFlag() function from rxdb-premium/plugins/shared.\n---------------------------------------------------------------------","user":"Jamal C. (jamal@yumyums.kitchen)","page":"/marketing.html","ua":"Mozilla/5.0 (X11; Linux x86_64) AppleWebKit/537.36 (KHTML, like Gecko) HeadlessChrome/147.0.7727.15 Safari/537.36"}

[1A[2K[2m[WebServer] [22m{"time":"2026-10-05T21:14:13.744998246-04:00","level":"INFO","msg":"client log","level":"WARN","message":"-------------- RxDB Open Core RxStorage -------------------------------\nYou are using the free Dexie.js based RxStorage implementation from RxDB https://rxdb.info/rx-storage-dexie.html?console=dexie \nWhile this is a great option, we want to let you know that there are faster storage solutions available in our premium plugins.\nFor professional users and production environments, we highly recommend considering these premium options to enhance performance and reliability.\n https://rxdb.info/premium/?console=dexie \nIf you already purchased premium access you can disable this log by calling the setPremiumFlag() function from rxdb-premium/plugins/shared.\n---------------------------------------------------------------------","user":"Jamal C. (jamal@yumyums.kitchen)","page":"/marketing.html","ua":"Mozilla/5.0 (X11; Linux x86_64) AppleWebKit/537.36 (KHTML, like Gecko) HeadlessChrome/147.0.7727.15 Safari/537.36"}

[1A[2K[2m[WebServer] [22m{"time":"2026-10-05T21:14:14.0293599-04:00","level":"INFO","msg":"client log","level":"WARN","message":"-------------- RxDB Open Core RxStorage -------------------------------\nYou are using the free Dexie.js based RxStorage implementation from RxDB https://rxdb.info/rx-storage-dexie.html?console=dexie \nWhile this is a great option, we want to let you know that there are faster storage solutions available in our premium plugins.\nFor professional users and production environments, we highly recommend considering these premium options to enhance performance and reliability.\n https://rxdb.info/premium/?console=dexie \nIf you already purchased premium access you can disable this log by calling the setPremiumFlag() function from rxdb-premium/plugins/shared.\n---------------------------------------------------------------------","user":"Jamal C. (jamal@yumyums.kitchen)","page":"/marketing.html","ua":"Mozilla/5.0 (X11; Linux x86_64) AppleWebKit/537.36 (KHTML, like Gecko) HeadlessChrome/147.0.7727.15 Safari/537.36"}

[1A[2K[2m[WebServer] [22m{"time":"2026-10-05T21:14:14.346474941-04:00","level":"INFO","msg":"client log","level":"WARN","message":"-------------- RxDB Open Core RxStorage -------------------------------\nYou are using the free Dexie.js based RxStorage implementation from RxDB https://rxdb.info/rx-storage-dexie.html?console=dexie \nWhile this is a great option, we want to let you know that there are faster storage solutions available in our premium plugins.\nFor professional users and production environments, we highly recommend considering these premium options to enhance performance and reliability.\n https://rxdb.info/premium/?console=dexie \nIf you already purchased premium access you can disable this log by calling the setPremiumFlag() function from rxdb-premium/plugins/shared.\n---------------------------------------------------------------------","user":"Jamal C. (jamal@yumyums.kitchen)","page":"/marketing.html","ua":"Mozilla/5.0 (X11; Linux x86_64) AppleWebKit/537.36 (KHTML, like Gecko) HeadlessChrome/147.0.7727.15 Safari/537.36"}

[1A[2K[2m[WebServer] [22m{"time":"2026-10-05T21:14:14.702386561-04:00","level":"INFO","msg":"client log","level":"WARN","message":"-------------- RxDB Open Core RxStorage -------------------------------\nYou are using the free Dexie.js based RxStorage implementation from RxDB https://rxdb.info/rx-storage-dexie.html?console=dexie \nWhile this is a great option, we want to let you know that there are faster storage solutions available in our premium plugins.\nFor professional users and production environments, we highly recommend considering these premium options to enhance performance and reliability.\n https://rxdb.info/premium/?console=dexie \nIf you already purchased premium access you can disable this log by calling the setPremiumFlag() function from rxdb-premium/plugins/shared.\n---------------------------------------------------------------------","user":"Jamal C. (jamal@yumyums.kitchen)","page":"/marketing.html","ua":"Mozilla/5.0 (X11; Linux x86_64) AppleWebKit/537.36 (KHTML, like Gecko) HeadlessChrome/147.0.7727.15 Safari/537.36"}

[1A[2K[2m[WebServer] [22m{"time":"2026-10-05T21:14:15.118401663-04:00","level":"INFO","msg":"client log","level":"WARN","message":"-------------- RxDB Open Core RxStorage -------------------------------\nYou are using the free Dexie.js based RxStorage implementation from RxDB https://rxdb.info/rx-storage-dexie.html?console=dexie \nWhile this is a great option, we want to let you know that there are faster storage solutions available in our premium plugins.\nFor professional users and production environments, we highly recommend considering these premium options to enhance performance and reliability.\n https://rxdb.info/premium/?console=dexie \nIf you already purchased premium access you can disable this log by calling the setPremiumFlag() function from rxdb-premium/plugins/shared.\n---------------------------------------------------------------------","user":"Jamal C. (jamal@yumyums.kitchen)","page":"/marketing.html","ua":"Mozilla/5.0 (X11; Linux x86_64) AppleWebKit/537.36 (KHTML, like Gecko) HeadlessChrome/147.0.7727.15 Safari/537.36"}

[1A[2K[2m[WebServer] [22m{"time":"2026-10-05T21:14:15.379703676-04:00","level":"INFO","msg":"client log","level":"WARN","message":"-------------- RxDB Open Core RxStorage -------------------------------\nYou are using the free Dexie.js based RxStorage implementation from RxDB https://rxdb.info/rx-storage-dexie.html?console=dexie \nWhile this is a great option, we want to let you know that there are faster storage solutions available in our premium plugins.\nFor professional users and production environments, we highly recommend considering these premium options to enhance performance and reliability.\n https://rxdb.info/premium/?console=dexie \nIf you already purchased premium access you can disable this log by calling the setPremiumFlag() function from rxdb-premium/plugins/shared.\n---------------------------------------------------------------------","user":"Jamal C. (jamal@yumyums.kitchen)","page":"/marketing.html","ua":"Mozilla/5.0 (X11; Linux x86_64) AppleWebKit/537.36 (KHTML, like Gecko) HeadlessChrome/147.0.7727.15 Safari/537.36"}

[1A[2K[2m[WebServer] [22m{"time":"2026-10-05T21:14:15.727513749-04:00","level":"INFO","msg":"client log","level":"WARN","message":"-------------- RxDB Open Core RxStorage -------------------------------\nYou are using the free Dexie.js based RxStorage implementation from RxDB https://rxdb.info/rx-storage-dexie.html?console=dexie \nWhile this is a great option, we want to let you know that there are faster storage solutions available in our premium plugins.\nFor professional users and production environments, we highly recommend considering these premium options to enhance performance and reliability.\n https://rxdb.info/premium/?console=dexie \nIf you already purchased premium access you can disable this log by calling the setPremiumFlag() function from rxdb-premium/plugins/shared.\n---------------------------------------------------------------------","user":"Jamal C. (jamal@yumyums.kitchen)","page":"/marketing.html","ua":"Mozilla/5.0 (X11; Linux x86_64) AppleWebKit/537.36 (KHTML, like Gecko) HeadlessChrome/147.0.7727.15 Safari/537.36"}

[1A[2K[2m[WebServer] [22m{"time":"2026-10-05T21:14:16.069138871-04:00","level":"INFO","msg":"client log","level":"WARN","message":"-------------- RxDB Open Core RxStorage -------------------------------\nYou are using the free Dexie.js based RxStorage implementation from RxDB https://rxdb.info/rx-storage-dexie.html?console=dexie \nWhile this is a great option, we want to let you know that there are faster storage solutions available in our premium plugins.\nFor professional users and production environments, we highly recommend considering these premium options to enhance performance and reliability.\n https://rxdb.info/premium/?console=dexie \nIf you already purchased premium access you can disable this log by calling the setPremiumFlag() function from rxdb-premium/plugins/shared.\n---------------------------------------------------------------------","user":"Jamal C. (jamal@yumyums.kitchen)","page":"/marketing.html","ua":"Mozilla/5.0 (X11; Linux x86_64) AppleWebKit/537.36 (KHTML, like Gecko) HeadlessChrome/147.0.7727.15 Safari/537.36"}

[1A[2K[2m[WebServer] [22m{"time":"2026-10-05T21:14:16.396884908-04:00","level":"INFO","msg":"client log","level":"WARN","message":"-------------- RxDB Open Core RxStorage -------------------------------\nYou are using the free Dexie.js based RxStorage implementation from RxDB https://rxdb.info/rx-storage-dexie.html?console=dexie \nWhile this is a great option, we want to let you know that there are faster storage solutions available in our premium plugins.\nFor professional users and production environments, we highly recommend considering these premium options to enhance performance and reliability.\n https://rxdb.info/premium/?console=dexie \nIf you already purchased premium access you can disable this log by calling the setPremiumFlag() function from rxdb-premium/plugins/shared.\n---------------------------------------------------------------------","user":"Jamal C. (jamal@yumyums.kitchen)","page":"/marketing.html","ua":"Mozilla/5.0 (X11; Linux x86_64) AppleWebKit/537.36 (KHTML, like Gecko) HeadlessChrome/147.0.7727.15 Safari/537.36"}

[1A[2K[2m[WebServer] [22m{"time":"2026-10-05T21:14:16.699194209-04:00","level":"INFO","msg":"client log","level":"WARN","message":"-------------- RxDB Open Core RxStorage -------------------------------\nYou are using the free Dexie.js based RxStorage implementation from RxDB https://rxdb.info/rx-storage-dexie.html?console=dexie \nWhile this is a great option, we want to let you know that there are faster storage solutions available in our premium plugins.\nFor professional users and production environments, we highly recommend considering these premium options to enhance performance and reliability.\n https://rxdb.info/premium/?console=dexie \nIf you already purchased premium access you can disable this log by calling the setPremiumFlag() function from rxdb-premium/plugins/shared.\n---------------------------------------------------------------------","user":"Jamal C. (jamal@yumyums.kitchen)","page":"/marketing.html","ua":"Mozilla/5.0 (X11; Linux x86_64) AppleWebKit/537.36 (KHTML, like Gecko) HeadlessChrome/147.0.7727.15 Safari/537.36"}

[1A[2K[2m[WebServer] [22m{"time":"2026-10-05T21:14:17.389591051-04:00","level":"INFO","msg":"client log","level":"WARN","message":"-------------- RxDB Open Core RxStorage -------------------------------\nYou are using the free Dexie.js based RxStorage implementation from RxDB https://rxdb.info/rx-storage-dexie.html?console=dexie \nWhile this is a great option, we want to let you know that there are faster storage solutions available in our premium plugins.\nFor professional users and production environments, we highly recommend considering these premium options to enhance performance and reliability.\n https://rxdb.info/premium/?console=dexie \nIf you already purchased premium access you can disable this log by calling the setPremiumFlag() function from rxdb-premium/plugins/shared.\n---------------------------------------------------------------------","user":"Jamal C. (jamal@yumyums.kitchen)","page":"/marketing.html","ua":"Mozilla/5.0 (X11; Linux x86_64) AppleWebKit/537.36 (KHTML, like Gecko) HeadlessChrome/147.0.7727.15 Safari/537.36"}

[1A[2K[2m[WebServer] [22m{"time":"2026-10-05T21:14:17.84094973-04:00","level":"INFO","msg":"client log","level":"WARN","message":"-------------- RxDB Open Core RxStorage -------------------------------\nYou are using the free Dexie.js based RxStorage implementation from RxDB https://rxdb.info/rx-storage-dexie.html?console=dexie \nWhile this is a great option, we want to let you know that there are faster storage solutions available in our premium plugins.\nFor professional users and production environments, we highly recommend considering these premium options to enhance performance and reliability.\n https://rxdb.info/premium/?console=dexie \nIf you already purchased premium access you can disable this log by calling the setPremiumFlag() function from rxdb-premium/plugins/shared.\n---------------------------------------------------------------------","user":"Jamal C. (jamal@yumyums.kitchen)","page":"/marketing.html","ua":"Mozilla/5.0 (X11; Linux x86_64) AppleWebKit/537.36 (KHTML, like Gecko) HeadlessChrome/147.0.7727.15 Safari/537.36"}

[1A[2K[2m[WebServer] [22m{"time":"2026-10-05T21:14:18.573860802-04:00","level":"INFO","msg":"client log","level":"WARN","message":"-------------- RxDB Open Core RxStorage -------------------------------\nYou are using the free Dexie.js based RxStorage implementation from RxDB https://rxdb.info/rx-storage-dexie.html?console=dexie \nWhile this is a great option, we want to let you know that there are faster storage solutions available in our premium plugins.\nFor professional users and production environments, we highly recommend considering these premium options to enhance performance and reliability.\n https://rxdb.info/premium/?console=dexie \nIf you already purchased premium access you can disable this log by calling the setPremiumFlag() function from rxdb-premium/plugins/shared.\n---------------------------------------------------------------------","user":"Jamal C. (jamal@yumyums.kitchen)","page":"/marketing.html","ua":"Mozilla/5.0 (X11; Linux x86_64) AppleWebKit/537.36 (KHTML, like Gecko) HeadlessChrome/147.0.7727.15 Safari/537.36"}

[1A[2K[2m[WebServer] [22m{"time":"2026-10-05T21:14:19.537824926-04:00","level":"INFO","msg":"client log","level":"WARN","message":"-------------- RxDB Open Core RxStorage -------------------------------\nYou are using the free Dexie.js based RxStorage implementation from RxDB https://rxdb.info/rx-storage-dexie.html?console=dexie \nWhile this is a great option, we want to let you know that there are faster storage solutions available in our premium plugins.\nFor professional users and production environments, we highly recommend considering these premium options to enhance performance and reliability.\n https://rxdb.info/premium/?console=dexie \nIf you already purchased premium access you can disable this log by calling the setPremiumFlag() function from rxdb-premium/plugins/shared.\n---------------------------------------------------------------------","user":"Jamal C. (jamal@yumyums.kitchen)","page":"/marketing.html","ua":"Mozilla/5.0 (X11; Linux x86_64) AppleWebKit/537.36 (KHTML, like Gecko) HeadlessChrome/147.0.7727.15 Safari/537.36"}

[1A[2K[2m[WebServer] [22m{"time":"2026-10-05T21:14:20.18355103-04:00","level":"INFO","msg":"client log","level":"WARN","message":"-------------- RxDB Open Core RxStorage -------------------------------\nYou are using the free Dexie.js based RxStorage implementation from RxDB https://rxdb.info/rx-storage-dexie.html?console=dexie \nWhile this is a great option, we want to let you know that there are faster storage solutions available in our premium plugins.\nFor professional users and production environments, we highly recommend considering these premium options to enhance performance and reliability.\n https://rxdb.info/premium/?console=dexie \nIf you already purchased premium access you can disable this log by calling the setPremiumFlag() function from rxdb-premium/plugins/shared.\n---------------------------------------------------------------------","user":"Jamal C. (jamal@yumyums.kitchen)","page":"/marketing.html","ua":"Mozilla/5.0 (X11; Linux x86_64) AppleWebKit/537.36 (KHTML, like Gecko) HeadlessChrome/147.0.7727.15 Safari/537.36"}

[1A[2K[2m[WebServer] [22m{"time":"2026-10-05T21:14:20.708800295-04:00","level":"INFO","msg":"client log","level":"WARN","message":"-------------- RxDB Open Core RxStorage -------------------------------\nYou are using the free Dexie.js based RxStorage implementation from RxDB https://rxdb.info/rx-storage-dexie.html?console=dexie \nWhile this is a great option, we want to let you know that there are faster storage solutions available in our premium plugins.\nFor professional users and production environments, we highly recommend considering these premium options to enhance performance and reliability.\n https://rxdb.info/premium/?console=dexie \nIf you already purchased premium access you can disable this log by calling the setPremiumFlag() function from rxdb-premium/plugins/shared.\n---------------------------------------------------------------------","user":"Jamal C. (jamal@yumyums.kitchen)","page":"/marketing.html","ua":"Mozilla/5.0 (X11; Linux x86_64) AppleWebKit/537.36 (KHTML, like Gecko) HeadlessChrome/147.0.7727.15 Safari/537.36"}

[1A[2K[2m[WebServer] [22m{"time":"2026-10-05T21:14:21.120605701-04:00","level":"INFO","msg":"client log","level":"WARN","message":"-------------- RxDB Open Core RxStorage -------------------------------\nYou are using the free Dexie.js based RxStorage implementation from RxDB https://rxdb.info/rx-storage-dexie.html?console=dexie \nWhile this is a great option, we want to let you know that there are faster storage solutions available in our premium plugins.\nFor professional users and production environments, we highly recommend considering these premium options to enhance performance and reliability.\n https://rxdb.info/premium/?console=dexie \nIf you already purchased premium access you can disable this log by calling the setPremiumFlag() function from rxdb-premium/plugins/shared.\n---------------------------------------------------------------------","user":"Jamal C. (jamal@yumyums.kitchen)","page":"/marketing.html","ua":"Mozilla/5.0 (X11; Linux x86_64) AppleWebKit/537.36 (KHTML, like Gecko) HeadlessChrome/147.0.7727.15 Safari/537.36"}

[1A[2K[2m[WebServer] [22m{"time":"2026-10-05T21:14:21.652247239-04:00","level":"INFO","msg":"client log","level":"WARN","message":"-------------- RxDB Open Core RxStorage -------------------------------\nYou are using the free Dexie.js based RxStorage implementation from RxDB https://rxdb.info/rx-storage-dexie.html?console=dexie \nWhile this is a great option, we want to let you know that there are faster storage solutions available in our premium plugins.\nFor professional users and production environments, we highly recommend considering these premium options to enhance performance and reliability.\n https://rxdb.info/premium/?console=dexie \nIf you already purchased premium access you can disable this log by calling the setPremiumFlag() function from rxdb-premium/plugins/shared.\n---------------------------------------------------------------------","user":"Jamal C. (jamal@yumyums.kitchen)","page":"/marketing.html","ua":"Mozilla/5.0 (X11; Linux x86_64) AppleWebKit/537.36 (KHTML, like Gecko) HeadlessChrome/147.0.7727.15 Safari/537.36"}

[1A[2K[2m[WebServer] [22m{"time":"2026-10-05T21:14:21.941975298-04:00","level":"INFO","msg":"client log","level":"WARN","message":"-------------- RxDB Open Core RxStorage -------------------------------\nYou are using the free Dexie.js based RxStorage implementation from RxDB https://rxdb.info/rx-storage-dexie.html?console=dexie \nWhile this is a great option, we want to let you know that there are faster storage solutions available in our premium plugins.\nFor professional users and production environments, we highly recommend considering these premium options to enhance performance and reliability.\n https://rxdb.info/premium/?console=dexie \nIf you already purchased premium access you can disable this log by calling the setPremiumFlag() function from rxdb-premium/plugins/shared.\n---------------------------------------------------------------------","user":"Jamal C. (jamal@yumyums.kitchen)","page":"/marketing.html","ua":"Mozilla/5.0 (X11; Linux x86_64) AppleWebKit/537.36 (KHTML, like Gecko) HeadlessChrome/147.0.7727.15 Safari/537.36"}

[1A[2K[2m[WebServer] [22m{"time":"2026-10-05T21:14:22.302529974-04:00","level":"INFO","msg":"client log","level":"WARN","message":"-------------- RxDB Open Core RxStorage -------------------------------\nYou are using the free Dexie.js based RxStorage implementation from RxDB https://rxdb.info/rx-storage-dexie.html?console=dexie \nWhile this is a great option, we want to let you know that there are faster storage solutions available in our premium plugins.\nFor professional users and production environments, we highly recommend considering these premium options to enhance performance and reliability.\n https://rxdb.info/premium/?console=dexie \nIf you already purchased premium access you can disable this log by calling the setPremiumFlag() function from rxdb-premium/plugins/shared.\n---------------------------------------------------------------------","user":"Jamal C. (jamal@yumyums.kitchen)","page":"/marketing.html","ua":"Mozilla/5.0 (X11; Linux x86_64) AppleWebKit/537.36 (KHTML, like Gecko) HeadlessChrome/147.0.7727.15 Safari/537.36"}

[1A[2K[2m[WebServer] [22m{"time":"2026-10-05T21:14:22.664335193-04:00","level":"INFO","msg":"client log","level":"WARN","message":"-------------- RxDB Open Core RxStorage -------------------------------\nYou are using the free Dexie.js based RxStorage implementation from RxDB https://rxdb.info/rx-storage-dexie.html?console=dexie \nWhile this is a great option, we want to let you know that there are faster storage solutions available in our premium plugins.\nFor professional users and production environments, we highly recommend considering these premium options to enhance performance and reliability.\n https://rxdb.info/premium/?console=dexie \nIf you already purchased premium access you can disable this log by calling the setPremiumFlag() function from rxdb-premium/plugins/shared.\n---------------------------------------------------------------------","user":"Jamal C. (jamal@yumyums.kitchen)","page":"/marketing.html","ua":"Mozilla/5.0 (X11; Linux x86_64) AppleWebKit/537.36 (KHTML, like Gecko) HeadlessChrome/147.0.7727.15 Safari/537.36"}

[1A[2K[2m[WebServer] [22m{"time":"2026-10-05T21:14:23.016776022-04:00","level":"INFO","msg":"client log","level":"WARN","message":"-------------- RxDB Open Core RxStorage -------------------------------\nYou are using the free Dexie.js based RxStorage implementation from RxDB https://rxdb.info/rx-storage-dexie.html?console=dexie \nWhile this is a great option, we want to let you know that there are faster storage solutions available in our premium plugins.\nFor professional users and production environments, we highly recommend considering these premium options to enhance performance and reliability.\n https://rxdb.info/premium/?console=dexie \nIf you already purchased premium access you can disable this log by calling the setPremiumFlag() function from rxdb-premium/plugins/shared.\n---------------------------------------------------------------------","user":"Jamal C. (jamal@yumyums.kitchen)","page":"/marketing.html","ua":"Mozilla/5.0 (X11; Linux x86_64) AppleWebKit/537.36 (KHTML, like Gecko) HeadlessChrome/147.0.7727.15 Safari/537.36"}

[1A[2K[2m[WebServer] [22m{"time":"2026-10-05T21:14:23.40588013-04:00","level":"INFO","msg":"client log","level":"WARN","message":"-------------- RxDB Open Core RxStorage -------------------------------\nYou are using the free Dexie.js based RxStorage implementation from RxDB https://rxdb.info/rx-storage-dexie.html?console=dexie \nWhile this is a great option, we want to let you know that there are faster storage solutions available in our premium plugins.\nFor professional users and production environments, we highly recommend considering these premium options to enhance performance and reliability.\n https://rxdb.info/premium/?console=dexie \nIf you already purchased premium access you can disable this log by calling the setPremiumFlag() function from rxdb-premium/plugins/shared.\n---------------------------------------------------------------------","user":"Jamal C. (jamal@yumyums.kitchen)","page":"/marketing.html","ua":"Mozilla/5.0 (X11; Linux x86_64) AppleWebKit/537.36 (KHTML, like Gecko) HeadlessChrome/147.0.7727.15 Safari/537.36"}

[1A[2K[2m[WebServer] [22m{"time":"2026-10-05T21:14:24.164514382-04:00","level":"INFO","msg":"client log","level":"WARN","message":"-------------- RxDB Open Core RxStorage -------------------------------\nYou are using the free Dexie.js based RxStorage implementation from RxDB https://rxdb.info/rx-storage-dexie.html?console=dexie \nWhile this is a great option, we want to let you know that there are faster storage solutions available in our premium plugins.\nFor professional users and production environments, we highly recommend considering these premium options to enhance performance and reliability.\n https://rxdb.info/premium/?console=dexie \nIf you already purchased premium access you can disable this log by calling the setPremiumFlag() function from rxdb-premium/plugins/shared.\n---------------------------------------------------------------------","user":"Jamal C. (jamal@yumyums.kitchen)","page":"/marketing.html","ua":"Mozilla/5.0 (X11; Linux x86_64) AppleWebKit/537.36 (KHTML, like Gecko) HeadlessChrome/147.0.7727.15 Safari/537.36"}

[1A[2K[2m[WebServer] [22m{"time":"2026-10-05T21:14:25.279875556-04:00","level":"INFO","msg":"client log","level":"WARN","message":"-------------- RxDB Open Core RxStorage -------------------------------\nYou are using the free Dexie.js based RxStorage implementation from RxDB https://rxdb.info/rx-storage-dexie.html?console=dexie \nWhile this is a great option, we want to let you know that there are faster storage solutions available in our premium plugins.\nFor professional users and production environments, we highly recommend considering these premium options to enhance performance and reliability.\n https://rxdb.info/premium/?console=dexie \nIf you already purchased premium access you can disable this log by calling the setPremiumFlag() function from rxdb-premium/plugins/shared.\n---------------------------------------------------------------------","user":"Jamal C. (jamal@yumyums.kitchen)","page":"/marketing.html","ua":"Mozilla/5.0 (X11; Linux x86_64) AppleWebKit/537.36 (KHTML, like Gecko) HeadlessChrome/147.0.7727.15 Safari/537.36"}

[1A[2K[2m[WebServer] [22m{"time":"2026-10-05T21:14:25.965999887-04:00","level":"INFO","msg":"client log","level":"WARN","message":"-------------- RxDB Open Core RxStorage -------------------------------\nYou are using the free Dexie.js based RxStorage implementation from RxDB https://rxdb.info/rx-storage-dexie.html?console=dexie \nWhile this is a great option, we want to let you know that there are faster storage solutions available in our premium plugins.\nFor professional users and production environments, we highly recommend considering these premium options to enhance performance and reliability.\n https://rxdb.info/premium/?console=dexie \nIf you already purchased premium access you can disable this log by calling the setPremiumFlag() function from rxdb-premium/plugins/shared.\n---------------------------------------------------------------------","user":"Jamal C. (jamal@yumyums.kitchen)","page":"/marketing.html","ua":"Mozilla/5.0 (X11; Linux x86_64) AppleWebKit/537.36 (KHTML, like Gecko) HeadlessChrome/147.0.7727.15 Safari/537.36"}

[1A[2K[2m[WebServer] [22m{"time":"2026-10-05T21:14:26.292317746-04:00","level":"INFO","msg":"client log","level":"WARN","message":"-------------- RxDB Open Core RxStorage -------------------------------\nYou are using the free Dexie.js based RxStorage implementation from RxDB https://rxdb.info/rx-storage-dexie.html?console=dexie \nWhile this is a great option, we want to let you know that there are faster storage solutions available in our premium plugins.\nFor professional users and production environments, we highly recommend considering these premium options to enhance performance and reliability.\n https://rxdb.info/premium/?console=dexie \nIf you already purchased premium access you can disable this log by calling the setPremiumFlag() function from rxdb-premium/plugins/shared.\n---------------------------------------------------------------------","user":"Jamal C. (jamal@yumyums.kitchen)","page":"/marketing.html","ua":"Mozilla/5.0 (X11; Linux x86_64) AppleWebKit/537.36 (KHTML, like Gecko) HeadlessChrome/147.0.7727.15 Safari/537.36"}

[1A[2K[2m[WebServer] [22m{"time":"2026-10-05T21:14:26.840666124-04:00","level":"INFO","msg":"client log","level":"WARN","message":"-------------- RxDB Open Core RxStorage -------------------------------\nYou are using the free Dexie.js based RxStorage implementation from RxDB https://rxdb.info/rx-storage-dexie.html?console=dexie \nWhile this is a great option, we want to let you know that there are faster storage solutions available in our premium plugins.\nFor professional users and production environments, we highly recommend considering these premium options to enhance performance and reliability.\n https://rxdb.info/premium/?console=dexie \nIf you already purchased premium access you can disable this log by calling the setPremiumFlag() function from rxdb-premium/plugins/shared.\n---------------------------------------------------------------------","user":"Jamal C. (jamal@yumyums.kitchen)","page":"/marketing.html","ua":"Mozilla/5.0 (X11; Linux x86_64) AppleWebKit/537.36 (KHTML, like Gecko) HeadlessChrome/147.0.7727.15 Safari/537.36"}

[1A[2K[2m[WebServer] [22m{"time":"2026-10-05T21:14:27.157741449-04:00","level":"INFO","msg":"client log","level":"WARN","message":"-------------- RxDB Open Core RxStorage -------------------------------\nYou are using the free Dexie.js based RxStorage implementation from RxDB https://rxdb.info/rx-storage-dexie.html?console=dexie \nWhile this is a great option, we want to let you know that there are faster storage solutions available in our premium plugins.\nFor professional users and production environments, we highly recommend considering these premium options to enhance performance and reliability.\n https://rxdb.info/premium/?console=dexie \nIf you already purchased premium access you can disable this log by calling the setPremiumFlag() function from rxdb-premium/plugins/shared.\n---------------------------------------------------------------------","user":"Jamal C. (jamal@yumyums.kitchen)","page":"/marketing.html","ua":"Mozilla/5.0 (X11; Linux x86_64) AppleWebKit/537.36 (KHTML, like Gecko) HeadlessChrome/147.0.7727.15 Safari/537.36"}

[1A[2K[2m[WebServer] [22m{"time":"2026-10-05T21:14:27.572418916-04:00","level":"INFO","msg":"client log","level":"WARN","message":"-------------- RxDB Open Core RxStorage -------------------------------\nYou are using the free Dexie.js based RxStorage implementation from RxDB https://rxdb.info/rx-storage-dexie.html?console=dexie \nWhile this is a great option, we want to let you know that there are faster storage solutions available in our premium plugins.\nFor professional users and production environments, we highly recommend considering these premium options to enhance performance and reliability.\n https://rxdb.info/premium/?console=dexie \nIf you already purchased premium access you can disable this log by calling the setPremiumFlag() function from rxdb-premium/plugins/shared.\n---------------------------------------------------------------------","user":"Jamal C. (jamal@yumyums.kitchen)","page":"/marketing.html","ua":"Mozilla/5.0 (X11; Linux x86_64) AppleWebKit/537.36 (KHTML, like Gecko) HeadlessChrome/147.0.7727.15 Safari/537.36"}

[1A[2K[2m[WebServer] [22m{"time":"2026-10-05T21:14:27.885308626-04:00","level":"INFO","msg":"client log","level":"WARN","message":"-------------- RxDB Open Core RxStorage -------------------------------\nYou are using the free Dexie.js based RxStorage implementation from RxDB https://rxdb.info/rx-storage-dexie.html?console=dexie \nWhile this is a great option, we want to let you know that there are faster storage solutions available in our premium plugins.\nFor professional users and production environments, we highly recommend considering these premium options to enhance performance and reliability.\n https://rxdb.info/premium/?console=dexie \nIf you already purchased premium access you can disable this log by calling the setPremiumFlag() function from rxdb-premium/plugins/shared.\n---------------------------------------------------------------------","user":"Jamal C. (jamal@yumyums.kitchen)","page":"/marketing.html","ua":"Mozilla/5.0 (X11; Linux x86_64) AppleWebKit/537.36 (KHTML, like Gecko) HeadlessChrome/147.0.7727.15 Safari/537.36"}

[1A[2K[2m[WebServer] [22m{"time":"2026-10-05T21:14:28.346459027-04:00","level":"INFO","msg":"client log","level":"WARN","message":"-------------- RxDB Open Core RxStorage -------------------------------\nYou are using the free Dexie.js based RxStorage implementation from RxDB https://rxdb.info/rx-storage-dexie.html?console=dexie \nWhile this is a great option, we want to let you know that there are faster storage solutions available in our premium plugins.\nFor professional users and production environments, we highly recommend considering these premium options to enhance performance and reliability.\n https://rxdb.info/premium/?console=dexie \nIf you already purchased premium access you can disable this log by calling the setPremiumFlag() function from rxdb-premium/plugins/shared.\n---------------------------------------------------------------------","user":"Jamal C. (jamal@yumyums.kitchen)","page":"/marketing.html","ua":"Mozilla/5.0 (X11; Linux x86_64) AppleWebKit/537.36 (KHTML, like Gecko) HeadlessChrome/147.0.7727.15 Safari/537.36"}

[1A[2K[2m[WebServer] [22m{"time":"2026-10-05T21:14:29.40433429-04:00","level":"INFO","msg":"client log","level":"WARN","message":"-------------- RxDB Open Core RxStorage -------------------------------\nYou are using the free Dexie.js based RxStorage implementation from RxDB https://rxdb.info/rx-storage-dexie.html?console=dexie \nWhile this is a great option, we want to let you know that there are faster storage solutions available in our premium plugins.\nFor professional users and production environments, we highly recommend considering these premium options to enhance performance and reliability.\n https://rxdb.info/premium/?console=dexie \nIf you already purchased premium access you can disable this log by calling the setPremiumFlag() function from rxdb-premium/plugins/shared.\n---------------------------------------------------------------------","user":"Jamal C. (jamal@yumyums.kitchen)","page":"/marketing.html","ua":"Mozilla/5.0 (X11; Linux x86_64) AppleWebKit/537.36 (KHTML, like Gecko) HeadlessChrome/147.0.7727.15 Safari/537.36"}

[1A[2K[2m[WebServer] [22m{"time":"2026-10-05T21:14:30.136101026-04:00","level":"INFO","msg":"client log","level":"WARN","message":"-------------- RxDB Open Core RxStorage -------------------------------\nYou are using the free Dexie.js based RxStorage implementation from RxDB https://rxdb.info/rx-storage-dexie.html?console=dexie \nWhile this is a great option, we want to let you know that there are faster storage solutions available in our premium plugins.\nFor professional users and production environments, we highly recommend considering these premium options to enhance performance and reliability.\n https://rxdb.info/premium/?console=dexie \nIf you already purchased premium access you can disable this log by calling the setPremiumFlag() function from rxdb-premium/plugins/shared.\n---------------------------------------------------------------------","user":"Jamal C. (jamal@yumyums.kitchen)","page":"/marketing.html","ua":"Mozilla/5.0 (X11; Linux x86_64) AppleWebKit/537.36 (KHTML, like Gecko) HeadlessChrome/147.0.7727.15 Safari/537.36"}

[1A[2K[2m[WebServer] [22m{"time":"2026-10-05T21:14:30.845926996-04:00","level":"INFO","msg":"client log","level":"WARN","message":"-------------- RxDB Open Core RxStorage -------------------------------\nYou are using the free Dexie.js based RxStorage implementation from RxDB https://rxdb.info/rx-storage-dexie.html?console=dexie \nWhile this is a great option, we want to let you know that there are faster storage solutions available in our premium plugins.\nFor professional users and production environments, we highly recommend considering these premium options to enhance performance and reliability.\n https://rxdb.info/premium/?console=dexie \nIf you already purchased premium access you can disable this log by calling the setPremiumFlag() function from rxdb-premium/plugins/shared.\n---------------------------------------------------------------------","user":"Jamal C. (jamal@yumyums.kitchen)","page":"/marketing.html","ua":"Mozilla/5.0 (X11; Linux x86_64) AppleWebKit/537.36 (KHTML, like Gecko) HeadlessChrome/147.0.7727.15 Safari/537.36"}

[1A[2K[2m[WebServer] [22m{"time":"2026-10-05T21:14:31.51340261-04:00","level":"INFO","msg":"client log","level":"WARN","message":"-------------- RxDB Open Core RxStorage -------------------------------\nYou are using the free Dexie.js based RxStorage implementation from RxDB https://rxdb.info/rx-storage-dexie.html?console=dexie \nWhile this is a great option, we want to let you know that there are faster storage solutions available in our premium plugins.\nFor professional users and production environments, we highly recommend considering these premium options to enhance performance and reliability.\n https://rxdb.info/premium/?console=dexie \nIf you already purchased premium access you can disable this log by calling the setPremiumFlag() function from rxdb-premium/plugins/shared.\n---------------------------------------------------------------------","user":"Jamal C. (jamal@yumyums.kitchen)","page":"/marketing.html","ua":"Mozilla/5.0 (X11; Linux x86_64) AppleWebKit/537.36 (KHTML, like Gecko) HeadlessChrome/147.0.7727.15 Safari/537.36"}

[1A[2K[2m[WebServer] [22m{"time":"2026-10-05T21:14:32.301478539-04:00","level":"INFO","msg":"client log","level":"WARN","message":"-------------- RxDB Open Core RxStorage -------------------------------\nYou are using the free Dexie.js based RxStorage implementation from RxDB https://rxdb.info/rx-storage-dexie.html?console=dexie \nWhile this is a great option, we want to let you know that there are faster storage solutions available in our premium plugins.\nFor professional users and production environments, we highly recommend considering these premium options to enhance performance and reliability.\n https://rxdb.info/premium/?console=dexie \nIf you already purchased premium access you can disable this log by calling the setPremiumFlag() function from rxdb-premium/plugins/shared.\n---------------------------------------------------------------------","user":"Jamal C. (jamal@yumyums.kitchen)","page":"/marketing.html","ua":"Mozilla/5.0 (X11; Linux x86_64) AppleWebKit/537.36 (KHTML, like Gecko) HeadlessChrome/147.0.7727.15 Safari/537.36"}

[1A[2K[2m[WebServer] [22m{"time":"2026-10-05T21:14:33.479186174-04:00","level":"INFO","msg":"client log","level":"WARN","message":"-------------- RxDB Open Core RxStorage -------------------------------\nYou are using the free Dexie.js based RxStorage implementation from RxDB https://rxdb.info/rx-storage-dexie.html?console=dexie \nWhile this is a great option, we want to let you know that there are faster storage solutions available in our premium plugins.\nFor professional users and production environments, we highly recommend considering these premium options to enhance performance and reliability.\n https://rxdb.info/premium/?console=dexie \nIf you already purchased premium access you can disable this log by calling the setPremiumFlag() function from rxdb-premium/plugins/shared.\n---------------------------------------------------------------------","user":"Jamal C. (jamal@yumyums.kitchen)","page":"/marketing.html","ua":"Mozilla/5.0 (X11; Linux x86_64) AppleWebKit/537.36 (KHTML, like Gecko) HeadlessChrome/147.0.7727.15 Safari/537.36"}

[1A[2K[2m[WebServer] [22m{"time":"2026-10-05T21:14:34.456396083-04:00","level":"INFO","msg":"client log","level":"WARN","message":"-------------- RxDB Open Core RxStorage -------------------------------\nYou are using the free Dexie.js based RxStorage implementation from RxDB https://rxdb.info/rx-storage-dexie.html?console=dexie \nWhile this is a great option, we want to let you know that there are faster storage solutions available in our premium plugins.\nFor professional users and production environments, we highly recommend considering these premium options to enhance performance and reliability.\n https://rxdb.info/premium/?console=dexie \nIf you already purchased premium access you can disable this log by calling the setPremiumFlag() function from rxdb-premium/plugins/shared.\n---------------------------------------------------------------------","user":"Jamal C. (jamal@yumyums.kitchen)","page":"/marketing.html","ua":"Mozilla/5.0 (X11; Linux x86_64) AppleWebKit/537.36 (KHTML, like Gecko) HeadlessChrome/147.0.7727.15 Safari/537.36"}

[1A[2K[2m[WebServer] [22m{"time":"2026-10-05T21:14:35.47241126-04:00","level":"INFO","msg":"client log","level":"WARN","message":"-------------- RxDB Open Core RxStorage -------------------------------\nYou are using the free Dexie.js based RxStorage implementation from RxDB https://rxdb.info/rx-storage-dexie.html?console=dexie \nWhile this is a great option, we want to let you know that there are faster storage solutions available in our premium plugins.\nFor professional users and production environments, we highly recommend considering these premium options to enhance performance and reliability.\n https://rxdb.info/premium/?console=dexie \nIf you already purchased premium access you can disable this log by calling the setPremiumFlag() function from rxdb-premium/plugins/shared.\n---------------------------------------------------------------------","user":"Jamal C. (jamal@yumyums.kitchen)","page":"/marketing.html","ua":"Mozilla/5.0 (X11; Linux x86_64) AppleWebKit/537.36 (KHTML, like Gecko) HeadlessChrome/147.0.7727.15 Safari/537.36"}

[1A[2K[2m[WebServer] [22m{"time":"2026-10-05T21:14:36.472561395-04:00","level":"INFO","msg":"client log","level":"WARN","message":"-------------- RxDB Open Core RxStorage -------------------------------\nYou are using the free Dexie.js based RxStorage implementation from RxDB https://rxdb.info/rx-storage-dexie.html?console=dexie \nWhile this is a great option, we want to let you know that there are faster storage solutions available in our premium plugins.\nFor professional users and production environments, we highly recommend considering these premium options to enhance performance and reliability.\n https://rxdb.info/premium/?console=dexie \nIf you already purchased premium access you can disable this log by calling the setPremiumFlag() function from rxdb-premium/plugins/shared.\n---------------------------------------------------------------------","user":"Jamal C. (jamal@yumyums.kitchen)","page":"/marketing.html","ua":"Mozilla/5.0 (X11; Linux x86_64) AppleWebKit/537.36 (KHTML, like Gecko) HeadlessChrome/147.0.7727.15 Safari/537.36"}

[1A[2K[2m[WebServer] [22m{"time":"2026-10-05T21:14:37.734402701-04:00","level":"INFO","msg":"client log","level":"WARN","message":"-------------- RxDB Open Core RxStorage -------------------------------\nYou are using the free Dexie.js based RxStorage implementation from RxDB https://rxdb.info/rx-storage-dexie.html?console=dexie \nWhile this is a great option, we want to let you know that there are faster storage solutions available in our premium plugins.\nFor professional users and production environments, we highly recommend considering these premium options to enhance performance and reliability.\n https://rxdb.info/premium/?console=dexie \nIf you already purchased premium access you can disable this log by calling the setPremiumFlag() function from rxdb-premium/plugins/shared.\n---------------------------------------------------------------------","user":"Jamal C. (jamal@yumyums.kitchen)","page":"/marketing.html","ua":"Mozilla/5.0 (X11; Linux x86_64) AppleWebKit/537.36 (KHTML, like Gecko) HeadlessChrome/147.0.7727.15 Safari/537.36"}

[1A[2K[2m[WebServer] [22m{"time":"2026-10-05T21:14:38.504985039-04:00","level":"INFO","msg":"client log","level":"WARN","message":"-------------- RxDB Open Core RxStorage -------------------------------\nYou are using the free Dexie.js based RxStorage implementation from RxDB https://rxdb.info/rx-storage-dexie.html?console=dexie \nWhile this is a great option, we want to let you know that there are faster storage solutions available in our premium plugins.\nFor professional users and production environments, we highly recommend considering these premium options to enhance performance and reliability.\n https://rxdb.info/premium/?console=dexie \nIf you already purchased premium access you can disable this log by calling the setPremiumFlag() function from rxdb-premium/plugins/shared.\n---------------------------------------------------------------------","user":"Jamal C. (jamal@yumyums.kitchen)","page":"/marketing.html","ua":"Mozilla/5.0 (X11; Linux x86_64) AppleWebKit/537.36 (KHTML, like Gecko) HeadlessChrome/147.0.7727.15 Safari/537.36"}

[1A[2K[2m[WebServer] [22m{"time":"2026-10-05T21:14:40.55155564-04:00","level":"INFO","msg":"client log","level":"WARN","message":"-------------- RxDB Open Core RxStorage -------------------------------\nYou are using the free Dexie.js based RxStorage implementation from RxDB https://rxdb.info/rx-storage-dexie.html?console=dexie \nWhile this is a great option, we want to let you know that there are faster storage solutions available in our premium plugins.\nFor professional users and production environments, we highly recommend considering these premium options to enhance performance and reliability.\n https://rxdb.info/premium/?console=dexie \nIf you already purchased premium access you can disable this log by calling the setPremiumFlag() function from rxdb-premium/plugins/shared.\n---------------------------------------------------------------------","user":"Jamal C. (jamal@yumyums.kitchen)","page":"/marketing.html","ua":"Mozilla/5.0 (X11; Linux x86_64) AppleWebKit/537.36 (KHTML, like Gecko) HeadlessChrome/147.0.7727.15 Safari/537.36"}

[1A[2K[2m[WebServer] [22m{"time":"2026-10-05T21:14:42.135958215-04:00","level":"INFO","msg":"client log","level":"WARN","message":"-------------- RxDB Open Core RxStorage -------------------------------\nYou are using the free Dexie.js based RxStorage implementation from RxDB https://rxdb.info/rx-storage-dexie.html?console=dexie \nWhile this is a great option, we want to let you know that there are faster storage solutions available in our premium plugins.\nFor professional users and production environments, we highly recommend considering these premium options to enhance performance and reliability.\n https://rxdb.info/premium/?console=dexie \nIf you already purchased premium access you can disable this log by calling the setPremiumFlag() function from rxdb-premium/plugins/shared.\n---------------------------------------------------------------------","user":"Jamal C. (jamal@yumyums.kitchen)","page":"/marketing.html","ua":"Mozilla/5.0 (X11; Linux x86_64) AppleWebKit/537.36 (KHTML, like Gecko) HeadlessChrome/147.0.7727.15 Safari/537.36"}

[1A[2K[2m[WebServer] [22m{"time":"2026-10-05T21:14:43.427573417-04:00","level":"INFO","msg":"client log","level":"WARN","message":"-------------- RxDB Open Core RxStorage -------------------------------\nYou are using the free Dexie.js based RxStorage implementation from RxDB https://rxdb.info/rx-storage-dexie.html?console=dexie \nWhile this is a great option, we want to let you know that there are faster storage solutions available in our premium plugins.\nFor professional users and production environments, we highly recommend considering these premium options to enhance performance and reliability.\n https://rxdb.info/premium/?console=dexie \nIf you already purchased premium access you can disable this log by calling the setPremiumFlag() function from rxdb-premium/plugins/shared.\n---------------------------------------------------------------------","user":"Jamal C. (jamal@yumyums.kitchen)","page":"/marketing.html","ua":"Mozilla/5.0 (X11; Linux x86_64) AppleWebKit/537.36 (KHTML, like Gecko) HeadlessChrome/147.0.7727.15 Safari/537.36"}

[1A[2K[2m[WebServer] [22m{"time":"2026-10-05T21:14:44.771692803-04:00","level":"INFO","msg":"client log","level":"WARN","message":"-------------- RxDB Open Core RxStorage -------------------------------\nYou are using the free Dexie.js based RxStorage implementation from RxDB https://rxdb.info/rx-storage-dexie.html?console=dexie \nWhile this is a great option, we want to let you know that there are faster storage solutions available in our premium plugins.\nFor professional users and production environments, we highly recommend considering these premium options to enhance performance and reliability.\n https://rxdb.info/premium/?console=dexie \nIf you already purchased premium access you can disable this log by calling the setPremiumFlag() function from rxdb-premium/plugins/shared.\n---------------------------------------------------------------------","user":"Jamal C. (jamal@yumyums.kitchen)","page":"/marketing.html","ua":"Mozilla/5.0 (X11; Linux x86_64) AppleWebKit/537.36 (KHTML, like Gecko) HeadlessChrome/147.0.7727.15 Safari/537.36"}

[1A[2K[2m[WebServer] [22m{"time":"2026-10-05T21:14:46.801090798-04:00","level":"INFO","msg":"client log","level":"WARN","message":"-------------- RxDB Open Core RxStorage -------------------------------\nYou are using the free Dexie.js based RxStorage implementation from RxDB https://rxdb.info/rx-storage-dexie.html?console=dexie \nWhile this is a great option, we want to let you know that there are faster storage solutions available in our premium plugins.\nFor professional users and production environments, we highly recommend considering these premium options to enhance performance and reliability.\n https://rxdb.info/premium/?console=dexie \nIf you already purchased premium access you can disable this log by calling the setPremiumFlag() function from rxdb-premium/plugins/shared.\n---------------------------------------------------------------------","user":"Jamal C. (jamal@yumyums.kitchen)","page":"/marketing.html","ua":"Mozilla/5.0 (X11; Linux x86_64) AppleWebKit/537.36 (KHTML, like Gecko) HeadlessChrome/147.0.7727.15 Safari/537.36"}

[1A[2KVERIFY REAL  cardL      v=9 len=214/216/223/211/203  read 139/160 (86.9%)  kinds={"embeddedOffer":139,"decodeError":19,"invalidPayload":2}  wrong-hash=0  failures-that-ever-read-on-3-repeats=0/21  successes-rescanned-ok=15/15

[1A[2KVERIFY REAL  cardL      marks .x.xx..x.x................x....x.x.x.........x...x................x........................x..x..x........x.......x..........x..........x................xx.....

[1A[2K[2m[WebServer] [22m{"time":"2026-10-05T21:14:48.797353479-04:00","level":"INFO","msg":"client log","level":"WARN","message":"-------------- RxDB Open Core RxStorage -------------------------------\nYou are using the free Dexie.js based RxStorage implementation from RxDB https://rxdb.info/rx-storage-dexie.html?console=dexie \nWhile this is a great option, we want to let you know that there are faster storage solutions available in our premium plugins.\nFor professional users and production environments, we highly recommend considering these premium options to enhance performance and reliability.\n https://rxdb.info/premium/?console=dexie \nIf you already purchased premium access you can disable this log by calling the setPremiumFlag() function from rxdb-premium/plugins/shared.\n---------------------------------------------------------------------","user":"Jamal C. (jamal@yumyums.kitchen)","page":"/marketing.html","ua":"Mozilla/5.0 (X11; Linux x86_64) AppleWebKit/537.36 (KHTML, like Gecko) HeadlessChrome/147.0.7727.15 Safari/537.36"}

[1A[2KVERIFY SHORT cardL      v=9 read 139/160 (86.9%)  wrong-text=2 ["04634874","17440400"]   QR-only read 140/160 (87.5%) wrong-text=0

[1A[2KVERIFY AGREE cardL      real-vs-shortcut disagreements: 0/160

[1A[2K  1 passed (5.9m)
exit=0
