# triage-guard footprint leg: the whole marketing seam (night-crew.toml token 'marketing' = 7 specs), guard in place. 2026-10-07T09:20:31-04:00
# cmd: npx playwright test marketing --retries=0 --reporter=list
# porcelain BEFORE: 10
[2m[WebServer] [22mNOTICE:  database "hq_test_triage_guard_seam_20261007" does not exist, skipping
[2m[WebServer] [22m── reset hq_test_triage_guard_seam_20261007 on localhost:5434 ──
[2m[WebServer] [22m── wrote version.json frontend=1.10.2 ──
[2m[WebServer] [22m{"time":"2026-10-07T09:22:38.236780943-04:00","level":"INFO","msg":"serving static files from disk","dir":"../"}
[2m[WebServer] [22m{"time":"2026-10-07T09:22:38.237080018-04:00","level":"INFO","msg":"loaded superadmins","count":1}
[2m[WebServer] [22m{"time":"2026-10-07T09:22:38.260807567-04:00","level":"INFO","msg":"connected to database"}
[2m[WebServer] [22m{"time":"2026-10-07T09:22:38.335893694-04:00","level":"INFO","msg":"OK   0001_users.sql (44.94ms)","source":"stdlog"}
[2m[WebServer] [22m{"time":"2026-10-07T09:22:38.396441442-04:00","level":"INFO","msg":"OK   0002_sessions.sql (60.4ms)","source":"stdlog"}
[2m[WebServer] [22m{"time":"2026-10-07T09:22:38.437910371-04:00","level":"INFO","msg":"OK   0003_invite_tokens.sql (41.34ms)","source":"stdlog"}
[2m[WebServer] [22m{"time":"2026-10-07T09:22:38.48129928-04:00","level":"INFO","msg":"OK   0004_hq_apps.sql (42.84ms)","source":"stdlog"}
[2m[WebServer] [22m{"time":"2026-10-07T09:22:38.541643886-04:00","level":"INFO","msg":"OK   0005_app_permissions.sql (60.12ms)","source":"stdlog"}
[2m[WebServer] [22m{"time":"2026-10-07T09:22:38.574340227-04:00","level":"INFO","msg":"OK   0006_checklist_templates.sql (32.47ms)","source":"stdlog"}
[2m[WebServer] [22m{"time":"2026-10-07T09:22:38.609318603-04:00","level":"INFO","msg":"OK   0007_checklist_schedules.sql (34.85ms)","source":"stdlog"}
[2m[WebServer] [22m{"time":"2026-10-07T09:22:38.654405596-04:00","level":"INFO","msg":"OK   0008_template_assignments.sql (44.96ms)","source":"stdlog"}
[2m[WebServer] [22m{"time":"2026-10-07T09:22:38.686328395-04:00","level":"INFO","msg":"OK   0009_checklist_sections.sql (31.79ms)","source":"stdlog"}
[2m[WebServer] [22m{"time":"2026-10-07T09:22:38.719209449-04:00","level":"INFO","msg":"OK   0010_checklist_fields.sql (32.76ms)","source":"stdlog"}
[2m[WebServer] [22m{"time":"2026-10-07T09:22:38.763273472-04:00","level":"INFO","msg":"OK   0011_checklist_submissions.sql (43.87ms)","source":"stdlog"}
[2m[WebServer] [22m{"time":"2026-10-07T09:22:38.818575098-04:00","level":"INFO","msg":"OK   0012_submission_responses.sql (55.17ms)","source":"stdlog"}
[2m[WebServer] [22m{"time":"2026-10-07T09:22:38.854070975-04:00","level":"INFO","msg":"OK   0013_submission_fail_notes.sql (35.36ms)","source":"stdlog"}
[2m[WebServer] [22m{"time":"2026-10-07T09:22:38.888920572-04:00","level":"INFO","msg":"OK   0014_submission_rejections.sql (34.71ms)","source":"stdlog"}
[2m[WebServer] [22m{"time":"2026-10-07T09:22:38.943275866-04:00","level":"INFO","msg":"OK   0015_ops.sql (54.23ms)","source":"stdlog"}
[2m[WebServer] [22m{"time":"2026-10-07T09:22:38.958631581-04:00","level":"INFO","msg":"OK   0016_lamport_ts.sql (15.2ms)","source":"stdlog"}
[2m[WebServer] [22m{"time":"2026-10-07T09:22:38.977044933-04:00","level":"INFO","msg":"OK   0017_users_naming.sql (18.3ms)","source":"stdlog"}
[2m[WebServer] [22m{"time":"2026-10-07T09:22:39.041898108-04:00","level":"INFO","msg":"OK   0018_ob_templates.sql (64.69ms)","source":"stdlog"}
[2m[WebServer] [22m{"time":"2026-10-07T09:22:39.118504869-04:00","level":"INFO","msg":"OK   0019_ob_items.sql (76.48ms)","source":"stdlog"}
[2m[WebServer] [22m{"time":"2026-10-07T09:22:39.171821367-04:00","level":"INFO","msg":"OK   0020_ob_progress.sql (53.15ms)","source":"stdlog"}
[2m[WebServer] [22m{"time":"2026-10-07T09:22:39.216125063-04:00","level":"INFO","msg":"OK   0021_ob_signoffs.sql (44.19ms)","source":"stdlog"}
[2m[WebServer] [22m{"time":"2026-10-07T09:22:39.258704007-04:00","level":"INFO","msg":"OK   0022_ob_template_assignments.sql (42.43ms)","source":"stdlog"}
[2m[WebServer] [22m{"time":"2026-10-07T09:22:39.334099724-04:00","level":"INFO","msg":"OK   0023_multi_role.sql (75.28ms)","source":"stdlog"}
[2m[WebServer] [22m{"time":"2026-10-07T09:22:39.555963455-04:00","level":"INFO","msg":"OK   0024_inventory.sql (221.68ms)","source":"stdlog"}
[2m[WebServer] [22m{"time":"2026-10-07T09:22:39.597403441-04:00","level":"INFO","msg":"OK   0025_pending_purchases.sql (41.29ms)","source":"stdlog"}
[2m[WebServer] [22m{"time":"2026-10-07T09:22:39.607014069-04:00","level":"INFO","msg":"OK   0026_ob_progress_faq.sql (9.49ms)","source":"stdlog"}
[2m[WebServer] [22m{"time":"2026-10-07T09:22:39.614156431-04:00","level":"INFO","msg":"OK   0027_ob_section_signoff_roles.sql (7.06ms)","source":"stdlog"}
[2m[WebServer] [22m{"time":"2026-10-07T09:22:39.629557349-04:00","level":"INFO","msg":"OK   0028_ob_video_upgrade.sql (15.29ms)","source":"stdlog"}
[2m[WebServer] [22m{"time":"2026-10-07T09:22:39.63716659-04:00","level":"INFO","msg":"OK   0029_ob_templates_archived_at.sql (7.53ms)","source":"stdlog"}
[2m[WebServer] [22m{"time":"2026-10-07T09:22:39.662261278-04:00","level":"INFO","msg":"OK   0030_item_groups_unique_name.sql (24.97ms)","source":"stdlog"}
[2m[WebServer] [22m{"time":"2026-10-07T09:22:39.672137052-04:00","level":"INFO","msg":"OK   0031_remove_placeholder_items.sql (9.73ms)","source":"stdlog"}
[2m[WebServer] [22m{"time":"2026-10-07T09:22:39.687034019-04:00","level":"INFO","msg":"OK   0032_item_group_thresholds.sql (14.75ms)","source":"stdlog"}
[2m[WebServer] [22m{"time":"2026-10-07T09:22:39.714178008-04:00","level":"INFO","msg":"OK   0033_stock_count_overrides.sql (27.04ms)","source":"stdlog"}
[2m[WebServer] [22m{"time":"2026-10-07T09:22:39.770736097-04:00","level":"INFO","msg":"OK   0034_purchase_orders.sql (56.43ms)","source":"stdlog"}
[2m[WebServer] [22m{"time":"2026-10-07T09:22:39.793708532-04:00","level":"INFO","msg":"OK   0035_purchase_items_photo_store.sql (22.84ms)","source":"stdlog"}
[2m[WebServer] [22m{"time":"2026-10-07T09:22:39.815670029-04:00","level":"INFO","msg":"OK   0036_purchase_items_full_name.sql (21.85ms)","source":"stdlog"}
[2m[WebServer] [22m{"time":"2026-10-07T09:22:39.847054731-04:00","level":"INFO","msg":"OK   0037_cutoff_config.sql (31.26ms)","source":"stdlog"}
[2m[WebServer] [22m{"time":"2026-10-07T09:22:39.867232942-04:00","level":"INFO","msg":"OK   0038_po_status_extend.sql (20.04ms)","source":"stdlog"}
[2m[WebServer] [22m{"time":"2026-10-07T09:22:39.895216488-04:00","level":"INFO","msg":"OK   0039_purchase_items_vendor.sql (27.82ms)","source":"stdlog"}
[2m[WebServer] [22m{"time":"2026-10-07T09:22:40.014731729-04:00","level":"INFO","msg":"OK   0040_shopping_lists.sql (119.29ms)","source":"stdlog"}
[2m[WebServer] [22m{"time":"2026-10-07T09:22:40.028327246-04:00","level":"INFO","msg":"OK   0041_notification_channel.sql (13.49ms)","source":"stdlog"}
[2m[WebServer] [22m{"time":"2026-10-07T09:22:40.097732568-04:00","level":"INFO","msg":"OK   0042_repurchase_tracking.sql (69.26ms)","source":"stdlog"}
[2m[WebServer] [22m{"time":"2026-10-07T09:22:40.14883684-04:00","level":"INFO","msg":"OK   0043_alert_log.sql (50.97ms)","source":"stdlog"}
[2m[WebServer] [22m{"time":"2026-10-07T09:22:40.200507827-04:00","level":"INFO","msg":"OK   0044_low_stock_alert_log.sql (51.55ms)","source":"stdlog"}
[2m[WebServer] [22m{"time":"2026-10-07T09:22:40.250587395-04:00","level":"INFO","msg":"OK   0045_notification_channel_array.sql (49.96ms)","source":"stdlog"}
[2m[WebServer] [22m{"time":"2026-10-07T09:22:40.258354141-04:00","level":"INFO","msg":"OK   0046_user_timezone.sql (7.67ms)","source":"stdlog"}
[2m[WebServer] [22m{"time":"2026-10-07T09:22:40.314431259-04:00","level":"INFO","msg":"OK   0047_employee_fields.sql (55.94ms)","source":"stdlog"}
[2m[WebServer] [22m{"time":"2026-10-07T09:22:40.322401905-04:00","level":"INFO","msg":"OK   0048_notification_default_both.sql (7.84ms)","source":"stdlog"}
[2m[WebServer] [22m{"time":"2026-10-07T09:22:40.367197411-04:00","level":"INFO","msg":"OK   0049_ob_sub_items.sql (44.68ms)","source":"stdlog"}
[2m[WebServer] [22m{"time":"2026-10-07T09:22:40.376491945-04:00","level":"INFO","msg":"OK   0050_ob_progress_sub_item.sql (9.17ms)","source":"stdlog"}
[2m[WebServer] [22m{"time":"2026-10-07T09:22:40.384464433-04:00","level":"INFO","msg":"OK   0051_rejection_field_fk.sql (7.85ms)","source":"stdlog"}
[2m[WebServer] [22m{"time":"2026-10-07T09:22:40.401109565-04:00","level":"INFO","msg":"OK   0052_template_name_unique.sql (16.56ms)","source":"stdlog"}
[2m[WebServer] [22m{"time":"2026-10-07T09:22:40.409453865-04:00","level":"INFO","msg":"OK   0053_response_field_fk.sql (8.21ms)","source":"stdlog"}
[2m[WebServer] [22m{"time":"2026-10-07T09:22:40.418190248-04:00","level":"INFO","msg":"OK   0054_failnote_field_fk.sql (8.64ms)","source":"stdlog"}
[2m[WebServer] [22m{"time":"2026-10-07T09:22:40.426273413-04:00","level":"INFO","msg":"OK   0055_item_location_in_store.sql (7.97ms)","source":"stdlog"}
[2m[WebServer] [22m{"time":"2026-10-07T09:22:40.446618342-04:00","level":"INFO","msg":"OK   0056_ob_progress_photo.sql (20.18ms)","source":"stdlog"}
[2m[WebServer] [22m{"time":"2026-10-07T09:22:40.461132332-04:00","level":"INFO","msg":"OK   0057_ob_items_photo_type.sql (14.41ms)","source":"stdlog"}
[2m[WebServer] [22m{"time":"2026-10-07T09:22:40.477031348-04:00","level":"INFO","msg":"OK   0058_ob_sub_items_photos.sql (15.8ms)","source":"stdlog"}
[2m[WebServer] [22m{"time":"2026-10-07T09:22:40.485365133-04:00","level":"INFO","msg":"OK   0059_cleanup_photo_items.sql (8.22ms)","source":"stdlog"}
[2m[WebServer] [22m{"time":"2026-10-07T09:22:40.549248996-04:00","level":"INFO","msg":"OK   0060_menu_items.sql (63.71ms)","source":"stdlog"}
[2m[WebServer] [22m{"time":"2026-10-07T09:22:40.582383598-04:00","level":"INFO","msg":"OK   0061_daily_menu_sales.sql (33.03ms)","source":"stdlog"}
[2m[WebServer] [22m{"time":"2026-10-07T09:22:40.627249781-04:00","level":"INFO","msg":"OK   0062_recipes.sql (44.76ms)","source":"stdlog"}
[2m[WebServer] [22m{"time":"2026-10-07T09:22:40.660208666-04:00","level":"INFO","msg":"OK   0063_drift_check_results.sql (32.85ms)","source":"stdlog"}
[2m[WebServer] [22m{"time":"2026-10-07T09:22:40.675752672-04:00","level":"INFO","msg":"OK   0064_no_itemized_receipt_seed.sql (15.41ms)","source":"stdlog"}
[2m[WebServer] [22m{"time":"2026-10-07T09:22:40.689124777-04:00","level":"INFO","msg":"OK   0065_mercury_category_on_purchase_events.sql (13.27ms)","source":"stdlog"}
[2m[WebServer] [22m{"time":"2026-10-07T09:22:40.70253428-04:00","level":"INFO","msg":"OK   0066_mercury_category_on_pending_purchases.sql (13.32ms)","source":"stdlog"}
[2m[WebServer] [22m{"time":"2026-10-07T09:22:40.759901791-04:00","level":"INFO","msg":"OK   0067_receipt_sync_runs.sql (57.21ms)","source":"stdlog"}
[2m[WebServer] [22m{"time":"2026-10-07T09:22:40.785704873-04:00","level":"INFO","msg":"OK   0068_pending_purchases_bank_tx_uniq.sql (25.69ms)","source":"stdlog"}
[2m[WebServer] [22m{"time":"2026-10-07T09:22:40.799493776-04:00","level":"INFO","msg":"OK   0069_pending_purchases_parse_error.sql (13.61ms)","source":"stdlog"}
[2m[WebServer] [22m{"time":"2026-10-07T09:22:40.814544995-04:00","level":"INFO","msg":"OK   0070_receipt_urls.sql (14.9ms)","source":"stdlog"}
[2m[WebServer] [22m{"time":"2026-10-07T09:22:40.836544758-04:00","level":"INFO","msg":"OK   0071_submission_fail_notes_unique.sql (21.8ms)","source":"stdlog"}
[2m[WebServer] [22m{"time":"2026-10-07T09:22:40.853374929-04:00","level":"INFO","msg":"OK   0072_app_timezone_new_york.sql (16.68ms)","source":"stdlog"}
[2m[WebServer] [22m{"time":"2026-10-07T09:22:40.876346496-04:00","level":"INFO","msg":"OK   0073_sync_fdw_views.sql (22.7ms)","source":"stdlog"}
[2m[WebServer] [22m{"time":"2026-10-07T09:22:40.888177805-04:00","level":"INFO","msg":"OK   0074_sync_fdw_approver_view.sql (11.68ms)","source":"stdlog"}
[2m[WebServer] [22m{"time":"2026-10-07T09:22:40.94074591-04:00","level":"INFO","msg":"OK   0075_item_aliases.sql (52.35ms)","source":"stdlog"}
[2m[WebServer] [22m{"time":"2026-10-07T09:22:40.966645793-04:00","level":"INFO","msg":"OK   0076_checklist_template_app.sql (25.77ms)","source":"stdlog"}
[2m[WebServer] [22m{"time":"2026-10-07T09:22:41.014691237-04:00","level":"INFO","msg":"OK   0077_race_lost_notifications.sql (47.89ms)","source":"stdlog"}
[2m[WebServer] [22m{"time":"2026-10-07T09:22:41.02987297-04:00","level":"INFO","msg":"OK   0078_card_holder_on_purchases.sql (15.07ms)","source":"stdlog"}
[2m[WebServer] [22m{"time":"2026-10-07T09:22:41.056408727-04:00","level":"INFO","msg":"OK   0079_pending_purchases_retry_requested.sql (26.4ms)","source":"stdlog"}
[2m[WebServer] [22m{"time":"2026-10-07T09:22:41.071667749-04:00","level":"INFO","msg":"OK   0080_receipt_sync_runs_cancelled.sql (15.13ms)","source":"stdlog"}
[2m[WebServer] [22m{"time":"2026-10-07T09:22:41.121238705-04:00","level":"INFO","msg":"OK   0081_item_alias_display.sql (49.36ms)","source":"stdlog"}
[2m[WebServer] [22m{"time":"2026-10-07T09:22:41.142492025-04:00","level":"INFO","msg":"OK   0082_bi_grants.sql (21ms)","source":"stdlog"}
[2m[WebServer] [22m{"time":"2026-10-07T09:22:41.257739779-04:00","level":"INFO","msg":"OK   0083_campaigns_admin.sql (115.06ms)","source":"stdlog"}
[2m[WebServer] [22m{"time":"2026-10-07T09:22:41.394230989-04:00","level":"INFO","msg":"OK   0084_toast_orders_reconciliation.sql (136.21ms)","source":"stdlog"}
[2m[WebServer] [22m{"time":"2026-10-07T09:22:41.509215042-04:00","level":"INFO","msg":"OK   0085_subscribers.sql (114.81ms)","source":"stdlog"}
[2m[WebServer] [22m{"time":"2026-10-07T09:22:41.536726325-04:00","level":"INFO","msg":"OK   0086_merge_repoint_and_erasure_backstop.sql (27.31ms)","source":"stdlog"}
[2m[WebServer] [22m{"time":"2026-10-07T09:22:41.59220893-04:00","level":"INFO","msg":"OK   0087_qr_scans_dedupe_bucket.sql (55.32ms)","source":"stdlog"}
[2m[WebServer] [22m{"time":"2026-10-07T09:22:41.592265721-04:00","level":"INFO","msg":"goose: successfully migrated database to version: 87","source":"stdlog"}
[2m[WebServer] [22m{"time":"2026-10-07T09:22:41.592279623-04:00","level":"INFO","msg":"database migrations applied successfully"}
[2m[WebServer] [22m{"time":"2026-10-07T09:22:41.677938591-04:00","level":"INFO","msg":"upserted superadmin","email":"jamal@yumyums.kitchen"}
[2m[WebServer] [22m{"time":"2026-10-07T09:22:41.716564844-04:00","level":"INFO","msg":"seeded template","name":"Setup Checklist","id":"1f508449-d528-4320-9882-e3785c47f5fd"}
[2m[WebServer] [22m{"time":"2026-10-07T09:22:41.716626915-04:00","level":"INFO","msg":"seeded templates","count":1}
[2m[WebServer] [22m{"time":"2026-10-07T09:22:41.749175782-04:00","level":"INFO","msg":"seeded onboarding template","name":"Kitchen Basics Training","id":"bfd9f233-8137-4f27-b87c-d1fbc95692e2"}
[2m[WebServer] [22m{"time":"2026-10-07T09:22:41.775941778-04:00","level":"INFO","msg":"inventory: seeded vendors","count":5}
[2m[WebServer] [22m{"time":"2026-10-07T09:22:41.864839771-04:00","level":"INFO","msg":"inventory: seeded unique tags","count":19}
[2m[WebServer] [22m{"time":"2026-10-07T09:22:42.00963019-04:00","level":"INFO","msg":"inventory: seeded item groups","count":10}
[2m[WebServer] [22m{"time":"2026-10-07T09:22:42.530356131-04:00","level":"INFO","msg":"inventory: seeded purchase items from YAML","count":106}
[2m[WebServer] [22m{"time":"2026-10-07T09:22:42.530461631-04:00","level":"WARN","msg":"object storage env vars not set, photo and video upload endpoints will return 503","required":"STORAGE_KEY, STORAGE_SECRET, STORAGE_BUCKET, STORAGE_ENDPOINT, STORAGE_REGION"}
[2m[WebServer] [22m{"time":"2026-10-07T09:22:42.530545255-04:00","level":"WARN","msg":"HQ_INVENTORY_SERVICE_TOKEN not set, /api/v1/inventory/period-summary AND /api/v1/inventory/menu-cogs will return 503"}
[2m[WebServer] [22m{"time":"2026-10-07T09:22:42.53063653-04:00","level":"INFO","msg":"marketing campaign projection not configured; campaigns will save with projected_at NULL and warnings:[\"not_projected\"]","missing":"HQ_SYNC_REST_URL and/or HQ_SYNC_SERVICE_KEY"}
[2m[WebServer] [22m{"time":"2026-10-07T09:22:42.530730283-04:00","level":"INFO","msg":"inventory COGS category allowlist","allowlist":["COGS"]}
[2m[WebServer] [22m{"time":"2026-10-07T09:22:42.531224268-04:00","level":"INFO","msg":"redemption arbiter not configured; POST /api/v1/marketing/redeem answers 503","missing":"HQ_SYNC_REST_URL and/or HQ_SYNC_SERVICE_KEY"}
[2m[WebServer] [22m{"time":"2026-10-07T09:22:42.53149389-04:00","level":"INFO","msg":"receipt worker disabled","reason":"E2E_DISABLE_SCHEDULERS=1"}
[2m[WebServer] [22m{"time":"2026-10-07T09:22:42.531565229-04:00","level":"INFO","msg":"alert queue started","delivery_enabled":false}
[2m[WebServer] [22m{"time":"2026-10-07T09:22:42.531587644-04:00","level":"INFO","msg":"cutoff scheduler disabled","reason":"E2E_DISABLE_SCHEDULERS=1"}
[2m[WebServer] [22m{"time":"2026-10-07T09:22:42.531605855-04:00","level":"INFO","msg":"scan-attempts mirror disabled","reason":"E2E_DISABLE_SCHEDULERS=1"}
[2m[WebServer] [22m{"time":"2026-10-07T09:22:42.53162633-04:00","level":"INFO","msg":"toast worker disabled, cmd/sync-toast remains available","reason":"TOAST_SYNC_INTERVAL=0"}
[2m[WebServer] [22m{"time":"2026-10-07T09:22:42.531634736-04:00","level":"INFO","msg":"alerts queue started"}
[2m[WebServer] [22m{"time":"2026-10-07T09:22:42.565910931-04:00","level":"INFO","msg":"server listening","port":"8398"}
[2m[WebServer] [22m{"time":"2026-10-07T09:22:42.576431051-04:00","level":"INFO","msg":"reachable at","url":"http://10.255.255.254:8398"}
[2m[WebServer] [22m{"time":"2026-10-07T09:22:42.576481269-04:00","level":"INFO","msg":"reachable at","url":"http://192.168.8.164:8398"}
[2m[WebServer] [22m{"time":"2026-10-07T09:22:42.576492153-04:00","level":"INFO","msg":"reachable at","url":"http://100.70.200.55:8398"}
[2m[WebServer] [22m{"time":"2026-10-07T09:22:42.5765053-04:00","level":"INFO","msg":"Yumyums HQ ready, accepting connections"}

Running 133 tests using 1 worker

[2m[WebServer] [22m{"time":"2026-10-07T09:22:45.673241687-04:00","level":"INFO","msg":"client log","level":"WARN","message":"-------------- RxDB Open Core RxStorage -------------------------------\nYou are using the free Dexie.js based RxStorage implementation from RxDB https://rxdb.info/rx-storage-dexie.html?console=dexie \nWhile this is a great option, we want to let you know that there are faster storage solutions available in our premium plugins.\nFor professional users and production environments, we highly recommend considering these premium options to enhance performance and reliability.\n https://rxdb.info/premium/?console=dexie \nIf you already purchased premium access you can disable this log by calling the setPremiumFlag() function from rxdb-premium/plugins/shared.\n---------------------------------------------------------------------","user":"Jamal C. (jamal@yumyums.kitchen)","page":"/marketing.html","ua":"Mozilla/5.0 (X11; Linux x86_64) AppleWebKit/537.36 (KHTML, like Gecko) HeadlessChrome/147.0.7727.15 Safari/537.36"}
[2m[WebServer] [22m{"time":"2026-10-07T09:22:46.230908904-04:00","level":"ERROR","msg":"marketing: campaign projection failed; projected_at left NULL","error":"projection not configured (HQ_SYNC_REST_URL and/or HQ_SYNC_SERVICE_KEY empty)","campaign_id":"210591e1-d334-4e95-ae54-79d5175395a2"}
  ✓    1 [chromium] › tests/marketing-campaigns.spec.js:95:3 › Campaigns section (#s2) — card h2-campaigns-tab-ui › [MC-01] create sheet mints N codes and lands on "N codes ready" (1.4s)
[2m[WebServer] [22m{"time":"2026-10-07T09:22:46.849428435-04:00","level":"ERROR","msg":"marketing: campaign projection failed; projected_at left NULL","error":"projection not configured (HQ_SYNC_REST_URL and/or HQ_SYNC_SERVICE_KEY empty)","campaign_id":"fd7f8bb6-83d3-4a4b-99bf-f6c8369c3b61"}
[2m[WebServer] [22m{"time":"2026-10-07T09:22:47.003472331-04:00","level":"INFO","msg":"client log","level":"WARN","message":"-------------- RxDB Open Core RxStorage -------------------------------\nYou are using the free Dexie.js based RxStorage implementation from RxDB https://rxdb.info/rx-storage-dexie.html?console=dexie \nWhile this is a great option, we want to let you know that there are faster storage solutions available in our premium plugins.\nFor professional users and production environments, we highly recommend considering these premium options to enhance performance and reliability.\n https://rxdb.info/premium/?console=dexie \nIf you already purchased premium access you can disable this log by calling the setPremiumFlag() function from rxdb-premium/plugins/shared.\n---------------------------------------------------------------------","user":"Jamal C. (jamal@yumyums.kitchen)","page":"/marketing.html","ua":"Mozilla/5.0 (X11; Linux x86_64) AppleWebKit/537.36 (KHTML, like Gecko) HeadlessChrome/147.0.7727.15 Safari/537.36"}
  ✓    2 [chromium] › tests/marketing-campaigns.spec.js:135:3 › Campaigns section (#s2) — card h2-campaigns-tab-ui › [MC-02] list renders funnel + money strip (868ms)
[2m[WebServer] [22m{"time":"2026-10-07T09:22:47.715041951-04:00","level":"ERROR","msg":"marketing: campaign projection failed; projected_at left NULL","error":"projection not configured (HQ_SYNC_REST_URL and/or HQ_SYNC_SERVICE_KEY empty)","campaign_id":"d02f9dd8-8060-425c-adbb-da3847b4d9c5"}
[2m[WebServer] [22m{"time":"2026-10-07T09:22:47.8747824-04:00","level":"INFO","msg":"client log","level":"WARN","message":"-------------- RxDB Open Core RxStorage -------------------------------\nYou are using the free Dexie.js based RxStorage implementation from RxDB https://rxdb.info/rx-storage-dexie.html?console=dexie \nWhile this is a great option, we want to let you know that there are faster storage solutions available in our premium plugins.\nFor professional users and production environments, we highly recommend considering these premium options to enhance performance and reliability.\n https://rxdb.info/premium/?console=dexie \nIf you already purchased premium access you can disable this log by calling the setPremiumFlag() function from rxdb-premium/plugins/shared.\n---------------------------------------------------------------------","user":"Jamal C. (jamal@yumyums.kitchen)","page":"/marketing.html","ua":"Mozilla/5.0 (X11; Linux x86_64) AppleWebKit/537.36 (KHTML, like Gecko) HeadlessChrome/147.0.7727.15 Safari/537.36"}
  ✓    3 [chromium] › tests/marketing-campaigns.spec.js:179:3 › Campaigns section (#s2) — card h2-campaigns-tab-ui › [MC-03a] code sheet Share calls navigator.share with the PNG file (API installed by the test) (1.2s)
[2m[WebServer] [22m{"time":"2026-10-07T09:22:48.987562641-04:00","level":"ERROR","msg":"marketing: campaign projection failed; projected_at left NULL","error":"projection not configured (HQ_SYNC_REST_URL and/or HQ_SYNC_SERVICE_KEY empty)","campaign_id":"653c6048-5bdb-4dec-aade-a5ede74205fb"}
[2m[WebServer] [22m{"time":"2026-10-07T09:22:49.132905344-04:00","level":"INFO","msg":"client log","level":"WARN","message":"-------------- RxDB Open Core RxStorage -------------------------------\nYou are using the free Dexie.js based RxStorage implementation from RxDB https://rxdb.info/rx-storage-dexie.html?console=dexie \nWhile this is a great option, we want to let you know that there are faster storage solutions available in our premium plugins.\nFor professional users and production environments, we highly recommend considering these premium options to enhance performance and reliability.\n https://rxdb.info/premium/?console=dexie \nIf you already purchased premium access you can disable this log by calling the setPremiumFlag() function from rxdb-premium/plugins/shared.\n---------------------------------------------------------------------","user":"Jamal C. (jamal@yumyums.kitchen)","page":"/marketing.html","ua":"Mozilla/5.0 (X11; Linux x86_64) AppleWebKit/537.36 (KHTML, like Gecko) HeadlessChrome/147.0.7727.15 Safari/537.36"}
  ✓    4 [chromium] › tests/marketing-campaigns.spec.js:235:3 › Campaigns section (#s2) — card h2-campaigns-tab-ui › [MC-03b] with no Web Share API the code sheet renders Save PNG + Copy link (un-stubbed) (983ms)
[2m[WebServer] [22m{"time":"2026-10-07T09:22:49.952255975-04:00","level":"INFO","msg":"client log","level":"WARN","message":"-------------- RxDB Open Core RxStorage -------------------------------\nYou are using the free Dexie.js based RxStorage implementation from RxDB https://rxdb.info/rx-storage-dexie.html?console=dexie \nWhile this is a great option, we want to let you know that there are faster storage solutions available in our premium plugins.\nFor professional users and production environments, we highly recommend considering these premium options to enhance performance and reliability.\n https://rxdb.info/premium/?console=dexie \nIf you already purchased premium access you can disable this log by calling the setPremiumFlag() function from rxdb-premium/plugins/shared.\n---------------------------------------------------------------------","user":"Camp T. (mc-tm-1791379369937-7945@yumyums.kitchen)","page":"/marketing.html","ua":"Mozilla/5.0 (X11; Linux x86_64) AppleWebKit/537.36 (KHTML, like Gecko) HeadlessChrome/147.0.7727.15 Safari/537.36"}
  ✓    5 [chromium] › tests/marketing-campaigns.spec.js:263:3 › Campaigns section (#s2) — card h2-campaigns-tab-ui › [MC-04] team_member sees the Locked state (1.4s)
[2m[WebServer] [22m{"time":"2026-10-07T09:22:49.341657929-04:00","level":"INFO","msg":"client log","level":"WARN","message":"-------------- RxDB Open Core RxStorage -------------------------------\nYou are using the free Dexie.js based RxStorage implementation from RxDB https://rxdb.info/rx-storage-dexie.html?console=dexie \nWhile this is a great option, we want to let you know that there are faster storage solutions available in our premium plugins.\nFor professional users and production environments, we highly recommend considering these premium options to enhance performance and reliability.\n https://rxdb.info/premium/?console=dexie \nIf you already purchased premium access you can disable this log by calling the setPremiumFlag() function from rxdb-premium/plugins/shared.\n---------------------------------------------------------------------","user":"Jamal C. (jamal@yumyums.kitchen)","page":"/marketing.html","ua":"Mozilla/5.0 (X11; Linux x86_64) AppleWebKit/537.36 (KHTML, like Gecko) HeadlessChrome/147.0.7727.15 Safari/537.36"}
[2m[WebServer] [22m{"time":"2026-10-07T09:22:50.55202268-04:00","level":"ERROR","msg":"marketing: campaign projection failed; projected_at left NULL","error":"projection not configured (HQ_SYNC_REST_URL and/or HQ_SYNC_SERVICE_KEY empty)","campaign_id":"d81a9ece-5fcd-45a3-b1ec-fe87e63eaf61"}
  ✓    6 [chromium] › tests/marketing-campaigns.spec.js:297:3 › Campaigns section (#s2) — card h2-campaigns-tab-ui › [MC-06] typing the "Other" channel label survives more than one keystroke (1.9s)
[2m[WebServer] [22m{"time":"2026-10-07T09:22:51.173201662-04:00","level":"ERROR","msg":"marketing: campaign projection failed; projected_at left NULL","error":"projection not configured (HQ_SYNC_REST_URL and/or HQ_SYNC_SERVICE_KEY empty)","campaign_id":"89358d94-009f-458d-b85c-dbc9f8208730"}
[2m[WebServer] [22m{"time":"2026-10-07T09:22:51.327851191-04:00","level":"INFO","msg":"client log","level":"WARN","message":"-------------- RxDB Open Core RxStorage -------------------------------\nYou are using the free Dexie.js based RxStorage implementation from RxDB https://rxdb.info/rx-storage-dexie.html?console=dexie \nWhile this is a great option, we want to let you know that there are faster storage solutions available in our premium plugins.\nFor professional users and production environments, we highly recommend considering these premium options to enhance performance and reliability.\n https://rxdb.info/premium/?console=dexie \nIf you already purchased premium access you can disable this log by calling the setPremiumFlag() function from rxdb-premium/plugins/shared.\n---------------------------------------------------------------------","user":"Jamal C. (jamal@yumyums.kitchen)","page":"/marketing.html","ua":"Mozilla/5.0 (X11; Linux x86_64) AppleWebKit/537.36 (KHTML, like Gecko) HeadlessChrome/147.0.7727.15 Safari/537.36"}
  ✓    7 [chromium] › tests/marketing-campaigns.spec.js:336:3 › Campaigns section (#s2) — card h2-campaigns-tab-ui › [MC-07] a failed Pause reports the write, non-destructively — the detail stays on screen (1.0s)
[2m[WebServer] [22m{"time":"2026-10-07T09:22:52.19957695-04:00","level":"ERROR","msg":"marketing: campaign projection failed; projected_at left NULL","error":"projection not configured (HQ_SYNC_REST_URL and/or HQ_SYNC_SERVICE_KEY empty)","campaign_id":"11165219-bc55-414c-8011-429c194dfd47"}
[2m[WebServer] [22m{"time":"2026-10-07T09:22:52.222754645-04:00","level":"ERROR","msg":"ListPendingPurchases query failed","error":"context canceled"}
[2m[WebServer] [22m{"time":"2026-10-07T09:22:52.223003538-04:00","level":"ERROR","msg":"GetStock query failed","error":"context canceled"}
[2m[WebServer] [22m{"time":"2026-10-07T09:22:52.350358881-04:00","level":"INFO","msg":"client log","level":"WARN","message":"-------------- RxDB Open Core RxStorage -------------------------------\nYou are using the free Dexie.js based RxStorage implementation from RxDB https://rxdb.info/rx-storage-dexie.html?console=dexie \nWhile this is a great option, we want to let you know that there are faster storage solutions available in our premium plugins.\nFor professional users and production environments, we highly recommend considering these premium options to enhance performance and reliability.\n https://rxdb.info/premium/?console=dexie \nIf you already purchased premium access you can disable this log by calling the setPremiumFlag() function from rxdb-premium/plugins/shared.\n---------------------------------------------------------------------","user":"Jamal C. (jamal@yumyums.kitchen)","page":"/marketing.html","ua":"Mozilla/5.0 (X11; Linux x86_64) AppleWebKit/537.36 (KHTML, like Gecko) HeadlessChrome/147.0.7727.15 Safari/537.36"}
  ✓    8 [chromium] › tests/marketing-campaigns.spec.js:374:3 › Campaigns section (#s2) — card h2-campaigns-tab-ui › [MC-05] offline shows the last-synced list + disabled create (1.1s)
[2m[WebServer] [22m{"time":"2026-10-07T09:22:53.462028809-04:00","level":"ERROR","msg":"marketing: campaign projection failed; projected_at left NULL","error":"projection not configured (HQ_SYNC_REST_URL and/or HQ_SYNC_SERVICE_KEY empty)","campaign_id":"19227538-95f4-4ed8-ac6f-2d2118e53fb2"}
  ✓    9 [chromium] › tests/marketing-stats.spec.js:268:3 › Marketing stats — card H4 › [MS-01] the BI Campaigns overview renders the funnel, revenue/discount/net and the orphan rate against the 10% line (1.4s)
[2m[WebServer] [22m{"time":"2026-10-07T09:22:54.954719846-04:00","level":"ERROR","msg":"marketing: campaign projection failed; projected_at left NULL","error":"projection not configured (HQ_SYNC_REST_URL and/or HQ_SYNC_SERVICE_KEY empty)","campaign_id":"78be73e5-bd95-41f4-a625-8e69ef938476"}
  ✓   10 [chromium] › tests/marketing-stats.spec.js:332:3 › Marketing stats — card H4 › [MS-02] the by-item slice carries a discount and a Per $1 on every row, and keeps the unattributed money visible (1.6s)
[2m[WebServer] [22m{"time":"2026-10-07T09:22:56.538740309-04:00","level":"ERROR","msg":"marketing: campaign projection failed; projected_at left NULL","error":"projection not configured (HQ_SYNC_REST_URL and/or HQ_SYNC_SERVICE_KEY empty)","campaign_id":"42fc169e-3961-4325-a85f-b9571c4df611"}
[2m[WebServer] [22m{"time":"2026-10-07T09:22:57.137999577-04:00","level":"INFO","msg":"client log","level":"WARN","message":"-------------- RxDB Open Core RxStorage -------------------------------\nYou are using the free Dexie.js based RxStorage implementation from RxDB https://rxdb.info/rx-storage-dexie.html?console=dexie \nWhile this is a great option, we want to let you know that there are faster storage solutions available in our premium plugins.\nFor professional users and production environments, we highly recommend considering these premium options to enhance performance and reliability.\n https://rxdb.info/premium/?console=dexie \nIf you already purchased premium access you can disable this log by calling the setPremiumFlag() function from rxdb-premium/plugins/shared.\n---------------------------------------------------------------------","user":"Jamal C. (jamal@yumyums.kitchen)","page":"/marketing.html","ua":"Mozilla/5.0 (X11; Linux x86_64) AppleWebKit/537.36 (KHTML, like Gecko) HeadlessChrome/147.0.7727.15 Safari/537.36"}
  ✓   11 [chromium] › tests/marketing-stats.spec.js:378:3 › Marketing stats — card H4 › [MS-03] the decline sheet will not post without a reason, requires a note for Other, and posts both (1.7s)
[2m[WebServer] [22m{"time":"2026-10-07T09:22:58.328792545-04:00","level":"ERROR","msg":"marketing: campaign projection failed; projected_at left NULL","error":"projection not configured (HQ_SYNC_REST_URL and/or HQ_SYNC_SERVICE_KEY empty)","campaign_id":"76cef23d-e877-4e87-b6d4-15b71b05df17"}
[2m[WebServer] [22m{"time":"2026-10-07T09:22:58.97452699-04:00","level":"INFO","msg":"client log","level":"WARN","message":"-------------- RxDB Open Core RxStorage -------------------------------\nYou are using the free Dexie.js based RxStorage implementation from RxDB https://rxdb.info/rx-storage-dexie.html?console=dexie \nWhile this is a great option, we want to let you know that there are faster storage solutions available in our premium plugins.\nFor professional users and production environments, we highly recommend considering these premium options to enhance performance and reliability.\n https://rxdb.info/premium/?console=dexie \nIf you already purchased premium access you can disable this log by calling the setPremiumFlag() function from rxdb-premium/plugins/shared.\n---------------------------------------------------------------------","user":"Jamal C. (jamal@yumyums.kitchen)","page":"/marketing.html","ua":"Mozilla/5.0 (X11; Linux x86_64) AppleWebKit/537.36 (KHTML, like Gecko) HeadlessChrome/147.0.7727.15 Safari/537.36"}
  ✓   12 [chromium] › tests/marketing-stats.spec.js:447:3 › Marketing stats — card H4 › [MS-04] the declined bucket shows the reason, the note and who decided, and Reopen puts the row back in the queue (1.6s)
[2m[WebServer] [22m{"time":"2026-10-07T09:23:00.211327898-04:00","level":"INFO","msg":"client log","level":"WARN","message":"-------------- RxDB Open Core RxStorage -------------------------------\nYou are using the free Dexie.js based RxStorage implementation from RxDB https://rxdb.info/rx-storage-dexie.html?console=dexie \nWhile this is a great option, we want to let you know that there are faster storage solutions available in our premium plugins.\nFor professional users and production environments, we highly recommend considering these premium options to enhance performance and reliability.\n https://rxdb.info/premium/?console=dexie \nIf you already purchased premium access you can disable this log by calling the setPremiumFlag() function from rxdb-premium/plugins/shared.\n---------------------------------------------------------------------","user":"Jamal C. (jamal@yumyums.kitchen)","page":"/marketing.html","ua":"Mozilla/5.0 (X11; Linux x86_64) AppleWebKit/537.36 (KHTML, like Gecko) HeadlessChrome/147.0.7727.15 Safari/537.36"}
  ✓   13 [chromium] › tests/marketing-stats.spec.js:486:3 › Marketing stats — card H4 › [MS-05] an empty period renders "No redemptions yet" on the BI report AND on the Marketing queue (983ms)
[2m[WebServer] [22m{"time":"2026-10-07T09:23:00.930007506-04:00","level":"ERROR","msg":"marketing: campaign projection failed; projected_at left NULL","error":"projection not configured (HQ_SYNC_REST_URL and/or HQ_SYNC_SERVICE_KEY empty)","campaign_id":"dc65a3c3-9649-4c8f-995a-2da23b379c1b"}
[2m[WebServer] [22m{"time":"2026-10-07T09:23:02.890822626-04:00","level":"INFO","msg":"client log","level":"WARN","message":"-------------- RxDB Open Core RxStorage -------------------------------\nYou are using the free Dexie.js based RxStorage implementation from RxDB https://rxdb.info/rx-storage-dexie.html?console=dexie \nWhile this is a great option, we want to let you know that there are faster storage solutions available in our premium plugins.\nFor professional users and production environments, we highly recommend considering these premium options to enhance performance and reliability.\n https://rxdb.info/premium/?console=dexie \nIf you already purchased premium access you can disable this log by calling the setPremiumFlag() function from rxdb-premium/plugins/shared.\n---------------------------------------------------------------------","user":"Stats T. (stats-bi-only-1791379381839-8380@yumyums.kitchen)","page":"/marketing.html","ua":"Mozilla/5.0 (X11; Linux x86_64) AppleWebKit/537.36 (KHTML, like Gecko) HeadlessChrome/147.0.7727.15 Safari/537.36"}
  ✓   14 [chromium] › tests/marketing-stats.spec.js:508:3 › Marketing stats — card H4 › [MS-06] a user holding bi but not marketing reads the BI Campaigns row and gets the Locked state on the Marketing queue (3.0s)
[2m[WebServer] [22m{"time":"2026-10-07T09:23:03.89908454-04:00","level":"ERROR","msg":"marketing: campaign projection failed; projected_at left NULL","error":"projection not configured (HQ_SYNC_REST_URL and/or HQ_SYNC_SERVICE_KEY empty)","campaign_id":"6e84f5db-603c-4f53-9d46-bd630ef22564"}
[2m[WebServer] [22m{"time":"2026-10-07T09:23:05.073047905-04:00","level":"ERROR","msg":"GetManagerHires failed","error":"iterate assigned templates for hire 5b796d86-6c7c-4276-b0e2-6cf47e63e811: context canceled"}
[2m[WebServer] [22m{"time":"2026-10-07T09:23:05.073051504-04:00","level":"ERROR","msg":"ListPendingPurchases query failed","error":"context canceled"}
[2m[WebServer] [22m{"time":"2026-10-07T09:23:05.073258144-04:00","level":"ERROR","msg":"GetStock query failed","error":"context canceled"}
[2m[WebServer] [22m{"time":"2026-10-07T09:23:05.076934932-04:00","level":"ERROR","msg":"GetMyTrainings failed","error":"context canceled"}
[2m[WebServer] [22m{"time":"2026-10-07T09:23:05.491475894-04:00","level":"INFO","msg":"client log","level":"WARN","message":"-------------- RxDB Open Core RxStorage -------------------------------\nYou are using the free Dexie.js based RxStorage implementation from RxDB https://rxdb.info/rx-storage-dexie.html?console=dexie \nWhile this is a great option, we want to let you know that there are faster storage solutions available in our premium plugins.\nFor professional users and production environments, we highly recommend considering these premium options to enhance performance and reliability.\n https://rxdb.info/premium/?console=dexie \nIf you already purchased premium access you can disable this log by calling the setPremiumFlag() function from rxdb-premium/plugins/shared.\n---------------------------------------------------------------------","user":"Stats T. (stats-member-1791379384648-3463@yumyums.kitchen)","page":"/marketing.html","ua":"Mozilla/5.0 (X11; Linux x86_64) AppleWebKit/537.36 (KHTML, like Gecko) HeadlessChrome/147.0.7727.15 Safari/537.36"}
  ✓   15 [chromium] › tests/marketing-stats.spec.js:560:3 › Marketing stats — card H4 › a team_member with the marketing grant gets the Locked state from managers_only (2.4s)
[2m[WebServer] [22m{"time":"2026-10-07T09:23:06.397046986-04:00","level":"ERROR","msg":"marketing: campaign projection failed; projected_at left NULL","error":"projection not configured (HQ_SYNC_REST_URL and/or HQ_SYNC_SERVICE_KEY empty)","campaign_id":"0993e75b-76aa-442e-9e1c-3c9207178dff"}
[2m[WebServer] [22m{"time":"2026-10-07T09:23:07.058601798-04:00","level":"INFO","msg":"client log","level":"WARN","message":"-------------- RxDB Open Core RxStorage -------------------------------\nYou are using the free Dexie.js based RxStorage implementation from RxDB https://rxdb.info/rx-storage-dexie.html?console=dexie \nWhile this is a great option, we want to let you know that there are faster storage solutions available in our premium plugins.\nFor professional users and production environments, we highly recommend considering these premium options to enhance performance and reliability.\n https://rxdb.info/premium/?console=dexie \nIf you already purchased premium access you can disable this log by calling the setPremiumFlag() function from rxdb-premium/plugins/shared.\n---------------------------------------------------------------------","user":"Jamal C. (jamal@yumyums.kitchen)","page":"/marketing.html","ua":"Mozilla/5.0 (X11; Linux x86_64) AppleWebKit/537.36 (KHTML, like Gecko) HeadlessChrome/147.0.7727.15 Safari/537.36"}
  ✓   16 [chromium] › tests/marketing-stats.spec.js:571:3 › Marketing stats — card H4 › the add-order sheet offers the nearest order with its basis and gap, and matching clears the row (1.8s)
[2m[WebServer] [22m{"time":"2026-10-07T09:23:08.109289501-04:00","level":"ERROR","msg":"marketing: campaign projection failed; projected_at left NULL","error":"projection not configured (HQ_SYNC_REST_URL and/or HQ_SYNC_SERVICE_KEY empty)","campaign_id":"f54e0b04-ef7b-420c-bb7c-8a6d50395b92"}
[2m[WebServer] [22m{"time":"2026-10-07T09:23:08.743293107-04:00","level":"INFO","msg":"client log","level":"WARN","message":"-------------- RxDB Open Core RxStorage -------------------------------\nYou are using the free Dexie.js based RxStorage implementation from RxDB https://rxdb.info/rx-storage-dexie.html?console=dexie \nWhile this is a great option, we want to let you know that there are faster storage solutions available in our premium plugins.\nFor professional users and production environments, we highly recommend considering these premium options to enhance performance and reliability.\n https://rxdb.info/premium/?console=dexie \nIf you already purchased premium access you can disable this log by calling the setPremiumFlag() function from rxdb-premium/plugins/shared.\n---------------------------------------------------------------------","user":"Jamal C. (jamal@yumyums.kitchen)","page":"/marketing.html","ua":"Mozilla/5.0 (X11; Linux x86_64) AppleWebKit/537.36 (KHTML, like Gecko) HeadlessChrome/147.0.7727.15 Safari/537.36"}
  ✓   17 [chromium] › tests/marketing-stats.spec.js:608:3 › Marketing stats — card H4 › an order number Toast does not have is reported on the sheet and the row stays open (1.5s)
[2m[WebServer] [22m{"time":"2026-10-07T09:23:09.65097137-04:00","level":"ERROR","msg":"marketing: campaign projection failed; projected_at left NULL","error":"projection not configured (HQ_SYNC_REST_URL and/or HQ_SYNC_SERVICE_KEY empty)","campaign_id":"ff7a5adf-30e4-4197-892e-a66fa3db356c"}
[2m[WebServer] [22m{"time":"2026-10-07T09:23:10.47228985-04:00","level":"INFO","msg":"client log","level":"WARN","message":"-------------- RxDB Open Core RxStorage -------------------------------\nYou are using the free Dexie.js based RxStorage implementation from RxDB https://rxdb.info/rx-storage-dexie.html?console=dexie \nWhile this is a great option, we want to let you know that there are faster storage solutions available in our premium plugins.\nFor professional users and production environments, we highly recommend considering these premium options to enhance performance and reliability.\n https://rxdb.info/premium/?console=dexie \nIf you already purchased premium access you can disable this log by calling the setPremiumFlag() function from rxdb-premium/plugins/shared.\n---------------------------------------------------------------------","user":"Jamal C. (jamal@yumyums.kitchen)","page":"/marketing.html","ua":"Mozilla/5.0 (X11; Linux x86_64) AppleWebKit/537.36 (KHTML, like Gecko) HeadlessChrome/147.0.7727.15 Safari/537.36"}
  ✓   18 [chromium] › tests/marketing-stats.spec.js:623:3 › Marketing stats — card H4 › the Marketing queue carries its own health card with matched / open / declined and the orphan rate (1.6s)
[2m[WebServer] [22m{"time":"2026-10-07T09:23:11.412465641-04:00","level":"INFO","msg":"client log","level":"WARN","message":"-------------- RxDB Open Core RxStorage -------------------------------\nYou are using the free Dexie.js based RxStorage implementation from RxDB https://rxdb.info/rx-storage-dexie.html?console=dexie \nWhile this is a great option, we want to let you know that there are faster storage solutions available in our premium plugins.\nFor professional users and production environments, we highly recommend considering these premium options to enhance performance and reliability.\n https://rxdb.info/premium/?console=dexie \nIf you already purchased premium access you can disable this log by calling the setPremiumFlag() function from rxdb-premium/plugins/shared.\n---------------------------------------------------------------------","user":"Jamal C. (jamal@yumyums.kitchen)","page":"/marketing.html","ua":"Mozilla/5.0 (X11; Linux x86_64) AppleWebKit/537.36 (KHTML, like Gecko) HeadlessChrome/147.0.7727.15 Safari/537.36"}
  ✓   19 [chromium] › tests/marketing-subscribers.spec.js:97:3 › Marketing · Subscribers (card H5) › [SB-01] list masks phone to last 4 — and the full number never reaches the browser (870ms)
[2m[WebServer] [22m{"time":"2026-10-07T09:23:12.252274159-04:00","level":"INFO","msg":"client log","level":"WARN","message":"-------------- RxDB Open Core RxStorage -------------------------------\nYou are using the free Dexie.js based RxStorage implementation from RxDB https://rxdb.info/rx-storage-dexie.html?console=dexie \nWhile this is a great option, we want to let you know that there are faster storage solutions available in our premium plugins.\nFor professional users and production environments, we highly recommend considering these premium options to enhance performance and reliability.\n https://rxdb.info/premium/?console=dexie \nIf you already purchased premium access you can disable this log by calling the setPremiumFlag() function from rxdb-premium/plugins/shared.\n---------------------------------------------------------------------","user":"Jamal C. (jamal@yumyums.kitchen)","page":"/marketing.html","ua":"Mozilla/5.0 (X11; Linux x86_64) AppleWebKit/537.36 (KHTML, like Gecko) HeadlessChrome/147.0.7727.15 Safari/537.36"}
  ✓   20 [chromium] › tests/marketing-subscribers.spec.js:133:3 › Marketing · Subscribers (card H5) › [SB-02] STOP renders an opted-out row, and the Opted out chip isolates it (944ms)
[2m[WebServer] [22m{"time":"2026-10-07T09:23:13.247766195-04:00","level":"INFO","msg":"client log","level":"WARN","message":"-------------- RxDB Open Core RxStorage -------------------------------\nYou are using the free Dexie.js based RxStorage implementation from RxDB https://rxdb.info/rx-storage-dexie.html?console=dexie \nWhile this is a great option, we want to let you know that there are faster storage solutions available in our premium plugins.\nFor professional users and production environments, we highly recommend considering these premium options to enhance performance and reliability.\n https://rxdb.info/premium/?console=dexie \nIf you already purchased premium access you can disable this log by calling the setPremiumFlag() function from rxdb-premium/plugins/shared.\n---------------------------------------------------------------------","user":"Jamal C. (jamal@yumyums.kitchen)","page":"/marketing.html","ua":"Mozilla/5.0 (X11; Linux x86_64) AppleWebKit/537.36 (KHTML, like Gecko) HeadlessChrome/147.0.7727.15 Safari/537.36"}
  ✓   21 [chromium] › tests/marketing-subscribers.spec.js:170:3 › Marketing · Subscribers (card H5) › [SB-03] the sheet shows identity-code status, the consent trail and the timeline (925ms)
[2m[WebServer] [22m{"time":"2026-10-07T09:23:14.179623576-04:00","level":"INFO","msg":"client log","level":"WARN","message":"-------------- RxDB Open Core RxStorage -------------------------------\nYou are using the free Dexie.js based RxStorage implementation from RxDB https://rxdb.info/rx-storage-dexie.html?console=dexie \nWhile this is a great option, we want to let you know that there are faster storage solutions available in our premium plugins.\nFor professional users and production environments, we highly recommend considering these premium options to enhance performance and reliability.\n https://rxdb.info/premium/?console=dexie \nIf you already purchased premium access you can disable this log by calling the setPremiumFlag() function from rxdb-premium/plugins/shared.\n---------------------------------------------------------------------","user":"Jamal C. (jamal@yumyums.kitchen)","page":"/marketing.html","ua":"Mozilla/5.0 (X11; Linux x86_64) AppleWebKit/537.36 (KHTML, like Gecko) HeadlessChrome/147.0.7727.15 Safari/537.36"}
  ✓   22 [chromium] › tests/marketing-subscribers.spec.js:204:3 › Marketing · Subscribers (card H5) › [SB-04] Resend records an event and sends nothing (1.0s)
[2m[WebServer] [22m{"time":"2026-10-07T09:23:15.407926098-04:00","level":"ERROR","msg":"GetMyTrainings failed","error":"context canceled"}
[2m[WebServer] [22m{"time":"2026-10-07T09:23:15.814522482-04:00","level":"INFO","msg":"client log","level":"WARN","message":"-------------- RxDB Open Core RxStorage -------------------------------\nYou are using the free Dexie.js based RxStorage implementation from RxDB https://rxdb.info/rx-storage-dexie.html?console=dexie \nWhile this is a great option, we want to let you know that there are faster storage solutions available in our premium plugins.\nFor professional users and production environments, we highly recommend considering these premium options to enhance performance and reliability.\n https://rxdb.info/premium/?console=dexie \nIf you already purchased premium access you can disable this log by calling the setPremiumFlag() function from rxdb-premium/plugins/shared.\n---------------------------------------------------------------------","user":"Subs T. (subs-locked-1791379395007-8370@yumyums.kitchen)","page":"/marketing.html","ua":"Mozilla/5.0 (X11; Linux x86_64) AppleWebKit/537.36 (KHTML, like Gecko) HeadlessChrome/147.0.7727.15 Safari/537.36"}
  ✓   23 [chromium] › tests/marketing-subscribers.spec.js:259:3 › Marketing · Subscribers (card H5) › a team_member sees the Locked state, from the real 403 managers_only (1.4s)
[2m[WebServer] [22m{"time":"2026-10-07T09:23:16.553969935-04:00","level":"INFO","msg":"client log","level":"WARN","message":"-------------- RxDB Open Core RxStorage -------------------------------\nYou are using the free Dexie.js based RxStorage implementation from RxDB https://rxdb.info/rx-storage-dexie.html?console=dexie \nWhile this is a great option, we want to let you know that there are faster storage solutions available in our premium plugins.\nFor professional users and production environments, we highly recommend considering these premium options to enhance performance and reliability.\n https://rxdb.info/premium/?console=dexie \nIf you already purchased premium access you can disable this log by calling the setPremiumFlag() function from rxdb-premium/plugins/shared.\n---------------------------------------------------------------------","user":"Jamal C. (jamal@yumyums.kitchen)","page":"/marketing.html","ua":"Mozilla/5.0 (X11; Linux x86_64) AppleWebKit/537.36 (KHTML, like Gecko) HeadlessChrome/147.0.7727.15 Safari/537.36"}
  ✓   24 [chromium] › tests/marketing-subscribers.spec.js:277:3 › Marketing · Subscribers (card H5) › the empty state names what is missing rather than rendering nothing (1.1s)
  ✓   25 [chromium] › tests/marketing.spec.js:108:3 › Marketing tile + permission seed (card marketing-tile-and-page) › SEED: SeedHQApps registers marketing + marketing-offline-override with their first-registration grants (529ms)
[2m[WebServer] [22m{"time":"2026-10-07T09:23:16.407001812-04:00","level":"ERROR","msg":"GetManagerHires failed","error":"iterate assigned templates for hire 1ef8172a-a6b1-4bcd-ac68-0c92d8283da1: context canceled"}
[2m[WebServer] [22m{"time":"2026-10-07T09:23:16.418007495-04:00","level":"ERROR","msg":"GetMyTrainings failed","error":"context canceled"}
  ✓   26 [chromium] › tests/marketing.spec.js:132:3 › Marketing tile + permission seed (card marketing-tile-and-page) › a team_member with the app grant sees the Marketing tile on the launcher (1.2s)
[2m[WebServer] [22m{"time":"2026-10-07T09:23:17.640993294-04:00","level":"ERROR","msg":"GetManagerHires failed","error":"iterate assigned templates for hire a6616288-25eb-4fb9-a1b1-2ca21ce085e8: context canceled"}
[2m[WebServer] [22m{"time":"2026-10-07T09:23:18.051906458-04:00","level":"INFO","msg":"client log","level":"WARN","message":"-------------- RxDB Open Core RxStorage -------------------------------\nYou are using the free Dexie.js based RxStorage implementation from RxDB https://rxdb.info/rx-storage-dexie.html?console=dexie \nWhile this is a great option, we want to let you know that there are faster storage solutions available in our premium plugins.\nFor professional users and production environments, we highly recommend considering these premium options to enhance performance and reliability.\n https://rxdb.info/premium/?console=dexie \nIf you already purchased premium access you can disable this log by calling the setPremiumFlag() function from rxdb-premium/plugins/shared.\n---------------------------------------------------------------------","user":"Mkt T. (mkt-scan-1791379397214-1237@yumyums.kitchen)","page":"/marketing.html","ua":"Mozilla/5.0 (X11; Linux x86_64) AppleWebKit/537.36 (KHTML, like Gecko) HeadlessChrome/147.0.7727.15 Safari/537.36"}
  ✓   27 [chromium] › tests/marketing.spec.js:152:3 › Marketing tile + permission seed (card marketing-tile-and-page) › marketing.html shows Scan live and Campaigns, Subscribers and Stats all gated to their designed Locked state (1.6s)
[2m[WebServer] [22m{"time":"2026-10-07T09:23:19.955318908-04:00","level":"ERROR","msg":"GetManagerHires failed","error":"iterate assigned templates for hire 5b796d86-6c7c-4276-b0e2-6cf47e63e811: context canceled"}
[2m[WebServer] [22m{"time":"2026-10-07T09:23:19.95561751-04:00","level":"ERROR","msg":"GetStock query failed","error":"context canceled"}
  ✓   28 [chromium] › tests/marketing.spec.js:223:3 › Marketing tile + permission seed (card marketing-tile-and-page) › a user without the marketing grant sees NO Marketing tile (1.5s)
  ✓   29 [chromium] › tests/marketing.spec.js:255:3 › Marketing tile + permission seed (card marketing-tile-and-page) › the offline_override entitlement renders as a grantable row in the Users access editor (630ms)
[2m[WebServer] [22m{"time":"2026-10-07T09:23:21.461601091-04:00","level":"ERROR","msg":"GetMyTrainings failed","error":"get user roles: context canceled"}
[2m[WebServer] [22m{"time":"2026-10-07T09:23:22.008756982-04:00","level":"ERROR","msg":"GetManagerHires failed","error":"iterate assigned templates for hire 6804100e-074e-4458-a3de-a9d40a4e043a: context canceled"}
[2m[WebServer] [22m{"time":"2026-10-07T09:23:22.00946061-04:00","level":"ERROR","msg":"GetStock query failed","error":"context canceled"}
  ✓   30 [chromium] › tests/marketing.spec.js:279:3 › Marketing tile + permission seed (card marketing-tile-and-page) › a per-user offline_override grant round-trips to that user's /me/apps (1.4s)
[2m[WebServer] [22m{"time":"2026-10-07T09:23:22.541779874-04:00","level":"INFO","msg":"client log","level":"WARN","message":"-------------- RxDB Open Core RxStorage -------------------------------\nYou are using the free Dexie.js based RxStorage implementation from RxDB https://rxdb.info/rx-storage-dexie.html?console=dexie \nWhile this is a great option, we want to let you know that there are faster storage solutions available in our premium plugins.\nFor professional users and production environments, we highly recommend considering these premium options to enhance performance and reliability.\n https://rxdb.info/premium/?console=dexie \nIf you already purchased premium access you can disable this log by calling the setPremiumFlag() function from rxdb-premium/plugins/shared.\n---------------------------------------------------------------------","user":"Jamal C. (jamal@yumyums.kitchen)","page":"/marketing.html","ua":"Mozilla/5.0 (X11; Linux x86_64) AppleWebKit/537.36 (KHTML, like Gecko) HeadlessChrome/147.0.7727.15 Safari/537.36"}
  ✓   31 [chromium] › tests/marketing.spec.js:451:3 › Camera scanner decode (card camera-scanner-decode) › a printed QR decodes from an image and its on-device hash equals the committed seed literal (863ms)
[2m[WebServer] [22m{"time":"2026-10-07T09:23:23.323943165-04:00","level":"ERROR","msg":"GetManagerHires failed","error":"iterate assigned templates for hire 5b796d86-6c7c-4276-b0e2-6cf47e63e811: context canceled"}
[2m[WebServer] [22m{"time":"2026-10-07T09:23:23.448440344-04:00","level":"INFO","msg":"client log","level":"WARN","message":"-------------- RxDB Open Core RxStorage -------------------------------\nYou are using the free Dexie.js based RxStorage implementation from RxDB https://rxdb.info/rx-storage-dexie.html?console=dexie \nWhile this is a great option, we want to let you know that there are faster storage solutions available in our premium plugins.\nFor professional users and production environments, we highly recommend considering these premium options to enhance performance and reliability.\n https://rxdb.info/premium/?console=dexie \nIf you already purchased premium access you can disable this log by calling the setPremiumFlag() function from rxdb-premium/plugins/shared.\n---------------------------------------------------------------------","user":"Jamal C. (jamal@yumyums.kitchen)","page":"/marketing.html","ua":"Mozilla/5.0 (X11; Linux x86_64) AppleWebKit/537.36 (KHTML, like Gecko) HeadlessChrome/147.0.7727.15 Safari/537.36"}
  ✓   32 [chromium] › tests/marketing.spec.js:469:3 › Camera scanner decode (card camera-scanner-decode) › done_when: a synced customer's offer resolves OFFLINE from the local replica (image decode) (907ms)
[2m[WebServer] [22m{"time":"2026-10-07T09:23:24.314226782-04:00","level":"ERROR","msg":"GetMyTrainings failed","error":"context canceled"}
[2m[WebServer] [22m{"time":"2026-10-07T09:23:24.580888037-04:00","level":"INFO","msg":"client log","level":"WARN","message":"-------------- RxDB Open Core RxStorage -------------------------------\nYou are using the free Dexie.js based RxStorage implementation from RxDB https://rxdb.info/rx-storage-dexie.html?console=dexie \nWhile this is a great option, we want to let you know that there are faster storage solutions available in our premium plugins.\nFor professional users and production environments, we highly recommend considering these premium options to enhance performance and reliability.\n https://rxdb.info/premium/?console=dexie \nIf you already purchased premium access you can disable this log by calling the setPremiumFlag() function from rxdb-premium/plugins/shared.\n---------------------------------------------------------------------","user":"Jamal C. (jamal@yumyums.kitchen)","page":"/marketing.html","ua":"Mozilla/5.0 (X11; Linux x86_64) AppleWebKit/537.36 (KHTML, like Gecko) HeadlessChrome/147.0.7727.15 Safari/537.36"}
  ✓   33 [chromium] › tests/marketing.spec.js:491:3 › Camera scanner decode (card camera-scanner-decode) › done_when: an un-synced customer falls back OFFLINE to the QR-embedded offer, marked unverified (image decode) (1.2s)
[2m[WebServer] [22m{"time":"2026-10-07T09:23:25.508226863-04:00","level":"ERROR","msg":"GetManagerHires failed","error":"query assigned templates for hire 5b796d86-6c7c-4276-b0e2-6cf47e63e811: context canceled"}
[2m[WebServer] [22m{"time":"2026-10-07T09:23:25.630598306-04:00","level":"INFO","msg":"client log","level":"WARN","message":"-------------- RxDB Open Core RxStorage -------------------------------\nYou are using the free Dexie.js based RxStorage implementation from RxDB https://rxdb.info/rx-storage-dexie.html?console=dexie \nWhile this is a great option, we want to let you know that there are faster storage solutions available in our premium plugins.\nFor professional users and production environments, we highly recommend considering these premium options to enhance performance and reliability.\n https://rxdb.info/premium/?console=dexie \nIf you already purchased premium access you can disable this log by calling the setPremiumFlag() function from rxdb-premium/plugins/shared.\n---------------------------------------------------------------------","user":"Jamal C. (jamal@yumyums.kitchen)","page":"/marketing.html","ua":"Mozilla/5.0 (X11; Linux x86_64) AppleWebKit/537.36 (KHTML, like Gecko) HeadlessChrome/147.0.7727.15 Safari/537.36"}
  ✓   34 [chromium] › tests/marketing.spec.js:510:3 › Camera scanner decode (card camera-scanner-decode) › resolution order: the local replica beats the QR-embedded offer when both exist (742ms)
[2m[WebServer] [22m{"time":"2026-10-07T09:23:26.395564789-04:00","level":"INFO","msg":"client log","level":"WARN","message":"-------------- RxDB Open Core RxStorage -------------------------------\nYou are using the free Dexie.js based RxStorage implementation from RxDB https://rxdb.info/rx-storage-dexie.html?console=dexie \nWhile this is a great option, we want to let you know that there are faster storage solutions available in our premium plugins.\nFor professional users and production environments, we highly recommend considering these premium options to enhance performance and reliability.\n https://rxdb.info/premium/?console=dexie \nIf you already purchased premium access you can disable this log by calling the setPremiumFlag() function from rxdb-premium/plugins/shared.\n---------------------------------------------------------------------","user":"Jamal C. (jamal@yumyums.kitchen)","page":"/marketing.html","ua":"Mozilla/5.0 (X11; Linux x86_64) AppleWebKit/537.36 (KHTML, like Gecko) HeadlessChrome/147.0.7727.15 Safari/537.36"}
  ✓   35 [chromium] › tests/marketing.spec.js:524:3 › Camera scanner decode (card camera-scanner-decode) › a token in neither replica with no descriptor resolves unknownCode (F2 display) (718ms)
[2m[WebServer] [22m{"time":"2026-10-07T09:23:26.994399396-04:00","level":"ERROR","msg":"GetManagerHires failed","error":"iterate assigned templates for hire 5b796d86-6c7c-4276-b0e2-6cf47e63e811: context canceled"}
[2m[WebServer] [22m{"time":"2026-10-07T09:23:27.000506582-04:00","level":"ERROR","msg":"GetMyTrainings failed","error":"context canceled"}
[2m[WebServer] [22m{"time":"2026-10-07T09:23:27.126988728-04:00","level":"INFO","msg":"client log","level":"WARN","message":"-------------- RxDB Open Core RxStorage -------------------------------\nYou are using the free Dexie.js based RxStorage implementation from RxDB https://rxdb.info/rx-storage-dexie.html?console=dexie \nWhile this is a great option, we want to let you know that there are faster storage solutions available in our premium plugins.\nFor professional users and production environments, we highly recommend considering these premium options to enhance performance and reliability.\n https://rxdb.info/premium/?console=dexie \nIf you already purchased premium access you can disable this log by calling the setPremiumFlag() function from rxdb-premium/plugins/shared.\n---------------------------------------------------------------------","user":"Jamal C. (jamal@yumyums.kitchen)","page":"/marketing.html","ua":"Mozilla/5.0 (X11; Linux x86_64) AppleWebKit/537.36 (KHTML, like Gecko) HeadlessChrome/147.0.7727.15 Safari/537.36"}
  ✓   36 [chromium] › tests/marketing.spec.js:532:3 › Camera scanner decode (card camera-scanner-decode) › a payload that is not a Yumyums code resolves invalidPayload, loudly (730ms)
[2m[WebServer] [22m{"time":"2026-10-07T09:23:27.824866247-04:00","level":"ERROR","msg":"GetManagerHires failed","error":"iterate assigned templates for hire 5b796d86-6c7c-4276-b0e2-6cf47e63e811: context canceled"}
[2m[WebServer] [22m{"time":"2026-10-07T09:23:27.950341165-04:00","level":"INFO","msg":"client log","level":"WARN","message":"-------------- RxDB Open Core RxStorage -------------------------------\nYou are using the free Dexie.js based RxStorage implementation from RxDB https://rxdb.info/rx-storage-dexie.html?console=dexie \nWhile this is a great option, we want to let you know that there are faster storage solutions available in our premium plugins.\nFor professional users and production environments, we highly recommend considering these premium options to enhance performance and reliability.\n https://rxdb.info/premium/?console=dexie \nIf you already purchased premium access you can disable this log by calling the setPremiumFlag() function from rxdb-premium/plugins/shared.\n---------------------------------------------------------------------","user":"Jamal C. (jamal@yumyums.kitchen)","page":"/marketing.html","ua":"Mozilla/5.0 (X11; Linux x86_64) AppleWebKit/537.36 (KHTML, like Gecko) HeadlessChrome/147.0.7727.15 Safari/537.36"}
  ✓   37 [chromium] › tests/marketing.spec.js:542:3 › Camera scanner decode (card camera-scanner-decode) › F3 offline: a locally-redeemed code rejects immediately as spentLocally (828ms)
[2m[WebServer] [22m{"time":"2026-10-07T09:23:28.606933001-04:00","level":"ERROR","msg":"GetManagerHires failed","error":"iterate assigned templates for hire 5b796d86-6c7c-4276-b0e2-6cf47e63e811: context canceled"}
[2m[WebServer] [22m{"time":"2026-10-07T09:23:28.618916418-04:00","level":"ERROR","msg":"GetMyTrainings failed","error":"context canceled"}
[2m[WebServer] [22m{"time":"2026-10-07T09:23:28.740032458-04:00","level":"INFO","msg":"client log","level":"WARN","message":"-------------- RxDB Open Core RxStorage -------------------------------\nYou are using the free Dexie.js based RxStorage implementation from RxDB https://rxdb.info/rx-storage-dexie.html?console=dexie \nWhile this is a great option, we want to let you know that there are faster storage solutions available in our premium plugins.\nFor professional users and production environments, we highly recommend considering these premium options to enhance performance and reliability.\n https://rxdb.info/premium/?console=dexie \nIf you already purchased premium access you can disable this log by calling the setPremiumFlag() function from rxdb-premium/plugins/shared.\n---------------------------------------------------------------------","user":"Jamal C. (jamal@yumyums.kitchen)","page":"/marketing.html","ua":"Mozilla/5.0 (X11; Linux x86_64) AppleWebKit/537.36 (KHTML, like Gecko) HeadlessChrome/147.0.7727.15 Safari/537.36"}
  ✓   38 [chromium] › tests/marketing.spec.js:560:3 › Camera scanner decode (card camera-scanner-decode) › F3 online: the local redeemed flag does NOT reject — the server decides at submit (770ms)
[2m[WebServer] [22m{"time":"2026-10-07T09:23:29.473468915-04:00","level":"ERROR","msg":"GetManagerHires failed","error":"iterate assigned templates for hire 5b796d86-6c7c-4276-b0e2-6cf47e63e811: context canceled"}
[2m[WebServer] [22m{"time":"2026-10-07T09:23:29.617831631-04:00","level":"INFO","msg":"client log","level":"WARN","message":"-------------- RxDB Open Core RxStorage -------------------------------\nYou are using the free Dexie.js based RxStorage implementation from RxDB https://rxdb.info/rx-storage-dexie.html?console=dexie \nWhile this is a great option, we want to let you know that there are faster storage solutions available in our premium plugins.\nFor professional users and production environments, we highly recommend considering these premium options to enhance performance and reliability.\n https://rxdb.info/premium/?console=dexie \nIf you already purchased premium access you can disable this log by calling the setPremiumFlag() function from rxdb-premium/plugins/shared.\n---------------------------------------------------------------------","user":"Jamal C. (jamal@yumyums.kitchen)","page":"/marketing.html","ua":"Mozilla/5.0 (X11; Linux x86_64) AppleWebKit/537.36 (KHTML, like Gecko) HeadlessChrome/147.0.7727.15 Safari/537.36"}
  ✓   39 [chromium] › tests/marketing.spec.js:583:3 › Camera scanner decode (card camera-scanner-decode) › offline expiry uses clock.isExpired — a +2h server offset expires a code raw Date.now() calls live (842ms)
[2m[WebServer] [22m{"time":"2026-10-07T09:23:30.306118065-04:00","level":"ERROR","msg":"GetManagerHires failed","error":"query assigned templates for hire 5b796d86-6c7c-4276-b0e2-6cf47e63e811: context canceled"}
[2m[WebServer] [22m{"time":"2026-10-07T09:23:30.43871423-04:00","level":"INFO","msg":"client log","level":"WARN","message":"-------------- RxDB Open Core RxStorage -------------------------------\nYou are using the free Dexie.js based RxStorage implementation from RxDB https://rxdb.info/rx-storage-dexie.html?console=dexie \nWhile this is a great option, we want to let you know that there are faster storage solutions available in our premium plugins.\nFor professional users and production environments, we highly recommend considering these premium options to enhance performance and reliability.\n https://rxdb.info/premium/?console=dexie \nIf you already purchased premium access you can disable this log by calling the setPremiumFlag() function from rxdb-premium/plugins/shared.\n---------------------------------------------------------------------","user":"Jamal C. (jamal@yumyums.kitchen)","page":"/marketing.html","ua":"Mozilla/5.0 (X11; Linux x86_64) AppleWebKit/537.36 (KHTML, like Gecko) HeadlessChrome/147.0.7727.15 Safari/537.36"}
[2m[WebServer] [22m{"time":"2026-10-07T09:23:30.658702689-04:00","level":"INFO","msg":"client log","level":"WARN","message":"-------------- RxDB Open Core RxStorage -------------------------------\nYou are using the free Dexie.js based RxStorage implementation from RxDB https://rxdb.info/rx-storage-dexie.html?console=dexie \nWhile this is a great option, we want to let you know that there are faster storage solutions available in our premium plugins.\nFor professional users and production environments, we highly recommend considering these premium options to enhance performance and reliability.\n https://rxdb.info/premium/?console=dexie \nIf you already purchased premium access you can disable this log by calling the setPremiumFlag() function from rxdb-premium/plugins/shared.\n---------------------------------------------------------------------","user":"Jamal C. (jamal@yumyums.kitchen)","page":"/marketing.html","ua":"Mozilla/5.0 (X11; Linux x86_64) AppleWebKit/537.36 (KHTML, like Gecko) HeadlessChrome/147.0.7727.15 Safari/537.36"}
  ✓   40 [chromium] › tests/marketing.spec.js:603:3 › Camera scanner decode (card camera-scanner-decode) › the clock state round-trips a reload (persist → initialState) so a reloaded-offline device keeps its offset (880ms)
[2m[WebServer] [22m{"time":"2026-10-07T09:23:31.18542163-04:00","level":"ERROR","msg":"GetManagerHires failed","error":"iterate assigned templates for hire 5b796d86-6c7c-4276-b0e2-6cf47e63e811: context canceled"}
[2m[WebServer] [22m{"time":"2026-10-07T09:23:31.196434102-04:00","level":"ERROR","msg":"GetMyTrainings failed","error":"context canceled"}
[2m[WebServer] [22m{"time":"2026-10-07T09:23:31.328937015-04:00","level":"INFO","msg":"client log","level":"WARN","message":"-------------- RxDB Open Core RxStorage -------------------------------\nYou are using the free Dexie.js based RxStorage implementation from RxDB https://rxdb.info/rx-storage-dexie.html?console=dexie \nWhile this is a great option, we want to let you know that there are faster storage solutions available in our premium plugins.\nFor professional users and production environments, we highly recommend considering these premium options to enhance performance and reliability.\n https://rxdb.info/premium/?console=dexie \nIf you already purchased premium access you can disable this log by calling the setPremiumFlag() function from rxdb-premium/plugins/shared.\n---------------------------------------------------------------------","user":"Jamal C. (jamal@yumyums.kitchen)","page":"/marketing.html","ua":"Mozilla/5.0 (X11; Linux x86_64) AppleWebKit/537.36 (KHTML, like Gecko) HeadlessChrome/147.0.7727.15 Safari/537.36"}
  ✓   41 [chromium] › tests/marketing.spec.js:627:3 › Camera scanner decode (card camera-scanner-decode) › hash caching: repeated scans of one token digest once (744ms)
[2m[WebServer] [22m{"time":"2026-10-07T09:23:32.172731054-04:00","level":"INFO","msg":"client log","level":"WARN","message":"-------------- RxDB Open Core RxStorage -------------------------------\nYou are using the free Dexie.js based RxStorage implementation from RxDB https://rxdb.info/rx-storage-dexie.html?console=dexie \nWhile this is a great option, we want to let you know that there are faster storage solutions available in our premium plugins.\nFor professional users and production environments, we highly recommend considering these premium options to enhance performance and reliability.\n https://rxdb.info/premium/?console=dexie \nIf you already purchased premium access you can disable this log by calling the setPremiumFlag() function from rxdb-premium/plugins/shared.\n---------------------------------------------------------------------","user":"Jamal C. (jamal@yumyums.kitchen)","page":"/marketing.html","ua":"Mozilla/5.0 (X11; Linux x86_64) AppleWebKit/537.36 (KHTML, like Gecko) HeadlessChrome/147.0.7727.15 Safari/537.36"}
  ✓   42 [chromium] › tests/marketing.spec.js:636:3 › Camera scanner decode (card camera-scanner-decode) › enqueue is serialized per code: two rapid same-code enqueues insert exactly one live attempt (806ms)
[2m[WebServer] [22m{"time":"2026-10-07T09:23:32.779883203-04:00","level":"ERROR","msg":"GetManagerHires failed","error":"iterate assigned templates for hire d29dfe18-4174-47c0-a6c3-df22a8c7b636: context canceled"}
[2m[WebServer] [22m{"time":"2026-10-07T09:23:32.934148346-04:00","level":"INFO","msg":"client log","level":"WARN","message":"-------------- RxDB Open Core RxStorage -------------------------------\nYou are using the free Dexie.js based RxStorage implementation from RxDB https://rxdb.info/rx-storage-dexie.html?console=dexie \nWhile this is a great option, we want to let you know that there are faster storage solutions available in our premium plugins.\nFor professional users and production environments, we highly recommend considering these premium options to enhance performance and reliability.\n https://rxdb.info/premium/?console=dexie \nIf you already purchased premium access you can disable this log by calling the setPremiumFlag() function from rxdb-premium/plugins/shared.\n---------------------------------------------------------------------","user":"Jamal C. (jamal@yumyums.kitchen)","page":"/marketing.html","ua":"Mozilla/5.0 (X11; Linux x86_64) AppleWebKit/537.36 (KHTML, like Gecko) HeadlessChrome/147.0.7727.15 Safari/537.36"}
  ✓   43 [chromium] › tests/marketing.spec.js:653:3 › Camera scanner decode (card camera-scanner-decode) › F6: re-scanning the same code re-shows the result instead of erroring or duplicating (787ms)
[2m[WebServer] [22m{"time":"2026-10-07T09:23:33.725111788-04:00","level":"INFO","msg":"client log","level":"WARN","message":"-------------- RxDB Open Core RxStorage -------------------------------\nYou are using the free Dexie.js based RxStorage implementation from RxDB https://rxdb.info/rx-storage-dexie.html?console=dexie \nWhile this is a great option, we want to let you know that there are faster storage solutions available in our premium plugins.\nFor professional users and production environments, we highly recommend considering these premium options to enhance performance and reliability.\n https://rxdb.info/premium/?console=dexie \nIf you already purchased premium access you can disable this log by calling the setPremiumFlag() function from rxdb-premium/plugins/shared.\n---------------------------------------------------------------------","user":"Jamal C. (jamal@yumyums.kitchen)","page":"/marketing.html","ua":"Mozilla/5.0 (X11; Linux x86_64) AppleWebKit/537.36 (KHTML, like Gecko) HeadlessChrome/147.0.7727.15 Safari/537.36"}
  ✓   44 [chromium] › tests/marketing.spec.js:665:3 › Camera scanner decode (card camera-scanner-decode) › camera failure is loud and retryable (headless has no camera; live decode is the attended morning check) (888ms)
[2m[WebServer] [22m{"time":"2026-10-07T09:23:34.487632803-04:00","level":"ERROR","msg":"GetManagerHires failed","error":"iterate assigned templates for hire 6804100e-074e-4458-a3de-a9d40a4e043a: context canceled"}
[2m[WebServer] [22m{"time":"2026-10-07T09:23:34.644974191-04:00","level":"INFO","msg":"client log","level":"WARN","message":"-------------- RxDB Open Core RxStorage -------------------------------\nYou are using the free Dexie.js based RxStorage implementation from RxDB https://rxdb.info/rx-storage-dexie.html?console=dexie \nWhile this is a great option, we want to let you know that there are faster storage solutions available in our premium plugins.\nFor professional users and production environments, we highly recommend considering these premium options to enhance performance and reliability.\n https://rxdb.info/premium/?console=dexie \nIf you already purchased premium access you can disable this log by calling the setPremiumFlag() function from rxdb-premium/plugins/shared.\n---------------------------------------------------------------------","user":"Jamal C. (jamal@yumyums.kitchen)","page":"/marketing.html","ua":"Mozilla/5.0 (X11; Linux x86_64) AppleWebKit/537.36 (KHTML, like Gecko) HeadlessChrome/147.0.7727.15 Safari/537.36"}
  ✓   45 [chromium] › tests/marketing.spec.js:695:3 › Camera scanner decode (card camera-scanner-decode) › a live camera hides the Start camera control and shows no error (799ms)
[2m[WebServer] [22m{"time":"2026-10-07T09:23:35.421805058-04:00","level":"ERROR","msg":"GetManagerHires failed","error":"iterate assigned templates for hire 5b796d86-6c7c-4276-b0e2-6cf47e63e811: context canceled"}
[2m[WebServer] [22m{"time":"2026-10-07T09:23:35.437387333-04:00","level":"ERROR","msg":"GetMyTrainings failed","error":"context canceled"}
[2m[WebServer] [22m{"time":"2026-10-07T09:23:35.566453476-04:00","level":"INFO","msg":"client log","level":"WARN","message":"-------------- RxDB Open Core RxStorage -------------------------------\nYou are using the free Dexie.js based RxStorage implementation from RxDB https://rxdb.info/rx-storage-dexie.html?console=dexie \nWhile this is a great option, we want to let you know that there are faster storage solutions available in our premium plugins.\nFor professional users and production environments, we highly recommend considering these premium options to enhance performance and reliability.\n https://rxdb.info/premium/?console=dexie \nIf you already purchased premium access you can disable this log by calling the setPremiumFlag() function from rxdb-premium/plugins/shared.\n---------------------------------------------------------------------","user":"Jamal C. (jamal@yumyums.kitchen)","page":"/marketing.html","ua":"Mozilla/5.0 (X11; Linux x86_64) AppleWebKit/537.36 (KHTML, like Gecko) HeadlessChrome/147.0.7727.15 Safari/537.36"}
  ✓   46 [chromium] › tests/marketing.spec.js:706:3 › Camera scanner decode (card camera-scanner-decode) › starting the camera twice does not report it unavailable (1.2s)
[2m[WebServer] [22m{"time":"2026-10-07T09:23:36.584525997-04:00","level":"ERROR","msg":"GetManagerHires failed","error":"query assigned templates for hire 5b796d86-6c7c-4276-b0e2-6cf47e63e811: context canceled"}
[2m[WebServer] [22m{"time":"2026-10-07T09:23:36.597909296-04:00","level":"ERROR","msg":"GetMyTrainings failed","error":"context canceled"}
[2m[WebServer] [22m{"time":"2026-10-07T09:23:36.740426804-04:00","level":"INFO","msg":"client log","level":"WARN","message":"-------------- RxDB Open Core RxStorage -------------------------------\nYou are using the free Dexie.js based RxStorage implementation from RxDB https://rxdb.info/rx-storage-dexie.html?console=dexie \nWhile this is a great option, we want to let you know that there are faster storage solutions available in our premium plugins.\nFor professional users and production environments, we highly recommend considering these premium options to enhance performance and reliability.\n https://rxdb.info/premium/?console=dexie \nIf you already purchased premium access you can disable this log by calling the setPremiumFlag() function from rxdb-premium/plugins/shared.\n---------------------------------------------------------------------","user":"Jamal C. (jamal@yumyums.kitchen)","page":"/marketing.html","ua":"Mozilla/5.0 (X11; Linux x86_64) AppleWebKit/537.36 (KHTML, like Gecko) HeadlessChrome/147.0.7727.15 Safari/537.36"}
  ✓   47 [chromium] › tests/marketing.spec.js:720:3 › Camera scanner decode (card camera-scanner-decode) › a camera failure names the real reason, even when the library throws a string (905ms)
[2m[WebServer] [22m{"time":"2026-10-07T09:23:37.593735905-04:00","level":"ERROR","msg":"GetManagerHires failed","error":"iterate assigned templates for hire 5b796d86-6c7c-4276-b0e2-6cf47e63e811: context canceled"}
[2m[WebServer] [22m{"time":"2026-10-07T09:23:37.613279549-04:00","level":"ERROR","msg":"GetMyTrainings failed","error":"context canceled"}
[2m[WebServer] [22m{"time":"2026-10-07T09:23:37.757924034-04:00","level":"INFO","msg":"client log","level":"WARN","message":"-------------- RxDB Open Core RxStorage -------------------------------\nYou are using the free Dexie.js based RxStorage implementation from RxDB https://rxdb.info/rx-storage-dexie.html?console=dexie \nWhile this is a great option, we want to let you know that there are faster storage solutions available in our premium plugins.\nFor professional users and production environments, we highly recommend considering these premium options to enhance performance and reliability.\n https://rxdb.info/premium/?console=dexie \nIf you already purchased premium access you can disable this log by calling the setPremiumFlag() function from rxdb-premium/plugins/shared.\n---------------------------------------------------------------------","user":"Jamal C. (jamal@yumyums.kitchen)","page":"/marketing.html","ua":"Mozilla/5.0 (X11; Linux x86_64) AppleWebKit/537.36 (KHTML, like Gecko) HeadlessChrome/147.0.7727.15 Safari/537.36"}
  ✓   48 [chromium] › tests/marketing.spec.js:815:3 › Redemption submit flow (card redemption-submit-flow) › a persistent online/offline indicator renders from boot and reads online on a live probe (928ms)
[2m[WebServer] [22m{"time":"2026-10-07T09:23:38.429533427-04:00","level":"ERROR","msg":"GetManagerHires failed","error":"iterate assigned templates for hire 5b796d86-6c7c-4276-b0e2-6cf47e63e811: context canceled"}
[2m[WebServer] [22m{"time":"2026-10-07T09:23:38.436168361-04:00","level":"ERROR","msg":"GetMyTrainings failed","error":"query my trainings: context canceled"}
[2m[WebServer] [22m{"time":"2026-10-07T09:23:38.569023992-04:00","level":"INFO","msg":"client log","level":"WARN","message":"-------------- RxDB Open Core RxStorage -------------------------------\nYou are using the free Dexie.js based RxStorage implementation from RxDB https://rxdb.info/rx-storage-dexie.html?console=dexie \nWhile this is a great option, we want to let you know that there are faster storage solutions available in our premium plugins.\nFor professional users and production environments, we highly recommend considering these premium options to enhance performance and reliability.\n https://rxdb.info/premium/?console=dexie \nIf you already purchased premium access you can disable this log by calling the setPremiumFlag() function from rxdb-premium/plugins/shared.\n---------------------------------------------------------------------","user":"Jamal C. (jamal@yumyums.kitchen)","page":"/marketing.html","ua":"Mozilla/5.0 (X11; Linux x86_64) AppleWebKit/537.36 (KHTML, like Gecko) HeadlessChrome/147.0.7727.15 Safari/537.36"}
  ✓   49 [chromium] › tests/marketing.spec.js:829:3 › Redemption submit flow (card redemption-submit-flow) › confirm-then-burn: no path to redeemed without a validator-passing Toast order number (923ms)
[2m[WebServer] [22m{"time":"2026-10-07T09:23:39.79482473-04:00","level":"ERROR","msg":"GetManagerHires failed","error":"iterate assigned templates for hire 14536d80-953c-48ee-8acd-aaadb88b92bd: context canceled"}
[2m[WebServer] [22m{"time":"2026-10-07T09:23:40.19314466-04:00","level":"INFO","msg":"client log","level":"WARN","message":"-------------- RxDB Open Core RxStorage -------------------------------\nYou are using the free Dexie.js based RxStorage implementation from RxDB https://rxdb.info/rx-storage-dexie.html?console=dexie \nWhile this is a great option, we want to let you know that there are faster storage solutions available in our premium plugins.\nFor professional users and production environments, we highly recommend considering these premium options to enhance performance and reliability.\n https://rxdb.info/premium/?console=dexie \nIf you already purchased premium access you can disable this log by calling the setPremiumFlag() function from rxdb-premium/plugins/shared.\n---------------------------------------------------------------------","user":"Mkt T. (mkt-c6-noperm-1791379419360-9859@yumyums.kitchen)","page":"/marketing.html","ua":"Mozilla/5.0 (X11; Linux x86_64) AppleWebKit/537.36 (KHTML, like Gecko) HeadlessChrome/147.0.7727.15 Safari/537.36"}
  ✓   50 [chromium] › tests/marketing.spec.js:872:3 › Redemption submit flow (card redemption-submit-flow) › offline branch 1: no entitlement -> blocked, no override affordance (1.5s)
[2m[WebServer] [22m{"time":"2026-10-07T09:23:40.962857608-04:00","level":"ERROR","msg":"GetManagerHires failed","error":"iterate assigned templates for hire 6804100e-074e-4458-a3de-a9d40a4e043a: context canceled"}
[2m[WebServer] [22m{"time":"2026-10-07T09:23:40.975618766-04:00","level":"ERROR","msg":"GetMyTrainings failed","error":"context canceled"}
[2m[WebServer] [22m{"time":"2026-10-07T09:23:41.104122022-04:00","level":"INFO","msg":"client log","level":"WARN","message":"-------------- RxDB Open Core RxStorage -------------------------------\nYou are using the free Dexie.js based RxStorage implementation from RxDB https://rxdb.info/rx-storage-dexie.html?console=dexie \nWhile this is a great option, we want to let you know that there are faster storage solutions available in our premium plugins.\nFor professional users and production environments, we highly recommend considering these premium options to enhance performance and reliability.\n https://rxdb.info/premium/?console=dexie \nIf you already purchased premium access you can disable this log by calling the setPremiumFlag() function from rxdb-premium/plugins/shared.\n---------------------------------------------------------------------","user":"Jamal C. (jamal@yumyums.kitchen)","page":"/marketing.html","ua":"Mozilla/5.0 (X11; Linux x86_64) AppleWebKit/537.36 (KHTML, like Gecko) HeadlessChrome/147.0.7727.15 Safari/537.36"}
  ✓   51 [chromium] › tests/marketing.spec.js:891:3 › Redemption submit flow (card redemption-submit-flow) › offline branch 2: the entitlement offers force-submit behind the §13 confirmation (1.0s)
[2m[WebServer] [22m{"time":"2026-10-07T09:23:42.104785522-04:00","level":"INFO","msg":"client log","level":"WARN","message":"-------------- RxDB Open Core RxStorage -------------------------------\nYou are using the free Dexie.js based RxStorage implementation from RxDB https://rxdb.info/rx-storage-dexie.html?console=dexie \nWhile this is a great option, we want to let you know that there are faster storage solutions available in our premium plugins.\nFor professional users and production environments, we highly recommend considering these premium options to enhance performance and reliability.\n https://rxdb.info/premium/?console=dexie \nIf you already purchased premium access you can disable this log by calling the setPremiumFlag() function from rxdb-premium/plugins/shared.\n---------------------------------------------------------------------","user":"Jamal C. (jamal@yumyums.kitchen)","page":"/marketing.html","ua":"Mozilla/5.0 (X11; Linux x86_64) AppleWebKit/537.36 (KHTML, like Gecko) HeadlessChrome/147.0.7727.15 Safari/537.36"}
  ✓   52 [chromium] › tests/marketing.spec.js:934:3 › Redemption submit flow (card redemption-submit-flow) › offline branch 3: requires_online=true refuses the override even WITH the entitlement (§8) (818ms)
[2m[WebServer] [22m{"time":"2026-10-07T09:23:42.977169412-04:00","level":"INFO","msg":"client log","level":"WARN","message":"-------------- RxDB Open Core RxStorage -------------------------------\nYou are using the free Dexie.js based RxStorage implementation from RxDB https://rxdb.info/rx-storage-dexie.html?console=dexie \nWhile this is a great option, we want to let you know that there are faster storage solutions available in our premium plugins.\nFor professional users and production environments, we highly recommend considering these premium options to enhance performance and reliability.\n https://rxdb.info/premium/?console=dexie \nIf you already purchased premium access you can disable this log by calling the setPremiumFlag() function from rxdb-premium/plugins/shared.\n---------------------------------------------------------------------","user":"Jamal C. (jamal@yumyums.kitchen)","page":"/marketing.html","ua":"Mozilla/5.0 (X11; Linux x86_64) AppleWebKit/537.36 (KHTML, like Gecko) HeadlessChrome/147.0.7727.15 Safari/537.36"}
  ✓   53 [chromium] › tests/marketing.spec.js:999:3 › Redemption submit flow (card redemption-submit-flow) › B-432: a requires_online=true code is refused while its campaign is UNRESOLVED (branch-3 minus the campaigns: seed) (868ms)
[2m[WebServer] [22m{"time":"2026-10-07T09:23:43.834073624-04:00","level":"INFO","msg":"client log","level":"WARN","message":"-------------- RxDB Open Core RxStorage -------------------------------\nYou are using the free Dexie.js based RxStorage implementation from RxDB https://rxdb.info/rx-storage-dexie.html?console=dexie \nWhile this is a great option, we want to let you know that there are faster storage solutions available in our premium plugins.\nFor professional users and production environments, we highly recommend considering these premium options to enhance performance and reliability.\n https://rxdb.info/premium/?console=dexie \nIf you already purchased premium access you can disable this log by calling the setPremiumFlag() function from rxdb-premium/plugins/shared.\n---------------------------------------------------------------------","user":"Jamal C. (jamal@yumyums.kitchen)","page":"/marketing.html","ua":"Mozilla/5.0 (X11; Linux x86_64) AppleWebKit/537.36 (KHTML, like Gecko) HeadlessChrome/147.0.7727.15 Safari/537.36"}
  ✓   54 [chromium] › tests/marketing.spec.js:1039:3 › Redemption submit flow (card redemption-submit-flow) › P-KR4: indicator flips and submit re-arms LIVE when reachability returns — zero page interaction (947ms)
[2m[WebServer] [22m{"time":"2026-10-07T09:23:44.685671831-04:00","level":"ERROR","msg":"GetManagerHires failed","error":"iterate assigned templates for hire 1ef8172a-a6b1-4bcd-ac68-0c92d8283da1: context canceled"}
[2m[WebServer] [22m{"time":"2026-10-07T09:23:44.837296436-04:00","level":"INFO","msg":"client log","level":"WARN","message":"-------------- RxDB Open Core RxStorage -------------------------------\nYou are using the free Dexie.js based RxStorage implementation from RxDB https://rxdb.info/rx-storage-dexie.html?console=dexie \nWhile this is a great option, we want to let you know that there are faster storage solutions available in our premium plugins.\nFor professional users and production environments, we highly recommend considering these premium options to enhance performance and reliability.\n https://rxdb.info/premium/?console=dexie \nIf you already purchased premium access you can disable this log by calling the setPremiumFlag() function from rxdb-premium/plugins/shared.\n---------------------------------------------------------------------","user":"Jamal C. (jamal@yumyums.kitchen)","page":"/marketing.html","ua":"Mozilla/5.0 (X11; Linux x86_64) AppleWebKit/537.36 (KHTML, like Gecko) HeadlessChrome/147.0.7727.15 Safari/537.36"}
  ✓   55 [chromium] › tests/marketing.spec.js:1064:3 › Redemption submit flow (card redemption-submit-flow) › F2: an unknownCode offline override warns unverifiable and writes offline_override=true AND unverified_code=true (1.0s)
[2m[WebServer] [22m{"time":"2026-10-07T09:23:45.700543964-04:00","level":"ERROR","msg":"GetManagerHires failed","error":"iterate assigned templates for hire 5b796d86-6c7c-4276-b0e2-6cf47e63e811: context canceled"}
[2m[WebServer] [22m{"time":"2026-10-07T09:23:45.714220125-04:00","level":"ERROR","msg":"GetMyTrainings failed","error":"query my trainings: context canceled"}
[2m[WebServer] [22m{"time":"2026-10-07T09:23:45.862610865-04:00","level":"INFO","msg":"client log","level":"WARN","message":"-------------- RxDB Open Core RxStorage -------------------------------\nYou are using the free Dexie.js based RxStorage implementation from RxDB https://rxdb.info/rx-storage-dexie.html?console=dexie \nWhile this is a great option, we want to let you know that there are faster storage solutions available in our premium plugins.\nFor professional users and production environments, we highly recommend considering these premium options to enhance performance and reliability.\n https://rxdb.info/premium/?console=dexie \nIf you already purchased premium access you can disable this log by calling the setPremiumFlag() function from rxdb-premium/plugins/shared.\n---------------------------------------------------------------------","user":"Jamal C. (jamal@yumyums.kitchen)","page":"/marketing.html","ua":"Mozilla/5.0 (X11; Linux x86_64) AppleWebKit/537.36 (KHTML, like Gecko) HeadlessChrome/147.0.7727.15 Safari/537.36"}
  ✓   56 [chromium] › tests/marketing.spec.js:1126:3 › Redemption submit flow (card redemption-submit-flow) › done_when(2): a replica-FAILURE override lands policy_unresolved=true, distinguishable from the genuinely-unknown one (1.0s)
[2m[WebServer] [22m{"time":"2026-10-07T09:23:44.57070176-04:00","level":"ERROR","msg":"GetManagerHires failed","error":"iterate assigned templates for hire 5502f927-3995-4980-9237-eb1a7128add4: context canceled"}
[2m[WebServer] [22m{"time":"2026-10-07T09:23:44.710466097-04:00","level":"INFO","msg":"client log","level":"WARN","message":"-------------- RxDB Open Core RxStorage -------------------------------\nYou are using the free Dexie.js based RxStorage implementation from RxDB https://rxdb.info/rx-storage-dexie.html?console=dexie \nWhile this is a great option, we want to let you know that there are faster storage solutions available in our premium plugins.\nFor professional users and production environments, we highly recommend considering these premium options to enhance performance and reliability.\n https://rxdb.info/premium/?console=dexie \nIf you already purchased premium access you can disable this log by calling the setPremiumFlag() function from rxdb-premium/plugins/shared.\n---------------------------------------------------------------------","user":"Jamal C. (jamal@yumyums.kitchen)","page":"/marketing.html","ua":"Mozilla/5.0 (X11; Linux x86_64) AppleWebKit/537.36 (KHTML, like Gecko) HeadlessChrome/147.0.7727.15 Safari/537.36"}
  ✓   57 [chromium] › tests/marketing.spec.js:1175:3 › Redemption submit flow (card redemption-submit-flow) › B-434(c): the policy predicate — resolved flag / KNOWN-but-unresolved fails closed / no campaign stays null (decision 166) (752ms)
[2m[WebServer] [22m{"time":"2026-10-07T09:23:45.359440024-04:00","level":"ERROR","msg":"GetManagerHires failed","error":"iterate assigned templates for hire 6804100e-074e-4458-a3de-a9d40a4e043a: context canceled"}
[2m[WebServer] [22m{"time":"2026-10-07T09:23:45.367592006-04:00","level":"ERROR","msg":"GetMyTrainings failed","error":"get user roles: timeout: context already done: context canceled"}
[2m[WebServer] [22m{"time":"2026-10-07T09:23:45.479869898-04:00","level":"INFO","msg":"client log","level":"WARN","message":"-------------- RxDB Open Core RxStorage -------------------------------\nYou are using the free Dexie.js based RxStorage implementation from RxDB https://rxdb.info/rx-storage-dexie.html?console=dexie \nWhile this is a great option, we want to let you know that there are faster storage solutions available in our premium plugins.\nFor professional users and production environments, we highly recommend considering these premium options to enhance performance and reliability.\n https://rxdb.info/premium/?console=dexie \nIf you already purchased premium access you can disable this log by calling the setPremiumFlag() function from rxdb-premium/plugins/shared.\n---------------------------------------------------------------------","user":"Jamal C. (jamal@yumyums.kitchen)","page":"/marketing.html","ua":"Mozilla/5.0 (X11; Linux x86_64) AppleWebKit/537.36 (KHTML, like Gecko) HeadlessChrome/147.0.7727.15 Safari/537.36"}
  ✓   58 [chromium] › tests/marketing.spec.js:1219:3 › Redemption submit flow (card redemption-submit-flow) › F6: same-code re-scan is a no-op; a different code prompts; dismiss returns to the interrupted state (979ms)
[2m[WebServer] [22m{"time":"2026-10-07T09:23:46.391641396-04:00","level":"ERROR","msg":"GetManagerHires failed","error":"query assigned templates for hire 5b796d86-6c7c-4276-b0e2-6cf47e63e811: context canceled"}
[2m[WebServer] [22m{"time":"2026-10-07T09:23:46.406474712-04:00","level":"ERROR","msg":"GetMyTrainings failed","error":"context canceled"}
[2m[WebServer] [22m{"time":"2026-10-07T09:23:46.524684301-04:00","level":"INFO","msg":"client log","level":"WARN","message":"-------------- RxDB Open Core RxStorage -------------------------------\nYou are using the free Dexie.js based RxStorage implementation from RxDB https://rxdb.info/rx-storage-dexie.html?console=dexie \nWhile this is a great option, we want to let you know that there are faster storage solutions available in our premium plugins.\nFor professional users and production environments, we highly recommend considering these premium options to enhance performance and reliability.\n https://rxdb.info/premium/?console=dexie \nIf you already purchased premium access you can disable this log by calling the setPremiumFlag() function from rxdb-premium/plugins/shared.\n---------------------------------------------------------------------","user":"Jamal C. (jamal@yumyums.kitchen)","page":"/marketing.html","ua":"Mozilla/5.0 (X11; Linux x86_64) AppleWebKit/537.36 (KHTML, like Gecko) HeadlessChrome/147.0.7727.15 Safari/537.36"}
  ✓   59 [chromium] › tests/marketing.spec.js:1260:3 › Redemption submit flow (card redemption-submit-flow) › already_used verdict renders when + which device from the local codes replica (901ms)
[2m[WebServer] [22m{"time":"2026-10-07T09:23:47.281123518-04:00","level":"ERROR","msg":"GetManagerHires failed","error":"query assigned templates for hire 5b796d86-6c7c-4276-b0e2-6cf47e63e811: context canceled"}
[2m[WebServer] [22m{"time":"2026-10-07T09:23:47.408654039-04:00","level":"INFO","msg":"client log","level":"WARN","message":"-------------- RxDB Open Core RxStorage -------------------------------\nYou are using the free Dexie.js based RxStorage implementation from RxDB https://rxdb.info/rx-storage-dexie.html?console=dexie \nWhile this is a great option, we want to let you know that there are faster storage solutions available in our premium plugins.\nFor professional users and production environments, we highly recommend considering these premium options to enhance performance and reliability.\n https://rxdb.info/premium/?console=dexie \nIf you already purchased premium access you can disable this log by calling the setPremiumFlag() function from rxdb-premium/plugins/shared.\n---------------------------------------------------------------------","user":"Jamal C. (jamal@yumyums.kitchen)","page":"/marketing.html","ua":"Mozilla/5.0 (X11; Linux x86_64) AppleWebKit/537.36 (KHTML, like Gecko) HeadlessChrome/147.0.7727.15 Safari/537.36"}
[2m[WebServer] [22m{"time":"2026-10-07T09:23:47.609021695-04:00","level":"INFO","msg":"client log","level":"ERROR","message":"[marketing submit] undeclared (state,event) pair {\"event\":\"BOGUS_EVENT\",\"scan\":\"offerReady\",\"conn\":\"online\",\"overlay\":\"none\"}","user":"Jamal C. (jamal@yumyums.kitchen)","page":"/marketing.html","ua":"Mozilla/5.0 (X11; Linux x86_64) AppleWebKit/537.36 (KHTML, like Gecko) HeadlessChrome/147.0.7727.15 Safari/537.36"}
[2m[WebServer] [22m{"time":"2026-10-07T09:23:47.611745991-04:00","level":"INFO","msg":"client log","level":"ERROR","message":"[marketing submit] undeclared (state,event) pair {\"event\":\"BOGUS_EVENT\",\"scan\":\"offerReady\",\"conn\":\"online\",\"overlay\":\"none\"}","user":"Jamal C. (jamal@yumyums.kitchen)","page":"/marketing.html","ua":"Mozilla/5.0 (X11; Linux x86_64) AppleWebKit/537.36 (KHTML, like Gecko) HeadlessChrome/147.0.7727.15 Safari/537.36"}
[2m[WebServer] [22m{"time":"2026-10-07T09:23:47.614167623-04:00","level":"INFO","msg":"client log","level":"ERROR","message":"[marketing submit] undeclared (state,event) pair {\"event\":\"BOGUS_EVENT\",\"scan\":\"offerReady\",\"conn\":\"online\",\"overlay\":\"none\"}","user":"Jamal C. (jamal@yumyums.kitchen)","page":"/marketing.html","ua":"Mozilla/5.0 (X11; Linux x86_64) AppleWebKit/537.36 (KHTML, like Gecko) HeadlessChrome/147.0.7727.15 Safari/537.36"}
  ✓   60 [chromium] › tests/marketing.spec.js:1280:3 › Redemption submit flow (card redemption-submit-flow) › an undeclared machine event raises the modeled unexpectedEvent card — loud, named, retryable, never a dead actor (859ms)
[2m[WebServer] [22m{"time":"2026-10-07T09:23:48.240227012-04:00","level":"ERROR","msg":"GetManagerHires failed","error":"iterate assigned templates for hire 1ef8172a-a6b1-4bcd-ac68-0c92d8283da1: context canceled"}
[2m[WebServer] [22m{"time":"2026-10-07T09:23:48.3674598-04:00","level":"INFO","msg":"client log","level":"WARN","message":"-------------- RxDB Open Core RxStorage -------------------------------\nYou are using the free Dexie.js based RxStorage implementation from RxDB https://rxdb.info/rx-storage-dexie.html?console=dexie \nWhile this is a great option, we want to let you know that there are faster storage solutions available in our premium plugins.\nFor professional users and production environments, we highly recommend considering these premium options to enhance performance and reliability.\n https://rxdb.info/premium/?console=dexie \nIf you already purchased premium access you can disable this log by calling the setPremiumFlag() function from rxdb-premium/plugins/shared.\n---------------------------------------------------------------------","user":"Jamal C. (jamal@yumyums.kitchen)","page":"/marketing.html","ua":"Mozilla/5.0 (X11; Linux x86_64) AppleWebKit/537.36 (KHTML, like Gecko) HeadlessChrome/147.0.7727.15 Safari/537.36"}
  ✓   61 [chromium] › tests/marketing.spec.js:1323:3 › Scanner polish (card scanner-polish, roadmap H6) › [SP-01] offline + requires_online renders the refusal BEFORE any tap, and the post-submit guard still holds (927ms)
[2m[WebServer] [22m{"time":"2026-10-07T09:23:49.132632311-04:00","level":"ERROR","msg":"GetManagerHires failed","error":"query assigned templates for hire d29dfe18-4174-47c0-a6c3-df22a8c7b636: context canceled"}
[2m[WebServer] [22m{"time":"2026-10-07T09:23:49.350537638-04:00","level":"INFO","msg":"client log","level":"WARN","message":"-------------- RxDB Open Core RxStorage -------------------------------\nYou are using the free Dexie.js based RxStorage implementation from RxDB https://rxdb.info/rx-storage-dexie.html?console=dexie \nWhile this is a great option, we want to let you know that there are faster storage solutions available in our premium plugins.\nFor professional users and production environments, we highly recommend considering these premium options to enhance performance and reliability.\n https://rxdb.info/premium/?console=dexie \nIf you already purchased premium access you can disable this log by calling the setPremiumFlag() function from rxdb-premium/plugins/shared.\n---------------------------------------------------------------------","user":"Jamal C. (jamal@yumyums.kitchen)","page":"/marketing.html","ua":"Mozilla/5.0 (X11; Linux x86_64) AppleWebKit/537.36 (KHTML, like Gecko) HeadlessChrome/147.0.7727.15 Safari/537.36"}
  ✓   62 [chromium] › tests/marketing.spec.js:1372:3 › Scanner polish (card scanner-polish, roadmap H6) › [SP-01b] an offline-ELIGIBLE campaign keeps its order-# field and override path (1.1s)
[2m[WebServer] [22m{"time":"2026-10-07T09:23:50.230857504-04:00","level":"ERROR","msg":"GetManagerHires failed","error":"iterate assigned templates for hire 6804100e-074e-4458-a3de-a9d40a4e043a: context canceled"}
[2m[WebServer] [22m{"time":"2026-10-07T09:23:50.382592664-04:00","level":"INFO","msg":"client log","level":"WARN","message":"-------------- RxDB Open Core RxStorage -------------------------------\nYou are using the free Dexie.js based RxStorage implementation from RxDB https://rxdb.info/rx-storage-dexie.html?console=dexie \nWhile this is a great option, we want to let you know that there are faster storage solutions available in our premium plugins.\nFor professional users and production environments, we highly recommend considering these premium options to enhance performance and reliability.\n https://rxdb.info/premium/?console=dexie \nIf you already purchased premium access you can disable this log by calling the setPremiumFlag() function from rxdb-premium/plugins/shared.\n---------------------------------------------------------------------","user":"Jamal C. (jamal@yumyums.kitchen)","page":"/marketing.html","ua":"Mozilla/5.0 (X11; Linux x86_64) AppleWebKit/537.36 (KHTML, like Gecko) HeadlessChrome/147.0.7727.15 Safari/537.36"}
  ✓   63 [chromium] › tests/marketing.spec.js:1395:3 › Scanner polish (card scanner-polish, roadmap H6) › [SP-02] the offer card names the campaign and the code last-4, not a bare UUID (812ms)
[2m[WebServer] [22m{"time":"2026-10-07T09:23:51.067526766-04:00","level":"ERROR","msg":"GetManagerHires failed","error":"query assigned templates for hire 1ef8172a-a6b1-4bcd-ac68-0c92d8283da1: context canceled"}
[2m[WebServer] [22m{"time":"2026-10-07T09:23:51.195560548-04:00","level":"INFO","msg":"client log","level":"WARN","message":"-------------- RxDB Open Core RxStorage -------------------------------\nYou are using the free Dexie.js based RxStorage implementation from RxDB https://rxdb.info/rx-storage-dexie.html?console=dexie \nWhile this is a great option, we want to let you know that there are faster storage solutions available in our premium plugins.\nFor professional users and production environments, we highly recommend considering these premium options to enhance performance and reliability.\n https://rxdb.info/premium/?console=dexie \nIf you already purchased premium access you can disable this log by calling the setPremiumFlag() function from rxdb-premium/plugins/shared.\n---------------------------------------------------------------------","user":"Jamal C. (jamal@yumyums.kitchen)","page":"/marketing.html","ua":"Mozilla/5.0 (X11; Linux x86_64) AppleWebKit/537.36 (KHTML, like Gecko) HeadlessChrome/147.0.7727.15 Safari/537.36"}
  ✓   64 [chromium] › tests/marketing.spec.js:1418:3 › Scanner polish (card scanner-polish, roadmap H6) › [SP-02b] a campaign row with no name degrades to its id prefix, never "undefined" (830ms)
[2m[WebServer] [22m{"time":"2026-10-07T09:23:51.88028226-04:00","level":"ERROR","msg":"GetManagerHires failed","error":"iterate assigned templates for hire 6804100e-074e-4458-a3de-a9d40a4e043a: context canceled"}
[2m[WebServer] [22m{"time":"2026-10-07T09:23:51.899019758-04:00","level":"ERROR","msg":"GetMyTrainings failed","error":"context canceled"}
[2m[WebServer] [22m{"time":"2026-10-07T09:23:52.027620806-04:00","level":"INFO","msg":"client log","level":"WARN","message":"-------------- RxDB Open Core RxStorage -------------------------------\nYou are using the free Dexie.js based RxStorage implementation from RxDB https://rxdb.info/rx-storage-dexie.html?console=dexie \nWhile this is a great option, we want to let you know that there are faster storage solutions available in our premium plugins.\nFor professional users and production environments, we highly recommend considering these premium options to enhance performance and reliability.\n https://rxdb.info/premium/?console=dexie \nIf you already purchased premium access you can disable this log by calling the setPremiumFlag() function from rxdb-premium/plugins/shared.\n---------------------------------------------------------------------","user":"Jamal C. (jamal@yumyums.kitchen)","page":"/marketing.html","ua":"Mozilla/5.0 (X11; Linux x86_64) AppleWebKit/537.36 (KHTML, like Gecko) HeadlessChrome/147.0.7727.15 Safari/537.36"}
  ✓   65 [chromium] › tests/marketing.spec.js:1449:3 › Scanner polish (card scanner-polish, roadmap H6) › [SP-03] no policy source → the refusal renders and NO Force affordance exists for a known code (818ms)
  ✓   66 [chromium] › tests/marketing.spec.js:1550:3 › Test integrity (card test-integrity-fix, roadmap I1) › [TI-01] a codes/offers row without campaign_id is refused by the v1 schema (VD2), and a v0 store reopens at v1 with its rows (3.4s)
[2m[WebServer] [22m{"time":"2026-10-07T09:23:56.207899693-04:00","level":"ERROR","msg":"GetManagerHires failed","error":"iterate assigned templates for hire d29dfe18-4174-47c0-a6c3-df22a8c7b636: context canceled"}
[2m[WebServer] [22m{"time":"2026-10-07T09:23:56.363167994-04:00","level":"INFO","msg":"client log","level":"WARN","message":"-------------- RxDB Open Core RxStorage -------------------------------\nYou are using the free Dexie.js based RxStorage implementation from RxDB https://rxdb.info/rx-storage-dexie.html?console=dexie \nWhile this is a great option, we want to let you know that there are faster storage solutions available in our premium plugins.\nFor professional users and production environments, we highly recommend considering these premium options to enhance performance and reliability.\n https://rxdb.info/premium/?console=dexie \nIf you already purchased premium access you can disable this log by calling the setPremiumFlag() function from rxdb-premium/plugins/shared.\n---------------------------------------------------------------------","user":"Jamal C. (jamal@yumyums.kitchen)","page":"/marketing.html","ua":"Mozilla/5.0 (X11; Linux x86_64) AppleWebKit/537.36 (KHTML, like Gecko) HeadlessChrome/147.0.7727.15 Safari/537.36"}
  ✓   67 [chromium] › tests/marketing.spec.js:1584:3 › Test integrity (card test-integrity-fix, roadmap I1) › [TI-02] in the page, a v0 codes/offers store on IndexedDB reopens at v1 through the shipped spec with its rows (972ms)
[2m[WebServer] [22m{"time":"2026-10-07T09:23:57.274027142-04:00","level":"ERROR","msg":"GetManagerHires failed","error":"query assigned templates for hire d29dfe18-4174-47c0-a6c3-df22a8c7b636: context canceled"}
[2m[WebServer] [22m{"time":"2026-10-07T09:23:57.437959693-04:00","level":"INFO","msg":"client log","level":"WARN","message":"-------------- RxDB Open Core RxStorage -------------------------------\nYou are using the free Dexie.js based RxStorage implementation from RxDB https://rxdb.info/rx-storage-dexie.html?console=dexie \nWhile this is a great option, we want to let you know that there are faster storage solutions available in our premium plugins.\nFor professional users and production environments, we highly recommend considering these premium options to enhance performance and reliability.\n https://rxdb.info/premium/?console=dexie \nIf you already purchased premium access you can disable this log by calling the setPremiumFlag() function from rxdb-premium/plugins/shared.\n---------------------------------------------------------------------","user":"Jamal C. (jamal@yumyums.kitchen)","page":"/marketing.html","ua":"Mozilla/5.0 (X11; Linux x86_64) AppleWebKit/537.36 (KHTML, like Gecko) HeadlessChrome/147.0.7727.15 Safari/537.36"}
  ✓   68 [chromium] › tests/marketing.spec.js:1765:3 › Sync provisioning (card sync-coordinates-provisioning) › done_when(1): provisioning through the SHIPPED path arms sync; a server-side code resolves OFFLINE after the network is cut (977ms)
[2m[WebServer] [22m{"time":"2026-10-07T09:23:58.397188021-04:00","level":"INFO","msg":"client log","level":"WARN","message":"-------------- RxDB Open Core RxStorage -------------------------------\nYou are using the free Dexie.js based RxStorage implementation from RxDB https://rxdb.info/rx-storage-dexie.html?console=dexie \nWhile this is a great option, we want to let you know that there are faster storage solutions available in our premium plugins.\nFor professional users and production environments, we highly recommend considering these premium options to enhance performance and reliability.\n https://rxdb.info/premium/?console=dexie \nIf you already purchased premium access you can disable this log by calling the setPremiumFlag() function from rxdb-premium/plugins/shared.\n---------------------------------------------------------------------","user":"Jamal C. (jamal@yumyums.kitchen)","page":"/marketing.html","ua":"Mozilla/5.0 (X11; Linux x86_64) AppleWebKit/537.36 (KHTML, like Gecko) HeadlessChrome/147.0.7727.15 Safari/537.36"}
  ✓   69 [chromium] › tests/marketing.spec.js:1800:3 › Sync provisioning (card sync-coordinates-provisioning) › done_when(2): campaignPolicy genuinely attaches — attached() true, size() non-zero, seam NOT stubbed (1.1s)
[2m[WebServer] [22m{"time":"2026-10-07T09:23:59.442733785-04:00","level":"ERROR","msg":"GetManagerHires failed","error":"query assigned templates for hire 1ef8172a-a6b1-4bcd-ac68-0c92d8283da1: context canceled"}
[2m[WebServer] [22m{"time":"2026-10-07T09:23:59.601884352-04:00","level":"INFO","msg":"client log","level":"WARN","message":"-------------- RxDB Open Core RxStorage -------------------------------\nYou are using the free Dexie.js based RxStorage implementation from RxDB https://rxdb.info/rx-storage-dexie.html?console=dexie \nWhile this is a great option, we want to let you know that there are faster storage solutions available in our premium plugins.\nFor professional users and production environments, we highly recommend considering these premium options to enhance performance and reliability.\n https://rxdb.info/premium/?console=dexie \nIf you already purchased premium access you can disable this log by calling the setPremiumFlag() function from rxdb-premium/plugins/shared.\n---------------------------------------------------------------------","user":"Jamal C. (jamal@yumyums.kitchen)","page":"/marketing.html","ua":"Mozilla/5.0 (X11; Linux x86_64) AppleWebKit/537.36 (KHTML, like Gecko) HeadlessChrome/147.0.7727.15 Safari/537.36"}
  ✓   70 [chromium] › tests/marketing.spec.js:1817:3 › Sync provisioning (card sync-coordinates-provisioning) › done_when(3)/B-438: campaigns upstream killed at the NETWORK layer — a genuinely-unknown override lands policy_unresolved=true, pushed as the mint sub (1.4s)
[2m[WebServer] [22m{"time":"2026-10-07T09:24:00.828835593-04:00","level":"ERROR","msg":"GetMyTrainings failed","error":"query my trainings: context canceled"}
[2m[WebServer] [22m{"time":"2026-10-07T09:24:00.985864495-04:00","level":"INFO","msg":"client log","level":"WARN","message":"-------------- RxDB Open Core RxStorage -------------------------------\nYou are using the free Dexie.js based RxStorage implementation from RxDB https://rxdb.info/rx-storage-dexie.html?console=dexie \nWhile this is a great option, we want to let you know that there are faster storage solutions available in our premium plugins.\nFor professional users and production environments, we highly recommend considering these premium options to enhance performance and reliability.\n https://rxdb.info/premium/?console=dexie \nIf you already purchased premium access you can disable this log by calling the setPremiumFlag() function from rxdb-premium/plugins/shared.\n---------------------------------------------------------------------","user":"Jamal C. (jamal@yumyums.kitchen)","page":"/marketing.html","ua":"Mozilla/5.0 (X11; Linux x86_64) AppleWebKit/537.36 (KHTML, like Gecko) HeadlessChrome/147.0.7727.15 Safari/537.36"}
  ✓   71 [chromium] › tests/marketing.spec.js:1865:3 › Sync provisioning (card sync-coordinates-provisioning) › done_when(3) control: with the campaigns replica HEALTHY the same override lands policy_unresolved=false (1.5s)
[2m[WebServer] [22m{"time":"2026-10-07T09:24:02.544916894-04:00","level":"INFO","msg":"client log","level":"WARN","message":"-------------- RxDB Open Core RxStorage -------------------------------\nYou are using the free Dexie.js based RxStorage implementation from RxDB https://rxdb.info/rx-storage-dexie.html?console=dexie \nWhile this is a great option, we want to let you know that there are faster storage solutions available in our premium plugins.\nFor professional users and production environments, we highly recommend considering these premium options to enhance performance and reliability.\n https://rxdb.info/premium/?console=dexie \nIf you already purchased premium access you can disable this log by calling the setPremiumFlag() function from rxdb-premium/plugins/shared.\n---------------------------------------------------------------------","user":"Jamal C. (jamal@yumyums.kitchen)","page":"/marketing.html","ua":"Mozilla/5.0 (X11; Linux x86_64) AppleWebKit/537.36 (KHTML, like Gecko) HeadlessChrome/147.0.7727.15 Safari/537.36"}
  ✓   72 [chromium] › tests/marketing.spec.js:1892:3 › Sync provisioning (card sync-coordinates-provisioning) › done_when(4)/B-439: after a post-ready failure + recovery WITH docs, unresolved() returns to false (7.2s)
[2m[WebServer] [22m{"time":"2026-10-07T09:24:09.600722407-04:00","level":"ERROR","msg":"GetManagerHires failed","error":"query assigned templates for hire 5b796d86-6c7c-4276-b0e2-6cf47e63e811: context canceled"}
[2m[WebServer] [22m{"time":"2026-10-07T09:24:09.766319907-04:00","level":"INFO","msg":"client log","level":"WARN","message":"-------------- RxDB Open Core RxStorage -------------------------------\nYou are using the free Dexie.js based RxStorage implementation from RxDB https://rxdb.info/rx-storage-dexie.html?console=dexie \nWhile this is a great option, we want to let you know that there are faster storage solutions available in our premium plugins.\nFor professional users and production environments, we highly recommend considering these premium options to enhance performance and reliability.\n https://rxdb.info/premium/?console=dexie \nIf you already purchased premium access you can disable this log by calling the setPremiumFlag() function from rxdb-premium/plugins/shared.\n---------------------------------------------------------------------","user":"Jamal C. (jamal@yumyums.kitchen)","page":"/marketing.html","ua":"Mozilla/5.0 (X11; Linux x86_64) AppleWebKit/537.36 (KHTML, like Gecko) HeadlessChrome/147.0.7727.15 Safari/537.36"}
  ✓   73 [chromium] › tests/marketing.spec.js:1918:3 › Sync provisioning (card sync-coordinates-provisioning) › done_when(4)/B-439: the recovery-EMPTY shape (zero new rows) ALSO clears the latch (7.2s)
[2m[WebServer] [22m{"time":"2026-10-07T09:24:14.69032661-04:00","level":"INFO","msg":"client log","level":"WARN","message":"-------------- RxDB Open Core RxStorage -------------------------------\nYou are using the free Dexie.js based RxStorage implementation from RxDB https://rxdb.info/rx-storage-dexie.html?console=dexie \nWhile this is a great option, we want to let you know that there are faster storage solutions available in our premium plugins.\nFor professional users and production environments, we highly recommend considering these premium options to enhance performance and reliability.\n https://rxdb.info/premium/?console=dexie \nIf you already purchased premium access you can disable this log by calling the setPremiumFlag() function from rxdb-premium/plugins/shared.\n---------------------------------------------------------------------","user":"Jamal C. (jamal@yumyums.kitchen)","page":"/marketing.html","ua":"Mozilla/5.0 (X11; Linux x86_64) AppleWebKit/537.36 (KHTML, like Gecko) HeadlessChrome/147.0.7727.15 Safari/537.36"}
  ✓   74 [chromium] › tests/marketing.spec.js:1970:3 › Boot without SubtleCrypto (plain-http LAN origin) › both flows boot with NO crypto.subtle, and the token hash still equals the WebCrypto seed literal (746ms)
[2m[WebServer] [22m{"time":"2026-10-07T09:24:15.472463329-04:00","level":"INFO","msg":"client log","level":"WARN","message":"-------------- RxDB Open Core RxStorage -------------------------------\nYou are using the free Dexie.js based RxStorage implementation from RxDB https://rxdb.info/rx-storage-dexie.html?console=dexie \nWhile this is a great option, we want to let you know that there are faster storage solutions available in our premium plugins.\nFor professional users and production environments, we highly recommend considering these premium options to enhance performance and reliability.\n https://rxdb.info/premium/?console=dexie \nIf you already purchased premium access you can disable this log by calling the setPremiumFlag() function from rxdb-premium/plugins/shared.\n---------------------------------------------------------------------","user":"Jamal C. (jamal@yumyums.kitchen)","page":"/marketing.html","ua":"Mozilla/5.0 (X11; Linux x86_64) AppleWebKit/537.36 (KHTML, like Gecko) HeadlessChrome/147.0.7727.15 Safari/537.36"}
[2m[WebServer] [22m{"time":"2026-10-07T09:24:15.490389371-04:00","level":"INFO","msg":"client log","level":"ERROR","message":"[marketing] scanner boot failed: IndexedDB API missing. Please visit https://tinyurl.com/y2uuvskb","user":"Jamal C. (jamal@yumyums.kitchen)","page":"/marketing.html","ua":"Mozilla/5.0 (X11; Linux x86_64) AppleWebKit/537.36 (KHTML, like Gecko) HeadlessChrome/147.0.7727.15 Safari/537.36"}
[2m[WebServer] [22m{"time":"2026-10-07T09:24:15.505631951-04:00","level":"INFO","msg":"client log","level":"ERROR","message":"Unhandled rejection: scanner did not boot: IndexedDB API missing. Please visit https://tinyurl.com/y2uuvskb","user":"Jamal C. (jamal@yumyums.kitchen)","page":"/marketing.html","ua":"Mozilla/5.0 (X11; Linux x86_64) AppleWebKit/537.36 (KHTML, like Gecko) HeadlessChrome/147.0.7727.15 Safari/537.36"}
  ✓   75 [chromium] › tests/marketing.spec.js:1981:3 › Boot without SubtleCrypto (plain-http LAN origin) › a boot failure reads as a plain sentence with the technical detail tucked away — not an exception dump (642ms)
[2m[WebServer] [22m{"time":"2026-10-07T09:24:16.121660176-04:00","level":"INFO","msg":"client log","level":"WARN","message":"-------------- RxDB Open Core RxStorage -------------------------------\nYou are using the free Dexie.js based RxStorage implementation from RxDB https://rxdb.info/rx-storage-dexie.html?console=dexie \nWhile this is a great option, we want to let you know that there are faster storage solutions available in our premium plugins.\nFor professional users and production environments, we highly recommend considering these premium options to enhance performance and reliability.\n https://rxdb.info/premium/?console=dexie \nIf you already purchased premium access you can disable this log by calling the setPremiumFlag() function from rxdb-premium/plugins/shared.\n---------------------------------------------------------------------","user":"Jamal C. (jamal@yumyums.kitchen)","page":"/marketing.html","ua":"Mozilla/5.0 (X11; Linux x86_64) AppleWebKit/537.36 (KHTML, like Gecko) HeadlessChrome/147.0.7727.15 Safari/537.36"}
[2m[WebServer] [22m{"time":"2026-10-07T09:24:16.139256869-04:00","level":"INFO","msg":"client log","level":"ERROR","message":"[marketing] scanner boot failed: IndexedDB API missing. Please visit https://tinyurl.com/y2uuvskb","user":"Jamal C. (jamal@yumyums.kitchen)","page":"/marketing.html","ua":"Mozilla/5.0 (X11; Linux x86_64) AppleWebKit/537.36 (KHTML, like Gecko) HeadlessChrome/147.0.7727.15 Safari/537.36"}
[2m[WebServer] [22m{"time":"2026-10-07T09:24:16.153790905-04:00","level":"INFO","msg":"client log","level":"ERROR","message":"Unhandled rejection: scanner did not boot: IndexedDB API missing. Please visit https://tinyurl.com/y2uuvskb","user":"Jamal C. (jamal@yumyums.kitchen)","page":"/marketing.html","ua":"Mozilla/5.0 (X11; Linux x86_64) AppleWebKit/537.36 (KHTML, like Gecko) HeadlessChrome/147.0.7727.15 Safari/537.36"}
  ✓   76 [chromium] › tests/marketing.spec.js:2005:3 › Boot without SubtleCrypto (plain-http LAN origin) › on a LAN/dev address the hint says https, NOT "go to hq.yumyums.kitchen" (621ms)
[2m[WebServer] [22m{"time":"2026-10-07T09:24:16.783549636-04:00","level":"INFO","msg":"client log","level":"WARN","message":"-------------- RxDB Open Core RxStorage -------------------------------\nYou are using the free Dexie.js based RxStorage implementation from RxDB https://rxdb.info/rx-storage-dexie.html?console=dexie \nWhile this is a great option, we want to let you know that there are faster storage solutions available in our premium plugins.\nFor professional users and production environments, we highly recommend considering these premium options to enhance performance and reliability.\n https://rxdb.info/premium/?console=dexie \nIf you already purchased premium access you can disable this log by calling the setPremiumFlag() function from rxdb-premium/plugins/shared.\n---------------------------------------------------------------------","user":"Jamal C. (jamal@yumyums.kitchen)","page":"/marketing.html","ua":"Mozilla/5.0 (X11; Linux x86_64) AppleWebKit/537.36 (KHTML, like Gecko) HeadlessChrome/147.0.7727.15 Safari/537.36"}
[2m[WebServer] [22m{"time":"2026-10-07T09:24:16.801414065-04:00","level":"INFO","msg":"client log","level":"ERROR","message":"[marketing] scanner boot failed: IndexedDB API missing. Please visit https://tinyurl.com/y2uuvskb","user":"Jamal C. (jamal@yumyums.kitchen)","page":"/marketing.html","ua":"Mozilla/5.0 (X11; Linux x86_64) AppleWebKit/537.36 (KHTML, like Gecko) HeadlessChrome/147.0.7727.15 Safari/537.36"}
[2m[WebServer] [22m{"time":"2026-10-07T09:24:16.816918605-04:00","level":"INFO","msg":"client log","level":"ERROR","message":"Unhandled rejection: scanner did not boot: IndexedDB API missing. Please visit https://tinyurl.com/y2uuvskb","user":"Jamal C. (jamal@yumyums.kitchen)","page":"/marketing.html","ua":"Mozilla/5.0 (X11; Linux x86_64) AppleWebKit/537.36 (KHTML, like Gecko) HeadlessChrome/147.0.7727.15 Safari/537.36"}
  ✓   77 [chromium] › tests/marketing.spec.js:2024:3 › Boot without SubtleCrypto (plain-http LAN origin) › the Details cause reads as a sentence, not an internal symbol name (629ms)
[2m[WebServer] [22m{"time":"2026-10-07T09:24:17.441098727-04:00","level":"INFO","msg":"client log","level":"WARN","message":"-------------- RxDB Open Core RxStorage -------------------------------\nYou are using the free Dexie.js based RxStorage implementation from RxDB https://rxdb.info/rx-storage-dexie.html?console=dexie \nWhile this is a great option, we want to let you know that there are faster storage solutions available in our premium plugins.\nFor professional users and production environments, we highly recommend considering these premium options to enhance performance and reliability.\n https://rxdb.info/premium/?console=dexie \nIf you already purchased premium access you can disable this log by calling the setPremiumFlag() function from rxdb-premium/plugins/shared.\n---------------------------------------------------------------------","user":"Jamal C. (jamal@yumyums.kitchen)","page":"/marketing.html","ua":"Mozilla/5.0 (X11; Linux x86_64) AppleWebKit/537.36 (KHTML, like Gecko) HeadlessChrome/147.0.7727.15 Safari/537.36"}
  ✓   78 [chromium] › tests/marketing.spec.js:2039:3 › Boot without SubtleCrypto (plain-http LAN origin) › camera failure on an insecure origin names the fix: open the https address, or scan from a photo (903ms)
[2m[WebServer] [22m{"time":"2026-10-07T09:24:18.281897175-04:00","level":"ERROR","msg":"GetManagerHires failed","error":"iterate assigned templates for hire 1ef8172a-a6b1-4bcd-ac68-0c92d8283da1: context canceled"}
[2m[WebServer] [22m{"time":"2026-10-07T09:24:18.481505252-04:00","level":"INFO","msg":"client log","level":"WARN","message":"-------------- RxDB Open Core RxStorage -------------------------------\nYou are using the free Dexie.js based RxStorage implementation from RxDB https://rxdb.info/rx-storage-dexie.html?console=dexie \nWhile this is a great option, we want to let you know that there are faster storage solutions available in our premium plugins.\nFor professional users and production environments, we highly recommend considering these premium options to enhance performance and reliability.\n https://rxdb.info/premium/?console=dexie \nIf you already purchased premium access you can disable this log by calling the setPremiumFlag() function from rxdb-premium/plugins/shared.\n---------------------------------------------------------------------","user":"Jamal C. (jamal@yumyums.kitchen)","page":"/marketing.html","ua":"Mozilla/5.0 (X11; Linux x86_64) AppleWebKit/537.36 (KHTML, like Gecko) HeadlessChrome/147.0.7727.15 Safari/537.36"}
  ✓   79 [chromium] › tests/marketing.spec.js:2156:3 › Scan-time verify (card scan-time-verify, roadmap I2) › [SV-01] online + absent locally + the server has it → the offer card renders from the server row, before any submit control is used (1.2s)
[2m[WebServer] [22m{"time":"2026-10-07T09:24:19.664272114-04:00","level":"INFO","msg":"client log","level":"WARN","message":"-------------- RxDB Open Core RxStorage -------------------------------\nYou are using the free Dexie.js based RxStorage implementation from RxDB https://rxdb.info/rx-storage-dexie.html?console=dexie \nWhile this is a great option, we want to let you know that there are faster storage solutions available in our premium plugins.\nFor professional users and production environments, we highly recommend considering these premium options to enhance performance and reliability.\n https://rxdb.info/premium/?console=dexie \nIf you already purchased premium access you can disable this log by calling the setPremiumFlag() function from rxdb-premium/plugins/shared.\n---------------------------------------------------------------------","user":"Jamal C. (jamal@yumyums.kitchen)","page":"/marketing.html","ua":"Mozilla/5.0 (X11; Linux x86_64) AppleWebKit/537.36 (KHTML, like Gecko) HeadlessChrome/147.0.7727.15 Safari/537.36"}
  ✓   80 [chromium] › tests/marketing.spec.js:2218:3 › Scan-time verify (card scan-time-verify, roadmap I2) › [SV-01b] a server row beats the QR-embedded descriptor; with no server row the embedded offer renders as today (1.0s)
[2m[WebServer] [22m{"time":"2026-10-07T09:24:20.641857903-04:00","level":"INFO","msg":"client log","level":"WARN","message":"-------------- RxDB Open Core RxStorage -------------------------------\nYou are using the free Dexie.js based RxStorage implementation from RxDB https://rxdb.info/rx-storage-dexie.html?console=dexie \nWhile this is a great option, we want to let you know that there are faster storage solutions available in our premium plugins.\nFor professional users and production environments, we highly recommend considering these premium options to enhance performance and reliability.\n https://rxdb.info/premium/?console=dexie \nIf you already purchased premium access you can disable this log by calling the setPremiumFlag() function from rxdb-premium/plugins/shared.\n---------------------------------------------------------------------","user":"Jamal C. (jamal@yumyums.kitchen)","page":"/marketing.html","ua":"Mozilla/5.0 (X11; Linux x86_64) AppleWebKit/537.36 (KHTML, like Gecko) HeadlessChrome/147.0.7727.15 Safari/537.36"}
  ✓   81 [chromium] › tests/marketing.spec.js:2246:3 › Scan-time verify (card scan-time-verify, roadmap I2) › [SV-02] online + the server says redeemed → "Already used" at scan, with no discount prompt (943ms)
[2m[WebServer] [22m{"time":"2026-10-07T09:24:21.691319007-04:00","level":"INFO","msg":"client log","level":"WARN","message":"-------------- RxDB Open Core RxStorage -------------------------------\nYou are using the free Dexie.js based RxStorage implementation from RxDB https://rxdb.info/rx-storage-dexie.html?console=dexie \nWhile this is a great option, we want to let you know that there are faster storage solutions available in our premium plugins.\nFor professional users and production environments, we highly recommend considering these premium options to enhance performance and reliability.\n https://rxdb.info/premium/?console=dexie \nIf you already purchased premium access you can disable this log by calling the setPremiumFlag() function from rxdb-premium/plugins/shared.\n---------------------------------------------------------------------","user":"Jamal C. (jamal@yumyums.kitchen)","page":"/marketing.html","ua":"Mozilla/5.0 (X11; Linux x86_64) AppleWebKit/537.36 (KHTML, like Gecko) HeadlessChrome/147.0.7727.15 Safari/537.36"}
  ✓   82 [chromium] › tests/marketing.spec.js:2299:3 › Scan-time verify (card scan-time-verify, roadmap I2) › [SV-03] the server killed at the NETWORK layer → today's unknown-code card plus "couldn't check the server", inside the budget (989ms)
[2m[WebServer] [22m{"time":"2026-10-07T09:24:22.460833097-04:00","level":"ERROR","msg":"GetMyTrainings failed","error":"context canceled"}
[2m[WebServer] [22m{"time":"2026-10-07T09:24:22.640199251-04:00","level":"INFO","msg":"client log","level":"WARN","message":"-------------- RxDB Open Core RxStorage -------------------------------\nYou are using the free Dexie.js based RxStorage implementation from RxDB https://rxdb.info/rx-storage-dexie.html?console=dexie \nWhile this is a great option, we want to let you know that there are faster storage solutions available in our premium plugins.\nFor professional users and production environments, we highly recommend considering these premium options to enhance performance and reliability.\n https://rxdb.info/premium/?console=dexie \nIf you already purchased premium access you can disable this log by calling the setPremiumFlag() function from rxdb-premium/plugins/shared.\n---------------------------------------------------------------------","user":"Jamal C. (jamal@yumyums.kitchen)","page":"/marketing.html","ua":"Mozilla/5.0 (X11; Linux x86_64) AppleWebKit/537.36 (KHTML, like Gecko) HeadlessChrome/147.0.7727.15 Safari/537.36"}
  ✓   83 [chromium] › tests/marketing.spec.js:2342:3 › Scan-time verify (card scan-time-verify, roadmap I2) › [SV-03b] a HUNG link cannot wedge the scan: the lookup is aborted at the probe timeout and the fallback renders (4.4s)
[2m[WebServer] [22m{"time":"2026-10-07T09:24:27.127395292-04:00","level":"INFO","msg":"client log","level":"WARN","message":"-------------- RxDB Open Core RxStorage -------------------------------\nYou are using the free Dexie.js based RxStorage implementation from RxDB https://rxdb.info/rx-storage-dexie.html?console=dexie \nWhile this is a great option, we want to let you know that there are faster storage solutions available in our premium plugins.\nFor professional users and production environments, we highly recommend considering these premium options to enhance performance and reliability.\n https://rxdb.info/premium/?console=dexie \nIf you already purchased premium access you can disable this log by calling the setPremiumFlag() function from rxdb-premium/plugins/shared.\n---------------------------------------------------------------------","user":"Jamal C. (jamal@yumyums.kitchen)","page":"/marketing.html","ua":"Mozilla/5.0 (X11; Linux x86_64) AppleWebKit/537.36 (KHTML, like Gecko) HeadlessChrome/147.0.7727.15 Safari/537.36"}
  ✓   84 [chromium] › tests/marketing.spec.js:2374:3 › Scan-time verify (card scan-time-verify, roadmap I2) › [SV-04] offline → zero network calls at scan and a result byte-identical to today; the same phone online makes exactly one (1.2s)
[2m[WebServer] [22m{"time":"2026-10-07T09:24:28.388891947-04:00","level":"INFO","msg":"client log","level":"WARN","message":"-------------- RxDB Open Core RxStorage -------------------------------\nYou are using the free Dexie.js based RxStorage implementation from RxDB https://rxdb.info/rx-storage-dexie.html?console=dexie \nWhile this is a great option, we want to let you know that there are faster storage solutions available in our premium plugins.\nFor professional users and production environments, we highly recommend considering these premium options to enhance performance and reliability.\n https://rxdb.info/premium/?console=dexie \nIf you already purchased premium access you can disable this log by calling the setPremiumFlag() function from rxdb-premium/plugins/shared.\n---------------------------------------------------------------------","user":"Jamal C. (jamal@yumyums.kitchen)","page":"/marketing.html","ua":"Mozilla/5.0 (X11; Linux x86_64) AppleWebKit/537.36 (KHTML, like Gecko) HeadlessChrome/147.0.7727.15 Safari/537.36"}
  ✓   85 [chromium] › tests/marketing.spec.js:2436:3 › Scan-time verify (card scan-time-verify, roadmap I2) › [SV-05] online + the code IS held locally (one live, one redeemed locally) → zero requests on the lookup path, and no checking state (1.1s)
[2m[WebServer] [22m{"time":"2026-10-07T09:24:29.493165109-04:00","level":"INFO","msg":"client log","level":"WARN","message":"-------------- RxDB Open Core RxStorage -------------------------------\nYou are using the free Dexie.js based RxStorage implementation from RxDB https://rxdb.info/rx-storage-dexie.html?console=dexie \nWhile this is a great option, we want to let you know that there are faster storage solutions available in our premium plugins.\nFor professional users and production environments, we highly recommend considering these premium options to enhance performance and reliability.\n https://rxdb.info/premium/?console=dexie \nIf you already purchased premium access you can disable this log by calling the setPremiumFlag() function from rxdb-premium/plugins/shared.\n---------------------------------------------------------------------","user":"Jamal C. (jamal@yumyums.kitchen)","page":"/marketing.html","ua":"Mozilla/5.0 (X11; Linux x86_64) AppleWebKit/537.36 (KHTML, like Gecko) HeadlessChrome/147.0.7727.15 Safari/537.36"}
  ✓   86 [chromium] › tests/marketing.spec.js:2490:3 › Scan-time verify (card scan-time-verify, roadmap I2) › [SV-06] while the lookup is in flight the result area says so — never blank — and the outcome replaces it (1.1s)
[2m[WebServer] [22m{"time":"2026-10-07T09:24:30.655528739-04:00","level":"INFO","msg":"client log","level":"WARN","message":"-------------- RxDB Open Core RxStorage -------------------------------\nYou are using the free Dexie.js based RxStorage implementation from RxDB https://rxdb.info/rx-storage-dexie.html?console=dexie \nWhile this is a great option, we want to let you know that there are faster storage solutions available in our premium plugins.\nFor professional users and production environments, we highly recommend considering these premium options to enhance performance and reliability.\n https://rxdb.info/premium/?console=dexie \nIf you already purchased premium access you can disable this log by calling the setPremiumFlag() function from rxdb-premium/plugins/shared.\n---------------------------------------------------------------------","user":"Jamal C. (jamal@yumyums.kitchen)","page":"/marketing.html","ua":"Mozilla/5.0 (X11; Linux x86_64) AppleWebKit/537.36 (KHTML, like Gecko) HeadlessChrome/147.0.7727.15 Safari/537.36"}
  ✓   87 [chromium] › tests/marketing.spec.js:2526:3 › Scan-time verify (card scan-time-verify, roadmap I2) › [SV-07] a 200 whose first element is not a usable row is "could not check", never an offer or an "Expired undefined" card (1.3s)
[2m[WebServer] [22m{"time":"2026-10-07T09:24:31.961152505-04:00","level":"INFO","msg":"client log","level":"WARN","message":"-------------- RxDB Open Core RxStorage -------------------------------\nYou are using the free Dexie.js based RxStorage implementation from RxDB https://rxdb.info/rx-storage-dexie.html?console=dexie \nWhile this is a great option, we want to let you know that there are faster storage solutions available in our premium plugins.\nFor professional users and production environments, we highly recommend considering these premium options to enhance performance and reliability.\n https://rxdb.info/premium/?console=dexie \nIf you already purchased premium access you can disable this log by calling the setPremiumFlag() function from rxdb-premium/plugins/shared.\n---------------------------------------------------------------------","user":"Jamal C. (jamal@yumyums.kitchen)","page":"/marketing.html","ua":"Mozilla/5.0 (X11; Linux x86_64) AppleWebKit/537.36 (KHTML, like Gecko) HeadlessChrome/147.0.7727.15 Safari/537.36"}
  ✓   88 [chromium] › tests/marketing.spec.js:2652:3 › Photo scan guard + lookup arms (card photo-scan-guard-and-lookup-arms, roadmap J1) › [PS-01] a photo of held code B picked while never-seen code A waits on the server → A's offer renders WITH its order-number field and NO finish-first prompt (2.9s)
[2m[WebServer] [22m{"time":"2026-10-07T09:24:34.861872577-04:00","level":"INFO","msg":"client log","level":"WARN","message":"-------------- RxDB Open Core RxStorage -------------------------------\nYou are using the free Dexie.js based RxStorage implementation from RxDB https://rxdb.info/rx-storage-dexie.html?console=dexie \nWhile this is a great option, we want to let you know that there are faster storage solutions available in our premium plugins.\nFor professional users and production environments, we highly recommend considering these premium options to enhance performance and reliability.\n https://rxdb.info/premium/?console=dexie \nIf you already purchased premium access you can disable this log by calling the setPremiumFlag() function from rxdb-premium/plugins/shared.\n---------------------------------------------------------------------","user":"Jamal C. (jamal@yumyums.kitchen)","page":"/marketing.html","ua":"Mozilla/5.0 (X11; Linux x86_64) AppleWebKit/537.36 (KHTML, like Gecko) HeadlessChrome/147.0.7727.15 Safari/537.36"}
  ✓   89 [chromium] › tests/marketing.spec.js:2709:3 › Photo scan guard + lookup arms (card photo-scan-guard-and-lookup-arms, roadmap J1) › [PS-01b] the same through user paths only: a PHOTO of never-seen code A waits on the server, a photo of B is picked mid-wait → A's offer renders WITH #ms-order, no prompt (2.9s)
[2m[WebServer] [22m{"time":"2026-10-07T09:24:37.881196125-04:00","level":"INFO","msg":"client log","level":"WARN","message":"-------------- RxDB Open Core RxStorage -------------------------------\nYou are using the free Dexie.js based RxStorage implementation from RxDB https://rxdb.info/rx-storage-dexie.html?console=dexie \nWhile this is a great option, we want to let you know that there are faster storage solutions available in our premium plugins.\nFor professional users and production environments, we highly recommend considering these premium options to enhance performance and reliability.\n https://rxdb.info/premium/?console=dexie \nIf you already purchased premium access you can disable this log by calling the setPremiumFlag() function from rxdb-premium/plugins/shared.\n---------------------------------------------------------------------","user":"Jamal C. (jamal@yumyums.kitchen)","page":"/marketing.html","ua":"Mozilla/5.0 (X11; Linux x86_64) AppleWebKit/537.36 (KHTML, like Gecko) HeadlessChrome/147.0.7727.15 Safari/537.36"}
  ✓   90 [chromium] › tests/marketing.spec.js:2738:3 › Photo scan guard + lookup arms (card photo-scan-guard-and-lookup-arms, roadmap J1) › [PS-02] a photo picked with no scan in flight still decodes — before a wait, after a wait that refused a pick, and after a photo with no code in it (2.0s)
[2m[WebServer] [22m{"time":"2026-10-07T09:24:39.81894501-04:00","level":"INFO","msg":"client log","level":"WARN","message":"-------------- RxDB Open Core RxStorage -------------------------------\nYou are using the free Dexie.js based RxStorage implementation from RxDB https://rxdb.info/rx-storage-dexie.html?console=dexie \nWhile this is a great option, we want to let you know that there are faster storage solutions available in our premium plugins.\nFor professional users and production environments, we highly recommend considering these premium options to enhance performance and reliability.\n https://rxdb.info/premium/?console=dexie \nIf you already purchased premium access you can disable this log by calling the setPremiumFlag() function from rxdb-premium/plugins/shared.\n---------------------------------------------------------------------","user":"Jamal C. (jamal@yumyums.kitchen)","page":"/marketing.html","ua":"Mozilla/5.0 (X11; Linux x86_64) AppleWebKit/537.36 (KHTML, like Gecko) HeadlessChrome/147.0.7727.15 Safari/537.36"}
  ✓   91 [chromium] › tests/marketing.spec.js:2794:3 › Photo scan guard + lookup arms (card photo-scan-guard-and-lookup-arms, roadmap J1) › [SV-08] online + held locally AND expired by the local clock → the replica's expired result, zero lookups — the server is not asked and nothing is offered (1.1s)
[2m[WebServer] [22m{"time":"2026-10-07T09:24:40.879184383-04:00","level":"INFO","msg":"client log","level":"WARN","message":"-------------- RxDB Open Core RxStorage -------------------------------\nYou are using the free Dexie.js based RxStorage implementation from RxDB https://rxdb.info/rx-storage-dexie.html?console=dexie \nWhile this is a great option, we want to let you know that there are faster storage solutions available in our premium plugins.\nFor professional users and production environments, we highly recommend considering these premium options to enhance performance and reliability.\n https://rxdb.info/premium/?console=dexie \nIf you already purchased premium access you can disable this log by calling the setPremiumFlag() function from rxdb-premium/plugins/shared.\n---------------------------------------------------------------------","user":"Jamal C. (jamal@yumyums.kitchen)","page":"/marketing.html","ua":"Mozilla/5.0 (X11; Linux x86_64) AppleWebKit/537.36 (KHTML, like Gecko) HeadlessChrome/147.0.7727.15 Safari/537.36"}
  ✓   92 [chromium] › tests/marketing.spec.js:2843:3 › Photo scan guard + lookup arms (card photo-scan-guard-and-lookup-arms, roadmap J1) › [SV-09] online + the server's row is EXPIRED → the expired card from the server, never an offer and no discount prompt (1.0s)
[2m[WebServer] [22m{"time":"2026-10-07T09:24:39.864962729-04:00","level":"INFO","msg":"client log","level":"WARN","message":"-------------- RxDB Open Core RxStorage -------------------------------\nYou are using the free Dexie.js based RxStorage implementation from RxDB https://rxdb.info/rx-storage-dexie.html?console=dexie \nWhile this is a great option, we want to let you know that there are faster storage solutions available in our premium plugins.\nFor professional users and production environments, we highly recommend considering these premium options to enhance performance and reliability.\n https://rxdb.info/premium/?console=dexie \nIf you already purchased premium access you can disable this log by calling the setPremiumFlag() function from rxdb-premium/plugins/shared.\n---------------------------------------------------------------------","user":"Jamal C. (jamal@yumyums.kitchen)","page":"/marketing.html","ua":"Mozilla/5.0 (X11; Linux x86_64) AppleWebKit/537.36 (KHTML, like Gecko) HeadlessChrome/147.0.7727.15 Safari/537.36"}
  ✓   93 [chromium] › tests/marketing.spec.js:2877:3 › Photo scan guard + lookup arms (card photo-scan-guard-and-lookup-arms, roadmap J1) › [SV-10] a non-200 answer is "couldn't check the server" (unknownCode, verified:false) — never a plain "the server does not know it" (1.5s)
[2m[WebServer] [22m{"time":"2026-10-07T09:24:41.23137904-04:00","level":"INFO","msg":"client log","level":"WARN","message":"-------------- RxDB Open Core RxStorage -------------------------------\nYou are using the free Dexie.js based RxStorage implementation from RxDB https://rxdb.info/rx-storage-dexie.html?console=dexie \nWhile this is a great option, we want to let you know that there are faster storage solutions available in our premium plugins.\nFor professional users and production environments, we highly recommend considering these premium options to enhance performance and reliability.\n https://rxdb.info/premium/?console=dexie \nIf you already purchased premium access you can disable this log by calling the setPremiumFlag() function from rxdb-premium/plugins/shared.\n---------------------------------------------------------------------","user":"Jamal C. (jamal@yumyums.kitchen)","page":"/marketing.html","ua":"Mozilla/5.0 (X11; Linux x86_64) AppleWebKit/537.36 (KHTML, like Gecko) HeadlessChrome/147.0.7727.15 Safari/537.36"}
  ✓   94 [chromium] › tests/marketing.spec.js:2947:3 › Photo scan guard + lookup arms (card photo-scan-guard-and-lookup-arms, roadmap J1) › [SV-11] the shipped policyFor, handed a THROWING policy source, fails closed for a code that names a campaign — and the shipped machine refuses the offline override (795ms)
[2m[WebServer] [22m{"time":"2026-10-07T09:24:42.099863174-04:00","level":"INFO","msg":"client log","level":"WARN","message":"-------------- RxDB Open Core RxStorage -------------------------------\nYou are using the free Dexie.js based RxStorage implementation from RxDB https://rxdb.info/rx-storage-dexie.html?console=dexie \nWhile this is a great option, we want to let you know that there are faster storage solutions available in our premium plugins.\nFor professional users and production environments, we highly recommend considering these premium options to enhance performance and reliability.\n https://rxdb.info/premium/?console=dexie \nIf you already purchased premium access you can disable this log by calling the setPremiumFlag() function from rxdb-premium/plugins/shared.\n---------------------------------------------------------------------","user":"Jamal C. (jamal@yumyums.kitchen)","page":"/marketing.html","ua":"Mozilla/5.0 (X11; Linux x86_64) AppleWebKit/537.36 (KHTML, like Gecko) HeadlessChrome/147.0.7727.15 Safari/537.36"}
  ✓   95 [chromium] › tests/marketing.spec.js:3039:3 › Refusal seam (card scanner-refusal-seam-and-pick-feedback, roadmap K4) › [SV-12] a THROWING policy source, installed at boot, renders the fail-closed refusal through the page for an offline scan of a held low-value code — no order-number field, no override (1.1s)
[2m[WebServer] [22m{"time":"2026-10-07T09:24:43.483775843-04:00","level":"INFO","msg":"client log","level":"WARN","message":"-------------- RxDB Open Core RxStorage -------------------------------\nYou are using the free Dexie.js based RxStorage implementation from RxDB https://rxdb.info/rx-storage-dexie.html?console=dexie \nWhile this is a great option, we want to let you know that there are faster storage solutions available in our premium plugins.\nFor professional users and production environments, we highly recommend considering these premium options to enhance performance and reliability.\n https://rxdb.info/premium/?console=dexie \nIf you already purchased premium access you can disable this log by calling the setPremiumFlag() function from rxdb-premium/plugins/shared.\n---------------------------------------------------------------------","user":"Jamal C. (jamal@yumyums.kitchen)","page":"/marketing.html","ua":"Mozilla/5.0 (X11; Linux x86_64) AppleWebKit/537.36 (KHTML, like Gecko) HeadlessChrome/147.0.7727.15 Safari/537.36"}
  ✓   96 [chromium] › tests/marketing.spec.js:3174:3 › Refusal seam — the boot-time override is a local-origin door only (triage 2026-10-07) › [SV-13] on hq-guard.test a PERMISSIVE policy override is ignored — the real source refuses the offline scan of a requires-online code (1.2s)
[2m[WebServer] [22m{"time":"2026-10-07T09:24:44.494509775-04:00","level":"INFO","msg":"client log","level":"WARN","message":"-------------- RxDB Open Core RxStorage -------------------------------\nYou are using the free Dexie.js based RxStorage implementation from RxDB https://rxdb.info/rx-storage-dexie.html?console=dexie \nWhile this is a great option, we want to let you know that there are faster storage solutions available in our premium plugins.\nFor professional users and production environments, we highly recommend considering these premium options to enhance performance and reliability.\n https://rxdb.info/premium/?console=dexie \nIf you already purchased premium access you can disable this log by calling the setPremiumFlag() function from rxdb-premium/plugins/shared.\n---------------------------------------------------------------------","user":"Jamal C. (jamal@yumyums.kitchen)","page":"/marketing.html","ua":"Mozilla/5.0 (X11; Linux x86_64) AppleWebKit/537.36 (KHTML, like Gecko) HeadlessChrome/147.0.7727.15 Safari/537.36"}
  ✓   97 [chromium] › tests/states-marketing-campaigns.spec.js:114:3 › Campaigns (#s2) — State Enumeration Table › Row: empty — "No campaigns yet", and New campaign is still the way forward (863ms)
[2m[WebServer] [22m{"time":"2026-10-07T09:24:45.299818061-04:00","level":"INFO","msg":"client log","level":"WARN","message":"-------------- RxDB Open Core RxStorage -------------------------------\nYou are using the free Dexie.js based RxStorage implementation from RxDB https://rxdb.info/rx-storage-dexie.html?console=dexie \nWhile this is a great option, we want to let you know that there are faster storage solutions available in our premium plugins.\nFor professional users and production environments, we highly recommend considering these premium options to enhance performance and reliability.\n https://rxdb.info/premium/?console=dexie \nIf you already purchased premium access you can disable this log by calling the setPremiumFlag() function from rxdb-premium/plugins/shared.\n---------------------------------------------------------------------","user":"Jamal C. (jamal@yumyums.kitchen)","page":"/marketing.html","ua":"Mozilla/5.0 (X11; Linux x86_64) AppleWebKit/537.36 (KHTML, like Gecko) HeadlessChrome/147.0.7727.15 Safari/537.36"}
  ✓   98 [chromium] › tests/states-marketing-campaigns.spec.js:127:3 › Campaigns (#s2) — State Enumeration Table › Row: loading — three skeletons, aria-busy, and no number on screen yet (748ms)
[2m[WebServer] [22m{"time":"2026-10-07T09:24:46.024451997-04:00","level":"INFO","msg":"client log","level":"ERROR","message":"campaigns: list failed boom","user":"Jamal C. (jamal@yumyums.kitchen)","page":"/marketing.html","ua":"Mozilla/5.0 (X11; Linux x86_64) AppleWebKit/537.36 (KHTML, like Gecko) HeadlessChrome/147.0.7727.15 Safari/537.36"}
[2m[WebServer] [22m{"time":"2026-10-07T09:24:46.069672699-04:00","level":"INFO","msg":"client log","level":"WARN","message":"-------------- RxDB Open Core RxStorage -------------------------------\nYou are using the free Dexie.js based RxStorage implementation from RxDB https://rxdb.info/rx-storage-dexie.html?console=dexie \nWhile this is a great option, we want to let you know that there are faster storage solutions available in our premium plugins.\nFor professional users and production environments, we highly recommend considering these premium options to enhance performance and reliability.\n https://rxdb.info/premium/?console=dexie \nIf you already purchased premium access you can disable this log by calling the setPremiumFlag() function from rxdb-premium/plugins/shared.\n---------------------------------------------------------------------","user":"Jamal C. (jamal@yumyums.kitchen)","page":"/marketing.html","ua":"Mozilla/5.0 (X11; Linux x86_64) AppleWebKit/537.36 (KHTML, like Gecko) HeadlessChrome/147.0.7727.15 Safari/537.36"}
  ✓   99 [chromium] › tests/states-marketing-campaigns.spec.js:144:3 › Campaigns (#s2) — State Enumeration Table › Row: error — loud banner naming the failure, with Retry (UI-R6) (854ms)
[2m[WebServer] [22m{"time":"2026-10-07T09:24:46.86990065-04:00","level":"ERROR","msg":"marketing: campaign projection failed; projected_at left NULL","error":"projection not configured (HQ_SYNC_REST_URL and/or HQ_SYNC_SERVICE_KEY empty)","campaign_id":"2295d8b5-6e03-444a-994f-ffd69d40e419"}
[2m[WebServer] [22m{"time":"2026-10-07T09:24:47.105169966-04:00","level":"INFO","msg":"client log","level":"WARN","message":"-------------- RxDB Open Core RxStorage -------------------------------\nYou are using the free Dexie.js based RxStorage implementation from RxDB https://rxdb.info/rx-storage-dexie.html?console=dexie \nWhile this is a great option, we want to let you know that there are faster storage solutions available in our premium plugins.\nFor professional users and production environments, we highly recommend considering these premium options to enhance performance and reliability.\n https://rxdb.info/premium/?console=dexie \nIf you already purchased premium access you can disable this log by calling the setPremiumFlag() function from rxdb-premium/plugins/shared.\n---------------------------------------------------------------------","user":"Jamal C. (jamal@yumyums.kitchen)","page":"/marketing.html","ua":"Mozilla/5.0 (X11; Linux x86_64) AppleWebKit/537.36 (KHTML, like Gecko) HeadlessChrome/147.0.7727.15 Safari/537.36"}
  ✓  100 [chromium] › tests/states-marketing-campaigns.spec.js:168:3 › Campaigns (#s2) — State Enumeration Table › Row: success — funnel legs and the money strip, from the REAL endpoint (1.0s)
[2m[WebServer] [22m{"time":"2026-10-07T09:24:48.382390141-04:00","level":"INFO","msg":"client log","level":"WARN","message":"-------------- RxDB Open Core RxStorage -------------------------------\nYou are using the free Dexie.js based RxStorage implementation from RxDB https://rxdb.info/rx-storage-dexie.html?console=dexie \nWhile this is a great option, we want to let you know that there are faster storage solutions available in our premium plugins.\nFor professional users and production environments, we highly recommend considering these premium options to enhance performance and reliability.\n https://rxdb.info/premium/?console=dexie \nIf you already purchased premium access you can disable this log by calling the setPremiumFlag() function from rxdb-premium/plugins/shared.\n---------------------------------------------------------------------","user":"States T. (st-locked-1791379487812-7651@yumyums.kitchen)","page":"/marketing.html","ua":"Mozilla/5.0 (X11; Linux x86_64) AppleWebKit/537.36 (KHTML, like Gecko) HeadlessChrome/147.0.7727.15 Safari/537.36"}
  ✓  101 [chromium] › tests/states-marketing-campaigns.spec.js:190:3 › Campaigns (#s2) — State Enumeration Table › Row: locked — a real team_member gets 403 managers_only and the Managers only card (1.1s)
[2m[WebServer] [22m{"time":"2026-10-07T09:24:48.985792805-04:00","level":"ERROR","msg":"marketing: campaign projection failed; projected_at left NULL","error":"projection not configured (HQ_SYNC_REST_URL and/or HQ_SYNC_SERVICE_KEY empty)","campaign_id":"79977423-c0c5-484f-be79-ed70989f8f53"}
[2m[WebServer] [22m{"time":"2026-10-07T09:24:49.215811777-04:00","level":"INFO","msg":"client log","level":"WARN","message":"-------------- RxDB Open Core RxStorage -------------------------------\nYou are using the free Dexie.js based RxStorage implementation from RxDB https://rxdb.info/rx-storage-dexie.html?console=dexie \nWhile this is a great option, we want to let you know that there are faster storage solutions available in our premium plugins.\nFor professional users and production environments, we highly recommend considering these premium options to enhance performance and reliability.\n https://rxdb.info/premium/?console=dexie \nIf you already purchased premium access you can disable this log by calling the setPremiumFlag() function from rxdb-premium/plugins/shared.\n---------------------------------------------------------------------","user":"Jamal C. (jamal@yumyums.kitchen)","page":"/marketing.html","ua":"Mozilla/5.0 (X11; Linux x86_64) AppleWebKit/537.36 (KHTML, like Gecko) HeadlessChrome/147.0.7727.15 Safari/537.36"}
  ✓  102 [chromium] › tests/states-marketing-campaigns.spec.js:210:3 › Campaigns (#s2) — State Enumeration Table › Row: offline — the last-synced list stays on screen and create is disabled (975ms)
[2m[WebServer] [22m{"time":"2026-10-07T09:24:50.082370999-04:00","level":"ERROR","msg":"marketing: campaign projection failed; projected_at left NULL","error":"projection not configured (HQ_SYNC_REST_URL and/or HQ_SYNC_SERVICE_KEY empty)","campaign_id":"8ace5054-9539-4103-ade1-7f82387a35b0"}
[2m[WebServer] [22m{"time":"2026-10-07T09:24:50.252672668-04:00","level":"INFO","msg":"client log","level":"WARN","message":"-------------- RxDB Open Core RxStorage -------------------------------\nYou are using the free Dexie.js based RxStorage implementation from RxDB https://rxdb.info/rx-storage-dexie.html?console=dexie \nWhile this is a great option, we want to let you know that there are faster storage solutions available in our premium plugins.\nFor professional users and production environments, we highly recommend considering these premium options to enhance performance and reliability.\n https://rxdb.info/premium/?console=dexie \nIf you already purchased premium access you can disable this log by calling the setPremiumFlag() function from rxdb-premium/plugins/shared.\n---------------------------------------------------------------------","user":"Jamal C. (jamal@yumyums.kitchen)","page":"/marketing.html","ua":"Mozilla/5.0 (X11; Linux x86_64) AppleWebKit/537.36 (KHTML, like Gecko) HeadlessChrome/147.0.7727.15 Safari/537.36"}
  ✓  103 [chromium] › tests/states-marketing-campaigns.spec.js:234:3 › Campaigns (#s2) — State Enumeration Table › Row: not projected — projected_at null renders the "Not on tablets yet" pill (1.0s)
[2m[WebServer] [22m{"time":"2026-10-07T09:24:51.060933302-04:00","level":"ERROR","msg":"marketing: campaign projection failed; projected_at left NULL","error":"projection not configured (HQ_SYNC_REST_URL and/or HQ_SYNC_SERVICE_KEY empty)","campaign_id":"8b3c5d43-a52a-422d-a616-3bcaf93390d3"}
[2m[WebServer] [22m{"time":"2026-10-07T09:24:51.227774936-04:00","level":"INFO","msg":"client log","level":"WARN","message":"-------------- RxDB Open Core RxStorage -------------------------------\nYou are using the free Dexie.js based RxStorage implementation from RxDB https://rxdb.info/rx-storage-dexie.html?console=dexie \nWhile this is a great option, we want to let you know that there are faster storage solutions available in our premium plugins.\nFor professional users and production environments, we highly recommend considering these premium options to enhance performance and reliability.\n https://rxdb.info/premium/?console=dexie \nIf you already purchased premium access you can disable this log by calling the setPremiumFlag() function from rxdb-premium/plugins/shared.\n---------------------------------------------------------------------","user":"Jamal C. (jamal@yumyums.kitchen)","page":"/marketing.html","ua":"Mozilla/5.0 (X11; Linux x86_64) AppleWebKit/537.36 (KHTML, like Gecko) HeadlessChrome/147.0.7727.15 Safari/537.36"}
  ✓  104 [chromium] › tests/states-marketing-campaigns.spec.js:258:3 › Campaigns (#s2) — State Enumeration Table › Row: long content — a 94-char offer clamps with "more" and opens in full on tap (1.0s)
[2m[WebServer] [22m{"time":"2026-10-07T09:24:52.140732047-04:00","level":"ERROR","msg":"marketing: campaign projection failed; projected_at left NULL","error":"projection not configured (HQ_SYNC_REST_URL and/or HQ_SYNC_SERVICE_KEY empty)","campaign_id":"dccf7e8e-b36c-4764-8c0a-ad8784fd68c5"}
[2m[WebServer] [22m{"time":"2026-10-07T09:24:52.355217454-04:00","level":"INFO","msg":"client log","level":"WARN","message":"-------------- RxDB Open Core RxStorage -------------------------------\nYou are using the free Dexie.js based RxStorage implementation from RxDB https://rxdb.info/rx-storage-dexie.html?console=dexie \nWhile this is a great option, we want to let you know that there are faster storage solutions available in our premium plugins.\nFor professional users and production environments, we highly recommend considering these premium options to enhance performance and reliability.\n https://rxdb.info/premium/?console=dexie \nIf you already purchased premium access you can disable this log by calling the setPremiumFlag() function from rxdb-premium/plugins/shared.\n---------------------------------------------------------------------","user":"Jamal C. (jamal@yumyums.kitchen)","page":"/marketing.html","ua":"Mozilla/5.0 (X11; Linux x86_64) AppleWebKit/537.36 (KHTML, like Gecko) HeadlessChrome/147.0.7727.15 Safari/537.36"}
  ✓  105 [chromium] › tests/states-marketing-campaigns.spec.js:289:3 › Campaigns (#s2) — State Enumeration Table › Edge: 393px — every tappable row clears 44px and the code sheet fits (1.3s)
[2m[WebServer] [22m{"time":"2026-10-07T09:24:53.630074032-04:00","level":"INFO","msg":"client log","level":"WARN","message":"-------------- RxDB Open Core RxStorage -------------------------------\nYou are using the free Dexie.js based RxStorage implementation from RxDB https://rxdb.info/rx-storage-dexie.html?console=dexie \nWhile this is a great option, we want to let you know that there are faster storage solutions available in our premium plugins.\nFor professional users and production environments, we highly recommend considering these premium options to enhance performance and reliability.\n https://rxdb.info/premium/?console=dexie \nIf you already purchased premium access you can disable this log by calling the setPremiumFlag() function from rxdb-premium/plugins/shared.\n---------------------------------------------------------------------","user":"Jamal C. (jamal@yumyums.kitchen)","page":"/marketing.html","ua":"Mozilla/5.0 (X11; Linux x86_64) AppleWebKit/537.36 (KHTML, like Gecko) HeadlessChrome/147.0.7727.15 Safari/537.36"}
[2m[WebServer] [22m{"time":"2026-10-07T09:24:54.165524397-04:00","level":"ERROR","msg":"marketing: campaign projection failed; projected_at left NULL","error":"projection not configured (HQ_SYNC_REST_URL and/or HQ_SYNC_SERVICE_KEY empty)","campaign_id":"7fa3bc1e-472c-482b-8baf-813b2b26957f"}
  ✓  106 [chromium] › tests/states-marketing-campaigns.spec.js:321:3 › Campaigns (#s2) — State Enumeration Table › Edge: the create sheet with channels picked — payload preview and the counted button (1.3s)
[2m[WebServer] [22m{"time":"2026-10-07T09:24:54.940865131-04:00","level":"ERROR","msg":"marketing: campaign projection failed; projected_at left NULL","error":"projection not configured (HQ_SYNC_REST_URL and/or HQ_SYNC_SERVICE_KEY empty)","campaign_id":"ad8a1165-31e7-40cb-a70d-20ece0c54076"}
  ✓  107 [chromium] › tests/states-marketing-stats.spec.js:296:3 › States · BI Campaigns report › BI success (REAL): funnel, money, the split line, the unknown-rows note, the health card and both slice rows (1.7s)
  ✓  108 [chromium] › tests/states-marketing-stats.spec.js:309:3 › States · BI Campaigns report › BI empty (REAL): "No redemptions yet", and NO money figures at all (674ms)
  ✓  109 [chromium] › tests/states-marketing-stats.spec.js:321:3 › States · BI Campaigns report › BI loading (FIXTURE): skeletons, and no figure on screen before one is known (594ms)
  ✓  110 [chromium] › tests/states-marketing-stats.spec.js:332:3 › States · BI Campaigns report › BI error (FIXTURE): one honest failure card with a Retry, and NOT a figure beside it (613ms)
  ✓  111 [chromium] › tests/states-marketing-stats.spec.js:348:3 › States · BI Campaigns report › BI no-bi-grant (FIXTURE): a 403 names the missing grant instead of an empty report (573ms)
  ✓  112 [chromium] › tests/states-marketing-stats.spec.js:358:3 › States · BI Campaigns report › BI offline (FIXTURE): the failure says it is the network and stays retryable (554ms)
  ✓  113 [chromium] › tests/states-marketing-stats.spec.js:375:3 › States · BI Campaigns report › BI unavailable basis (FIXTURE): an unavailable figure is an em dash with a reason, never 0 (641ms)
  ✓  114 [chromium] › tests/states-marketing-stats.spec.js:390:3 › States · BI Campaigns report › BI long content (FIXTURE): 40 slices with 90-char labels — no clipped word, no sideways scroll (804ms)
[2m[WebServer] [22m{"time":"2026-10-07T09:25:01.188505707-04:00","level":"ERROR","msg":"marketing: campaign projection failed; projected_at left NULL","error":"projection not configured (HQ_SYNC_REST_URL and/or HQ_SYNC_SERVICE_KEY empty)","campaign_id":"48f43c92-9c4c-41fe-a618-c4bfb453c27d"}
[2m[WebServer] [22m{"time":"2026-10-07T09:25:01.928966742-04:00","level":"INFO","msg":"client log","level":"WARN","message":"-------------- RxDB Open Core RxStorage -------------------------------\nYou are using the free Dexie.js based RxStorage implementation from RxDB https://rxdb.info/rx-storage-dexie.html?console=dexie \nWhile this is a great option, we want to let you know that there are faster storage solutions available in our premium plugins.\nFor professional users and production environments, we highly recommend considering these premium options to enhance performance and reliability.\n https://rxdb.info/premium/?console=dexie \nIf you already purchased premium access you can disable this log by calling the setPremiumFlag() function from rxdb-premium/plugins/shared.\n---------------------------------------------------------------------","user":"Jamal C. (jamal@yumyums.kitchen)","page":"/marketing.html","ua":"Mozilla/5.0 (X11; Linux x86_64) AppleWebKit/537.36 (KHTML, like Gecko) HeadlessChrome/147.0.7727.15 Safari/537.36"}
  ✓  115 [chromium] › tests/states-marketing-stats.spec.js:405:3 › States · Marketing reconciliation queue › MS success (REAL): the header count, the health card, and all three buckets in ladder order (1.6s)
[2m[WebServer] [22m{"time":"2026-10-07T09:25:02.885992049-04:00","level":"INFO","msg":"client log","level":"WARN","message":"-------------- RxDB Open Core RxStorage -------------------------------\nYou are using the free Dexie.js based RxStorage implementation from RxDB https://rxdb.info/rx-storage-dexie.html?console=dexie \nWhile this is a great option, we want to let you know that there are faster storage solutions available in our premium plugins.\nFor professional users and production environments, we highly recommend considering these premium options to enhance performance and reliability.\n https://rxdb.info/premium/?console=dexie \nIf you already purchased premium access you can disable this log by calling the setPremiumFlag() function from rxdb-premium/plugins/shared.\n---------------------------------------------------------------------","user":"Jamal C. (jamal@yumyums.kitchen)","page":"/marketing.html","ua":"Mozilla/5.0 (X11; Linux x86_64) AppleWebKit/537.36 (KHTML, like Gecko) HeadlessChrome/147.0.7727.15 Safari/537.36"}
  ✓  116 [chromium] › tests/states-marketing-stats.spec.js:421:3 › States · Marketing reconciliation queue › MS empty (REAL): "No redemptions yet" and no health figures (782ms)
[2m[WebServer] [22m{"time":"2026-10-07T09:25:03.995147798-04:00","level":"INFO","msg":"client log","level":"WARN","message":"-------------- RxDB Open Core RxStorage -------------------------------\nYou are using the free Dexie.js based RxStorage implementation from RxDB https://rxdb.info/rx-storage-dexie.html?console=dexie \nWhile this is a great option, we want to let you know that there are faster storage solutions available in our premium plugins.\nFor professional users and production environments, we highly recommend considering these premium options to enhance performance and reliability.\n https://rxdb.info/premium/?console=dexie \nIf you already purchased premium access you can disable this log by calling the setPremiumFlag() function from rxdb-premium/plugins/shared.\n---------------------------------------------------------------------","user":"H4 S. (h4-states-1791379503497-8160@yumyums.kitchen)","page":"/marketing.html","ua":"Mozilla/5.0 (X11; Linux x86_64) AppleWebKit/537.36 (KHTML, like Gecko) HeadlessChrome/147.0.7727.15 Safari/537.36"}
  ✓  117 [chromium] › tests/states-marketing-stats.spec.js:432:3 › States · Marketing reconciliation queue › MS locked (REAL): a team_member gets Managers only, and the section still names itself (1.1s)
[2m[WebServer] [22m{"time":"2026-10-07T09:25:04.771087821-04:00","level":"INFO","msg":"client log","level":"WARN","message":"-------------- RxDB Open Core RxStorage -------------------------------\nYou are using the free Dexie.js based RxStorage implementation from RxDB https://rxdb.info/rx-storage-dexie.html?console=dexie \nWhile this is a great option, we want to let you know that there are faster storage solutions available in our premium plugins.\nFor professional users and production environments, we highly recommend considering these premium options to enhance performance and reliability.\n https://rxdb.info/premium/?console=dexie \nIf you already purchased premium access you can disable this log by calling the setPremiumFlag() function from rxdb-premium/plugins/shared.\n---------------------------------------------------------------------","user":"Jamal C. (jamal@yumyums.kitchen)","page":"/marketing.html","ua":"Mozilla/5.0 (X11; Linux x86_64) AppleWebKit/537.36 (KHTML, like Gecko) HeadlessChrome/147.0.7727.15 Safari/537.36"}
  ✓  118 [chromium] › tests/states-marketing-stats.spec.js:447:3 › States · Marketing reconciliation queue › MS loading (FIXTURE): skeletons, and no count claimed before one is known (687ms)
[2m[WebServer] [22m{"time":"2026-10-07T09:25:05.480029816-04:00","level":"INFO","msg":"client log","level":"WARN","message":"-------------- RxDB Open Core RxStorage -------------------------------\nYou are using the free Dexie.js based RxStorage implementation from RxDB https://rxdb.info/rx-storage-dexie.html?console=dexie \nWhile this is a great option, we want to let you know that there are faster storage solutions available in our premium plugins.\nFor professional users and production environments, we highly recommend considering these premium options to enhance performance and reliability.\n https://rxdb.info/premium/?console=dexie \nIf you already purchased premium access you can disable this log by calling the setPremiumFlag() function from rxdb-premium/plugins/shared.\n---------------------------------------------------------------------","user":"Jamal C. (jamal@yumyums.kitchen)","page":"/marketing.html","ua":"Mozilla/5.0 (X11; Linux x86_64) AppleWebKit/537.36 (KHTML, like Gecko) HeadlessChrome/147.0.7727.15 Safari/537.36"}
  ✓  119 [chromium] › tests/states-marketing-stats.spec.js:459:3 › States · Marketing reconciliation queue › MS error (FIXTURE): one failure card with a Retry, no "No redemptions yet", no zeros (718ms)
[2m[WebServer] [22m{"time":"2026-10-07T09:25:06.266365289-04:00","level":"INFO","msg":"client log","level":"WARN","message":"-------------- RxDB Open Core RxStorage -------------------------------\nYou are using the free Dexie.js based RxStorage implementation from RxDB https://rxdb.info/rx-storage-dexie.html?console=dexie \nWhile this is a great option, we want to let you know that there are faster storage solutions available in our premium plugins.\nFor professional users and production environments, we highly recommend considering these premium options to enhance performance and reliability.\n https://rxdb.info/premium/?console=dexie \nIf you already purchased premium access you can disable this log by calling the setPremiumFlag() function from rxdb-premium/plugins/shared.\n---------------------------------------------------------------------","user":"Jamal C. (jamal@yumyums.kitchen)","page":"/marketing.html","ua":"Mozilla/5.0 (X11; Linux x86_64) AppleWebKit/537.36 (KHTML, like Gecko) HeadlessChrome/147.0.7727.15 Safari/537.36"}
  ✓  120 [chromium] › tests/states-marketing-stats.spec.js:473:3 › States · Marketing reconciliation queue › MS offline (FIXTURE): the failure says it is the network and stays retryable (771ms)
[2m[WebServer] [22m{"time":"2026-10-07T09:25:07.02715547-04:00","level":"INFO","msg":"client log","level":"WARN","message":"-------------- RxDB Open Core RxStorage -------------------------------\nYou are using the free Dexie.js based RxStorage implementation from RxDB https://rxdb.info/rx-storage-dexie.html?console=dexie \nWhile this is a great option, we want to let you know that there are faster storage solutions available in our premium plugins.\nFor professional users and production environments, we highly recommend considering these premium options to enhance performance and reliability.\n https://rxdb.info/premium/?console=dexie \nIf you already purchased premium access you can disable this log by calling the setPremiumFlag() function from rxdb-premium/plugins/shared.\n---------------------------------------------------------------------","user":"Jamal C. (jamal@yumyums.kitchen)","page":"/marketing.html","ua":"Mozilla/5.0 (X11; Linux x86_64) AppleWebKit/537.36 (KHTML, like Gecko) HeadlessChrome/147.0.7727.15 Safari/537.36"}
  ✓  121 [chromium] › tests/states-marketing-stats.spec.js:484:3 › States · Marketing reconciliation queue › MS long content (FIXTURE): 30 rows with 90-char names — the row keeps both buttons reachable (1.1s)
[2m[WebServer] [22m{"time":"2026-10-07T09:25:08.191313347-04:00","level":"INFO","msg":"client log","level":"WARN","message":"-------------- RxDB Open Core RxStorage -------------------------------\nYou are using the free Dexie.js based RxStorage implementation from RxDB https://rxdb.info/rx-storage-dexie.html?console=dexie \nWhile this is a great option, we want to let you know that there are faster storage solutions available in our premium plugins.\nFor professional users and production environments, we highly recommend considering these premium options to enhance performance and reliability.\n https://rxdb.info/premium/?console=dexie \nIf you already purchased premium access you can disable this log by calling the setPremiumFlag() function from rxdb-premium/plugins/shared.\n---------------------------------------------------------------------","user":"Jamal C. (jamal@yumyums.kitchen)","page":"/marketing.html","ua":"Mozilla/5.0 (X11; Linux x86_64) AppleWebKit/537.36 (KHTML, like Gecko) HeadlessChrome/147.0.7727.15 Safari/537.36"}
  ✓  122 [chromium] › tests/states-marketing-stats.spec.js:501:3 › States · Marketing reconciliation queue › MS sheets (FIXTURE): the add-order sheet shows basis + gap; the decline sheet states what declining does (1.9s)
  ✓  123 [chromium] › tests/states-marketing-stats.spec.js:575:3 › States · screenshot directory › [SS-01] SHOT_DIR is untracked: the default holds no committed file and is gitignored (20ms)
[2m[WebServer] [22m{"time":"2026-10-07T09:25:07.951180671-04:00","level":"INFO","msg":"client log","level":"WARN","message":"-------------- RxDB Open Core RxStorage -------------------------------\nYou are using the free Dexie.js based RxStorage implementation from RxDB https://rxdb.info/rx-storage-dexie.html?console=dexie \nWhile this is a great option, we want to let you know that there are faster storage solutions available in our premium plugins.\nFor professional users and production environments, we highly recommend considering these premium options to enhance performance and reliability.\n https://rxdb.info/premium/?console=dexie \nIf you already purchased premium access you can disable this log by calling the setPremiumFlag() function from rxdb-premium/plugins/shared.\n---------------------------------------------------------------------","user":"Jamal C. (jamal@yumyums.kitchen)","page":"/marketing.html","ua":"Mozilla/5.0 (X11; Linux x86_64) AppleWebKit/537.36 (KHTML, like Gecko) HeadlessChrome/147.0.7727.15 Safari/537.36"}
  ✓  124 [chromium] › tests/states-marketing-subscribers.spec.js:120:3 › States · Marketing Subscribers (#s3) › loading — count skeletons and four row skeletons, never a blank card (717ms)
[2m[WebServer] [22m{"time":"2026-10-07T09:25:08.669993246-04:00","level":"INFO","msg":"client log","level":"WARN","message":"-------------- RxDB Open Core RxStorage -------------------------------\nYou are using the free Dexie.js based RxStorage implementation from RxDB https://rxdb.info/rx-storage-dexie.html?console=dexie \nWhile this is a great option, we want to let you know that there are faster storage solutions available in our premium plugins.\nFor professional users and production environments, we highly recommend considering these premium options to enhance performance and reliability.\n https://rxdb.info/premium/?console=dexie \nIf you already purchased premium access you can disable this log by calling the setPremiumFlag() function from rxdb-premium/plugins/shared.\n---------------------------------------------------------------------","user":"Jamal C. (jamal@yumyums.kitchen)","page":"/marketing.html","ua":"Mozilla/5.0 (X11; Linux x86_64) AppleWebKit/537.36 (KHTML, like Gecko) HeadlessChrome/147.0.7727.15 Safari/537.36"}
  ✓  125 [chromium] › tests/states-marketing-subscribers.spec.js:133:3 › States · Marketing Subscribers (#s3) › empty — "No subscribers yet" names the four ways in, and zeroed counts (729ms)
[2m[WebServer] [22m{"time":"2026-10-07T09:25:09.433787772-04:00","level":"INFO","msg":"client log","level":"WARN","message":"-------------- RxDB Open Core RxStorage -------------------------------\nYou are using the free Dexie.js based RxStorage implementation from RxDB https://rxdb.info/rx-storage-dexie.html?console=dexie \nWhile this is a great option, we want to let you know that there are faster storage solutions available in our premium plugins.\nFor professional users and production environments, we highly recommend considering these premium options to enhance performance and reliability.\n https://rxdb.info/premium/?console=dexie \nIf you already purchased premium access you can disable this log by calling the setPremiumFlag() function from rxdb-premium/plugins/shared.\n---------------------------------------------------------------------","user":"Jamal C. (jamal@yumyums.kitchen)","page":"/marketing.html","ua":"Mozilla/5.0 (X11; Linux x86_64) AppleWebKit/537.36 (KHTML, like Gecko) HeadlessChrome/147.0.7727.15 Safari/537.36"}
  ✓  126 [chromium] › tests/states-marketing-subscribers.spec.js:147:3 › States · Marketing Subscribers (#s3) › error — loud red banner naming the failure, with a Retry that works (879ms)
[2m[WebServer] [22m{"time":"2026-10-07T09:25:10.318860448-04:00","level":"INFO","msg":"client log","level":"WARN","message":"-------------- RxDB Open Core RxStorage -------------------------------\nYou are using the free Dexie.js based RxStorage implementation from RxDB https://rxdb.info/rx-storage-dexie.html?console=dexie \nWhile this is a great option, we want to let you know that there are faster storage solutions available in our premium plugins.\nFor professional users and production environments, we highly recommend considering these premium options to enhance performance and reliability.\n https://rxdb.info/premium/?console=dexie \nIf you already purchased premium access you can disable this log by calling the setPremiumFlag() function from rxdb-premium/plugins/shared.\n---------------------------------------------------------------------","user":"Jamal C. (jamal@yumyums.kitchen)","page":"/marketing.html","ua":"Mozilla/5.0 (X11; Linux x86_64) AppleWebKit/537.36 (KHTML, like Gecko) HeadlessChrome/147.0.7727.15 Safari/537.36"}
  ✓  127 [chromium] › tests/states-marketing-subscribers.spec.js:175:3 › States · Marketing Subscribers (#s3) › success + long content — real rows from a real import, masked, with pills (1.1s)
[2m[WebServer] [22m{"time":"2026-10-07T09:25:11.405350137-04:00","level":"INFO","msg":"client log","level":"WARN","message":"-------------- RxDB Open Core RxStorage -------------------------------\nYou are using the free Dexie.js based RxStorage implementation from RxDB https://rxdb.info/rx-storage-dexie.html?console=dexie \nWhile this is a great option, we want to let you know that there are faster storage solutions available in our premium plugins.\nFor professional users and production environments, we highly recommend considering these premium options to enhance performance and reliability.\n https://rxdb.info/premium/?console=dexie \nIf you already purchased premium access you can disable this log by calling the setPremiumFlag() function from rxdb-premium/plugins/shared.\n---------------------------------------------------------------------","user":"Jamal C. (jamal@yumyums.kitchen)","page":"/marketing.html","ua":"Mozilla/5.0 (X11; Linux x86_64) AppleWebKit/537.36 (KHTML, like Gecko) HeadlessChrome/147.0.7727.15 Safari/537.36"}
  ✓  128 [chromium] › tests/states-marketing-subscribers.spec.js:227:3 › States · Marketing Subscribers (#s3) › empty-filtered — "No subscribers match" is not the same message as "none yet" (1.0s)
[2m[WebServer] [22m{"time":"2026-10-07T09:25:12.685394581-04:00","level":"ERROR","msg":"GetManagerHires failed","error":"query assigned templates for hire 032d6765-16ca-487f-b6f3-bad4813ca2fe: context canceled"}
[2m[WebServer] [22m{"time":"2026-10-07T09:25:13.045606723-04:00","level":"INFO","msg":"client log","level":"WARN","message":"-------------- RxDB Open Core RxStorage -------------------------------\nYou are using the free Dexie.js based RxStorage implementation from RxDB https://rxdb.info/rx-storage-dexie.html?console=dexie \nWhile this is a great option, we want to let you know that there are faster storage solutions available in our premium plugins.\nFor professional users and production environments, we highly recommend considering these premium options to enhance performance and reliability.\n https://rxdb.info/premium/?console=dexie \nIf you already purchased premium access you can disable this log by calling the setPremiumFlag() function from rxdb-premium/plugins/shared.\n---------------------------------------------------------------------","user":"St S. (st-subs-locked-1791379512315-5572@yumyums.kitchen)","page":"/marketing.html","ua":"Mozilla/5.0 (X11; Linux x86_64) AppleWebKit/537.36 (KHTML, like Gecko) HeadlessChrome/147.0.7727.15 Safari/537.36"}
  ✓  129 [chromium] › tests/states-marketing-subscribers.spec.js:238:3 › States · Marketing Subscribers (#s3) › locked — a team_member gets the real 403 and the whole tab is the Locked state (1.3s)
[2m[WebServer] [22m{"time":"2026-10-07T09:25:13.734634608-04:00","level":"ERROR","msg":"GetStock query failed","error":"context canceled"}
[2m[WebServer] [22m{"time":"2026-10-07T09:25:13.855224233-04:00","level":"INFO","msg":"client log","level":"WARN","message":"-------------- RxDB Open Core RxStorage -------------------------------\nYou are using the free Dexie.js based RxStorage implementation from RxDB https://rxdb.info/rx-storage-dexie.html?console=dexie \nWhile this is a great option, we want to let you know that there are faster storage solutions available in our premium plugins.\nFor professional users and production environments, we highly recommend considering these premium options to enhance performance and reliability.\n https://rxdb.info/premium/?console=dexie \nIf you already purchased premium access you can disable this log by calling the setPremiumFlag() function from rxdb-premium/plugins/shared.\n---------------------------------------------------------------------","user":"Jamal C. (jamal@yumyums.kitchen)","page":"/marketing.html","ua":"Mozilla/5.0 (X11; Linux x86_64) AppleWebKit/537.36 (KHTML, like Gecko) HeadlessChrome/147.0.7727.15 Safari/537.36"}
  ✓  130 [chromium] › tests/states-marketing-subscribers.spec.js:251:3 › States · Marketing Subscribers (#s3) › offline — last-synced reading kept, rows kept, Resend disabled (1.3s)
[2m[WebServer] [22m{"time":"2026-10-07T09:25:15.036248678-04:00","level":"ERROR","msg":"ListPendingPurchases query failed","error":"context canceled"}
[2m[WebServer] [22m{"time":"2026-10-07T09:25:15.150170491-04:00","level":"INFO","msg":"client log","level":"WARN","message":"-------------- RxDB Open Core RxStorage -------------------------------\nYou are using the free Dexie.js based RxStorage implementation from RxDB https://rxdb.info/rx-storage-dexie.html?console=dexie \nWhile this is a great option, we want to let you know that there are faster storage solutions available in our premium plugins.\nFor professional users and production environments, we highly recommend considering these premium options to enhance performance and reliability.\n https://rxdb.info/premium/?console=dexie \nIf you already purchased premium access you can disable this log by calling the setPremiumFlag() function from rxdb-premium/plugins/shared.\n---------------------------------------------------------------------","user":"Jamal C. (jamal@yumyums.kitchen)","page":"/marketing.html","ua":"Mozilla/5.0 (X11; Linux x86_64) AppleWebKit/537.36 (KHTML, like Gecko) HeadlessChrome/147.0.7727.15 Safari/537.36"}
  ✓  131 [chromium] › tests/states-marketing-subscribers.spec.js:288:3 › States · Marketing Subscribers (#s3) › offline-filter — a filter tap that cannot load NEVER leaves the chip over another filter's rows (1.0s)
[2m[WebServer] [22m{"time":"2026-10-07T09:25:16.125322633-04:00","level":"ERROR","msg":"GetManagerHires failed","error":"query assigned templates for hire 5502f927-3995-4980-9237-eb1a7128add4: context canceled"}
[2m[WebServer] [22m{"time":"2026-10-07T09:25:16.145766744-04:00","level":"ERROR","msg":"GetMyTrainings failed","error":"context canceled"}
[2m[WebServer] [22m{"time":"2026-10-07T09:25:16.303528929-04:00","level":"INFO","msg":"client log","level":"WARN","message":"-------------- RxDB Open Core RxStorage -------------------------------\nYou are using the free Dexie.js based RxStorage implementation from RxDB https://rxdb.info/rx-storage-dexie.html?console=dexie \nWhile this is a great option, we want to let you know that there are faster storage solutions available in our premium plugins.\nFor professional users and production environments, we highly recommend considering these premium options to enhance performance and reliability.\n https://rxdb.info/premium/?console=dexie \nIf you already purchased premium access you can disable this log by calling the setPremiumFlag() function from rxdb-premium/plugins/shared.\n---------------------------------------------------------------------","user":"Jamal C. (jamal@yumyums.kitchen)","page":"/marketing.html","ua":"Mozilla/5.0 (X11; Linux x86_64) AppleWebKit/537.36 (KHTML, like Gecko) HeadlessChrome/147.0.7727.15 Safari/537.36"}
  ✓  132 [chromium] › tests/states-marketing-subscribers.spec.js:322:3 › States · Marketing Subscribers (#s3) › offline-cold — nothing cached says so, and never claims "No subscribers yet" (869ms)
  ✓  133 [chromium] › tests/states-marketing-subscribers.spec.js:346:3 › States · screenshot directory › [SS-02] SHOT_DIR is untracked: the default holds no committed file and is gitignored (21ms)

  133 passed (5.1m)
EXIT_PW=0
# porcelain AFTER: 15
