=== the FIVE reds in the full suite that are NOT in run 20261002's 24-red baseline, re-run CONFINED ===
HEAD=b1cf39f8fb5018dd25d635ca47e1ce0401faf0a4 (+ the marketing.spec.js:141 update, uncommitted at run time)

--- tests/marketing.spec.js — the one that IS this card (the Campaigns placeholder assertion, now updated) ---
[1A[2K[2m[WebServer] [22m── reset hq_test_e2e_h2_20261002 on localhost:5434 ──

[1A[2K[2m[WebServer] [22m── wrote version.json frontend=1.10.2 ──

[1A[2K[2m[WebServer] [22m{"time":"2026-10-01T21:42:47.374830864-04:00","level":"INFO","msg":"serving static files from disk","dir":"../"}

[1A[2K[2m[WebServer] [22m{"time":"2026-10-01T21:42:47.375164771-04:00","level":"INFO","msg":"loaded superadmins","count":1}

[1A[2K[2m[WebServer] [22m{"time":"2026-10-01T21:42:47.399042014-04:00","level":"INFO","msg":"connected to database"}

[1A[2K[2m[WebServer] [22m{"time":"2026-10-01T21:42:47.533002231-04:00","level":"INFO","msg":"OK   0001_users.sql (51.25ms)","source":"stdlog"}

[1A[2K[2m[WebServer] [22m{"time":"2026-10-01T21:42:47.582929392-04:00","level":"INFO","msg":"OK   0002_sessions.sql (49.39ms)","source":"stdlog"}

[1A[2K[2m[WebServer] [22m{"time":"2026-10-01T21:42:47.625038936-04:00","level":"INFO","msg":"OK   0003_invite_tokens.sql (41.96ms)","source":"stdlog"}

[1A[2K[2m[WebServer] [22m{"time":"2026-10-01T21:42:47.665814066-04:00","level":"INFO","msg":"OK   0004_hq_apps.sql (40.52ms)","source":"stdlog"}

[1A[2K[2m[WebServer] [22m{"time":"2026-10-01T21:42:47.728003381-04:00","level":"INFO","msg":"OK   0005_app_permissions.sql (61.98ms)","source":"stdlog"}

[1A[2K[2m[WebServer] [22m{"time":"2026-10-01T21:42:47.767030838-04:00","level":"INFO","msg":"OK   0006_checklist_templates.sql (38.86ms)","source":"stdlog"}

[1A[2K[2m[WebServer] [22m{"time":"2026-10-01T21:42:47.807386231-04:00","level":"INFO","msg":"OK   0007_checklist_schedules.sql (40.19ms)","source":"stdlog"}

[1A[2K[2m[WebServer] [22m{"time":"2026-10-01T21:42:47.852500737-04:00","level":"INFO","msg":"OK   0008_template_assignments.sql (44.98ms)","source":"stdlog"}

[1A[2K[2m[WebServer] [22m{"time":"2026-10-01T21:42:47.885855315-04:00","level":"INFO","msg":"OK   0009_checklist_sections.sql (33.26ms)","source":"stdlog"}

[1A[2K[2m[WebServer] [22m{"time":"2026-10-01T21:42:47.925366578-04:00","level":"INFO","msg":"OK   0010_checklist_fields.sql (39.39ms)","source":"stdlog"}

[1A[2K[2m[WebServer] [22m{"time":"2026-10-01T21:42:47.976769347-04:00","level":"INFO","msg":"OK   0011_checklist_submissions.sql (51.23ms)","source":"stdlog"}

[1A[2K[2m[WebServer] [22m{"time":"2026-10-01T21:42:48.029495728-04:00","level":"INFO","msg":"OK   0012_submission_responses.sql (52.62ms)","source":"stdlog"}

[1A[2K[2m[WebServer] [22m{"time":"2026-10-01T21:42:48.062095264-04:00","level":"INFO","msg":"OK   0013_submission_fail_notes.sql (32.47ms)","source":"stdlog"}

[1A[2K[2m[WebServer] [22m{"time":"2026-10-01T21:42:48.091902712-04:00","level":"INFO","msg":"OK   0014_submission_rejections.sql (29.68ms)","source":"stdlog"}

[1A[2K[2m[WebServer] [22m{"time":"2026-10-01T21:42:48.142195023-04:00","level":"INFO","msg":"OK   0015_ops.sql (50.16ms)","source":"stdlog"}

[1A[2K[2m[WebServer] [22m{"time":"2026-10-01T21:42:48.166009373-04:00","level":"INFO","msg":"OK   0016_lamport_ts.sql (23.65ms)","source":"stdlog"}

[1A[2K[2m[WebServer] [22m{"time":"2026-10-01T21:42:48.18840085-04:00","level":"INFO","msg":"OK   0017_users_naming.sql (22.25ms)","source":"stdlog"}

[1A[2K[2m[WebServer] [22m{"time":"2026-10-01T21:42:48.254643032-04:00","level":"INFO","msg":"OK   0018_ob_templates.sql (66.08ms)","source":"stdlog"}

[1A[2K[2m[WebServer] [22m{"time":"2026-10-01T21:42:48.323430775-04:00","level":"INFO","msg":"OK   0019_ob_items.sql (68.68ms)","source":"stdlog"}

[1A[2K[2m[WebServer] [22m{"time":"2026-10-01T21:42:48.37210046-04:00","level":"INFO","msg":"OK   0020_ob_progress.sql (48.55ms)","source":"stdlog"}

[1A[2K[2m[WebServer] [22m{"time":"2026-10-01T21:42:48.412798954-04:00","level":"INFO","msg":"OK   0021_ob_signoffs.sql (40.56ms)","source":"stdlog"}

[1A[2K[2m[WebServer] [22m{"time":"2026-10-01T21:42:48.458962766-04:00","level":"INFO","msg":"OK   0022_ob_template_assignments.sql (46.06ms)","source":"stdlog"}

[1A[2K[2m[WebServer] [22m{"time":"2026-10-01T21:42:48.525224083-04:00","level":"INFO","msg":"OK   0023_multi_role.sql (66.1ms)","source":"stdlog"}

[1A[2K[2m[WebServer] [22m{"time":"2026-10-01T21:42:48.755949995-04:00","level":"INFO","msg":"OK   0024_inventory.sql (230.56ms)","source":"stdlog"}

[1A[2K[2m[WebServer] [22m{"time":"2026-10-01T21:42:48.799226853-04:00","level":"INFO","msg":"OK   0025_pending_purchases.sql (43.11ms)","source":"stdlog"}

[1A[2K[2m[WebServer] [22m{"time":"2026-10-01T21:42:48.807440014-04:00","level":"INFO","msg":"OK   0026_ob_progress_faq.sql (8.08ms)","source":"stdlog"}

[1A[2K[2m[WebServer] [22m{"time":"2026-10-01T21:42:48.814504772-04:00","level":"INFO","msg":"OK   0027_ob_section_signoff_roles.sql (6.96ms)","source":"stdlog"}

[1A[2K[2m[WebServer] [22m{"time":"2026-10-01T21:42:48.82893407-04:00","level":"INFO","msg":"OK   0028_ob_video_upgrade.sql (14.29ms)","source":"stdlog"}

[1A[2K[2m[WebServer] [22m{"time":"2026-10-01T21:42:48.835663106-04:00","level":"INFO","msg":"OK   0029_ob_templates_archived_at.sql (6.65ms)","source":"stdlog"}

[1A[2K[2m[WebServer] [22m{"time":"2026-10-01T21:42:48.863087691-04:00","level":"INFO","msg":"OK   0030_item_groups_unique_name.sql (27.28ms)","source":"stdlog"}

[1A[2K[2m[WebServer] [22m{"time":"2026-10-01T21:42:48.875953185-04:00","level":"INFO","msg":"OK   0031_remove_placeholder_items.sql (12.76ms)","source":"stdlog"}

[1A[2K[2m[WebServer] [22m{"time":"2026-10-01T21:42:48.893223978-04:00","level":"INFO","msg":"OK   0032_item_group_thresholds.sql (17.16ms)","source":"stdlog"}

[1A[2K[2m[WebServer] [22m{"time":"2026-10-01T21:42:48.927261169-04:00","level":"INFO","msg":"OK   0033_stock_count_overrides.sql (33.23ms)","source":"stdlog"}

[1A[2K[2m[WebServer] [22m{"time":"2026-10-01T21:42:49.042202762-04:00","level":"INFO","msg":"OK   0034_purchase_orders.sql (114.81ms)","source":"stdlog"}

[1A[2K[2m[WebServer] [22m{"time":"2026-10-01T21:42:49.059071443-04:00","level":"INFO","msg":"OK   0035_purchase_items_photo_store.sql (16.78ms)","source":"stdlog"}

[1A[2K[2m[WebServer] [22m{"time":"2026-10-01T21:42:49.074344945-04:00","level":"INFO","msg":"OK   0036_purchase_items_full_name.sql (15.16ms)","source":"stdlog"}

[1A[2K[2m[WebServer] [22m{"time":"2026-10-01T21:42:49.107485532-04:00","level":"INFO","msg":"OK   0037_cutoff_config.sql (32.99ms)","source":"stdlog"}

[1A[2K[2m[WebServer] [22m{"time":"2026-10-01T21:42:49.124969014-04:00","level":"INFO","msg":"OK   0038_po_status_extend.sql (17.34ms)","source":"stdlog"}

[1A[2K[2m[WebServer] [22m{"time":"2026-10-01T21:42:49.15323606-04:00","level":"INFO","msg":"OK   0039_purchase_items_vendor.sql (28.15ms)","source":"stdlog"}

[1A[2K[2m[WebServer] [22m{"time":"2026-10-01T21:42:49.267187103-04:00","level":"INFO","msg":"OK   0040_shopping_lists.sql (113.81ms)","source":"stdlog"}

[1A[2K[2m[WebServer] [22m{"time":"2026-10-01T21:42:49.280099532-04:00","level":"INFO","msg":"OK   0041_notification_channel.sql (12.81ms)","source":"stdlog"}

[1A[2K[2m[WebServer] [22m{"time":"2026-10-01T21:42:49.347119966-04:00","level":"INFO","msg":"OK   0042_repurchase_tracking.sql (66.91ms)","source":"stdlog"}

[1A[2K[2m[WebServer] [22m{"time":"2026-10-01T21:42:49.402395192-04:00","level":"INFO","msg":"OK   0043_alert_log.sql (55.11ms)","source":"stdlog"}

[1A[2K[2m[WebServer] [22m{"time":"2026-10-01T21:42:49.473088631-04:00","level":"INFO","msg":"OK   0044_low_stock_alert_log.sql (70.53ms)","source":"stdlog"}

[1A[2K[2m[WebServer] [22m{"time":"2026-10-01T21:42:49.531173446-04:00","level":"INFO","msg":"OK   0045_notification_channel_array.sql (57.84ms)","source":"stdlog"}

[1A[2K[2m[WebServer] [22m{"time":"2026-10-01T21:42:49.539536595-04:00","level":"INFO","msg":"OK   0046_user_timezone.sql (8.25ms)","source":"stdlog"}

[1A[2K[2m[WebServer] [22m{"time":"2026-10-01T21:42:49.59751599-04:00","level":"INFO","msg":"OK   0047_employee_fields.sql (57.89ms)","source":"stdlog"}

[1A[2K[2m[WebServer] [22m{"time":"2026-10-01T21:42:49.605391734-04:00","level":"INFO","msg":"OK   0048_notification_default_both.sql (7.79ms)","source":"stdlog"}

[1A[2K[2m[WebServer] [22m{"time":"2026-10-01T21:42:49.646568374-04:00","level":"INFO","msg":"OK   0049_ob_sub_items.sql (41.06ms)","source":"stdlog"}

[1A[2K[2m[WebServer] [22m{"time":"2026-10-01T21:42:49.654083906-04:00","level":"INFO","msg":"OK   0050_ob_progress_sub_item.sql (7.43ms)","source":"stdlog"}

[1A[2K[2m[WebServer] [22m{"time":"2026-10-01T21:42:49.661002867-04:00","level":"INFO","msg":"OK   0051_rejection_field_fk.sql (6.85ms)","source":"stdlog"}

[1A[2K[2m[WebServer] [22m{"time":"2026-10-01T21:42:49.676486399-04:00","level":"INFO","msg":"OK   0052_template_name_unique.sql (15.43ms)","source":"stdlog"}

[1A[2K[2m[WebServer] [22m{"time":"2026-10-01T21:42:49.683715848-04:00","level":"INFO","msg":"OK   0053_response_field_fk.sql (7.11ms)","source":"stdlog"}

[1A[2K[2m[WebServer] [22m{"time":"2026-10-01T21:42:49.690760077-04:00","level":"INFO","msg":"OK   0054_failnote_field_fk.sql (6.97ms)","source":"stdlog"}

[1A[2K[2m[WebServer] [22m{"time":"2026-10-01T21:42:49.697529869-04:00","level":"INFO","msg":"OK   0055_item_location_in_store.sql (6.7ms)","source":"stdlog"}

[1A[2K[2m[WebServer] [22m{"time":"2026-10-01T21:42:49.711804358-04:00","level":"INFO","msg":"OK   0056_ob_progress_photo.sql (14.19ms)","source":"stdlog"}

[1A[2K[2m[WebServer] [22m{"time":"2026-10-01T21:42:49.725386475-04:00","level":"INFO","msg":"OK   0057_ob_items_photo_type.sql (13.49ms)","source":"stdlog"}

[1A[2K[2m[WebServer] [22m{"time":"2026-10-01T21:42:49.739307334-04:00","level":"INFO","msg":"OK   0058_ob_sub_items_photos.sql (13.84ms)","source":"stdlog"}

[1A[2K[2m[WebServer] [22m{"time":"2026-10-01T21:42:49.74705305-04:00","level":"INFO","msg":"OK   0059_cleanup_photo_items.sql (7.65ms)","source":"stdlog"}

[1A[2K[2m[WebServer] [22m{"time":"2026-10-01T21:42:49.803464405-04:00","level":"INFO","msg":"OK   0060_menu_items.sql (56.3ms)","source":"stdlog"}

[1A[2K[2m[WebServer] [22m{"time":"2026-10-01T21:42:49.838024472-04:00","level":"INFO","msg":"OK   0061_daily_menu_sales.sql (34.45ms)","source":"stdlog"}

[1A[2K[2m[WebServer] [22m{"time":"2026-10-01T21:42:49.883285569-04:00","level":"INFO","msg":"OK   0062_recipes.sql (45.13ms)","source":"stdlog"}

[1A[2K[2m[WebServer] [22m{"time":"2026-10-01T21:42:49.915339851-04:00","level":"INFO","msg":"OK   0063_drift_check_results.sql (31.96ms)","source":"stdlog"}

[1A[2K[2m[WebServer] [22m{"time":"2026-10-01T21:42:49.929995008-04:00","level":"INFO","msg":"OK   0064_no_itemized_receipt_seed.sql (14.48ms)","source":"stdlog"}

[1A[2K[2m[WebServer] [22m{"time":"2026-10-01T21:42:49.942173747-04:00","level":"INFO","msg":"OK   0065_mercury_category_on_purchase_events.sql (12.09ms)","source":"stdlog"}

[1A[2K[2m[WebServer] [22m{"time":"2026-10-01T21:42:49.955237471-04:00","level":"INFO","msg":"OK   0066_mercury_category_on_pending_purchases.sql (12.96ms)","source":"stdlog"}

[1A[2K[2m[WebServer] [22m{"time":"2026-10-01T21:42:50.008442543-04:00","level":"INFO","msg":"OK   0067_receipt_sync_runs.sql (53.09ms)","source":"stdlog"}

[1A[2K[2m[WebServer] [22m{"time":"2026-10-01T21:42:50.031284223-04:00","level":"INFO","msg":"OK   0068_pending_purchases_bank_tx_uniq.sql (22.67ms)","source":"stdlog"}

[1A[2K[2m[WebServer] [22m{"time":"2026-10-01T21:42:50.043226961-04:00","level":"INFO","msg":"OK   0069_pending_purchases_parse_error.sql (11.82ms)","source":"stdlog"}

[1A[2K[2m[WebServer] [22m{"time":"2026-10-01T21:42:50.056223727-04:00","level":"INFO","msg":"OK   0070_receipt_urls.sql (12.92ms)","source":"stdlog"}

[1A[2K[2m[WebServer] [22m{"time":"2026-10-01T21:42:50.078504259-04:00","level":"INFO","msg":"OK   0071_submission_fail_notes_unique.sql (22.17ms)","source":"stdlog"}

[1A[2K[2m[WebServer] [22m{"time":"2026-10-01T21:42:50.096912765-04:00","level":"INFO","msg":"OK   0072_app_timezone_new_york.sql (18.23ms)","source":"stdlog"}

[1A[2K[2m[WebServer] [22m{"time":"2026-10-01T21:42:50.120641749-04:00","level":"INFO","msg":"OK   0073_sync_fdw_views.sql (23.34ms)","source":"stdlog"}

[1A[2K[2m[WebServer] [22m{"time":"2026-10-01T21:42:50.13109947-04:00","level":"INFO","msg":"OK   0074_sync_fdw_approver_view.sql (10.22ms)","source":"stdlog"}

[1A[2K[2m[WebServer] [22m{"time":"2026-10-01T21:42:50.181622483-04:00","level":"INFO","msg":"OK   0075_item_aliases.sql (50.38ms)","source":"stdlog"}

[1A[2K[2m[WebServer] [22m{"time":"2026-10-01T21:42:50.207385174-04:00","level":"INFO","msg":"OK   0076_checklist_template_app.sql (25.48ms)","source":"stdlog"}

[1A[2K[2m[WebServer] [22m{"time":"2026-10-01T21:42:50.248275374-04:00","level":"INFO","msg":"OK   0077_race_lost_notifications.sql (40.76ms)","source":"stdlog"}

[1A[2K[2m[WebServer] [22m{"time":"2026-10-01T21:42:50.261355401-04:00","level":"INFO","msg":"OK   0078_card_holder_on_purchases.sql (12.94ms)","source":"stdlog"}

[1A[2K[2m[WebServer] [22m{"time":"2026-10-01T21:42:50.282999221-04:00","level":"INFO","msg":"OK   0079_pending_purchases_retry_requested.sql (21.54ms)","source":"stdlog"}

[1A[2K[2m[WebServer] [22m{"time":"2026-10-01T21:42:50.295926806-04:00","level":"INFO","msg":"OK   0080_receipt_sync_runs_cancelled.sql (12.83ms)","source":"stdlog"}

[1A[2K[2m[WebServer] [22m{"time":"2026-10-01T21:42:50.319339359-04:00","level":"INFO","msg":"OK   0081_item_alias_display.sql (23.21ms)","source":"stdlog"}

[1A[2K[2m[WebServer] [22m{"time":"2026-10-01T21:42:50.335500941-04:00","level":"INFO","msg":"OK   0082_bi_grants.sql (16.01ms)","source":"stdlog"}

[1A[2K[2m[WebServer] [22m{"time":"2026-10-01T21:42:50.451149894-04:00","level":"INFO","msg":"OK   0083_campaigns_admin.sql (115.46ms)","source":"stdlog"}
[2m[WebServer] [22m{"time":"2026-10-01T21:42:50.451208743-04:00","level":"INFO","msg":"goose: successfully migrated database to version: 83","source":"stdlog"}
[2m[WebServer] [22m{"time":"2026-10-01T21:42:50.451221405-04:00","level":"INFO","msg":"database migrations applied successfully"}

[1A[2K[2m[WebServer] [22m{"time":"2026-10-01T21:42:50.531455102-04:00","level":"INFO","msg":"upserted superadmin","email":"jamal@yumyums.kitchen"}

[1A[2K[2m[WebServer] [22m{"time":"2026-10-01T21:42:50.563486348-04:00","level":"INFO","msg":"seeded template","name":"Setup Checklist","id":"268bb0e8-69eb-4fe6-ac74-23c428391c98"}
[2m[WebServer] [22m{"time":"2026-10-01T21:42:50.56354297-04:00","level":"INFO","msg":"seeded templates","count":1}

[1A[2K[2m[WebServer] [22m{"time":"2026-10-01T21:42:50.595443653-04:00","level":"INFO","msg":"seeded onboarding template","name":"Kitchen Basics Training","id":"bf891bb7-c0f0-4375-a185-1662b90a2910"}

[1A[2K[2m[WebServer] [22m{"time":"2026-10-01T21:42:50.626999847-04:00","level":"INFO","msg":"inventory: seeded vendors","count":5}

[1A[2K[2m[WebServer] [22m{"time":"2026-10-01T21:42:50.747370955-04:00","level":"INFO","msg":"inventory: seeded unique tags","count":19}

[1A[2K[2m[WebServer] [22m{"time":"2026-10-01T21:42:50.926440827-04:00","level":"INFO","msg":"inventory: seeded item groups","count":10}

[1A[2K[2m[WebServer] [22m{"time":"2026-10-01T21:42:51.672236045-04:00","level":"INFO","msg":"inventory: seeded purchase items from YAML","count":106}
[2m[WebServer] [22m{"time":"2026-10-01T21:42:51.672303315-04:00","level":"WARN","msg":"object storage env vars not set, photo and video upload endpoints will return 503","required":"STORAGE_KEY, STORAGE_SECRET, STORAGE_BUCKET, STORAGE_ENDPOINT, STORAGE_REGION"}

[1A[2K[2m[WebServer] [22m{"time":"2026-10-01T21:42:51.672426102-04:00","level":"WARN","msg":"HQ_INVENTORY_SERVICE_TOKEN not set, /api/v1/inventory/period-summary AND /api/v1/inventory/menu-cogs will return 503"}
[2m[WebServer] [22m{"time":"2026-10-01T21:42:51.672527716-04:00","level":"INFO","msg":"marketing campaign projection not configured; campaigns will save with projected_at NULL and warnings:[\"not_projected\"]","missing":"HQ_SYNC_REST_URL and/or HQ_SYNC_SERVICE_KEY"}
[2m[WebServer] [22m{"time":"2026-10-01T21:42:51.672577053-04:00","level":"INFO","msg":"inventory COGS category allowlist","allowlist":["COGS"]}

[1A[2K[2m[WebServer] [22m{"time":"2026-10-01T21:42:51.673007214-04:00","level":"INFO","msg":"redemption arbiter not configured; POST /api/v1/marketing/redeem answers 503","missing":"HQ_SYNC_REST_URL and/or HQ_SYNC_SERVICE_KEY"}
[2m[WebServer] [22m{"time":"2026-10-01T21:42:51.673110043-04:00","level":"INFO","msg":"receipt worker disabled","reason":"E2E_DISABLE_SCHEDULERS=1"}
[2m[WebServer] [22m{"time":"2026-10-01T21:42:51.673177211-04:00","level":"INFO","msg":"alert queue started","delivery_enabled":false}
[2m[WebServer] [22m{"time":"2026-10-01T21:42:51.673197068-04:00","level":"INFO","msg":"cutoff scheduler disabled","reason":"E2E_DISABLE_SCHEDULERS=1"}

[1A[2K[2m[WebServer] [22m{"time":"2026-10-01T21:42:51.673221078-04:00","level":"INFO","msg":"toast worker disabled, cmd/sync-toast remains available","reason":"TOAST_SYNC_INTERVAL=0"}

[1A[2K[2m[WebServer] [22m{"time":"2026-10-01T21:42:51.673461283-04:00","level":"INFO","msg":"alerts queue started"}

[1A[2K[2m[WebServer] [22m{"time":"2026-10-01T21:42:51.687980662-04:00","level":"INFO","msg":"server listening","port":"8521"}

[1A[2K[2m[WebServer] [22m{"time":"2026-10-01T21:42:51.698454853-04:00","level":"INFO","msg":"reachable at","url":"http://10.255.255.254:8521"}
[2m[WebServer] [22m{"time":"2026-10-01T21:42:51.698511688-04:00","level":"INFO","msg":"reachable at","url":"http://100.70.200.55:8521"}
[2m[WebServer] [22m{"time":"2026-10-01T21:42:51.698522325-04:00","level":"INFO","msg":"reachable at","url":"http://192.168.8.164:8521"}
[2m[WebServer] [22m{"time":"2026-10-01T21:42:51.698534685-04:00","level":"INFO","msg":"Yumyums HQ ready, accepting connections"}


Running 47 tests using 1 worker

[1A[2K[1/47] [chromium] › tests/marketing.spec.js:106:3 › Marketing tile + permission seed (card marketing-tile-and-page) › SEED: SeedHQApps registers marketing + marketing-offline-override with their first-registration grants
[1A[2K[2/47] [chromium] › tests/marketing.spec.js:130:3 › Marketing tile + permission seed (card marketing-tile-and-page) › a team_member with the app grant sees the Marketing tile on the launcher
[1A[2K[2m[WebServer] [22m{"time":"2026-10-01T21:42:57.025706632-04:00","level":"ERROR","msg":"GetManagerHires failed","error":"iterate assigned templates for hire 643fa665-51ba-484f-a300-17deed967884: context canceled"}

[1A[2K[2m[WebServer] [22m{"time":"2026-10-01T21:42:57.029652403-04:00","level":"ERROR","msg":"GetMyTrainings failed","error":"get user roles: context canceled"}

[1A[2K[3/47] [chromium] › tests/marketing.spec.js:148:3 › Marketing tile + permission seed (card marketing-tile-and-page) › marketing.html shows Scan and Campaigns live, Subscribers and Stats as labeled placeholders
[1A[2K[2m[WebServer] [22m{"time":"2026-10-01T21:42:58.122493811-04:00","level":"ERROR","msg":"GetManagerHires failed","error":"query assigned templates for hire 643fa665-51ba-484f-a300-17deed967884: context canceled"}

[1A[2K[2m[WebServer] [22m{"time":"2026-10-01T21:42:58.13403844-04:00","level":"ERROR","msg":"GetMyTrainings failed","error":"context canceled"}

[1A[2K[2m[WebServer] [22m{"time":"2026-10-01T21:42:58.472341139-04:00","level":"INFO","msg":"client log","level":"WARN","message":"-------------- RxDB Open Core RxStorage -------------------------------\nYou are using the free Dexie.js based RxStorage implementation from RxDB https://rxdb.info/rx-storage-dexie.html?console=dexie \nWhile this is a great option, we want to let you know that there are faster storage solutions available in our premium plugins.\nFor professional users and production environments, we highly recommend considering these premium options to enhance performance and reliability.\n https://rxdb.info/premium/?console=dexie \nIf you already purchased premium access you can disable this log by calling the setPremiumFlag() function from rxdb-premium/plugins/shared.\n---------------------------------------------------------------------","user":"Mkt T. (mkt-scan-1790905377745-4791@yumyums.kitchen)","page":"/marketing.html","ua":"Mozilla/5.0 (X11; Linux x86_64) AppleWebKit/537.36 (KHTML, like Gecko) HeadlessChrome/147.0.7727.15 Safari/537.36"}

[1A[2K[4/47] [chromium] › tests/marketing.spec.js:191:3 › Marketing tile + permission seed (card marketing-tile-and-page) › a user without the marketing grant sees NO Marketing tile
[1A[2K[5/47] [chromium] › tests/marketing.spec.js:223:3 › Marketing tile + permission seed (card marketing-tile-and-page) › the offline_override entitlement renders as a grantable row in the Users access editor
[1A[2K[6/47] [chromium] › tests/marketing.spec.js:247:3 › Marketing tile + permission seed (card marketing-tile-and-page) › a per-user offline_override grant round-trips to that user's /me/apps
[1A[2K[7/47] [chromium] › tests/marketing.spec.js:414:3 › Camera scanner decode (card camera-scanner-decode) › a printed QR decodes from an image and its on-device hash equals the committed seed literal
[1A[2K[2m[WebServer] [22m{"time":"2026-10-01T21:43:03.896339532-04:00","level":"INFO","msg":"client log","level":"WARN","message":"-------------- RxDB Open Core RxStorage -------------------------------\nYou are using the free Dexie.js based RxStorage implementation from RxDB https://rxdb.info/rx-storage-dexie.html?console=dexie \nWhile this is a great option, we want to let you know that there are faster storage solutions available in our premium plugins.\nFor professional users and production environments, we highly recommend considering these premium options to enhance performance and reliability.\n https://rxdb.info/premium/?console=dexie \nIf you already purchased premium access you can disable this log by calling the setPremiumFlag() function from rxdb-premium/plugins/shared.\n---------------------------------------------------------------------","user":"Jamal C. (jamal@yumyums.kitchen)","page":"/marketing.html","ua":"Mozilla/5.0 (X11; Linux x86_64) AppleWebKit/537.36 (KHTML, like Gecko) HeadlessChrome/147.0.7727.15 Safari/537.36"}

[1A[2K[8/47] [chromium] › tests/marketing.spec.js:432:3 › Camera scanner decode (card camera-scanner-decode) › done_when: a synced customer's offer resolves OFFLINE from the local replica (image decode)
[1A[2K[2m[WebServer] [22m{"time":"2026-10-01T21:43:05.040930937-04:00","level":"INFO","msg":"client log","level":"WARN","message":"-------------- RxDB Open Core RxStorage -------------------------------\nYou are using the free Dexie.js based RxStorage implementation from RxDB https://rxdb.info/rx-storage-dexie.html?console=dexie \nWhile this is a great option, we want to let you know that there are faster storage solutions available in our premium plugins.\nFor professional users and production environments, we highly recommend considering these premium options to enhance performance and reliability.\n https://rxdb.info/premium/?console=dexie \nIf you already purchased premium access you can disable this log by calling the setPremiumFlag() function from rxdb-premium/plugins/shared.\n---------------------------------------------------------------------","user":"Jamal C. (jamal@yumyums.kitchen)","page":"/marketing.html","ua":"Mozilla/5.0 (X11; Linux x86_64) AppleWebKit/537.36 (KHTML, like Gecko) HeadlessChrome/147.0.7727.15 Safari/537.36"}

[1A[2K[9/47] [chromium] › tests/marketing.spec.js:454:3 › Camera scanner decode (card camera-scanner-decode) › done_when: an un-synced customer falls back OFFLINE to the QR-embedded offer, marked unverified (image decode)
[1A[2K[2m[WebServer] [22m{"time":"2026-10-01T21:43:06.203584843-04:00","level":"INFO","msg":"client log","level":"WARN","message":"-------------- RxDB Open Core RxStorage -------------------------------\nYou are using the free Dexie.js based RxStorage implementation from RxDB https://rxdb.info/rx-storage-dexie.html?console=dexie \nWhile this is a great option, we want to let you know that there are faster storage solutions available in our premium plugins.\nFor professional users and production environments, we highly recommend considering these premium options to enhance performance and reliability.\n https://rxdb.info/premium/?console=dexie \nIf you already purchased premium access you can disable this log by calling the setPremiumFlag() function from rxdb-premium/plugins/shared.\n---------------------------------------------------------------------","user":"Jamal C. (jamal@yumyums.kitchen)","page":"/marketing.html","ua":"Mozilla/5.0 (X11; Linux x86_64) AppleWebKit/537.36 (KHTML, like Gecko) HeadlessChrome/147.0.7727.15 Safari/537.36"}

[1A[2K[10/47] [chromium] › tests/marketing.spec.js:473:3 › Camera scanner decode (card camera-scanner-decode) › resolution order: the local replica beats the QR-embedded offer when both exist
[1A[2K[2m[WebServer] [22m{"time":"2026-10-01T21:43:07.101911536-04:00","level":"INFO","msg":"client log","level":"WARN","message":"-------------- RxDB Open Core RxStorage -------------------------------\nYou are using the free Dexie.js based RxStorage implementation from RxDB https://rxdb.info/rx-storage-dexie.html?console=dexie \nWhile this is a great option, we want to let you know that there are faster storage solutions available in our premium plugins.\nFor professional users and production environments, we highly recommend considering these premium options to enhance performance and reliability.\n https://rxdb.info/premium/?console=dexie \nIf you already purchased premium access you can disable this log by calling the setPremiumFlag() function from rxdb-premium/plugins/shared.\n---------------------------------------------------------------------","user":"Jamal C. (jamal@yumyums.kitchen)","page":"/marketing.html","ua":"Mozilla/5.0 (X11; Linux x86_64) AppleWebKit/537.36 (KHTML, like Gecko) HeadlessChrome/147.0.7727.15 Safari/537.36"}

[1A[2K[11/47] [chromium] › tests/marketing.spec.js:487:3 › Camera scanner decode (card camera-scanner-decode) › a token in neither replica with no descriptor resolves unknownCode (F2 display)
[1A[2K[2m[WebServer] [22m{"time":"2026-10-01T21:43:07.806637339-04:00","level":"INFO","msg":"client log","level":"WARN","message":"-------------- RxDB Open Core RxStorage -------------------------------\nYou are using the free Dexie.js based RxStorage implementation from RxDB https://rxdb.info/rx-storage-dexie.html?console=dexie \nWhile this is a great option, we want to let you know that there are faster storage solutions available in our premium plugins.\nFor professional users and production environments, we highly recommend considering these premium options to enhance performance and reliability.\n https://rxdb.info/premium/?console=dexie \nIf you already purchased premium access you can disable this log by calling the setPremiumFlag() function from rxdb-premium/plugins/shared.\n---------------------------------------------------------------------","user":"Jamal C. (jamal@yumyums.kitchen)","page":"/marketing.html","ua":"Mozilla/5.0 (X11; Linux x86_64) AppleWebKit/537.36 (KHTML, like Gecko) HeadlessChrome/147.0.7727.15 Safari/537.36"}

[1A[2K[12/47] [chromium] › tests/marketing.spec.js:495:3 › Camera scanner decode (card camera-scanner-decode) › a payload that is not a Yumyums code resolves invalidPayload, loudly
[1A[2K[2m[WebServer] [22m{"time":"2026-10-01T21:43:08.516521772-04:00","level":"INFO","msg":"client log","level":"WARN","message":"-------------- RxDB Open Core RxStorage -------------------------------\nYou are using the free Dexie.js based RxStorage implementation from RxDB https://rxdb.info/rx-storage-dexie.html?console=dexie \nWhile this is a great option, we want to let you know that there are faster storage solutions available in our premium plugins.\nFor professional users and production environments, we highly recommend considering these premium options to enhance performance and reliability.\n https://rxdb.info/premium/?console=dexie \nIf you already purchased premium access you can disable this log by calling the setPremiumFlag() function from rxdb-premium/plugins/shared.\n---------------------------------------------------------------------","user":"Jamal C. (jamal@yumyums.kitchen)","page":"/marketing.html","ua":"Mozilla/5.0 (X11; Linux x86_64) AppleWebKit/537.36 (KHTML, like Gecko) HeadlessChrome/147.0.7727.15 Safari/537.36"}

[1A[2K[13/47] [chromium] › tests/marketing.spec.js:505:3 › Camera scanner decode (card camera-scanner-decode) › F3 offline: a locally-redeemed code rejects immediately as spentLocally
[1A[2K[2m[WebServer] [22m{"time":"2026-10-01T21:43:09.334093261-04:00","level":"INFO","msg":"client log","level":"WARN","message":"-------------- RxDB Open Core RxStorage -------------------------------\nYou are using the free Dexie.js based RxStorage implementation from RxDB https://rxdb.info/rx-storage-dexie.html?console=dexie \nWhile this is a great option, we want to let you know that there are faster storage solutions available in our premium plugins.\nFor professional users and production environments, we highly recommend considering these premium options to enhance performance and reliability.\n https://rxdb.info/premium/?console=dexie \nIf you already purchased premium access you can disable this log by calling the setPremiumFlag() function from rxdb-premium/plugins/shared.\n---------------------------------------------------------------------","user":"Jamal C. (jamal@yumyums.kitchen)","page":"/marketing.html","ua":"Mozilla/5.0 (X11; Linux x86_64) AppleWebKit/537.36 (KHTML, like Gecko) HeadlessChrome/147.0.7727.15 Safari/537.36"}

[1A[2K[14/47] [chromium] › tests/marketing.spec.js:523:3 › Camera scanner decode (card camera-scanner-decode) › F3 online: the local redeemed flag does NOT reject — the server decides at submit
[1A[2K[2m[WebServer] [22m{"time":"2026-10-01T21:43:10.096591367-04:00","level":"INFO","msg":"client log","level":"WARN","message":"-------------- RxDB Open Core RxStorage -------------------------------\nYou are using the free Dexie.js based RxStorage implementation from RxDB https://rxdb.info/rx-storage-dexie.html?console=dexie \nWhile this is a great option, we want to let you know that there are faster storage solutions available in our premium plugins.\nFor professional users and production environments, we highly recommend considering these premium options to enhance performance and reliability.\n https://rxdb.info/premium/?console=dexie \nIf you already purchased premium access you can disable this log by calling the setPremiumFlag() function from rxdb-premium/plugins/shared.\n---------------------------------------------------------------------","user":"Jamal C. (jamal@yumyums.kitchen)","page":"/marketing.html","ua":"Mozilla/5.0 (X11; Linux x86_64) AppleWebKit/537.36 (KHTML, like Gecko) HeadlessChrome/147.0.7727.15 Safari/537.36"}

[1A[2K[15/47] [chromium] › tests/marketing.spec.js:546:3 › Camera scanner decode (card camera-scanner-decode) › offline expiry uses clock.isExpired — a +2h server offset expires a code raw Date.now() calls live
[1A[2K[2m[WebServer] [22m{"time":"2026-10-01T21:43:11.307033332-04:00","level":"INFO","msg":"client log","level":"WARN","message":"-------------- RxDB Open Core RxStorage -------------------------------\nYou are using the free Dexie.js based RxStorage implementation from RxDB https://rxdb.info/rx-storage-dexie.html?console=dexie \nWhile this is a great option, we want to let you know that there are faster storage solutions available in our premium plugins.\nFor professional users and production environments, we highly recommend considering these premium options to enhance performance and reliability.\n https://rxdb.info/premium/?console=dexie \nIf you already purchased premium access you can disable this log by calling the setPremiumFlag() function from rxdb-premium/plugins/shared.\n---------------------------------------------------------------------","user":"Jamal C. (jamal@yumyums.kitchen)","page":"/marketing.html","ua":"Mozilla/5.0 (X11; Linux x86_64) AppleWebKit/537.36 (KHTML, like Gecko) HeadlessChrome/147.0.7727.15 Safari/537.36"}

[1A[2K[16/47] [chromium] › tests/marketing.spec.js:566:3 › Camera scanner decode (card camera-scanner-decode) › the clock state round-trips a reload (persist → initialState) so a reloaded-offline device keeps its offset
[1A[2K[2m[WebServer] [22m{"time":"2026-10-01T21:43:12.297327913-04:00","level":"INFO","msg":"client log","level":"WARN","message":"-------------- RxDB Open Core RxStorage -------------------------------\nYou are using the free Dexie.js based RxStorage implementation from RxDB https://rxdb.info/rx-storage-dexie.html?console=dexie \nWhile this is a great option, we want to let you know that there are faster storage solutions available in our premium plugins.\nFor professional users and production environments, we highly recommend considering these premium options to enhance performance and reliability.\n https://rxdb.info/premium/?console=dexie \nIf you already purchased premium access you can disable this log by calling the setPremiumFlag() function from rxdb-premium/plugins/shared.\n---------------------------------------------------------------------","user":"Jamal C. (jamal@yumyums.kitchen)","page":"/marketing.html","ua":"Mozilla/5.0 (X11; Linux x86_64) AppleWebKit/537.36 (KHTML, like Gecko) HeadlessChrome/147.0.7727.15 Safari/537.36"}

[1A[2K[2m[WebServer] [22m{"time":"2026-10-01T21:43:12.500937175-04:00","level":"INFO","msg":"client log","level":"WARN","message":"-------------- RxDB Open Core RxStorage -------------------------------\nYou are using the free Dexie.js based RxStorage implementation from RxDB https://rxdb.info/rx-storage-dexie.html?console=dexie \nWhile this is a great option, we want to let you know that there are faster storage solutions available in our premium plugins.\nFor professional users and production environments, we highly recommend considering these premium options to enhance performance and reliability.\n https://rxdb.info/premium/?console=dexie \nIf you already purchased premium access you can disable this log by calling the setPremiumFlag() function from rxdb-premium/plugins/shared.\n---------------------------------------------------------------------","user":"Jamal C. (jamal@yumyums.kitchen)","page":"/marketing.html","ua":"Mozilla/5.0 (X11; Linux x86_64) AppleWebKit/537.36 (KHTML, like Gecko) HeadlessChrome/147.0.7727.15 Safari/537.36"}

[1A[2K[17/47] [chromium] › tests/marketing.spec.js:590:3 › Camera scanner decode (card camera-scanner-decode) › hash caching: repeated scans of one token digest once
[1A[2K[2m[WebServer] [22m{"time":"2026-10-01T21:43:13.175944422-04:00","level":"INFO","msg":"client log","level":"WARN","message":"-------------- RxDB Open Core RxStorage -------------------------------\nYou are using the free Dexie.js based RxStorage implementation from RxDB https://rxdb.info/rx-storage-dexie.html?console=dexie \nWhile this is a great option, we want to let you know that there are faster storage solutions available in our premium plugins.\nFor professional users and production environments, we highly recommend considering these premium options to enhance performance and reliability.\n https://rxdb.info/premium/?console=dexie \nIf you already purchased premium access you can disable this log by calling the setPremiumFlag() function from rxdb-premium/plugins/shared.\n---------------------------------------------------------------------","user":"Jamal C. (jamal@yumyums.kitchen)","page":"/marketing.html","ua":"Mozilla/5.0 (X11; Linux x86_64) AppleWebKit/537.36 (KHTML, like Gecko) HeadlessChrome/147.0.7727.15 Safari/537.36"}

[1A[2K[18/47] [chromium] › tests/marketing.spec.js:599:3 › Camera scanner decode (card camera-scanner-decode) › enqueue is serialized per code: two rapid same-code enqueues insert exactly one live attempt
[1A[2K[2m[WebServer] [22m{"time":"2026-10-01T21:43:13.93487941-04:00","level":"INFO","msg":"client log","level":"WARN","message":"-------------- RxDB Open Core RxStorage -------------------------------\nYou are using the free Dexie.js based RxStorage implementation from RxDB https://rxdb.info/rx-storage-dexie.html?console=dexie \nWhile this is a great option, we want to let you know that there are faster storage solutions available in our premium plugins.\nFor professional users and production environments, we highly recommend considering these premium options to enhance performance and reliability.\n https://rxdb.info/premium/?console=dexie \nIf you already purchased premium access you can disable this log by calling the setPremiumFlag() function from rxdb-premium/plugins/shared.\n---------------------------------------------------------------------","user":"Jamal C. (jamal@yumyums.kitchen)","page":"/marketing.html","ua":"Mozilla/5.0 (X11; Linux x86_64) AppleWebKit/537.36 (KHTML, like Gecko) HeadlessChrome/147.0.7727.15 Safari/537.36"}

[1A[2K[19/47] [chromium] › tests/marketing.spec.js:616:3 › Camera scanner decode (card camera-scanner-decode) › F6: re-scanning the same code re-shows the result instead of erroring or duplicating
[1A[2K[2m[WebServer] [22m{"time":"2026-10-01T21:43:14.665014621-04:00","level":"INFO","msg":"client log","level":"WARN","message":"-------------- RxDB Open Core RxStorage -------------------------------\nYou are using the free Dexie.js based RxStorage implementation from RxDB https://rxdb.info/rx-storage-dexie.html?console=dexie \nWhile this is a great option, we want to let you know that there are faster storage solutions available in our premium plugins.\nFor professional users and production environments, we highly recommend considering these premium options to enhance performance and reliability.\n https://rxdb.info/premium/?console=dexie \nIf you already purchased premium access you can disable this log by calling the setPremiumFlag() function from rxdb-premium/plugins/shared.\n---------------------------------------------------------------------","user":"Jamal C. (jamal@yumyums.kitchen)","page":"/marketing.html","ua":"Mozilla/5.0 (X11; Linux x86_64) AppleWebKit/537.36 (KHTML, like Gecko) HeadlessChrome/147.0.7727.15 Safari/537.36"}

[1A[2K[20/47] [chromium] › tests/marketing.spec.js:628:3 › Camera scanner decode (card camera-scanner-decode) › camera failure is loud and retryable (headless has no camera; live decode is the attended morning check)
[1A[2K[2m[WebServer] [22m{"time":"2026-10-01T21:43:15.424263575-04:00","level":"INFO","msg":"client log","level":"WARN","message":"-------------- RxDB Open Core RxStorage -------------------------------\nYou are using the free Dexie.js based RxStorage implementation from RxDB https://rxdb.info/rx-storage-dexie.html?console=dexie \nWhile this is a great option, we want to let you know that there are faster storage solutions available in our premium plugins.\nFor professional users and production environments, we highly recommend considering these premium options to enhance performance and reliability.\n https://rxdb.info/premium/?console=dexie \nIf you already purchased premium access you can disable this log by calling the setPremiumFlag() function from rxdb-premium/plugins/shared.\n---------------------------------------------------------------------","user":"Jamal C. (jamal@yumyums.kitchen)","page":"/marketing.html","ua":"Mozilla/5.0 (X11; Linux x86_64) AppleWebKit/537.36 (KHTML, like Gecko) HeadlessChrome/147.0.7727.15 Safari/537.36"}

[1A[2K[21/47] [chromium] › tests/marketing.spec.js:658:3 › Camera scanner decode (card camera-scanner-decode) › a live camera hides the Start camera control and shows no error
[1A[2K[2m[WebServer] [22m{"time":"2026-10-01T21:43:16.379264036-04:00","level":"INFO","msg":"client log","level":"WARN","message":"-------------- RxDB Open Core RxStorage -------------------------------\nYou are using the free Dexie.js based RxStorage implementation from RxDB https://rxdb.info/rx-storage-dexie.html?console=dexie \nWhile this is a great option, we want to let you know that there are faster storage solutions available in our premium plugins.\nFor professional users and production environments, we highly recommend considering these premium options to enhance performance and reliability.\n https://rxdb.info/premium/?console=dexie \nIf you already purchased premium access you can disable this log by calling the setPremiumFlag() function from rxdb-premium/plugins/shared.\n---------------------------------------------------------------------","user":"Jamal C. (jamal@yumyums.kitchen)","page":"/marketing.html","ua":"Mozilla/5.0 (X11; Linux x86_64) AppleWebKit/537.36 (KHTML, like Gecko) HeadlessChrome/147.0.7727.15 Safari/537.36"}

[1A[2K[22/47] [chromium] › tests/marketing.spec.js:669:3 › Camera scanner decode (card camera-scanner-decode) › starting the camera twice does not report it unavailable
[1A[2K[2m[WebServer] [22m{"time":"2026-10-01T21:43:17.241801084-04:00","level":"INFO","msg":"client log","level":"WARN","message":"-------------- RxDB Open Core RxStorage -------------------------------\nYou are using the free Dexie.js based RxStorage implementation from RxDB https://rxdb.info/rx-storage-dexie.html?console=dexie \nWhile this is a great option, we want to let you know that there are faster storage solutions available in our premium plugins.\nFor professional users and production environments, we highly recommend considering these premium options to enhance performance and reliability.\n https://rxdb.info/premium/?console=dexie \nIf you already purchased premium access you can disable this log by calling the setPremiumFlag() function from rxdb-premium/plugins/shared.\n---------------------------------------------------------------------","user":"Jamal C. (jamal@yumyums.kitchen)","page":"/marketing.html","ua":"Mozilla/5.0 (X11; Linux x86_64) AppleWebKit/537.36 (KHTML, like Gecko) HeadlessChrome/147.0.7727.15 Safari/537.36"}

[1A[2K[23/47] [chromium] › tests/marketing.spec.js:683:3 › Camera scanner decode (card camera-scanner-decode) › a camera failure names the real reason, even when the library throws a string
[1A[2K[2m[WebServer] [22m{"time":"2026-10-01T21:43:18.328072994-04:00","level":"INFO","msg":"client log","level":"WARN","message":"-------------- RxDB Open Core RxStorage -------------------------------\nYou are using the free Dexie.js based RxStorage implementation from RxDB https://rxdb.info/rx-storage-dexie.html?console=dexie \nWhile this is a great option, we want to let you know that there are faster storage solutions available in our premium plugins.\nFor professional users and production environments, we highly recommend considering these premium options to enhance performance and reliability.\n https://rxdb.info/premium/?console=dexie \nIf you already purchased premium access you can disable this log by calling the setPremiumFlag() function from rxdb-premium/plugins/shared.\n---------------------------------------------------------------------","user":"Jamal C. (jamal@yumyums.kitchen)","page":"/marketing.html","ua":"Mozilla/5.0 (X11; Linux x86_64) AppleWebKit/537.36 (KHTML, like Gecko) HeadlessChrome/147.0.7727.15 Safari/537.36"}

[1A[2K[24/47] [chromium] › tests/marketing.spec.js:778:3 › Redemption submit flow (card redemption-submit-flow) › a persistent online/offline indicator renders from boot and reads online on a live probe
[1A[2K[2m[WebServer] [22m{"time":"2026-10-01T21:43:19.138776805-04:00","level":"INFO","msg":"client log","level":"WARN","message":"-------------- RxDB Open Core RxStorage -------------------------------\nYou are using the free Dexie.js based RxStorage implementation from RxDB https://rxdb.info/rx-storage-dexie.html?console=dexie \nWhile this is a great option, we want to let you know that there are faster storage solutions available in our premium plugins.\nFor professional users and production environments, we highly recommend considering these premium options to enhance performance and reliability.\n https://rxdb.info/premium/?console=dexie \nIf you already purchased premium access you can disable this log by calling the setPremiumFlag() function from rxdb-premium/plugins/shared.\n---------------------------------------------------------------------","user":"Jamal C. (jamal@yumyums.kitchen)","page":"/marketing.html","ua":"Mozilla/5.0 (X11; Linux x86_64) AppleWebKit/537.36 (KHTML, like Gecko) HeadlessChrome/147.0.7727.15 Safari/537.36"}

[1A[2K[25/47] [chromium] › tests/marketing.spec.js:792:3 › Redemption submit flow (card redemption-submit-flow) › confirm-then-burn: no path to redeemed without a validator-passing Toast order number
[1A[2K[2m[WebServer] [22m{"time":"2026-10-01T21:43:19.807755305-04:00","level":"ERROR","msg":"GetManagerHires failed","error":"iterate assigned templates for hire bff33d4f-1905-4756-9ecd-7c4ea1689d83: context canceled"}

[1A[2K[2m[WebServer] [22m{"time":"2026-10-01T21:43:19.929670908-04:00","level":"INFO","msg":"client log","level":"WARN","message":"-------------- RxDB Open Core RxStorage -------------------------------\nYou are using the free Dexie.js based RxStorage implementation from RxDB https://rxdb.info/rx-storage-dexie.html?console=dexie \nWhile this is a great option, we want to let you know that there are faster storage solutions available in our premium plugins.\nFor professional users and production environments, we highly recommend considering these premium options to enhance performance and reliability.\n https://rxdb.info/premium/?console=dexie \nIf you already purchased premium access you can disable this log by calling the setPremiumFlag() function from rxdb-premium/plugins/shared.\n---------------------------------------------------------------------","user":"Jamal C. (jamal@yumyums.kitchen)","page":"/marketing.html","ua":"Mozilla/5.0 (X11; Linux x86_64) AppleWebKit/537.36 (KHTML, like Gecko) HeadlessChrome/147.0.7727.15 Safari/537.36"}

[1A[2K[26/47] [chromium] › tests/marketing.spec.js:835:3 › Redemption submit flow (card redemption-submit-flow) › offline branch 1: no entitlement -> blocked, no override affordance
[1A[2K[2m[WebServer] [22m{"time":"2026-10-01T21:43:21.56422212-04:00","level":"ERROR","msg":"GetManagerHires failed","error":"iterate assigned templates for hire 15223d79-4095-4542-b85f-05304e7d90f7: context canceled"}

[1A[2K[2m[WebServer] [22m{"time":"2026-10-01T21:43:21.578701544-04:00","level":"ERROR","msg":"ListPendingPurchases query failed","error":"context canceled"}
[2m[WebServer] [22m{"time":"2026-10-01T21:43:21.578803164-04:00","level":"ERROR","msg":"GetStock query failed","error":"context canceled"}
[2m[WebServer] [22m{"time":"2026-10-01T21:43:21.579121196-04:00","level":"ERROR","msg":"GetMyTrainings failed","error":"context canceled"}

[1A[2K[2m[WebServer] [22m{"time":"2026-10-01T21:43:21.979662722-04:00","level":"INFO","msg":"client log","level":"WARN","message":"-------------- RxDB Open Core RxStorage -------------------------------\nYou are using the free Dexie.js based RxStorage implementation from RxDB https://rxdb.info/rx-storage-dexie.html?console=dexie \nWhile this is a great option, we want to let you know that there are faster storage solutions available in our premium plugins.\nFor professional users and production environments, we highly recommend considering these premium options to enhance performance and reliability.\n https://rxdb.info/premium/?console=dexie \nIf you already purchased premium access you can disable this log by calling the setPremiumFlag() function from rxdb-premium/plugins/shared.\n---------------------------------------------------------------------","user":"Mkt T. (mkt-c6-noperm-1790905400771-9858@yumyums.kitchen)","page":"/marketing.html","ua":"Mozilla/5.0 (X11; Linux x86_64) AppleWebKit/537.36 (KHTML, like Gecko) HeadlessChrome/147.0.7727.15 Safari/537.36"}

[1A[2K[27/47] [chromium] › tests/marketing.spec.js:854:3 › Redemption submit flow (card redemption-submit-flow) › offline branch 2: the entitlement offers force-submit behind the §13 confirmation
[1A[2K[2m[WebServer] [22m{"time":"2026-10-01T21:43:22.956826799-04:00","level":"INFO","msg":"client log","level":"WARN","message":"-------------- RxDB Open Core RxStorage -------------------------------\nYou are using the free Dexie.js based RxStorage implementation from RxDB https://rxdb.info/rx-storage-dexie.html?console=dexie \nWhile this is a great option, we want to let you know that there are faster storage solutions available in our premium plugins.\nFor professional users and production environments, we highly recommend considering these premium options to enhance performance and reliability.\n https://rxdb.info/premium/?console=dexie \nIf you already purchased premium access you can disable this log by calling the setPremiumFlag() function from rxdb-premium/plugins/shared.\n---------------------------------------------------------------------","user":"Jamal C. (jamal@yumyums.kitchen)","page":"/marketing.html","ua":"Mozilla/5.0 (X11; Linux x86_64) AppleWebKit/537.36 (KHTML, like Gecko) HeadlessChrome/147.0.7727.15 Safari/537.36"}

[1A[2K[28/47] [chromium] › tests/marketing.spec.js:897:3 › Redemption submit flow (card redemption-submit-flow) › offline branch 3: requires_online=true refuses the override even WITH the entitlement (§8)
[1A[2K[2m[WebServer] [22m{"time":"2026-10-01T21:43:23.949576532-04:00","level":"ERROR","msg":"GetManagerHires failed","error":"iterate assigned templates for hire 643fa665-51ba-484f-a300-17deed967884: context canceled"}

[1A[2K[2m[WebServer] [22m{"time":"2026-10-01T21:43:24.092986463-04:00","level":"INFO","msg":"client log","level":"WARN","message":"-------------- RxDB Open Core RxStorage -------------------------------\nYou are using the free Dexie.js based RxStorage implementation from RxDB https://rxdb.info/rx-storage-dexie.html?console=dexie \nWhile this is a great option, we want to let you know that there are faster storage solutions available in our premium plugins.\nFor professional users and production environments, we highly recommend considering these premium options to enhance performance and reliability.\n https://rxdb.info/premium/?console=dexie \nIf you already purchased premium access you can disable this log by calling the setPremiumFlag() function from rxdb-premium/plugins/shared.\n---------------------------------------------------------------------","user":"Jamal C. (jamal@yumyums.kitchen)","page":"/marketing.html","ua":"Mozilla/5.0 (X11; Linux x86_64) AppleWebKit/537.36 (KHTML, like Gecko) HeadlessChrome/147.0.7727.15 Safari/537.36"}

[1A[2K[29/47] [chromium] › tests/marketing.spec.js:942:3 › Redemption submit flow (card redemption-submit-flow) › B-432: a requires_online=true code is refused while its campaign is UNRESOLVED (branch-3 minus the campaigns: seed)
[1A[2K[2m[WebServer] [22m{"time":"2026-10-01T21:43:25.002037275-04:00","level":"INFO","msg":"client log","level":"WARN","message":"-------------- RxDB Open Core RxStorage -------------------------------\nYou are using the free Dexie.js based RxStorage implementation from RxDB https://rxdb.info/rx-storage-dexie.html?console=dexie \nWhile this is a great option, we want to let you know that there are faster storage solutions available in our premium plugins.\nFor professional users and production environments, we highly recommend considering these premium options to enhance performance and reliability.\n https://rxdb.info/premium/?console=dexie \nIf you already purchased premium access you can disable this log by calling the setPremiumFlag() function from rxdb-premium/plugins/shared.\n---------------------------------------------------------------------","user":"Jamal C. (jamal@yumyums.kitchen)","page":"/marketing.html","ua":"Mozilla/5.0 (X11; Linux x86_64) AppleWebKit/537.36 (KHTML, like Gecko) HeadlessChrome/147.0.7727.15 Safari/537.36"}

[1A[2K[30/47] [chromium] › tests/marketing.spec.js:972:3 › Redemption submit flow (card redemption-submit-flow) › P-KR4: indicator flips and submit re-arms LIVE when reachability returns — zero page interaction
[1A[2K[2m[WebServer] [22m{"time":"2026-10-01T21:43:25.791699583-04:00","level":"INFO","msg":"client log","level":"WARN","message":"-------------- RxDB Open Core RxStorage -------------------------------\nYou are using the free Dexie.js based RxStorage implementation from RxDB https://rxdb.info/rx-storage-dexie.html?console=dexie \nWhile this is a great option, we want to let you know that there are faster storage solutions available in our premium plugins.\nFor professional users and production environments, we highly recommend considering these premium options to enhance performance and reliability.\n https://rxdb.info/premium/?console=dexie \nIf you already purchased premium access you can disable this log by calling the setPremiumFlag() function from rxdb-premium/plugins/shared.\n---------------------------------------------------------------------","user":"Jamal C. (jamal@yumyums.kitchen)","page":"/marketing.html","ua":"Mozilla/5.0 (X11; Linux x86_64) AppleWebKit/537.36 (KHTML, like Gecko) HeadlessChrome/147.0.7727.15 Safari/537.36"}

[1A[2K[31/47] [chromium] › tests/marketing.spec.js:997:3 › Redemption submit flow (card redemption-submit-flow) › F2: an unknownCode offline override warns unverifiable and writes offline_override=true AND unverified_code=true
[1A[2K[2m[WebServer] [22m{"time":"2026-10-01T21:43:26.777944209-04:00","level":"INFO","msg":"client log","level":"WARN","message":"-------------- RxDB Open Core RxStorage -------------------------------\nYou are using the free Dexie.js based RxStorage implementation from RxDB https://rxdb.info/rx-storage-dexie.html?console=dexie \nWhile this is a great option, we want to let you know that there are faster storage solutions available in our premium plugins.\nFor professional users and production environments, we highly recommend considering these premium options to enhance performance and reliability.\n https://rxdb.info/premium/?console=dexie \nIf you already purchased premium access you can disable this log by calling the setPremiumFlag() function from rxdb-premium/plugins/shared.\n---------------------------------------------------------------------","user":"Jamal C. (jamal@yumyums.kitchen)","page":"/marketing.html","ua":"Mozilla/5.0 (X11; Linux x86_64) AppleWebKit/537.36 (KHTML, like Gecko) HeadlessChrome/147.0.7727.15 Safari/537.36"}

[1A[2K[32/47] [chromium] › tests/marketing.spec.js:1059:3 › Redemption submit flow (card redemption-submit-flow) › done_when(2): a replica-FAILURE override lands policy_unresolved=true, distinguishable from the genuinely-unknown one
[1A[2K[2m[WebServer] [22m{"time":"2026-10-01T21:43:27.87250495-04:00","level":"INFO","msg":"client log","level":"WARN","message":"-------------- RxDB Open Core RxStorage -------------------------------\nYou are using the free Dexie.js based RxStorage implementation from RxDB https://rxdb.info/rx-storage-dexie.html?console=dexie \nWhile this is a great option, we want to let you know that there are faster storage solutions available in our premium plugins.\nFor professional users and production environments, we highly recommend considering these premium options to enhance performance and reliability.\n https://rxdb.info/premium/?console=dexie \nIf you already purchased premium access you can disable this log by calling the setPremiumFlag() function from rxdb-premium/plugins/shared.\n---------------------------------------------------------------------","user":"Jamal C. (jamal@yumyums.kitchen)","page":"/marketing.html","ua":"Mozilla/5.0 (X11; Linux x86_64) AppleWebKit/537.36 (KHTML, like Gecko) HeadlessChrome/147.0.7727.15 Safari/537.36"}

[1A[2K[33/47] [chromium] › tests/marketing.spec.js:1108:3 › Redemption submit flow (card redemption-submit-flow) › B-434(c): the policy predicate — resolved flag / KNOWN-but-unresolved fails closed / no campaign stays null (decision 166)
[1A[2K[2m[WebServer] [22m{"time":"2026-10-01T21:43:28.85815771-04:00","level":"INFO","msg":"client log","level":"WARN","message":"-------------- RxDB Open Core RxStorage -------------------------------\nYou are using the free Dexie.js based RxStorage implementation from RxDB https://rxdb.info/rx-storage-dexie.html?console=dexie \nWhile this is a great option, we want to let you know that there are faster storage solutions available in our premium plugins.\nFor professional users and production environments, we highly recommend considering these premium options to enhance performance and reliability.\n https://rxdb.info/premium/?console=dexie \nIf you already purchased premium access you can disable this log by calling the setPremiumFlag() function from rxdb-premium/plugins/shared.\n---------------------------------------------------------------------","user":"Jamal C. (jamal@yumyums.kitchen)","page":"/marketing.html","ua":"Mozilla/5.0 (X11; Linux x86_64) AppleWebKit/537.36 (KHTML, like Gecko) HeadlessChrome/147.0.7727.15 Safari/537.36"}

[1A[2K[34/47] [chromium] › tests/marketing.spec.js:1152:3 › Redemption submit flow (card redemption-submit-flow) › F6: same-code re-scan is a no-op; a different code prompts; dismiss returns to the interrupted state
[1A[2K[2m[WebServer] [22m{"time":"2026-10-01T21:43:29.501461643-04:00","level":"INFO","msg":"client log","level":"WARN","message":"-------------- RxDB Open Core RxStorage -------------------------------\nYou are using the free Dexie.js based RxStorage implementation from RxDB https://rxdb.info/rx-storage-dexie.html?console=dexie \nWhile this is a great option, we want to let you know that there are faster storage solutions available in our premium plugins.\nFor professional users and production environments, we highly recommend considering these premium options to enhance performance and reliability.\n https://rxdb.info/premium/?console=dexie \nIf you already purchased premium access you can disable this log by calling the setPremiumFlag() function from rxdb-premium/plugins/shared.\n---------------------------------------------------------------------","user":"Jamal C. (jamal@yumyums.kitchen)","page":"/marketing.html","ua":"Mozilla/5.0 (X11; Linux x86_64) AppleWebKit/537.36 (KHTML, like Gecko) HeadlessChrome/147.0.7727.15 Safari/537.36"}

[1A[2K[35/47] [chromium] › tests/marketing.spec.js:1193:3 › Redemption submit flow (card redemption-submit-flow) › already_used verdict renders when + which device from the local codes replica
[1A[2K[2m[WebServer] [22m{"time":"2026-10-01T21:43:30.48219377-04:00","level":"INFO","msg":"client log","level":"WARN","message":"-------------- RxDB Open Core RxStorage -------------------------------\nYou are using the free Dexie.js based RxStorage implementation from RxDB https://rxdb.info/rx-storage-dexie.html?console=dexie \nWhile this is a great option, we want to let you know that there are faster storage solutions available in our premium plugins.\nFor professional users and production environments, we highly recommend considering these premium options to enhance performance and reliability.\n https://rxdb.info/premium/?console=dexie \nIf you already purchased premium access you can disable this log by calling the setPremiumFlag() function from rxdb-premium/plugins/shared.\n---------------------------------------------------------------------","user":"Jamal C. (jamal@yumyums.kitchen)","page":"/marketing.html","ua":"Mozilla/5.0 (X11; Linux x86_64) AppleWebKit/537.36 (KHTML, like Gecko) HeadlessChrome/147.0.7727.15 Safari/537.36"}

[1A[2K[36/47] [chromium] › tests/marketing.spec.js:1213:3 › Redemption submit flow (card redemption-submit-flow) › an undeclared machine event raises the modeled unexpectedEvent card — loud, named, retryable, never a dead actor
[1A[2K[2m[WebServer] [22m{"time":"2026-10-01T21:43:31.83785728-04:00","level":"INFO","msg":"client log","level":"WARN","message":"-------------- RxDB Open Core RxStorage -------------------------------\nYou are using the free Dexie.js based RxStorage implementation from RxDB https://rxdb.info/rx-storage-dexie.html?console=dexie \nWhile this is a great option, we want to let you know that there are faster storage solutions available in our premium plugins.\nFor professional users and production environments, we highly recommend considering these premium options to enhance performance and reliability.\n https://rxdb.info/premium/?console=dexie \nIf you already purchased premium access you can disable this log by calling the setPremiumFlag() function from rxdb-premium/plugins/shared.\n---------------------------------------------------------------------","user":"Jamal C. (jamal@yumyums.kitchen)","page":"/marketing.html","ua":"Mozilla/5.0 (X11; Linux x86_64) AppleWebKit/537.36 (KHTML, like Gecko) HeadlessChrome/147.0.7727.15 Safari/537.36"}

[1A[2K[2m[WebServer] [22m{"time":"2026-10-01T21:43:31.996769176-04:00","level":"INFO","msg":"client log","level":"ERROR","message":"[marketing submit] undeclared (state,event) pair {\"event\":\"BOGUS_EVENT\",\"scan\":\"offerReady\",\"conn\":\"online\",\"overlay\":\"none\"}","user":"Jamal C. (jamal@yumyums.kitchen)","page":"/marketing.html","ua":"Mozilla/5.0 (X11; Linux x86_64) AppleWebKit/537.36 (KHTML, like Gecko) HeadlessChrome/147.0.7727.15 Safari/537.36"}

[1A[2K[2m[WebServer] [22m{"time":"2026-10-01T21:43:31.99760481-04:00","level":"INFO","msg":"client log","level":"ERROR","message":"[marketing submit] undeclared (state,event) pair {\"event\":\"BOGUS_EVENT\",\"scan\":\"offerReady\",\"conn\":\"online\",\"overlay\":\"none\"}","user":"Jamal C. (jamal@yumyums.kitchen)","page":"/marketing.html","ua":"Mozilla/5.0 (X11; Linux x86_64) AppleWebKit/537.36 (KHTML, like Gecko) HeadlessChrome/147.0.7727.15 Safari/537.36"}

[1A[2K[2m[WebServer] [22m{"time":"2026-10-01T21:43:31.998306695-04:00","level":"INFO","msg":"client log","level":"ERROR","message":"[marketing submit] undeclared (state,event) pair {\"event\":\"BOGUS_EVENT\",\"scan\":\"offerReady\",\"conn\":\"online\",\"overlay\":\"none\"}","user":"Jamal C. (jamal@yumyums.kitchen)","page":"/marketing.html","ua":"Mozilla/5.0 (X11; Linux x86_64) AppleWebKit/537.36 (KHTML, like Gecko) HeadlessChrome/147.0.7727.15 Safari/537.36"}

[1A[2K[37/47] [chromium] › tests/marketing.spec.js:1324:3 › Sync provisioning (card sync-coordinates-provisioning) › done_when(1): provisioning through the SHIPPED path arms sync; a server-side code resolves OFFLINE after the network is cut
[1A[2K[2m[WebServer] [22m{"time":"2026-10-01T21:43:32.867268763-04:00","level":"INFO","msg":"client log","level":"WARN","message":"-------------- RxDB Open Core RxStorage -------------------------------\nYou are using the free Dexie.js based RxStorage implementation from RxDB https://rxdb.info/rx-storage-dexie.html?console=dexie \nWhile this is a great option, we want to let you know that there are faster storage solutions available in our premium plugins.\nFor professional users and production environments, we highly recommend considering these premium options to enhance performance and reliability.\n https://rxdb.info/premium/?console=dexie \nIf you already purchased premium access you can disable this log by calling the setPremiumFlag() function from rxdb-premium/plugins/shared.\n---------------------------------------------------------------------","user":"Jamal C. (jamal@yumyums.kitchen)","page":"/marketing.html","ua":"Mozilla/5.0 (X11; Linux x86_64) AppleWebKit/537.36 (KHTML, like Gecko) HeadlessChrome/147.0.7727.15 Safari/537.36"}

[1A[2K[38/47] [chromium] › tests/marketing.spec.js:1359:3 › Sync provisioning (card sync-coordinates-provisioning) › done_when(2): campaignPolicy genuinely attaches — attached() true, size() non-zero, seam NOT stubbed
[1A[2K[2m[WebServer] [22m{"time":"2026-10-01T21:43:33.934163282-04:00","level":"INFO","msg":"client log","level":"WARN","message":"-------------- RxDB Open Core RxStorage -------------------------------\nYou are using the free Dexie.js based RxStorage implementation from RxDB https://rxdb.info/rx-storage-dexie.html?console=dexie \nWhile this is a great option, we want to let you know that there are faster storage solutions available in our premium plugins.\nFor professional users and production environments, we highly recommend considering these premium options to enhance performance and reliability.\n https://rxdb.info/premium/?console=dexie \nIf you already purchased premium access you can disable this log by calling the setPremiumFlag() function from rxdb-premium/plugins/shared.\n---------------------------------------------------------------------","user":"Jamal C. (jamal@yumyums.kitchen)","page":"/marketing.html","ua":"Mozilla/5.0 (X11; Linux x86_64) AppleWebKit/537.36 (KHTML, like Gecko) HeadlessChrome/147.0.7727.15 Safari/537.36"}

[1A[2K[39/47] [chromium] › tests/marketing.spec.js:1376:3 › Sync provisioning (card sync-coordinates-provisioning) › done_when(3)/B-438: campaigns upstream killed at the NETWORK layer — a genuinely-unknown override lands policy_unresolved=true, pushed as the mint sub
[1A[2K[2m[WebServer] [22m{"time":"2026-10-01T21:43:35.034954507-04:00","level":"INFO","msg":"client log","level":"WARN","message":"-------------- RxDB Open Core RxStorage -------------------------------\nYou are using the free Dexie.js based RxStorage implementation from RxDB https://rxdb.info/rx-storage-dexie.html?console=dexie \nWhile this is a great option, we want to let you know that there are faster storage solutions available in our premium plugins.\nFor professional users and production environments, we highly recommend considering these premium options to enhance performance and reliability.\n https://rxdb.info/premium/?console=dexie \nIf you already purchased premium access you can disable this log by calling the setPremiumFlag() function from rxdb-premium/plugins/shared.\n---------------------------------------------------------------------","user":"Jamal C. (jamal@yumyums.kitchen)","page":"/marketing.html","ua":"Mozilla/5.0 (X11; Linux x86_64) AppleWebKit/537.36 (KHTML, like Gecko) HeadlessChrome/147.0.7727.15 Safari/537.36"}

[1A[2K[40/47] [chromium] › tests/marketing.spec.js:1424:3 › Sync provisioning (card sync-coordinates-provisioning) › done_when(3) control: with the campaigns replica HEALTHY the same override lands policy_unresolved=false
[1A[2K[2m[WebServer] [22m{"time":"2026-10-01T21:43:36.66387801-04:00","level":"INFO","msg":"client log","level":"WARN","message":"-------------- RxDB Open Core RxStorage -------------------------------\nYou are using the free Dexie.js based RxStorage implementation from RxDB https://rxdb.info/rx-storage-dexie.html?console=dexie \nWhile this is a great option, we want to let you know that there are faster storage solutions available in our premium plugins.\nFor professional users and production environments, we highly recommend considering these premium options to enhance performance and reliability.\n https://rxdb.info/premium/?console=dexie \nIf you already purchased premium access you can disable this log by calling the setPremiumFlag() function from rxdb-premium/plugins/shared.\n---------------------------------------------------------------------","user":"Jamal C. (jamal@yumyums.kitchen)","page":"/marketing.html","ua":"Mozilla/5.0 (X11; Linux x86_64) AppleWebKit/537.36 (KHTML, like Gecko) HeadlessChrome/147.0.7727.15 Safari/537.36"}

[1A[2K[41/47] [chromium] › tests/marketing.spec.js:1451:3 › Sync provisioning (card sync-coordinates-provisioning) › done_when(4)/B-439: after a post-ready failure + recovery WITH docs, unresolved() returns to false
[1A[2K[2m[WebServer] [22m{"time":"2026-10-01T21:43:38.29141346-04:00","level":"INFO","msg":"client log","level":"WARN","message":"-------------- RxDB Open Core RxStorage -------------------------------\nYou are using the free Dexie.js based RxStorage implementation from RxDB https://rxdb.info/rx-storage-dexie.html?console=dexie \nWhile this is a great option, we want to let you know that there are faster storage solutions available in our premium plugins.\nFor professional users and production environments, we highly recommend considering these premium options to enhance performance and reliability.\n https://rxdb.info/premium/?console=dexie \nIf you already purchased premium access you can disable this log by calling the setPremiumFlag() function from rxdb-premium/plugins/shared.\n---------------------------------------------------------------------","user":"Jamal C. (jamal@yumyums.kitchen)","page":"/marketing.html","ua":"Mozilla/5.0 (X11; Linux x86_64) AppleWebKit/537.36 (KHTML, like Gecko) HeadlessChrome/147.0.7727.15 Safari/537.36"}

[1A[2K[42/47] [chromium] › tests/marketing.spec.js:1477:3 › Sync provisioning (card sync-coordinates-provisioning) › done_when(4)/B-439: the recovery-EMPTY shape (zero new rows) ALSO clears the latch
[1A[2K[2m[WebServer] [22m{"time":"2026-10-01T21:43:44.529848619-04:00","level":"INFO","msg":"client log","level":"WARN","message":"-------------- RxDB Open Core RxStorage -------------------------------\nYou are using the free Dexie.js based RxStorage implementation from RxDB https://rxdb.info/rx-storage-dexie.html?console=dexie \nWhile this is a great option, we want to let you know that there are faster storage solutions available in our premium plugins.\nFor professional users and production environments, we highly recommend considering these premium options to enhance performance and reliability.\n https://rxdb.info/premium/?console=dexie \nIf you already purchased premium access you can disable this log by calling the setPremiumFlag() function from rxdb-premium/plugins/shared.\n---------------------------------------------------------------------","user":"Jamal C. (jamal@yumyums.kitchen)","page":"/marketing.html","ua":"Mozilla/5.0 (X11; Linux x86_64) AppleWebKit/537.36 (KHTML, like Gecko) HeadlessChrome/147.0.7727.15 Safari/537.36"}

[1A[2K[43/47] [chromium] › tests/marketing.spec.js:1529:3 › Boot without SubtleCrypto (plain-http LAN origin) › both flows boot with NO crypto.subtle, and the token hash still equals the WebCrypto seed literal
[1A[2K[2m[WebServer] [22m{"time":"2026-10-01T21:43:52.061029523-04:00","level":"INFO","msg":"client log","level":"WARN","message":"-------------- RxDB Open Core RxStorage -------------------------------\nYou are using the free Dexie.js based RxStorage implementation from RxDB https://rxdb.info/rx-storage-dexie.html?console=dexie \nWhile this is a great option, we want to let you know that there are faster storage solutions available in our premium plugins.\nFor professional users and production environments, we highly recommend considering these premium options to enhance performance and reliability.\n https://rxdb.info/premium/?console=dexie \nIf you already purchased premium access you can disable this log by calling the setPremiumFlag() function from rxdb-premium/plugins/shared.\n---------------------------------------------------------------------","user":"Jamal C. (jamal@yumyums.kitchen)","page":"/marketing.html","ua":"Mozilla/5.0 (X11; Linux x86_64) AppleWebKit/537.36 (KHTML, like Gecko) HeadlessChrome/147.0.7727.15 Safari/537.36"}

[1A[2K[44/47] [chromium] › tests/marketing.spec.js:1540:3 › Boot without SubtleCrypto (plain-http LAN origin) › a boot failure reads as a plain sentence with the technical detail tucked away — not an exception dump
[1A[2K[2m[WebServer] [22m{"time":"2026-10-01T21:43:52.823782489-04:00","level":"INFO","msg":"client log","level":"WARN","message":"-------------- RxDB Open Core RxStorage -------------------------------\nYou are using the free Dexie.js based RxStorage implementation from RxDB https://rxdb.info/rx-storage-dexie.html?console=dexie \nWhile this is a great option, we want to let you know that there are faster storage solutions available in our premium plugins.\nFor professional users and production environments, we highly recommend considering these premium options to enhance performance and reliability.\n https://rxdb.info/premium/?console=dexie \nIf you already purchased premium access you can disable this log by calling the setPremiumFlag() function from rxdb-premium/plugins/shared.\n---------------------------------------------------------------------","user":"Jamal C. (jamal@yumyums.kitchen)","page":"/marketing.html","ua":"Mozilla/5.0 (X11; Linux x86_64) AppleWebKit/537.36 (KHTML, like Gecko) HeadlessChrome/147.0.7727.15 Safari/537.36"}

[1A[2K[2m[WebServer] [22m{"time":"2026-10-01T21:43:52.850465444-04:00","level":"INFO","msg":"client log","level":"ERROR","message":"[marketing] scanner boot failed: IndexedDB API missing. Please visit https://tinyurl.com/y2uuvskb","user":"Jamal C. (jamal@yumyums.kitchen)","page":"/marketing.html","ua":"Mozilla/5.0 (X11; Linux x86_64) AppleWebKit/537.36 (KHTML, like Gecko) HeadlessChrome/147.0.7727.15 Safari/537.36"}

[1A[2K[2m[WebServer] [22m{"time":"2026-10-01T21:43:52.85619672-04:00","level":"INFO","msg":"client log","level":"ERROR","message":"Unhandled rejection: scanner did not boot: IndexedDB API missing. Please visit https://tinyurl.com/y2uuvskb","user":"Jamal C. (jamal@yumyums.kitchen)","page":"/marketing.html","ua":"Mozilla/5.0 (X11; Linux x86_64) AppleWebKit/537.36 (KHTML, like Gecko) HeadlessChrome/147.0.7727.15 Safari/537.36"}

[1A[2K[45/47] [chromium] › tests/marketing.spec.js:1564:3 › Boot without SubtleCrypto (plain-http LAN origin) › on a LAN/dev address the hint says https, NOT "go to hq.yumyums.kitchen"
[1A[2K[2m[WebServer] [22m{"time":"2026-10-01T21:43:53.641538061-04:00","level":"INFO","msg":"client log","level":"WARN","message":"-------------- RxDB Open Core RxStorage -------------------------------\nYou are using the free Dexie.js based RxStorage implementation from RxDB https://rxdb.info/rx-storage-dexie.html?console=dexie \nWhile this is a great option, we want to let you know that there are faster storage solutions available in our premium plugins.\nFor professional users and production environments, we highly recommend considering these premium options to enhance performance and reliability.\n https://rxdb.info/premium/?console=dexie \nIf you already purchased premium access you can disable this log by calling the setPremiumFlag() function from rxdb-premium/plugins/shared.\n---------------------------------------------------------------------","user":"Jamal C. (jamal@yumyums.kitchen)","page":"/marketing.html","ua":"Mozilla/5.0 (X11; Linux x86_64) AppleWebKit/537.36 (KHTML, like Gecko) HeadlessChrome/147.0.7727.15 Safari/537.36"}

[1A[2K[2m[WebServer] [22m{"time":"2026-10-01T21:43:53.66086254-04:00","level":"INFO","msg":"client log","level":"ERROR","message":"[marketing] scanner boot failed: IndexedDB API missing. Please visit https://tinyurl.com/y2uuvskb","user":"Jamal C. (jamal@yumyums.kitchen)","page":"/marketing.html","ua":"Mozilla/5.0 (X11; Linux x86_64) AppleWebKit/537.36 (KHTML, like Gecko) HeadlessChrome/147.0.7727.15 Safari/537.36"}

[1A[2K[2m[WebServer] [22m{"time":"2026-10-01T21:43:53.667789934-04:00","level":"INFO","msg":"client log","level":"ERROR","message":"Unhandled rejection: scanner did not boot: IndexedDB API missing. Please visit https://tinyurl.com/y2uuvskb","user":"Jamal C. (jamal@yumyums.kitchen)","page":"/marketing.html","ua":"Mozilla/5.0 (X11; Linux x86_64) AppleWebKit/537.36 (KHTML, like Gecko) HeadlessChrome/147.0.7727.15 Safari/537.36"}

[1A[2K[46/47] [chromium] › tests/marketing.spec.js:1583:3 › Boot without SubtleCrypto (plain-http LAN origin) › the Details cause reads as a sentence, not an internal symbol name
[1A[2K[2m[WebServer] [22m{"time":"2026-10-01T21:43:54.335094896-04:00","level":"INFO","msg":"client log","level":"WARN","message":"-------------- RxDB Open Core RxStorage -------------------------------\nYou are using the free Dexie.js based RxStorage implementation from RxDB https://rxdb.info/rx-storage-dexie.html?console=dexie \nWhile this is a great option, we want to let you know that there are faster storage solutions available in our premium plugins.\nFor professional users and production environments, we highly recommend considering these premium options to enhance performance and reliability.\n https://rxdb.info/premium/?console=dexie \nIf you already purchased premium access you can disable this log by calling the setPremiumFlag() function from rxdb-premium/plugins/shared.\n---------------------------------------------------------------------","user":"Jamal C. (jamal@yumyums.kitchen)","page":"/marketing.html","ua":"Mozilla/5.0 (X11; Linux x86_64) AppleWebKit/537.36 (KHTML, like Gecko) HeadlessChrome/147.0.7727.15 Safari/537.36"}

[1A[2K[2m[WebServer] [22m{"time":"2026-10-01T21:43:54.360779569-04:00","level":"INFO","msg":"client log","level":"ERROR","message":"[marketing] scanner boot failed: IndexedDB API missing. Please visit https://tinyurl.com/y2uuvskb","user":"Jamal C. (jamal@yumyums.kitchen)","page":"/marketing.html","ua":"Mozilla/5.0 (X11; Linux x86_64) AppleWebKit/537.36 (KHTML, like Gecko) HeadlessChrome/147.0.7727.15 Safari/537.36"}

[1A[2K[2m[WebServer] [22m{"time":"2026-10-01T21:43:54.371253621-04:00","level":"INFO","msg":"client log","level":"ERROR","message":"Unhandled rejection: scanner did not boot: IndexedDB API missing. Please visit https://tinyurl.com/y2uuvskb","user":"Jamal C. (jamal@yumyums.kitchen)","page":"/marketing.html","ua":"Mozilla/5.0 (X11; Linux x86_64) AppleWebKit/537.36 (KHTML, like Gecko) HeadlessChrome/147.0.7727.15 Safari/537.36"}

[1A[2K[47/47] [chromium] › tests/marketing.spec.js:1598:3 › Boot without SubtleCrypto (plain-http LAN origin) › camera failure on an insecure origin names the fix: open the https address, or scan from a photo
[1A[2K[2m[WebServer] [22m{"time":"2026-10-01T21:43:55.048006264-04:00","level":"INFO","msg":"client log","level":"WARN","message":"-------------- RxDB Open Core RxStorage -------------------------------\nYou are using the free Dexie.js based RxStorage implementation from RxDB https://rxdb.info/rx-storage-dexie.html?console=dexie \nWhile this is a great option, we want to let you know that there are faster storage solutions available in our premium plugins.\nFor professional users and production environments, we highly recommend considering these premium options to enhance performance and reliability.\n https://rxdb.info/premium/?console=dexie \nIf you already purchased premium access you can disable this log by calling the setPremiumFlag() function from rxdb-premium/plugins/shared.\n---------------------------------------------------------------------","user":"Jamal C. (jamal@yumyums.kitchen)","page":"/marketing.html","ua":"Mozilla/5.0 (X11; Linux x86_64) AppleWebKit/537.36 (KHTML, like Gecko) HeadlessChrome/147.0.7727.15 Safari/537.36"}

[1A[2K  47 passed (3.4m)
MARKETING_EXIT=0
EXIT=0

--- tests/inventory.spec.js:2186 / :2406 / :2919 — the three Inventory reds not in the 24 ---
[1A[2K[2m[WebServer] [22m── reset hq_test_e2e_h2_20261002 on localhost:5434 ──

[1A[2K[2m[WebServer] [22m── wrote version.json frontend=1.10.2 ──

[1A[2K[2m[WebServer] [22m{"time":"2026-10-01T21:46:24.887317627-04:00","level":"INFO","msg":"serving static files from disk","dir":"../"}

[1A[2K[2m[WebServer] [22m{"time":"2026-10-01T21:46:24.887574607-04:00","level":"INFO","msg":"loaded superadmins","count":1}

[1A[2K[2m[WebServer] [22m{"time":"2026-10-01T21:46:24.90612712-04:00","level":"INFO","msg":"connected to database"}

[1A[2K[2m[WebServer] [22m{"time":"2026-10-01T21:46:24.973846145-04:00","level":"INFO","msg":"OK   0001_users.sql (40.65ms)","source":"stdlog"}

[1A[2K[2m[WebServer] [22m{"time":"2026-10-01T21:46:25.027998758-04:00","level":"INFO","msg":"OK   0002_sessions.sql (53.63ms)","source":"stdlog"}

[1A[2K[2m[WebServer] [22m{"time":"2026-10-01T21:46:25.071696176-04:00","level":"INFO","msg":"OK   0003_invite_tokens.sql (43.44ms)","source":"stdlog"}

[1A[2K[2m[WebServer] [22m{"time":"2026-10-01T21:46:25.117566194-04:00","level":"INFO","msg":"OK   0004_hq_apps.sql (45.64ms)","source":"stdlog"}

[1A[2K[2m[WebServer] [22m{"time":"2026-10-01T21:46:25.178314158-04:00","level":"INFO","msg":"OK   0005_app_permissions.sql (60.62ms)","source":"stdlog"}

[1A[2K[2m[WebServer] [22m{"time":"2026-10-01T21:46:25.216912725-04:00","level":"INFO","msg":"OK   0006_checklist_templates.sql (38.47ms)","source":"stdlog"}

[1A[2K[2m[WebServer] [22m{"time":"2026-10-01T21:46:25.249936655-04:00","level":"INFO","msg":"OK   0007_checklist_schedules.sql (32.88ms)","source":"stdlog"}

[1A[2K[2m[WebServer] [22m{"time":"2026-10-01T21:46:25.286224519-04:00","level":"INFO","msg":"OK   0008_template_assignments.sql (36.17ms)","source":"stdlog"}

[1A[2K[2m[WebServer] [22m{"time":"2026-10-01T21:46:25.314793784-04:00","level":"INFO","msg":"OK   0009_checklist_sections.sql (28.44ms)","source":"stdlog"}

[1A[2K[2m[WebServer] [22m{"time":"2026-10-01T21:46:25.346517614-04:00","level":"INFO","msg":"OK   0010_checklist_fields.sql (31.61ms)","source":"stdlog"}

[1A[2K[2m[WebServer] [22m{"time":"2026-10-01T21:46:25.377284891-04:00","level":"INFO","msg":"OK   0011_checklist_submissions.sql (30.66ms)","source":"stdlog"}

[1A[2K[2m[WebServer] [22m{"time":"2026-10-01T21:46:25.407447662-04:00","level":"INFO","msg":"OK   0012_submission_responses.sql (30.06ms)","source":"stdlog"}

[1A[2K[2m[WebServer] [22m{"time":"2026-10-01T21:46:25.434524871-04:00","level":"INFO","msg":"OK   0013_submission_fail_notes.sql (26.95ms)","source":"stdlog"}

[1A[2K[2m[WebServer] [22m{"time":"2026-10-01T21:46:25.469420078-04:00","level":"INFO","msg":"OK   0014_submission_rejections.sql (34.76ms)","source":"stdlog"}

[1A[2K[2m[WebServer] [22m{"time":"2026-10-01T21:46:25.520232079-04:00","level":"INFO","msg":"OK   0015_ops.sql (50.69ms)","source":"stdlog"}

[1A[2K[2m[WebServer] [22m{"time":"2026-10-01T21:46:25.536993421-04:00","level":"INFO","msg":"OK   0016_lamport_ts.sql (16.65ms)","source":"stdlog"}

[1A[2K[2m[WebServer] [22m{"time":"2026-10-01T21:46:25.555005212-04:00","level":"INFO","msg":"OK   0017_users_naming.sql (17.83ms)","source":"stdlog"}

[1A[2K[2m[WebServer] [22m{"time":"2026-10-01T21:46:25.616758207-04:00","level":"INFO","msg":"OK   0018_ob_templates.sql (61.6ms)","source":"stdlog"}

[1A[2K[2m[WebServer] [22m{"time":"2026-10-01T21:46:25.686040192-04:00","level":"INFO","msg":"OK   0019_ob_items.sql (69.11ms)","source":"stdlog"}

[1A[2K[2m[WebServer] [22m{"time":"2026-10-01T21:46:25.743252024-04:00","level":"INFO","msg":"OK   0020_ob_progress.sql (57.11ms)","source":"stdlog"}

[1A[2K[2m[WebServer] [22m{"time":"2026-10-01T21:46:25.782260403-04:00","level":"INFO","msg":"OK   0021_ob_signoffs.sql (38.85ms)","source":"stdlog"}

[1A[2K[2m[WebServer] [22m{"time":"2026-10-01T21:46:25.831034975-04:00","level":"INFO","msg":"OK   0022_ob_template_assignments.sql (48.64ms)","source":"stdlog"}

[1A[2K[2m[WebServer] [22m{"time":"2026-10-01T21:46:25.898745149-04:00","level":"INFO","msg":"OK   0023_multi_role.sql (67.62ms)","source":"stdlog"}

[1A[2K[2m[WebServer] [22m{"time":"2026-10-01T21:46:26.088858694-04:00","level":"INFO","msg":"OK   0024_inventory.sql (189.87ms)","source":"stdlog"}

[1A[2K[2m[WebServer] [22m{"time":"2026-10-01T21:46:26.128050462-04:00","level":"INFO","msg":"OK   0025_pending_purchases.sql (39.09ms)","source":"stdlog"}

[1A[2K[2m[WebServer] [22m{"time":"2026-10-01T21:46:26.137001538-04:00","level":"INFO","msg":"OK   0026_ob_progress_faq.sql (8.75ms)","source":"stdlog"}

[1A[2K[2m[WebServer] [22m{"time":"2026-10-01T21:46:26.144537037-04:00","level":"INFO","msg":"OK   0027_ob_section_signoff_roles.sql (7.38ms)","source":"stdlog"}

[1A[2K[2m[WebServer] [22m{"time":"2026-10-01T21:46:26.161276777-04:00","level":"INFO","msg":"OK   0028_ob_video_upgrade.sql (16.62ms)","source":"stdlog"}

[1A[2K[2m[WebServer] [22m{"time":"2026-10-01T21:46:26.169147635-04:00","level":"INFO","msg":"OK   0029_ob_templates_archived_at.sql (7.78ms)","source":"stdlog"}

[1A[2K[2m[WebServer] [22m{"time":"2026-10-01T21:46:26.19407022-04:00","level":"INFO","msg":"OK   0030_item_groups_unique_name.sql (24.78ms)","source":"stdlog"}

[1A[2K[2m[WebServer] [22m{"time":"2026-10-01T21:46:26.202813501-04:00","level":"INFO","msg":"OK   0031_remove_placeholder_items.sql (8.65ms)","source":"stdlog"}

[1A[2K[2m[WebServer] [22m{"time":"2026-10-01T21:46:26.216698422-04:00","level":"INFO","msg":"OK   0032_item_group_thresholds.sql (13.79ms)","source":"stdlog"}

[1A[2K[2m[WebServer] [22m{"time":"2026-10-01T21:46:26.248228305-04:00","level":"INFO","msg":"OK   0033_stock_count_overrides.sql (31.43ms)","source":"stdlog"}

[1A[2K[2m[WebServer] [22m{"time":"2026-10-01T21:46:26.33346425-04:00","level":"INFO","msg":"OK   0034_purchase_orders.sql (85.1ms)","source":"stdlog"}

[1A[2K[2m[WebServer] [22m{"time":"2026-10-01T21:46:26.349115818-04:00","level":"INFO","msg":"OK   0035_purchase_items_photo_store.sql (15.56ms)","source":"stdlog"}

[1A[2K[2m[WebServer] [22m{"time":"2026-10-01T21:46:26.361019227-04:00","level":"INFO","msg":"OK   0036_purchase_items_full_name.sql (11.81ms)","source":"stdlog"}

[1A[2K[2m[WebServer] [22m{"time":"2026-10-01T21:46:26.393195178-04:00","level":"INFO","msg":"OK   0037_cutoff_config.sql (32.07ms)","source":"stdlog"}

[1A[2K[2m[WebServer] [22m{"time":"2026-10-01T21:46:26.41387074-04:00","level":"INFO","msg":"OK   0038_po_status_extend.sql (20.56ms)","source":"stdlog"}

[1A[2K[2m[WebServer] [22m{"time":"2026-10-01T21:46:26.435983089-04:00","level":"INFO","msg":"OK   0039_purchase_items_vendor.sql (22ms)","source":"stdlog"}

[1A[2K[2m[WebServer] [22m{"time":"2026-10-01T21:46:26.551201358-04:00","level":"INFO","msg":"OK   0040_shopping_lists.sql (114.96ms)","source":"stdlog"}

[1A[2K[2m[WebServer] [22m{"time":"2026-10-01T21:46:26.568602387-04:00","level":"INFO","msg":"OK   0041_notification_channel.sql (17.31ms)","source":"stdlog"}

[1A[2K[2m[WebServer] [22m{"time":"2026-10-01T21:46:26.661218871-04:00","level":"INFO","msg":"OK   0042_repurchase_tracking.sql (92.52ms)","source":"stdlog"}

[1A[2K[2m[WebServer] [22m{"time":"2026-10-01T21:46:26.739786829-04:00","level":"INFO","msg":"OK   0043_alert_log.sql (78.45ms)","source":"stdlog"}

[1A[2K[2m[WebServer] [22m{"time":"2026-10-01T21:46:26.791777409-04:00","level":"INFO","msg":"OK   0044_low_stock_alert_log.sql (51.89ms)","source":"stdlog"}

[1A[2K[2m[WebServer] [22m{"time":"2026-10-01T21:46:26.837974781-04:00","level":"INFO","msg":"OK   0045_notification_channel_array.sql (46.05ms)","source":"stdlog"}

[1A[2K[2m[WebServer] [22m{"time":"2026-10-01T21:46:26.844484172-04:00","level":"INFO","msg":"OK   0046_user_timezone.sql (6.43ms)","source":"stdlog"}

[1A[2K[2m[WebServer] [22m{"time":"2026-10-01T21:46:26.896260377-04:00","level":"INFO","msg":"OK   0047_employee_fields.sql (51.67ms)","source":"stdlog"}

[1A[2K[2m[WebServer] [22m{"time":"2026-10-01T21:46:26.903271971-04:00","level":"INFO","msg":"OK   0048_notification_default_both.sql (6.92ms)","source":"stdlog"}

[1A[2K[2m[WebServer] [22m{"time":"2026-10-01T21:46:26.945816342-04:00","level":"INFO","msg":"OK   0049_ob_sub_items.sql (42.45ms)","source":"stdlog"}

[1A[2K[2m[WebServer] [22m{"time":"2026-10-01T21:46:26.955173187-04:00","level":"INFO","msg":"OK   0050_ob_progress_sub_item.sql (9.27ms)","source":"stdlog"}

[1A[2K[2m[WebServer] [22m{"time":"2026-10-01T21:46:26.963592796-04:00","level":"INFO","msg":"OK   0051_rejection_field_fk.sql (8.27ms)","source":"stdlog"}

[1A[2K[2m[WebServer] [22m{"time":"2026-10-01T21:46:26.981146234-04:00","level":"INFO","msg":"OK   0052_template_name_unique.sql (17.44ms)","source":"stdlog"}

[1A[2K[2m[WebServer] [22m{"time":"2026-10-01T21:46:26.988092819-04:00","level":"INFO","msg":"OK   0053_response_field_fk.sql (6.86ms)","source":"stdlog"}

[1A[2K[2m[WebServer] [22m{"time":"2026-10-01T21:46:26.99493806-04:00","level":"INFO","msg":"OK   0054_failnote_field_fk.sql (6.75ms)","source":"stdlog"}

[1A[2K[2m[WebServer] [22m{"time":"2026-10-01T21:46:27.001303979-04:00","level":"INFO","msg":"OK   0055_item_location_in_store.sql (6.29ms)","source":"stdlog"}

[1A[2K[2m[WebServer] [22m{"time":"2026-10-01T21:46:27.020573322-04:00","level":"INFO","msg":"OK   0056_ob_progress_photo.sql (19.17ms)","source":"stdlog"}

[1A[2K[2m[WebServer] [22m{"time":"2026-10-01T21:46:27.041717433-04:00","level":"INFO","msg":"OK   0057_ob_items_photo_type.sql (21.02ms)","source":"stdlog"}

[1A[2K[2m[WebServer] [22m{"time":"2026-10-01T21:46:27.058003918-04:00","level":"INFO","msg":"OK   0058_ob_sub_items_photos.sql (16.19ms)","source":"stdlog"}

[1A[2K[2m[WebServer] [22m{"time":"2026-10-01T21:46:27.065893344-04:00","level":"INFO","msg":"OK   0059_cleanup_photo_items.sql (7.78ms)","source":"stdlog"}

[1A[2K[2m[WebServer] [22m{"time":"2026-10-01T21:46:27.126521759-04:00","level":"INFO","msg":"OK   0060_menu_items.sql (60.48ms)","source":"stdlog"}

[1A[2K[2m[WebServer] [22m{"time":"2026-10-01T21:46:27.162652603-04:00","level":"INFO","msg":"OK   0061_daily_menu_sales.sql (36ms)","source":"stdlog"}

[1A[2K[2m[WebServer] [22m{"time":"2026-10-01T21:46:27.201555416-04:00","level":"INFO","msg":"OK   0062_recipes.sql (38.81ms)","source":"stdlog"}

[1A[2K[2m[WebServer] [22m{"time":"2026-10-01T21:46:27.22897829-04:00","level":"INFO","msg":"OK   0063_drift_check_results.sql (27.31ms)","source":"stdlog"}

[1A[2K[2m[WebServer] [22m{"time":"2026-10-01T21:46:27.242371224-04:00","level":"INFO","msg":"OK   0064_no_itemized_receipt_seed.sql (13.24ms)","source":"stdlog"}

[1A[2K[2m[WebServer] [22m{"time":"2026-10-01T21:46:27.253608192-04:00","level":"INFO","msg":"OK   0065_mercury_category_on_purchase_events.sql (11.16ms)","source":"stdlog"}

[1A[2K[2m[WebServer] [22m{"time":"2026-10-01T21:46:27.265777894-04:00","level":"INFO","msg":"OK   0066_mercury_category_on_pending_purchases.sql (12.07ms)","source":"stdlog"}

[1A[2K[2m[WebServer] [22m{"time":"2026-10-01T21:46:27.314014936-04:00","level":"INFO","msg":"OK   0067_receipt_sync_runs.sql (48.13ms)","source":"stdlog"}

[1A[2K[2m[WebServer] [22m{"time":"2026-10-01T21:46:27.336668538-04:00","level":"INFO","msg":"OK   0068_pending_purchases_bank_tx_uniq.sql (22.53ms)","source":"stdlog"}

[1A[2K[2m[WebServer] [22m{"time":"2026-10-01T21:46:27.349172915-04:00","level":"INFO","msg":"OK   0069_pending_purchases_parse_error.sql (12.39ms)","source":"stdlog"}

[1A[2K[2m[WebServer] [22m{"time":"2026-10-01T21:46:27.361685279-04:00","level":"INFO","msg":"OK   0070_receipt_urls.sql (12.41ms)","source":"stdlog"}

[1A[2K[2m[WebServer] [22m{"time":"2026-10-01T21:46:27.382564726-04:00","level":"INFO","msg":"OK   0071_submission_fail_notes_unique.sql (20.75ms)","source":"stdlog"}

[1A[2K[2m[WebServer] [22m{"time":"2026-10-01T21:46:27.397162057-04:00","level":"INFO","msg":"OK   0072_app_timezone_new_york.sql (14.48ms)","source":"stdlog"}

[1A[2K[2m[WebServer] [22m{"time":"2026-10-01T21:46:27.419025315-04:00","level":"INFO","msg":"OK   0073_sync_fdw_views.sql (21.61ms)","source":"stdlog"}

[1A[2K[2m[WebServer] [22m{"time":"2026-10-01T21:46:27.428645804-04:00","level":"INFO","msg":"OK   0074_sync_fdw_approver_view.sql (9.45ms)","source":"stdlog"}

[1A[2K[2m[WebServer] [22m{"time":"2026-10-01T21:46:27.474219051-04:00","level":"INFO","msg":"OK   0075_item_aliases.sql (45.48ms)","source":"stdlog"}

[1A[2K[2m[WebServer] [22m{"time":"2026-10-01T21:46:27.500338426-04:00","level":"INFO","msg":"OK   0076_checklist_template_app.sql (25.99ms)","source":"stdlog"}

[1A[2K[2m[WebServer] [22m{"time":"2026-10-01T21:46:27.541904443-04:00","level":"INFO","msg":"OK   0077_race_lost_notifications.sql (41.45ms)","source":"stdlog"}

[1A[2K[2m[WebServer] [22m{"time":"2026-10-01T21:46:27.556588352-04:00","level":"INFO","msg":"OK   0078_card_holder_on_purchases.sql (14.54ms)","source":"stdlog"}

[1A[2K[2m[WebServer] [22m{"time":"2026-10-01T21:46:27.580851038-04:00","level":"INFO","msg":"OK   0079_pending_purchases_retry_requested.sql (24.12ms)","source":"stdlog"}

[1A[2K[2m[WebServer] [22m{"time":"2026-10-01T21:46:27.594108681-04:00","level":"INFO","msg":"OK   0080_receipt_sync_runs_cancelled.sql (13.14ms)","source":"stdlog"}

[1A[2K[2m[WebServer] [22m{"time":"2026-10-01T21:46:27.623066585-04:00","level":"INFO","msg":"OK   0081_item_alias_display.sql (28.85ms)","source":"stdlog"}

[1A[2K[2m[WebServer] [22m{"time":"2026-10-01T21:46:27.644605029-04:00","level":"INFO","msg":"OK   0082_bi_grants.sql (21.37ms)","source":"stdlog"}

[1A[2K[2m[WebServer] [22m{"time":"2026-10-01T21:46:27.761685812-04:00","level":"INFO","msg":"OK   0083_campaigns_admin.sql (116.88ms)","source":"stdlog"}
[2m[WebServer] [22m{"time":"2026-10-01T21:46:27.761739356-04:00","level":"INFO","msg":"goose: successfully migrated database to version: 83","source":"stdlog"}
[2m[WebServer] [22m{"time":"2026-10-01T21:46:27.761751682-04:00","level":"INFO","msg":"database migrations applied successfully"}

[1A[2K[2m[WebServer] [22m{"time":"2026-10-01T21:46:27.837188449-04:00","level":"INFO","msg":"upserted superadmin","email":"jamal@yumyums.kitchen"}

[1A[2K[2m[WebServer] [22m{"time":"2026-10-01T21:46:27.86899701-04:00","level":"INFO","msg":"seeded template","name":"Setup Checklist","id":"f31b13d0-6d0a-4a16-be38-1c3e437d617c"}
[2m[WebServer] [22m{"time":"2026-10-01T21:46:27.869051639-04:00","level":"INFO","msg":"seeded templates","count":1}

[1A[2K[2m[WebServer] [22m{"time":"2026-10-01T21:46:27.898410976-04:00","level":"INFO","msg":"seeded onboarding template","name":"Kitchen Basics Training","id":"9245b273-bcd6-4e62-b905-f11d1bcbfd75"}

[1A[2K[2m[WebServer] [22m{"time":"2026-10-01T21:46:27.919707141-04:00","level":"INFO","msg":"inventory: seeded vendors","count":5}

[1A[2K[2m[WebServer] [22m{"time":"2026-10-01T21:46:27.997909762-04:00","level":"INFO","msg":"inventory: seeded unique tags","count":19}

[1A[2K[2m[WebServer] [22m{"time":"2026-10-01T21:46:28.131834812-04:00","level":"INFO","msg":"inventory: seeded item groups","count":10}

[1A[2K[2m[WebServer] [22m{"time":"2026-10-01T21:46:28.608300845-04:00","level":"INFO","msg":"inventory: seeded purchase items from YAML","count":106}
[2m[WebServer] [22m{"time":"2026-10-01T21:46:28.608374375-04:00","level":"WARN","msg":"object storage env vars not set, photo and video upload endpoints will return 503","required":"STORAGE_KEY, STORAGE_SECRET, STORAGE_BUCKET, STORAGE_ENDPOINT, STORAGE_REGION"}

[1A[2K[2m[WebServer] [22m{"time":"2026-10-01T21:46:28.608432269-04:00","level":"WARN","msg":"HQ_INVENTORY_SERVICE_TOKEN not set, /api/v1/inventory/period-summary AND /api/v1/inventory/menu-cogs will return 503"}
[2m[WebServer] [22m{"time":"2026-10-01T21:46:28.608518763-04:00","level":"INFO","msg":"marketing campaign projection not configured; campaigns will save with projected_at NULL and warnings:[\"not_projected\"]","missing":"HQ_SYNC_REST_URL and/or HQ_SYNC_SERVICE_KEY"}
[2m[WebServer] [22m{"time":"2026-10-01T21:46:28.608569333-04:00","level":"INFO","msg":"inventory COGS category allowlist","allowlist":["COGS"]}

[1A[2K[2m[WebServer] [22m{"time":"2026-10-01T21:46:28.609117492-04:00","level":"INFO","msg":"redemption arbiter not configured; POST /api/v1/marketing/redeem answers 503","missing":"HQ_SYNC_REST_URL and/or HQ_SYNC_SERVICE_KEY"}

[1A[2K[2m[WebServer] [22m{"time":"2026-10-01T21:46:28.609192111-04:00","level":"INFO","msg":"receipt worker disabled","reason":"E2E_DISABLE_SCHEDULERS=1"}
[2m[WebServer] [22m{"time":"2026-10-01T21:46:28.609263068-04:00","level":"INFO","msg":"alert queue started","delivery_enabled":false}
[2m[WebServer] [22m{"time":"2026-10-01T21:46:28.609290876-04:00","level":"INFO","msg":"cutoff scheduler disabled","reason":"E2E_DISABLE_SCHEDULERS=1"}
[2m[WebServer] [22m{"time":"2026-10-01T21:46:28.609334222-04:00","level":"INFO","msg":"toast worker disabled, cmd/sync-toast remains available","reason":"TOAST_SYNC_INTERVAL=0"}

[1A[2K[2m[WebServer] [22m{"time":"2026-10-01T21:46:28.609440509-04:00","level":"INFO","msg":"alerts queue started"}

[1A[2K[2m[WebServer] [22m{"time":"2026-10-01T21:46:28.624267423-04:00","level":"INFO","msg":"server listening","port":"8521"}

[1A[2K[2m[WebServer] [22m{"time":"2026-10-01T21:46:28.634446514-04:00","level":"INFO","msg":"reachable at","url":"http://10.255.255.254:8521"}
[2m[WebServer] [22m{"time":"2026-10-01T21:46:28.634536373-04:00","level":"INFO","msg":"reachable at","url":"http://100.70.200.55:8521"}
[2m[WebServer] [22m{"time":"2026-10-01T21:46:28.634548051-04:00","level":"INFO","msg":"reachable at","url":"http://192.168.8.164:8521"}
[2m[WebServer] [22m{"time":"2026-10-01T21:46:28.63456052-04:00","level":"INFO","msg":"Yumyums HQ ready, accepting connections"}


Running 3 tests using 1 worker

[1A[2K[1/3] [chromium] › tests/inventory.spec.js:2186:3 › Inventory › Setup item editor shows alias chips, adds and removes nicknames
[1A[2K[2m[WebServer] [22m{"time":"2026-10-01T21:46:33.537491279-04:00","level":"INFO","msg":"client log","level":"WARN","message":"[inventory] item photo failed to load, showing placeholder Sprite https://nyc3.digitaloceanspaces.com/hq.yumyums/items/sprite.png","user":"Jamal C. (jamal@yumyums.kitchen)","page":"/inventory.html","ua":"Mozilla/5.0 (X11; Linux x86_64) AppleWebKit/537.36 (KHTML, like Gecko) HeadlessChrome/147.0.7727.15 Safari/537.36"}

[1A[2K[2m[WebServer] [22m{"time":"2026-10-01T21:46:33.74703469-04:00","level":"INFO","msg":"client log","level":"WARN","message":"[inventory] item photo failed to load, showing placeholder Dirty Dog Rolls https://nyc3.digitaloceanspaces.com/hq.yumyums/items/dirty-dog-rolls.png","user":"Jamal C. (jamal@yumyums.kitchen)","page":"/inventory.html","ua":"Mozilla/5.0 (X11; Linux x86_64) AppleWebKit/537.36 (KHTML, like Gecko) HeadlessChrome/147.0.7727.15 Safari/537.36"}

[1A[2K[2m[WebServer] [22m{"time":"2026-10-01T21:46:33.795523994-04:00","level":"INFO","msg":"client log","level":"WARN","message":"[inventory] item photo failed to load, showing placeholder Boxes (No 2) https://nyc3.digitaloceanspaces.com/hq.yumyums/items/boxes-no-2.png","user":"Jamal C. (jamal@yumyums.kitchen)","page":"/inventory.html","ua":"Mozilla/5.0 (X11; Linux x86_64) AppleWebKit/537.36 (KHTML, like Gecko) HeadlessChrome/147.0.7727.15 Safari/537.36"}

[1A[2K[2m[WebServer] [22m{"time":"2026-10-01T21:46:33.80913945-04:00","level":"INFO","msg":"client log","level":"WARN","message":"[inventory] item photo failed to load, showing placeholder Tomaotes https://nyc3.digitaloceanspaces.com/hq.yumyums/items/tomaotes.png","user":"Jamal C. (jamal@yumyums.kitchen)","page":"/inventory.html","ua":"Mozilla/5.0 (X11; Linux x86_64) AppleWebKit/537.36 (KHTML, like Gecko) HeadlessChrome/147.0.7727.15 Safari/537.36"}

[1A[2K[2m[WebServer] [22m{"time":"2026-10-01T21:46:33.826759895-04:00","level":"INFO","msg":"client log","level":"WARN","message":"[inventory] item photo failed to load, showing placeholder Bread Crumbs https://nyc3.digitaloceanspaces.com/hq.yumyums/items/bread-crumbs.png","user":"Jamal C. (jamal@yumyums.kitchen)","page":"/inventory.html","ua":"Mozilla/5.0 (X11; Linux x86_64) AppleWebKit/537.36 (KHTML, like Gecko) HeadlessChrome/147.0.7727.15 Safari/537.36"}

[1A[2K[2m[WebServer] [22m{"time":"2026-10-01T21:46:33.948093698-04:00","level":"INFO","msg":"client log","level":"WARN","message":"[inventory] item photo failed to load, showing placeholder Everything Bagel Seasoning https://nyc3.digitaloceanspaces.com/hq.yumyums/items/everything-bagel-seasoning.png","user":"Jamal C. (jamal@yumyums.kitchen)","page":"/inventory.html","ua":"Mozilla/5.0 (X11; Linux x86_64) AppleWebKit/537.36 (KHTML, like Gecko) HeadlessChrome/147.0.7727.15 Safari/537.36"}

[1A[2K[2m[WebServer] [22m{"time":"2026-10-01T21:46:33.968446309-04:00","level":"INFO","msg":"client log","level":"WARN","message":"[inventory] item photo failed to load, showing placeholder Brisket Rolls https://nyc3.digitaloceanspaces.com/hq.yumyums/items/brisket-rolls.png","user":"Jamal C. (jamal@yumyums.kitchen)","page":"/inventory.html","ua":"Mozilla/5.0 (X11; Linux x86_64) AppleWebKit/537.36 (KHTML, like Gecko) HeadlessChrome/147.0.7727.15 Safari/537.36"}

[1A[2K[2m[WebServer] [22m{"time":"2026-10-01T21:46:34.013704433-04:00","level":"INFO","msg":"client log","level":"WARN","message":"[inventory] item photo failed to load, showing placeholder Lids https://nyc3.digitaloceanspaces.com/hq.yumyums/items/lids.png","user":"Jamal C. (jamal@yumyums.kitchen)","page":"/inventory.html","ua":"Mozilla/5.0 (X11; Linux x86_64) AppleWebKit/537.36 (KHTML, like Gecko) HeadlessChrome/147.0.7727.15 Safari/537.36"}

[1A[2K[2m[WebServer] [22m{"time":"2026-10-01T21:46:34.027984421-04:00","level":"INFO","msg":"client log","level":"WARN","message":"[inventory] item photo failed to load, showing placeholder Brown Sugar https://nyc3.digitaloceanspaces.com/hq.yumyums/items/brown-sugar.png","user":"Jamal C. (jamal@yumyums.kitchen)","page":"/inventory.html","ua":"Mozilla/5.0 (X11; Linux x86_64) AppleWebKit/537.36 (KHTML, like Gecko) HeadlessChrome/147.0.7727.15 Safari/537.36"}

[1A[2K[2m[WebServer] [22m{"time":"2026-10-01T21:46:34.128299217-04:00","level":"INFO","msg":"client log","level":"WARN","message":"[inventory] item photo failed to load, showing placeholder Lemonade Mix https://nyc3.digitaloceanspaces.com/hq.yumyums/items/lemonade-mix.png","user":"Jamal C. (jamal@yumyums.kitchen)","page":"/inventory.html","ua":"Mozilla/5.0 (X11; Linux x86_64) AppleWebKit/537.36 (KHTML, like Gecko) HeadlessChrome/147.0.7727.15 Safari/537.36"}

[1A[2K[2m[WebServer] [22m{"time":"2026-10-01T21:46:34.18511997-04:00","level":"INFO","msg":"client log","level":"WARN","message":"[inventory] item photo failed to load, showing placeholder Ranch Dressing https://nyc3.digitaloceanspaces.com/hq.yumyums/items/ranch-dressing.png","user":"Jamal C. (jamal@yumyums.kitchen)","page":"/inventory.html","ua":"Mozilla/5.0 (X11; Linux x86_64) AppleWebKit/537.36 (KHTML, like Gecko) HeadlessChrome/147.0.7727.15 Safari/537.36"}

[1A[2K[2m[WebServer] [22m{"time":"2026-10-01T21:46:34.19459053-04:00","level":"INFO","msg":"client log","level":"WARN","message":"[inventory] item photo failed to load, showing placeholder Corn https://nyc3.digitaloceanspaces.com/hq.yumyums/items/corn.png","user":"Jamal C. (jamal@yumyums.kitchen)","page":"/inventory.html","ua":"Mozilla/5.0 (X11; Linux x86_64) AppleWebKit/537.36 (KHTML, like Gecko) HeadlessChrome/147.0.7727.15 Safari/537.36"}

[1A[2K[2m[WebServer] [22m{"time":"2026-10-01T21:46:34.310614075-04:00","level":"INFO","msg":"client log","level":"WARN","message":"[inventory] item photo failed to load, showing placeholder Wings https://nyc3.digitaloceanspaces.com/hq.yumyums/items/wings.png","user":"Jamal C. (jamal@yumyums.kitchen)","page":"/inventory.html","ua":"Mozilla/5.0 (X11; Linux x86_64) AppleWebKit/537.36 (KHTML, like Gecko) HeadlessChrome/147.0.7727.15 Safari/537.36"}

[1A[2K[2m[WebServer] [22m{"time":"2026-10-01T21:46:34.349899693-04:00","level":"INFO","msg":"client log","level":"WARN","message":"[inventory] item photo failed to load, showing placeholder Mango Syrup https://nyc3.digitaloceanspaces.com/hq.yumyums/items/mango-syrup.png","user":"Jamal C. (jamal@yumyums.kitchen)","page":"/inventory.html","ua":"Mozilla/5.0 (X11; Linux x86_64) AppleWebKit/537.36 (KHTML, like Gecko) HeadlessChrome/147.0.7727.15 Safari/537.36"}

[1A[2K[2m[WebServer] [22m{"time":"2026-10-01T21:46:34.389431431-04:00","level":"INFO","msg":"client log","level":"WARN","message":"[inventory] item photo failed to load, showing placeholder Red Onions https://nyc3.digitaloceanspaces.com/hq.yumyums/items/red-onions.png","user":"Jamal C. (jamal@yumyums.kitchen)","page":"/inventory.html","ua":"Mozilla/5.0 (X11; Linux x86_64) AppleWebKit/537.36 (KHTML, like Gecko) HeadlessChrome/147.0.7727.15 Safari/537.36"}

[1A[2K[2m[WebServer] [22m{"time":"2026-10-01T21:46:34.422950432-04:00","level":"INFO","msg":"client log","level":"WARN","message":"[inventory] item photo failed to load, showing placeholder Lemon Juice https://nyc3.digitaloceanspaces.com/hq.yumyums/items/lemon-juice.png","user":"Jamal C. (jamal@yumyums.kitchen)","page":"/inventory.html","ua":"Mozilla/5.0 (X11; Linux x86_64) AppleWebKit/537.36 (KHTML, like Gecko) HeadlessChrome/147.0.7727.15 Safari/537.36"}

[1A[2K[2m[WebServer] [22m{"time":"2026-10-01T21:46:34.534933411-04:00","level":"INFO","msg":"client log","level":"WARN","message":"[inventory] item photo failed to load, showing placeholder Coke Zero https://nyc3.digitaloceanspaces.com/hq.yumyums/items/coke-zero.png","user":"Jamal C. (jamal@yumyums.kitchen)","page":"/inventory.html","ua":"Mozilla/5.0 (X11; Linux x86_64) AppleWebKit/537.36 (KHTML, like Gecko) HeadlessChrome/147.0.7727.15 Safari/537.36"}

[1A[2K[2m[WebServer] [22m{"time":"2026-10-01T21:46:34.556810817-04:00","level":"INFO","msg":"client log","level":"WARN","message":"[inventory] item photo failed to load, showing placeholder Hot Dog Rolls https://nyc3.digitaloceanspaces.com/hq.yumyums/items/hot-dog-rolls.png","user":"Jamal C. (jamal@yumyums.kitchen)","page":"/inventory.html","ua":"Mozilla/5.0 (X11; Linux x86_64) AppleWebKit/537.36 (KHTML, like Gecko) HeadlessChrome/147.0.7727.15 Safari/537.36"}

[1A[2K[2m[WebServer] [22m{"time":"2026-10-01T21:46:34.574986286-04:00","level":"INFO","msg":"client log","level":"WARN","message":"[inventory] item photo failed to load, showing placeholder Ground Turkey https://nyc3.digitaloceanspaces.com/hq.yumyums/items/ground-turkey.png","user":"Jamal C. (jamal@yumyums.kitchen)","page":"/inventory.html","ua":"Mozilla/5.0 (X11; Linux x86_64) AppleWebKit/537.36 (KHTML, like Gecko) HeadlessChrome/147.0.7727.15 Safari/537.36"}

[1A[2K[2m[WebServer] [22m{"time":"2026-10-01T21:46:34.622801228-04:00","level":"INFO","msg":"client log","level":"WARN","message":"[inventory] item photo failed to load, showing placeholder Sanitizing Tablets https://nyc3.digitaloceanspaces.com/hq.yumyums/items/sanitizing-tablets.png","user":"Jamal C. (jamal@yumyums.kitchen)","page":"/inventory.html","ua":"Mozilla/5.0 (X11; Linux x86_64) AppleWebKit/537.36 (KHTML, like Gecko) HeadlessChrome/147.0.7727.15 Safari/537.36"}

[1A[2K[2m[WebServer] [22m{"time":"2026-10-01T21:46:34.773524709-04:00","level":"INFO","msg":"client log","level":"WARN","message":"[inventory] item photo failed to load, showing placeholder Hand Towels https://nyc3.digitaloceanspaces.com/hq.yumyums/items/hand-towels.png","user":"Jamal C. (jamal@yumyums.kitchen)","page":"/inventory.html","ua":"Mozilla/5.0 (X11; Linux x86_64) AppleWebKit/537.36 (KHTML, like Gecko) HeadlessChrome/147.0.7727.15 Safari/537.36"}

[1A[2K[2m[WebServer] [22m{"time":"2026-10-01T21:46:34.787961017-04:00","level":"INFO","msg":"client log","level":"WARN","message":"[inventory] item photo failed to load, showing placeholder Honey Garlic Sauce https://nyc3.digitaloceanspaces.com/hq.yumyums/items/honey-garlic-sauce.png","user":"Jamal C. (jamal@yumyums.kitchen)","page":"/inventory.html","ua":"Mozilla/5.0 (X11; Linux x86_64) AppleWebKit/537.36 (KHTML, like Gecko) HeadlessChrome/147.0.7727.15 Safari/537.36"}

[1A[2K[2m[WebServer] [22m{"time":"2026-10-01T21:46:34.946746163-04:00","level":"INFO","msg":"client log","level":"WARN","message":"[inventory] item photo failed to load, showing placeholder Plastic Bags https://nyc3.digitaloceanspaces.com/hq.yumyums/items/plastic-bags.png","user":"Jamal C. (jamal@yumyums.kitchen)","page":"/inventory.html","ua":"Mozilla/5.0 (X11; Linux x86_64) AppleWebKit/537.36 (KHTML, like Gecko) HeadlessChrome/147.0.7727.15 Safari/537.36"}

[1A[2K[2m[WebServer] [22m{"time":"2026-10-01T21:46:34.949161713-04:00","level":"INFO","msg":"client log","level":"WARN","message":"[inventory] item photo failed to load, showing placeholder Gloves https://nyc3.digitaloceanspaces.com/hq.yumyums/items/gloves.png","user":"Jamal C. (jamal@yumyums.kitchen)","page":"/inventory.html","ua":"Mozilla/5.0 (X11; Linux x86_64) AppleWebKit/537.36 (KHTML, like Gecko) HeadlessChrome/147.0.7727.15 Safari/537.36"}

[1A[2K[2m[WebServer] [22m{"time":"2026-10-01T21:46:34.992547093-04:00","level":"INFO","msg":"client log","level":"WARN","message":"[inventory] item photo failed to load, showing placeholder Pan Spray https://nyc3.digitaloceanspaces.com/hq.yumyums/items/pan-spray.png","user":"Jamal C. (jamal@yumyums.kitchen)","page":"/inventory.html","ua":"Mozilla/5.0 (X11; Linux x86_64) AppleWebKit/537.36 (KHTML, like Gecko) HeadlessChrome/147.0.7727.15 Safari/537.36"}

[1A[2K[2m[WebServer] [22m{"time":"2026-10-01T21:46:35.010652355-04:00","level":"INFO","msg":"client log","level":"WARN","message":"[inventory] item photo failed to load, showing placeholder Salt https://nyc3.digitaloceanspaces.com/hq.yumyums/items/salt.png","user":"Jamal C. (jamal@yumyums.kitchen)","page":"/inventory.html","ua":"Mozilla/5.0 (X11; Linux x86_64) AppleWebKit/537.36 (KHTML, like Gecko) HeadlessChrome/147.0.7727.15 Safari/537.36"}

[1A[2K[2m[WebServer] [22m{"time":"2026-10-01T21:46:35.133537369-04:00","level":"INFO","msg":"client log","level":"WARN","message":"[inventory] item photo failed to load, showing placeholder Avocados https://nyc3.digitaloceanspaces.com/hq.yumyums/items/avocados.png","user":"Jamal C. (jamal@yumyums.kitchen)","page":"/inventory.html","ua":"Mozilla/5.0 (X11; Linux x86_64) AppleWebKit/537.36 (KHTML, like Gecko) HeadlessChrome/147.0.7727.15 Safari/537.36"}

[1A[2K[2m[WebServer] [22m{"time":"2026-10-01T21:46:35.162617054-04:00","level":"INFO","msg":"client log","level":"WARN","message":"[inventory] item photo failed to load, showing placeholder Trash Bags (30 Gallon) https://nyc3.digitaloceanspaces.com/hq.yumyums/items/trash-bags-30-gallon.png","user":"Jamal C. (jamal@yumyums.kitchen)","page":"/inventory.html","ua":"Mozilla/5.0 (X11; Linux x86_64) AppleWebKit/537.36 (KHTML, like Gecko) HeadlessChrome/147.0.7727.15 Safari/537.36"}

[1A[2K[2m[WebServer] [22m{"time":"2026-10-01T21:46:35.17137296-04:00","level":"INFO","msg":"client log","level":"WARN","message":"[inventory] item photo failed to load, showing placeholder Meatballs https://nyc3.digitaloceanspaces.com/hq.yumyums/items/meatballs.png","user":"Jamal C. (jamal@yumyums.kitchen)","page":"/inventory.html","ua":"Mozilla/5.0 (X11; Linux x86_64) AppleWebKit/537.36 (KHTML, like Gecko) HeadlessChrome/147.0.7727.15 Safari/537.36"}

[1A[2K[2m[WebServer] [22m{"time":"2026-10-01T21:46:35.203117918-04:00","level":"INFO","msg":"client log","level":"WARN","message":"[inventory] item photo failed to load, showing placeholder Egg Roll Wraps https://nyc3.digitaloceanspaces.com/hq.yumyums/items/egg-roll-wraps.png","user":"Jamal C. (jamal@yumyums.kitchen)","page":"/inventory.html","ua":"Mozilla/5.0 (X11; Linux x86_64) AppleWebKit/537.36 (KHTML, like Gecko) HeadlessChrome/147.0.7727.15 Safari/537.36"}

[1A[2K[2m[WebServer] [22m{"time":"2026-10-01T21:46:35.308318405-04:00","level":"INFO","msg":"client log","level":"WARN","message":"[inventory] item photo failed to load, showing placeholder Blast Away https://nyc3.digitaloceanspaces.com/hq.yumyums/items/blast-away.png","user":"Jamal C. (jamal@yumyums.kitchen)","page":"/inventory.html","ua":"Mozilla/5.0 (X11; Linux x86_64) AppleWebKit/537.36 (KHTML, like Gecko) HeadlessChrome/147.0.7727.15 Safari/537.36"}

[1A[2K[2m[WebServer] [22m{"time":"2026-10-01T21:46:35.331326547-04:00","level":"INFO","msg":"client log","level":"WARN","message":"[inventory] item photo failed to load, showing placeholder Hand Soap https://nyc3.digitaloceanspaces.com/hq.yumyums/items/hand-soap.png","user":"Jamal C. (jamal@yumyums.kitchen)","page":"/inventory.html","ua":"Mozilla/5.0 (X11; Linux x86_64) AppleWebKit/537.36 (KHTML, like Gecko) HeadlessChrome/147.0.7727.15 Safari/537.36"}

[1A[2K[2m[WebServer] [22m{"time":"2026-10-01T21:46:35.361890634-04:00","level":"INFO","msg":"client log","level":"WARN","message":"[inventory] item photo failed to load, showing placeholder Cayenne Pepper https://nyc3.digitaloceanspaces.com/hq.yumyums/items/cayenne-pepper.png","user":"Jamal C. (jamal@yumyums.kitchen)","page":"/inventory.html","ua":"Mozilla/5.0 (X11; Linux x86_64) AppleWebKit/537.36 (KHTML, like Gecko) HeadlessChrome/147.0.7727.15 Safari/537.36"}

[1A[2K[2m[WebServer] [22m{"time":"2026-10-01T21:46:35.51223941-04:00","level":"INFO","msg":"client log","level":"WARN","message":"[inventory] item photo failed to load, showing placeholder Sugar https://nyc3.digitaloceanspaces.com/hq.yumyums/items/sugar.png","user":"Jamal C. (jamal@yumyums.kitchen)","page":"/inventory.html","ua":"Mozilla/5.0 (X11; Linux x86_64) AppleWebKit/537.36 (KHTML, like Gecko) HeadlessChrome/147.0.7727.15 Safari/537.36"}

[1A[2K[2m[WebServer] [22m{"time":"2026-10-01T21:46:35.514034881-04:00","level":"INFO","msg":"client log","level":"WARN","message":"[inventory] item photo failed to load, showing placeholder Dr. Pepper https://nyc3.digitaloceanspaces.com/hq.yumyums/items/dr-pepper.png","user":"Jamal C. (jamal@yumyums.kitchen)","page":"/inventory.html","ua":"Mozilla/5.0 (X11; Linux x86_64) AppleWebKit/537.36 (KHTML, like Gecko) HeadlessChrome/147.0.7727.15 Safari/537.36"}

[1A[2K[2m[WebServer] [22m{"time":"2026-10-01T21:46:35.526048556-04:00","level":"INFO","msg":"client log","level":"WARN","message":"[inventory] item photo failed to load, showing placeholder Chicken Breasts https://nyc3.digitaloceanspaces.com/hq.yumyums/items/chicken-breasts.png","user":"Jamal C. (jamal@yumyums.kitchen)","page":"/inventory.html","ua":"Mozilla/5.0 (X11; Linux x86_64) AppleWebKit/537.36 (KHTML, like Gecko) HeadlessChrome/147.0.7727.15 Safari/537.36"}

[1A[2K[2m[WebServer] [22m{"time":"2026-10-01T21:46:35.549491147-04:00","level":"INFO","msg":"client log","level":"WARN","message":"[inventory] item photo failed to load, showing placeholder Jalapeños https://nyc3.digitaloceanspaces.com/hq.yumyums/items/jalape-os.png","user":"Jamal C. (jamal@yumyums.kitchen)","page":"/inventory.html","ua":"Mozilla/5.0 (X11; Linux x86_64) AppleWebKit/537.36 (KHTML, like Gecko) HeadlessChrome/147.0.7727.15 Safari/537.36"}

[1A[2K[2m[WebServer] [22m{"time":"2026-10-01T21:46:35.649447093-04:00","level":"INFO","msg":"client log","level":"WARN","message":"[inventory] item photo failed to load, showing placeholder Water https://nyc3.digitaloceanspaces.com/hq.yumyums/items/water.png","user":"Jamal C. (jamal@yumyums.kitchen)","page":"/inventory.html","ua":"Mozilla/5.0 (X11; Linux x86_64) AppleWebKit/537.36 (KHTML, like Gecko) HeadlessChrome/147.0.7727.15 Safari/537.36"}

[1A[2K[2m[WebServer] [22m{"time":"2026-10-01T21:46:35.657457482-04:00","level":"INFO","msg":"client log","level":"WARN","message":"[inventory] item photo failed to load, showing placeholder Lemons https://nyc3.digitaloceanspaces.com/hq.yumyums/items/lemons.png","user":"Jamal C. (jamal@yumyums.kitchen)","page":"/inventory.html","ua":"Mozilla/5.0 (X11; Linux x86_64) AppleWebKit/537.36 (KHTML, like Gecko) HeadlessChrome/147.0.7727.15 Safari/537.36"}

[1A[2K[2m[WebServer] [22m{"time":"2026-10-01T21:46:35.766519084-04:00","level":"INFO","msg":"client log","level":"WARN","message":"[inventory] item photo failed to load, showing placeholder Boxes (No 8) https://nyc3.digitaloceanspaces.com/hq.yumyums/items/boxes-no-8.png","user":"Jamal C. (jamal@yumyums.kitchen)","page":"/inventory.html","ua":"Mozilla/5.0 (X11; Linux x86_64) AppleWebKit/537.36 (KHTML, like Gecko) HeadlessChrome/147.0.7727.15 Safari/537.36"}

[1A[2K[2m[WebServer] [22m{"time":"2026-10-01T21:46:35.820494013-04:00","level":"INFO","msg":"client log","level":"WARN","message":"[inventory] item photo failed to load, showing placeholder Forks https://nyc3.digitaloceanspaces.com/hq.yumyums/items/forks.png","user":"Jamal C. (jamal@yumyums.kitchen)","page":"/inventory.html","ua":"Mozilla/5.0 (X11; Linux x86_64) AppleWebKit/537.36 (KHTML, like Gecko) HeadlessChrome/147.0.7727.15 Safari/537.36"}

[1A[2K[2m[WebServer] [22m{"time":"2026-10-01T21:46:35.838711153-04:00","level":"INFO","msg":"client log","level":"WARN","message":"[inventory] item photo failed to load, showing placeholder Lettuce https://nyc3.digitaloceanspaces.com/hq.yumyums/items/lettuce.png","user":"Jamal C. (jamal@yumyums.kitchen)","page":"/inventory.html","ua":"Mozilla/5.0 (X11; Linux x86_64) AppleWebKit/537.36 (KHTML, like Gecko) HeadlessChrome/147.0.7727.15 Safari/537.36"}

[1A[2K[2m[WebServer] [22m{"time":"2026-10-01T21:46:35.958081085-04:00","level":"INFO","msg":"client log","level":"WARN","message":"[inventory] item photo failed to load, showing placeholder Hamburger Rolls https://nyc3.digitaloceanspaces.com/hq.yumyums/items/hamburger-rolls.png","user":"Jamal C. (jamal@yumyums.kitchen)","page":"/inventory.html","ua":"Mozilla/5.0 (X11; Linux x86_64) AppleWebKit/537.36 (KHTML, like Gecko) HeadlessChrome/147.0.7727.15 Safari/537.36"}

[1A[2K[2m[WebServer] [22m{"time":"2026-10-01T21:46:36.001638469-04:00","level":"INFO","msg":"client log","level":"WARN","message":"[inventory] item photo failed to load, showing placeholder Brisket https://nyc3.digitaloceanspaces.com/hq.yumyums/items/brisket.png","user":"Jamal C. (jamal@yumyums.kitchen)","page":"/inventory.html","ua":"Mozilla/5.0 (X11; Linux x86_64) AppleWebKit/537.36 (KHTML, like Gecko) HeadlessChrome/147.0.7727.15 Safari/537.36"}

[1A[2K[2m[WebServer] [22m{"time":"2026-10-01T21:46:36.029440408-04:00","level":"INFO","msg":"client log","level":"WARN","message":"[inventory] item photo failed to load, showing placeholder White Cheese Sauce https://nyc3.digitaloceanspaces.com/hq.yumyums/items/white-cheese-sauce.png","user":"Jamal C. (jamal@yumyums.kitchen)","page":"/inventory.html","ua":"Mozilla/5.0 (X11; Linux x86_64) AppleWebKit/537.36 (KHTML, like Gecko) HeadlessChrome/147.0.7727.15 Safari/537.36"}

[1A[2K[2m[WebServer] [22m{"time":"2026-10-01T21:46:36.057875624-04:00","level":"INFO","msg":"client log","level":"WARN","message":"[inventory] item photo failed to load, showing placeholder Ground Beef https://nyc3.digitaloceanspaces.com/hq.yumyums/items/ground-beef.png","user":"Jamal C. (jamal@yumyums.kitchen)","page":"/inventory.html","ua":"Mozilla/5.0 (X11; Linux x86_64) AppleWebKit/537.36 (KHTML, like Gecko) HeadlessChrome/147.0.7727.15 Safari/537.36"}

[1A[2K[2m[WebServer] [22m{"time":"2026-10-01T21:46:36.21004191-04:00","level":"INFO","msg":"client log","level":"WARN","message":"[inventory] item photo failed to load, showing placeholder Olive Oil Blend https://nyc3.digitaloceanspaces.com/hq.yumyums/items/olive-oil-blend.png","user":"Jamal C. (jamal@yumyums.kitchen)","page":"/inventory.html","ua":"Mozilla/5.0 (X11; Linux x86_64) AppleWebKit/537.36 (KHTML, like Gecko) HeadlessChrome/147.0.7727.15 Safari/537.36"}

[1A[2K[2m[WebServer] [22m{"time":"2026-10-01T21:46:36.2228474-04:00","level":"INFO","msg":"client log","level":"WARN","message":"[inventory] item photo failed to load, showing placeholder Coarse Sea Salt https://nyc3.digitaloceanspaces.com/hq.yumyums/items/coarse-sea-salt.png","user":"Jamal C. (jamal@yumyums.kitchen)","page":"/inventory.html","ua":"Mozilla/5.0 (X11; Linux x86_64) AppleWebKit/537.36 (KHTML, like Gecko) HeadlessChrome/147.0.7727.15 Safari/537.36"}

[1A[2K[2m[WebServer] [22m{"time":"2026-10-01T21:46:36.246357226-04:00","level":"INFO","msg":"client log","level":"WARN","message":"[inventory] item photo failed to load, showing placeholder Limes https://nyc3.digitaloceanspaces.com/hq.yumyums/items/limes.png","user":"Jamal C. (jamal@yumyums.kitchen)","page":"/inventory.html","ua":"Mozilla/5.0 (X11; Linux x86_64) AppleWebKit/537.36 (KHTML, like Gecko) HeadlessChrome/147.0.7727.15 Safari/537.36"}

[1A[2K[2m[WebServer] [22m{"time":"2026-10-01T21:46:36.38778115-04:00","level":"INFO","msg":"client log","level":"WARN","message":"[inventory] item photo failed to load, showing placeholder Coke https://nyc3.digitaloceanspaces.com/hq.yumyums/items/coke.png","user":"Jamal C. (jamal@yumyums.kitchen)","page":"/inventory.html","ua":"Mozilla/5.0 (X11; Linux x86_64) AppleWebKit/537.36 (KHTML, like Gecko) HeadlessChrome/147.0.7727.15 Safari/537.36"}

[1A[2K[2m[WebServer] [22m{"time":"2026-10-01T21:46:36.401505485-04:00","level":"INFO","msg":"client log","level":"WARN","message":"[inventory] item photo failed to load, showing placeholder Crystal Hot Sauce https://nyc3.digitaloceanspaces.com/hq.yumyums/items/crystal-hot-sauce.png","user":"Jamal C. (jamal@yumyums.kitchen)","page":"/inventory.html","ua":"Mozilla/5.0 (X11; Linux x86_64) AppleWebKit/537.36 (KHTML, like Gecko) HeadlessChrome/147.0.7727.15 Safari/537.36"}

[1A[2K[2m[WebServer] [22m{"time":"2026-10-01T21:46:36.424519674-04:00","level":"INFO","msg":"client log","level":"WARN","message":"[inventory] item photo failed to load, showing placeholder Honey Mustard https://nyc3.digitaloceanspaces.com/hq.yumyums/items/honey-mustard.png","user":"Jamal C. (jamal@yumyums.kitchen)","page":"/inventory.html","ua":"Mozilla/5.0 (X11; Linux x86_64) AppleWebKit/537.36 (KHTML, like Gecko) HeadlessChrome/147.0.7727.15 Safari/537.36"}

[1A[2K[2m[WebServer] [22m{"time":"2026-10-01T21:46:36.501905286-04:00","level":"INFO","msg":"client log","level":"WARN","message":"[inventory] item photo failed to load, showing placeholder Cup Holders https://nyc3.digitaloceanspaces.com/hq.yumyums/items/cup-holders.png","user":"Jamal C. (jamal@yumyums.kitchen)","page":"/inventory.html","ua":"Mozilla/5.0 (X11; Linux x86_64) AppleWebKit/537.36 (KHTML, like Gecko) HeadlessChrome/147.0.7727.15 Safari/537.36"}

[1A[2K[2m[WebServer] [22m{"time":"2026-10-01T21:46:36.520346072-04:00","level":"INFO","msg":"client log","level":"WARN","message":"[inventory] item photo failed to load, showing placeholder White Onions https://nyc3.digitaloceanspaces.com/hq.yumyums/items/white-onions.png","user":"Jamal C. (jamal@yumyums.kitchen)","page":"/inventory.html","ua":"Mozilla/5.0 (X11; Linux x86_64) AppleWebKit/537.36 (KHTML, like Gecko) HeadlessChrome/147.0.7727.15 Safari/537.36"}

[1A[2K[2m[WebServer] [22m{"time":"2026-10-01T21:46:36.554004442-04:00","level":"INFO","msg":"client log","level":"WARN","message":"[inventory] item photo failed to load, showing placeholder Charcoal https://nyc3.digitaloceanspaces.com/hq.yumyums/items/charcoal.png","user":"Jamal C. (jamal@yumyums.kitchen)","page":"/inventory.html","ua":"Mozilla/5.0 (X11; Linux x86_64) AppleWebKit/537.36 (KHTML, like Gecko) HeadlessChrome/147.0.7727.15 Safari/537.36"}

[1A[2K[2m[WebServer] [22m{"time":"2026-10-01T21:46:36.605013539-04:00","level":"INFO","msg":"client log","level":"WARN","message":"[inventory] item photo failed to load, showing placeholder Aluminum Foil https://nyc3.digitaloceanspaces.com/hq.yumyums/items/aluminum-foil.png","user":"Jamal C. (jamal@yumyums.kitchen)","page":"/inventory.html","ua":"Mozilla/5.0 (X11; Linux x86_64) AppleWebKit/537.36 (KHTML, like Gecko) HeadlessChrome/147.0.7727.15 Safari/537.36"}

[1A[2K[2m[WebServer] [22m{"time":"2026-10-01T21:46:36.636997989-04:00","level":"INFO","msg":"client log","level":"WARN","message":"[inventory] item photo failed to load, showing placeholder No Rinse Floor Cleaner https://nyc3.digitaloceanspaces.com/hq.yumyums/items/no-rinse-floor-cleaner.png","user":"Jamal C. (jamal@yumyums.kitchen)","page":"/inventory.html","ua":"Mozilla/5.0 (X11; Linux x86_64) AppleWebKit/537.36 (KHTML, like Gecko) HeadlessChrome/147.0.7727.15 Safari/537.36"}

[1A[2K[2m[WebServer] [22m{"time":"2026-10-01T21:46:36.704977859-04:00","level":"INFO","msg":"client log","level":"WARN","message":"[inventory] item photo failed to load, showing placeholder Bleach https://nyc3.digitaloceanspaces.com/hq.yumyums/items/bleach.png","user":"Jamal C. (jamal@yumyums.kitchen)","page":"/inventory.html","ua":"Mozilla/5.0 (X11; Linux x86_64) AppleWebKit/537.36 (KHTML, like Gecko) HeadlessChrome/147.0.7727.15 Safari/537.36"}

[1A[2K[2m[WebServer] [22m{"time":"2026-10-01T21:46:36.717472506-04:00","level":"INFO","msg":"client log","level":"WARN","message":"[inventory] item photo failed to load, showing placeholder Relish https://nyc3.digitaloceanspaces.com/hq.yumyums/items/relish.png","user":"Jamal C. (jamal@yumyums.kitchen)","page":"/inventory.html","ua":"Mozilla/5.0 (X11; Linux x86_64) AppleWebKit/537.36 (KHTML, like Gecko) HeadlessChrome/147.0.7727.15 Safari/537.36"}

[1A[2K[2m[WebServer] [22m{"time":"2026-10-01T21:46:36.761357483-04:00","level":"INFO","msg":"client log","level":"WARN","message":"[inventory] item photo failed to load, showing placeholder Dish Soap https://nyc3.digitaloceanspaces.com/hq.yumyums/items/dish-soap.png","user":"Jamal C. (jamal@yumyums.kitchen)","page":"/inventory.html","ua":"Mozilla/5.0 (X11; Linux x86_64) AppleWebKit/537.36 (KHTML, like Gecko) HeadlessChrome/147.0.7727.15 Safari/537.36"}

[1A[2K[2m[WebServer] [22m{"time":"2026-10-01T21:46:36.814419747-04:00","level":"INFO","msg":"client log","level":"WARN","message":"[inventory] item photo failed to load, showing placeholder Napkins https://nyc3.digitaloceanspaces.com/hq.yumyums/items/napkins.png","user":"Jamal C. (jamal@yumyums.kitchen)","page":"/inventory.html","ua":"Mozilla/5.0 (X11; Linux x86_64) AppleWebKit/537.36 (KHTML, like Gecko) HeadlessChrome/147.0.7727.15 Safari/537.36"}

[1A[2K[2m[WebServer] [22m{"time":"2026-10-01T21:46:36.868221896-04:00","level":"INFO","msg":"client log","level":"WARN","message":"[inventory] item photo failed to load, showing placeholder Granulated Onion https://nyc3.digitaloceanspaces.com/hq.yumyums/items/granulated-onion.png","user":"Jamal C. (jamal@yumyums.kitchen)","page":"/inventory.html","ua":"Mozilla/5.0 (X11; Linux x86_64) AppleWebKit/537.36 (KHTML, like Gecko) HeadlessChrome/147.0.7727.15 Safari/537.36"}

[1A[2K[2m[WebServer] [22m{"time":"2026-10-01T21:46:36.894026522-04:00","level":"INFO","msg":"client log","level":"WARN","message":"[inventory] item photo failed to load, showing placeholder Towels https://nyc3.digitaloceanspaces.com/hq.yumyums/items/towels.png","user":"Jamal C. (jamal@yumyums.kitchen)","page":"/inventory.html","ua":"Mozilla/5.0 (X11; Linux x86_64) AppleWebKit/537.36 (KHTML, like Gecko) HeadlessChrome/147.0.7727.15 Safari/537.36"}

[1A[2K[2m[WebServer] [22m{"time":"2026-10-01T21:46:36.946220038-04:00","level":"INFO","msg":"client log","level":"WARN","message":"[inventory] item photo failed to load, showing placeholder Spinach He https://nyc3.digitaloceanspaces.com/hq.yumyums/items/spinach-he.png","user":"Jamal C. (jamal@yumyums.kitchen)","page":"/inventory.html","ua":"Mozilla/5.0 (X11; Linux x86_64) AppleWebKit/537.36 (KHTML, like Gecko) HeadlessChrome/147.0.7727.15 Safari/537.36"}

[1A[2K[2m[WebServer] [22m{"time":"2026-10-01T21:46:36.951483732-04:00","level":"INFO","msg":"client log","level":"WARN","message":"[inventory] item photo failed to load, showing placeholder Cups https://nyc3.digitaloceanspaces.com/hq.yumyums/items/cups.png","user":"Jamal C. (jamal@yumyums.kitchen)","page":"/inventory.html","ua":"Mozilla/5.0 (X11; Linux x86_64) AppleWebKit/537.36 (KHTML, like Gecko) HeadlessChrome/147.0.7727.15 Safari/537.36"}

[1A[2K[2m[WebServer] [22m{"time":"2026-10-01T21:46:37.002315833-04:00","level":"INFO","msg":"client log","level":"WARN","message":"[inventory] item photo failed to load, showing placeholder Fine Sea Salt https://nyc3.digitaloceanspaces.com/hq.yumyums/items/fine-sea-salt.png","user":"Jamal C. (jamal@yumyums.kitchen)","page":"/inventory.html","ua":"Mozilla/5.0 (X11; Linux x86_64) AppleWebKit/537.36 (KHTML, like Gecko) HeadlessChrome/147.0.7727.15 Safari/537.36"}

[1A[2K[2m[WebServer] [22m{"time":"2026-10-01T21:46:37.025024577-04:00","level":"INFO","msg":"client log","level":"WARN","message":"[inventory] item photo failed to load, showing placeholder Fries https://nyc3.digitaloceanspaces.com/hq.yumyums/items/fries.png","user":"Jamal C. (jamal@yumyums.kitchen)","page":"/inventory.html","ua":"Mozilla/5.0 (X11; Linux x86_64) AppleWebKit/537.36 (KHTML, like Gecko) HeadlessChrome/147.0.7727.15 Safari/537.36"}

[1A[2K[2m[WebServer] [22m{"time":"2026-10-01T21:46:37.053567049-04:00","level":"INFO","msg":"client log","level":"WARN","message":"[inventory] item photo failed to load, showing placeholder Sriracha https://nyc3.digitaloceanspaces.com/hq.yumyums/items/sriracha.png","user":"Jamal C. (jamal@yumyums.kitchen)","page":"/inventory.html","ua":"Mozilla/5.0 (X11; Linux x86_64) AppleWebKit/537.36 (KHTML, like Gecko) HeadlessChrome/147.0.7727.15 Safari/537.36"}

[1A[2K[2m[WebServer] [22m{"time":"2026-10-01T21:46:37.074942081-04:00","level":"INFO","msg":"client log","level":"WARN","message":"[inventory] item photo failed to load, showing placeholder Cucumber https://nyc3.digitaloceanspaces.com/hq.yumyums/items/cucumber.png","user":"Jamal C. (jamal@yumyums.kitchen)","page":"/inventory.html","ua":"Mozilla/5.0 (X11; Linux x86_64) AppleWebKit/537.36 (KHTML, like Gecko) HeadlessChrome/147.0.7727.15 Safari/537.36"}

[1A[2K[2m[WebServer] [22m{"time":"2026-10-01T21:46:37.102272188-04:00","level":"INFO","msg":"client log","level":"WARN","message":"[inventory] item photo failed to load, showing placeholder Liquid Butter https://nyc3.digitaloceanspaces.com/hq.yumyums/items/liquid-butter.png","user":"Jamal C. (jamal@yumyums.kitchen)","page":"/inventory.html","ua":"Mozilla/5.0 (X11; Linux x86_64) AppleWebKit/537.36 (KHTML, like Gecko) HeadlessChrome/147.0.7727.15 Safari/537.36"}

[1A[2K[2m[WebServer] [22m{"time":"2026-10-01T21:46:37.128244273-04:00","level":"INFO","msg":"client log","level":"WARN","message":"[inventory] item photo failed to load, showing placeholder Cheesesteak https://nyc3.digitaloceanspaces.com/hq.yumyums/items/cheesesteak.png","user":"Jamal C. (jamal@yumyums.kitchen)","page":"/inventory.html","ua":"Mozilla/5.0 (X11; Linux x86_64) AppleWebKit/537.36 (KHTML, like Gecko) HeadlessChrome/147.0.7727.15 Safari/537.36"}

[1A[2K[2m[WebServer] [22m{"time":"2026-10-01T21:46:37.164792676-04:00","level":"INFO","msg":"client log","level":"WARN","message":"[inventory] item photo failed to load, showing placeholder Pickles https://nyc3.digitaloceanspaces.com/hq.yumyums/items/pickles.png","user":"Jamal C. (jamal@yumyums.kitchen)","page":"/inventory.html","ua":"Mozilla/5.0 (X11; Linux x86_64) AppleWebKit/537.36 (KHTML, like Gecko) HeadlessChrome/147.0.7727.15 Safari/537.36"}

[1A[2K[2m[WebServer] [22m{"time":"2026-10-01T21:46:37.197363781-04:00","level":"INFO","msg":"client log","level":"WARN","message":"[inventory] item photo failed to load, showing placeholder Green Peppers https://nyc3.digitaloceanspaces.com/hq.yumyums/items/green-peppers.png","user":"Jamal C. (jamal@yumyums.kitchen)","page":"/inventory.html","ua":"Mozilla/5.0 (X11; Linux x86_64) AppleWebKit/537.36 (KHTML, like Gecko) HeadlessChrome/147.0.7727.15 Safari/537.36"}

[1A[2K[2m[WebServer] [22m{"time":"2026-10-01T21:46:37.234303046-04:00","level":"INFO","msg":"client log","level":"WARN","message":"[inventory] item photo failed to load, showing placeholder Chicken Tenders https://nyc3.digitaloceanspaces.com/hq.yumyums/items/chicken-tenders.png","user":"Jamal C. (jamal@yumyums.kitchen)","page":"/inventory.html","ua":"Mozilla/5.0 (X11; Linux x86_64) AppleWebKit/537.36 (KHTML, like Gecko) HeadlessChrome/147.0.7727.15 Safari/537.36"}

[1A[2K[2m[WebServer] [22m{"time":"2026-10-01T21:46:37.267615086-04:00","level":"INFO","msg":"client log","level":"WARN","message":"[inventory] item photo failed to load, showing placeholder Parm Cheese https://nyc3.digitaloceanspaces.com/hq.yumyums/items/parm-cheese.png","user":"Jamal C. (jamal@yumyums.kitchen)","page":"/inventory.html","ua":"Mozilla/5.0 (X11; Linux x86_64) AppleWebKit/537.36 (KHTML, like Gecko) HeadlessChrome/147.0.7727.15 Safari/537.36"}

[1A[2K[2m[WebServer] [22m{"time":"2026-10-01T21:46:37.294273016-04:00","level":"INFO","msg":"client log","level":"WARN","message":"[inventory] item photo failed to load, showing placeholder Sour Cream https://nyc3.digitaloceanspaces.com/hq.yumyums/items/sour-cream.png","user":"Jamal C. (jamal@yumyums.kitchen)","page":"/inventory.html","ua":"Mozilla/5.0 (X11; Linux x86_64) AppleWebKit/537.36 (KHTML, like Gecko) HeadlessChrome/147.0.7727.15 Safari/537.36"}

[1A[2K[2m[WebServer] [22m{"time":"2026-10-01T21:46:37.331348544-04:00","level":"INFO","msg":"client log","level":"WARN","message":"[inventory] item photo failed to load, showing placeholder Mexican Cheese https://nyc3.digitaloceanspaces.com/hq.yumyums/items/mexican-cheese.png","user":"Jamal C. (jamal@yumyums.kitchen)","page":"/inventory.html","ua":"Mozilla/5.0 (X11; Linux x86_64) AppleWebKit/537.36 (KHTML, like Gecko) HeadlessChrome/147.0.7727.15 Safari/537.36"}

[1A[2K[2m[WebServer] [22m{"time":"2026-10-01T21:46:37.358956385-04:00","level":"INFO","msg":"client log","level":"WARN","message":"[inventory] item photo failed to load, showing placeholder Chicken Party Wings https://nyc3.digitaloceanspaces.com/hq.yumyums/items/chicken-party-wings.png","user":"Jamal C. (jamal@yumyums.kitchen)","page":"/inventory.html","ua":"Mozilla/5.0 (X11; Linux x86_64) AppleWebKit/537.36 (KHTML, like Gecko) HeadlessChrome/147.0.7727.15 Safari/537.36"}

[1A[2K[2m[WebServer] [22m{"time":"2026-10-01T21:46:37.427341002-04:00","level":"INFO","msg":"client log","level":"WARN","message":"[inventory] item photo failed to load, showing placeholder Jerk Seasoning https://nyc3.digitaloceanspaces.com/hq.yumyums/items/jerk-seasoning.png","user":"Jamal C. (jamal@yumyums.kitchen)","page":"/inventory.html","ua":"Mozilla/5.0 (X11; Linux x86_64) AppleWebKit/537.36 (KHTML, like Gecko) HeadlessChrome/147.0.7727.15 Safari/537.36"}

[1A[2K[2m[WebServer] [22m{"time":"2026-10-01T21:46:37.433486719-04:00","level":"INFO","msg":"client log","level":"WARN","message":"[inventory] item photo failed to load, showing placeholder Nacho Cheese Sauce https://nyc3.digitaloceanspaces.com/hq.yumyums/items/nacho-cheese-sauce.png","user":"Jamal C. (jamal@yumyums.kitchen)","page":"/inventory.html","ua":"Mozilla/5.0 (X11; Linux x86_64) AppleWebKit/537.36 (KHTML, like Gecko) HeadlessChrome/147.0.7727.15 Safari/537.36"}

[1A[2K[2m[WebServer] [22m{"time":"2026-10-01T21:46:37.474100645-04:00","level":"INFO","msg":"client log","level":"WARN","message":"[inventory] item photo failed to load, showing placeholder Hoagie Containers https://nyc3.digitaloceanspaces.com/hq.yumyums/items/hoagie-containers.png","user":"Jamal C. (jamal@yumyums.kitchen)","page":"/inventory.html","ua":"Mozilla/5.0 (X11; Linux x86_64) AppleWebKit/537.36 (KHTML, like Gecko) HeadlessChrome/147.0.7727.15 Safari/537.36"}

[1A[2K[2m[WebServer] [22m{"time":"2026-10-01T21:46:37.492071-04:00","level":"INFO","msg":"client log","level":"WARN","message":"[inventory] item photo failed to load, showing placeholder Blue Cheese Dressing https://nyc3.digitaloceanspaces.com/hq.yumyums/items/blue-cheese-dressing.png","user":"Jamal C. (jamal@yumyums.kitchen)","page":"/inventory.html","ua":"Mozilla/5.0 (X11; Linux x86_64) AppleWebKit/537.36 (KHTML, like Gecko) HeadlessChrome/147.0.7727.15 Safari/537.36"}

[1A[2K[2m[WebServer] [22m{"time":"2026-10-01T21:46:37.516398063-04:00","level":"INFO","msg":"client log","level":"WARN","message":"[inventory] item photo failed to load, showing placeholder Frank’s Hot Sauce https://nyc3.digitaloceanspaces.com/hq.yumyums/items/frank-s-hot-sauce.png","user":"Jamal C. (jamal@yumyums.kitchen)","page":"/inventory.html","ua":"Mozilla/5.0 (X11; Linux x86_64) AppleWebKit/537.36 (KHTML, like Gecko) HeadlessChrome/147.0.7727.15 Safari/537.36"}

[1A[2K[2m[WebServer] [22m{"time":"2026-10-01T21:46:37.577561565-04:00","level":"INFO","msg":"client log","level":"WARN","message":"[inventory] item photo failed to load, showing placeholder Straws https://nyc3.digitaloceanspaces.com/hq.yumyums/items/straws.png","user":"Jamal C. (jamal@yumyums.kitchen)","page":"/inventory.html","ua":"Mozilla/5.0 (X11; Linux x86_64) AppleWebKit/537.36 (KHTML, like Gecko) HeadlessChrome/147.0.7727.15 Safari/537.36"}

[1A[2K[2m[WebServer] [22m{"time":"2026-10-01T21:46:37.600510996-04:00","level":"INFO","msg":"client log","level":"WARN","message":"[inventory] item photo failed to load, showing placeholder Mint https://nyc3.digitaloceanspaces.com/hq.yumyums/items/mint.png","user":"Jamal C. (jamal@yumyums.kitchen)","page":"/inventory.html","ua":"Mozilla/5.0 (X11; Linux x86_64) AppleWebKit/537.36 (KHTML, like Gecko) HeadlessChrome/147.0.7727.15 Safari/537.36"}

[1A[2K[2m[WebServer] [22m{"time":"2026-10-01T21:46:37.656609516-04:00","level":"INFO","msg":"client log","level":"WARN","message":"[inventory] item photo failed to load, showing placeholder Red Peppers https://nyc3.digitaloceanspaces.com/hq.yumyums/items/red-peppers.png","user":"Jamal C. (jamal@yumyums.kitchen)","page":"/inventory.html","ua":"Mozilla/5.0 (X11; Linux x86_64) AppleWebKit/537.36 (KHTML, like Gecko) HeadlessChrome/147.0.7727.15 Safari/537.36"}

[1A[2K[2m[WebServer] [22m{"time":"2026-10-01T21:46:37.683028558-04:00","level":"INFO","msg":"client log","level":"WARN","message":"[inventory] item photo failed to load, showing placeholder Bbq Sauce https://nyc3.digitaloceanspaces.com/hq.yumyums/items/bbq-sauce.png","user":"Jamal C. (jamal@yumyums.kitchen)","page":"/inventory.html","ua":"Mozilla/5.0 (X11; Linux x86_64) AppleWebKit/537.36 (KHTML, like Gecko) HeadlessChrome/147.0.7727.15 Safari/537.36"}

[1A[2K[2m[WebServer] [22m{"time":"2026-10-01T21:46:37.725009038-04:00","level":"INFO","msg":"client log","level":"WARN","message":"[inventory] item photo failed to load, showing placeholder Ketchup Packets https://nyc3.digitaloceanspaces.com/hq.yumyums/items/ketchup-packets.png","user":"Jamal C. (jamal@yumyums.kitchen)","page":"/inventory.html","ua":"Mozilla/5.0 (X11; Linux x86_64) AppleWebKit/537.36 (KHTML, like Gecko) HeadlessChrome/147.0.7727.15 Safari/537.36"}

[1A[2K[2m[WebServer] [22m{"time":"2026-10-01T21:46:37.745030987-04:00","level":"INFO","msg":"client log","level":"WARN","message":"[inventory] item photo failed to load, showing placeholder Seasoning Salt https://nyc3.digitaloceanspaces.com/hq.yumyums/items/seasoning-salt.png","user":"Jamal C. (jamal@yumyums.kitchen)","page":"/inventory.html","ua":"Mozilla/5.0 (X11; Linux x86_64) AppleWebKit/537.36 (KHTML, like Gecko) HeadlessChrome/147.0.7727.15 Safari/537.36"}

[1A[2K[2m[WebServer] [22m{"time":"2026-10-01T21:46:37.791849848-04:00","level":"INFO","msg":"client log","level":"WARN","message":"[inventory] item photo failed to load, showing placeholder Allspice https://nyc3.digitaloceanspaces.com/hq.yumyums/items/allspice.png","user":"Jamal C. (jamal@yumyums.kitchen)","page":"/inventory.html","ua":"Mozilla/5.0 (X11; Linux x86_64) AppleWebKit/537.36 (KHTML, like Gecko) HeadlessChrome/147.0.7727.15 Safari/537.36"}

[1A[2K[2m[WebServer] [22m{"time":"2026-10-01T21:46:37.811704918-04:00","level":"INFO","msg":"client log","level":"WARN","message":"[inventory] item photo failed to load, showing placeholder Mayonnaise https://nyc3.digitaloceanspaces.com/hq.yumyums/items/mayonnaise.png","user":"Jamal C. (jamal@yumyums.kitchen)","page":"/inventory.html","ua":"Mozilla/5.0 (X11; Linux x86_64) AppleWebKit/537.36 (KHTML, like Gecko) HeadlessChrome/147.0.7727.15 Safari/537.36"}

[1A[2K[2m[WebServer] [22m{"time":"2026-10-01T21:46:37.863220561-04:00","level":"INFO","msg":"client log","level":"WARN","message":"[inventory] item photo failed to load, showing placeholder Ketchup Jug https://nyc3.digitaloceanspaces.com/hq.yumyums/items/ketchup-jug.png","user":"Jamal C. (jamal@yumyums.kitchen)","page":"/inventory.html","ua":"Mozilla/5.0 (X11; Linux x86_64) AppleWebKit/537.36 (KHTML, like Gecko) HeadlessChrome/147.0.7727.15 Safari/537.36"}

[1A[2K[2m[WebServer] [22m{"time":"2026-10-01T21:46:37.883219044-04:00","level":"INFO","msg":"client log","level":"WARN","message":"[inventory] item photo failed to load, showing placeholder Mumbo Sauce https://nyc3.digitaloceanspaces.com/hq.yumyums/items/mumbo-sauce.png","user":"Jamal C. (jamal@yumyums.kitchen)","page":"/inventory.html","ua":"Mozilla/5.0 (X11; Linux x86_64) AppleWebKit/537.36 (KHTML, like Gecko) HeadlessChrome/147.0.7727.15 Safari/537.36"}

[1A[2K[2m[WebServer] [22m{"time":"2026-10-01T21:46:38.005901603-04:00","level":"INFO","msg":"client log","level":"WARN","message":"[inventory] item photo failed to load, showing placeholder Crabmeat https://nyc3.digitaloceanspaces.com/hq.yumyums/items/crabmeat.png","user":"Jamal C. (jamal@yumyums.kitchen)","page":"/inventory.html","ua":"Mozilla/5.0 (X11; Linux x86_64) AppleWebKit/537.36 (KHTML, like Gecko) HeadlessChrome/147.0.7727.15 Safari/537.36"}

[1A[2K[2m[WebServer] [22m{"time":"2026-10-01T21:46:38.024493782-04:00","level":"INFO","msg":"client log","level":"WARN","message":"[inventory] item photo failed to load, showing placeholder Frying Oil https://nyc3.digitaloceanspaces.com/hq.yumyums/items/frying-oil.png","user":"Jamal C. (jamal@yumyums.kitchen)","page":"/inventory.html","ua":"Mozilla/5.0 (X11; Linux x86_64) AppleWebKit/537.36 (KHTML, like Gecko) HeadlessChrome/147.0.7727.15 Safari/537.36"}

[1A[2K[2m[WebServer] [22m{"time":"2026-10-01T21:46:38.065764876-04:00","level":"INFO","msg":"client log","level":"WARN","message":"[inventory] item photo failed to load, showing placeholder Hot Dogs https://nyc3.digitaloceanspaces.com/hq.yumyums/items/hot-dogs.png","user":"Jamal C. (jamal@yumyums.kitchen)","page":"/inventory.html","ua":"Mozilla/5.0 (X11; Linux x86_64) AppleWebKit/537.36 (KHTML, like Gecko) HeadlessChrome/147.0.7727.15 Safari/537.36"}

[1A[2K[2m[WebServer] [22m{"time":"2026-10-01T21:46:38.083690431-04:00","level":"INFO","msg":"client log","level":"WARN","message":"[inventory] item photo failed to load, showing placeholder Garlic Powder https://nyc3.digitaloceanspaces.com/hq.yumyums/items/garlic-powder.png","user":"Jamal C. (jamal@yumyums.kitchen)","page":"/inventory.html","ua":"Mozilla/5.0 (X11; Linux x86_64) AppleWebKit/537.36 (KHTML, like Gecko) HeadlessChrome/147.0.7727.15 Safari/537.36"}

[1A[2K[2m[WebServer] [22m{"time":"2026-10-01T21:46:38.131329783-04:00","level":"INFO","msg":"client log","level":"WARN","message":"[inventory] item photo failed to load, showing placeholder Black Pepper https://nyc3.digitaloceanspaces.com/hq.yumyums/items/black-pepper.png","user":"Jamal C. (jamal@yumyums.kitchen)","page":"/inventory.html","ua":"Mozilla/5.0 (X11; Linux x86_64) AppleWebKit/537.36 (KHTML, like Gecko) HeadlessChrome/147.0.7727.15 Safari/537.36"}

[1A[2K  1) [chromium] › tests/inventory.spec.js:2186:3 › Inventory › Setup item editor shows alias chips, adds and removes nicknames 

    Error: [2mexpect([22m[31mlocator[39m[2m).[22mtoHaveCount[2m([22m[32mexpected[39m[2m)[22m failed

    Locator:  locator('.item-edit-form[data-item-id="9914394c-a3b5-4c49-800c-2d729fcca1b9"]').locator('.alias-chip')
    Expected: [32m2[39m
    Received: [31m1[39m
    Timeout:  5000ms

    Call log:
    [2m  - Expect "toHaveCount" with timeout 5000ms[22m
    [2m  - waiting for locator('.item-edit-form[data-item-id="9914394c-a3b5-4c49-800c-2d729fcca1b9"]').locator('.alias-chip')[22m
    [2m    9 × locator resolved to 1 element[22m
    [2m      - unexpected value "1"[22m


      2212 |     await form.locator('.item-alias-input').fill(typedAlias);
      2213 |     await form.locator('button[data-action="add-item-alias"]').click();
    > 2214 |     await expect(form.locator('.alias-chip')).toHaveCount(2);
           |                                               ^
      2215 |     await expect(form.locator('.alias-chips')).toContainText(typedAlias);
      2216 |     // Remove the seeded one
      2217 |     await form.locator('.alias-chip-x[data-alias="' + seededAlias + '"]').click();
        at /home/jcole/projects/hq-worktrees/h2-campaigns-tab-ui/tests/inventory.spec.js:2214:47

    Error Context: test-results/inventory-Inventory-Setup--fe902--adds-and-removes-nicknames-chromium/error-context.md


[1A[2K[2/3] [chromium] › tests/inventory.spec.js:2406:3 › Inventory › duplicate group shows toast warning in items tab
[1A[2K[3/3] [chromium] › tests/inventory.spec.js:2919:3 › Inventory › create item without group shows alert
[1A[2K[2m[WebServer] [22m{"time":"2026-10-01T21:46:47.728461266-04:00","level":"INFO","msg":"client log","level":"WARN","message":"[inventory] item photo failed to load, showing placeholder Mango Syrup https://nyc3.digitaloceanspaces.com/hq.yumyums/items/mango-syrup.png","user":"Jamal C. (jamal@yumyums.kitchen)","page":"/inventory.html","ua":"Mozilla/5.0 (X11; Linux x86_64) AppleWebKit/537.36 (KHTML, like Gecko) HeadlessChrome/147.0.7727.15 Safari/537.36"}

[1A[2K[2m[WebServer] [22m{"time":"2026-10-01T21:46:47.747422954-04:00","level":"INFO","msg":"client log","level":"WARN","message":"[inventory] item photo failed to load, showing placeholder Water https://nyc3.digitaloceanspaces.com/hq.yumyums/items/water.png","user":"Jamal C. (jamal@yumyums.kitchen)","page":"/inventory.html","ua":"Mozilla/5.0 (X11; Linux x86_64) AppleWebKit/537.36 (KHTML, like Gecko) HeadlessChrome/147.0.7727.15 Safari/537.36"}

[1A[2K[2m[WebServer] [22m{"time":"2026-10-01T21:46:47.787286456-04:00","level":"INFO","msg":"client log","level":"WARN","message":"[inventory] item photo failed to load, showing placeholder Brisket Rolls https://nyc3.digitaloceanspaces.com/hq.yumyums/items/brisket-rolls.png","user":"Jamal C. (jamal@yumyums.kitchen)","page":"/inventory.html","ua":"Mozilla/5.0 (X11; Linux x86_64) AppleWebKit/537.36 (KHTML, like Gecko) HeadlessChrome/147.0.7727.15 Safari/537.36"}

[1A[2K[2m[WebServer] [22m{"time":"2026-10-01T21:46:47.80699144-04:00","level":"INFO","msg":"client log","level":"WARN","message":"[inventory] item photo failed to load, showing placeholder Avocados https://nyc3.digitaloceanspaces.com/hq.yumyums/items/avocados.png","user":"Jamal C. (jamal@yumyums.kitchen)","page":"/inventory.html","ua":"Mozilla/5.0 (X11; Linux x86_64) AppleWebKit/537.36 (KHTML, like Gecko) HeadlessChrome/147.0.7727.15 Safari/537.36"}

[1A[2K[2m[WebServer] [22m{"time":"2026-10-01T21:46:47.913656357-04:00","level":"INFO","msg":"client log","level":"WARN","message":"[inventory] item photo failed to load, showing placeholder Sanitizing Tablets https://nyc3.digitaloceanspaces.com/hq.yumyums/items/sanitizing-tablets.png","user":"Jamal C. (jamal@yumyums.kitchen)","page":"/inventory.html","ua":"Mozilla/5.0 (X11; Linux x86_64) AppleWebKit/537.36 (KHTML, like Gecko) HeadlessChrome/147.0.7727.15 Safari/537.36"}

[1A[2K[2m[WebServer] [22m{"time":"2026-10-01T21:46:47.944866474-04:00","level":"INFO","msg":"client log","level":"WARN","message":"[inventory] item photo failed to load, showing placeholder Boxes (No 8) https://nyc3.digitaloceanspaces.com/hq.yumyums/items/boxes-no-8.png","user":"Jamal C. (jamal@yumyums.kitchen)","page":"/inventory.html","ua":"Mozilla/5.0 (X11; Linux x86_64) AppleWebKit/537.36 (KHTML, like Gecko) HeadlessChrome/147.0.7727.15 Safari/537.36"}

[1A[2K[2m[WebServer] [22m{"time":"2026-10-01T21:46:47.963150193-04:00","level":"INFO","msg":"client log","level":"WARN","message":"[inventory] item photo failed to load, showing placeholder Coarse Sea Salt https://nyc3.digitaloceanspaces.com/hq.yumyums/items/coarse-sea-salt.png","user":"Jamal C. (jamal@yumyums.kitchen)","page":"/inventory.html","ua":"Mozilla/5.0 (X11; Linux x86_64) AppleWebKit/537.36 (KHTML, like Gecko) HeadlessChrome/147.0.7727.15 Safari/537.36"}

[1A[2K[2m[WebServer] [22m{"time":"2026-10-01T21:46:48.040578053-04:00","level":"INFO","msg":"client log","level":"WARN","message":"[inventory] item photo failed to load, showing placeholder Honey Mustard https://nyc3.digitaloceanspaces.com/hq.yumyums/items/honey-mustard.png","user":"Jamal C. (jamal@yumyums.kitchen)","page":"/inventory.html","ua":"Mozilla/5.0 (X11; Linux x86_64) AppleWebKit/537.36 (KHTML, like Gecko) HeadlessChrome/147.0.7727.15 Safari/537.36"}

[1A[2K[2m[WebServer] [22m{"time":"2026-10-01T21:46:48.105922828-04:00","level":"INFO","msg":"client log","level":"WARN","message":"[inventory] item photo failed to load, showing placeholder Boxes (No 2) https://nyc3.digitaloceanspaces.com/hq.yumyums/items/boxes-no-2.png","user":"Jamal C. (jamal@yumyums.kitchen)","page":"/inventory.html","ua":"Mozilla/5.0 (X11; Linux x86_64) AppleWebKit/537.36 (KHTML, like Gecko) HeadlessChrome/147.0.7727.15 Safari/537.36"}

[1A[2K[2m[WebServer] [22m{"time":"2026-10-01T21:46:48.14138743-04:00","level":"INFO","msg":"client log","level":"WARN","message":"[inventory] item photo failed to load, showing placeholder Chicken Party Wings https://nyc3.digitaloceanspaces.com/hq.yumyums/items/chicken-party-wings.png","user":"Jamal C. (jamal@yumyums.kitchen)","page":"/inventory.html","ua":"Mozilla/5.0 (X11; Linux x86_64) AppleWebKit/537.36 (KHTML, like Gecko) HeadlessChrome/147.0.7727.15 Safari/537.36"}

[1A[2K[2m[WebServer] [22m{"time":"2026-10-01T21:46:48.15573544-04:00","level":"INFO","msg":"client log","level":"WARN","message":"[inventory] item photo failed to load, showing placeholder Straws https://nyc3.digitaloceanspaces.com/hq.yumyums/items/straws.png","user":"Jamal C. (jamal@yumyums.kitchen)","page":"/inventory.html","ua":"Mozilla/5.0 (X11; Linux x86_64) AppleWebKit/537.36 (KHTML, like Gecko) HeadlessChrome/147.0.7727.15 Safari/537.36"}

[1A[2K[2m[WebServer] [22m{"time":"2026-10-01T21:46:48.171519142-04:00","level":"INFO","msg":"client log","level":"WARN","message":"[inventory] item photo failed to load, showing placeholder Wings https://nyc3.digitaloceanspaces.com/hq.yumyums/items/wings.png","user":"Jamal C. (jamal@yumyums.kitchen)","page":"/inventory.html","ua":"Mozilla/5.0 (X11; Linux x86_64) AppleWebKit/537.36 (KHTML, like Gecko) HeadlessChrome/147.0.7727.15 Safari/537.36"}

[1A[2K  1 failed
    [chromium] › tests/inventory.spec.js:2186:3 › Inventory › Setup item editor shows alias chips, adds and removes nicknames 
  2 passed (2.6m)
INVENTORY_EXIT=1

--- tests/recipes.spec.js:216 ---
[1A[2K[2m[WebServer] [22m── reset hq_test_e2e_h2_20261002 on localhost:5434 ──

[1A[2K[2m[WebServer] [22m── wrote version.json frontend=1.10.2 ──

[1A[2K[2m[WebServer] [22m{"time":"2026-10-01T21:49:06.252002008-04:00","level":"INFO","msg":"serving static files from disk","dir":"../"}

[1A[2K[2m[WebServer] [22m{"time":"2026-10-01T21:49:06.252424587-04:00","level":"INFO","msg":"loaded superadmins","count":1}

[1A[2K[2m[WebServer] [22m{"time":"2026-10-01T21:49:06.276991266-04:00","level":"INFO","msg":"connected to database"}

[1A[2K[2m[WebServer] [22m{"time":"2026-10-01T21:49:06.362428341-04:00","level":"INFO","msg":"OK   0001_users.sql (46.08ms)","source":"stdlog"}

[1A[2K[2m[WebServer] [22m{"time":"2026-10-01T21:49:06.436735038-04:00","level":"INFO","msg":"OK   0002_sessions.sql (73.63ms)","source":"stdlog"}

[1A[2K[2m[WebServer] [22m{"time":"2026-10-01T21:49:06.478973761-04:00","level":"INFO","msg":"OK   0003_invite_tokens.sql (41.65ms)","source":"stdlog"}

[1A[2K[2m[WebServer] [22m{"time":"2026-10-01T21:49:06.531511989-04:00","level":"INFO","msg":"OK   0004_hq_apps.sql (52.4ms)","source":"stdlog"}

[1A[2K[2m[WebServer] [22m{"time":"2026-10-01T21:49:06.594000273-04:00","level":"INFO","msg":"OK   0005_app_permissions.sql (62.33ms)","source":"stdlog"}

[1A[2K[2m[WebServer] [22m{"time":"2026-10-01T21:49:06.625896439-04:00","level":"INFO","msg":"OK   0006_checklist_templates.sql (31.69ms)","source":"stdlog"}

[1A[2K[2m[WebServer] [22m{"time":"2026-10-01T21:49:06.659464711-04:00","level":"INFO","msg":"OK   0007_checklist_schedules.sql (33.45ms)","source":"stdlog"}

[1A[2K[2m[WebServer] [22m{"time":"2026-10-01T21:49:06.706051234-04:00","level":"INFO","msg":"OK   0008_template_assignments.sql (46.43ms)","source":"stdlog"}

[1A[2K[2m[WebServer] [22m{"time":"2026-10-01T21:49:06.744322489-04:00","level":"INFO","msg":"OK   0009_checklist_sections.sql (38.1ms)","source":"stdlog"}

[1A[2K[2m[WebServer] [22m{"time":"2026-10-01T21:49:06.778131272-04:00","level":"INFO","msg":"OK   0010_checklist_fields.sql (33.67ms)","source":"stdlog"}

[1A[2K[2m[WebServer] [22m{"time":"2026-10-01T21:49:06.822268027-04:00","level":"INFO","msg":"OK   0011_checklist_submissions.sql (43.94ms)","source":"stdlog"}

[1A[2K[2m[WebServer] [22m{"time":"2026-10-01T21:49:06.873815746-04:00","level":"INFO","msg":"OK   0012_submission_responses.sql (51.39ms)","source":"stdlog"}

[1A[2K[2m[WebServer] [22m{"time":"2026-10-01T21:49:06.915948648-04:00","level":"INFO","msg":"OK   0013_submission_fail_notes.sql (41.97ms)","source":"stdlog"}

[1A[2K[2m[WebServer] [22m{"time":"2026-10-01T21:49:06.959245075-04:00","level":"INFO","msg":"OK   0014_submission_rejections.sql (43.16ms)","source":"stdlog"}

[1A[2K[2m[WebServer] [22m{"time":"2026-10-01T21:49:07.016424337-04:00","level":"INFO","msg":"OK   0015_ops.sql (57.04ms)","source":"stdlog"}

[1A[2K[2m[WebServer] [22m{"time":"2026-10-01T21:49:07.037916962-04:00","level":"INFO","msg":"OK   0016_lamport_ts.sql (21.36ms)","source":"stdlog"}

[1A[2K[2m[WebServer] [22m{"time":"2026-10-01T21:49:07.068089714-04:00","level":"INFO","msg":"OK   0017_users_naming.sql (30.06ms)","source":"stdlog"}

[1A[2K[2m[WebServer] [22m{"time":"2026-10-01T21:49:07.146473373-04:00","level":"INFO","msg":"OK   0018_ob_templates.sql (78.23ms)","source":"stdlog"}

[1A[2K[2m[WebServer] [22m{"time":"2026-10-01T21:49:07.237258076-04:00","level":"INFO","msg":"OK   0019_ob_items.sql (90.64ms)","source":"stdlog"}

[1A[2K[2m[WebServer] [22m{"time":"2026-10-01T21:49:07.287169282-04:00","level":"INFO","msg":"OK   0020_ob_progress.sql (49.76ms)","source":"stdlog"}

[1A[2K[2m[WebServer] [22m{"time":"2026-10-01T21:49:07.329484886-04:00","level":"INFO","msg":"OK   0021_ob_signoffs.sql (42.23ms)","source":"stdlog"}

[1A[2K[2m[WebServer] [22m{"time":"2026-10-01T21:49:07.378923915-04:00","level":"INFO","msg":"OK   0022_ob_template_assignments.sql (49.29ms)","source":"stdlog"}

[1A[2K[2m[WebServer] [22m{"time":"2026-10-01T21:49:07.454865128-04:00","level":"INFO","msg":"OK   0023_multi_role.sql (75.76ms)","source":"stdlog"}

[1A[2K[2m[WebServer] [22m{"time":"2026-10-01T21:49:07.683079578-04:00","level":"INFO","msg":"OK   0024_inventory.sql (227.97ms)","source":"stdlog"}

[1A[2K[2m[WebServer] [22m{"time":"2026-10-01T21:49:07.72724411-04:00","level":"INFO","msg":"OK   0025_pending_purchases.sql (44.03ms)","source":"stdlog"}

[1A[2K[2m[WebServer] [22m{"time":"2026-10-01T21:49:07.734621599-04:00","level":"INFO","msg":"OK   0026_ob_progress_faq.sql (7.29ms)","source":"stdlog"}

[1A[2K[2m[WebServer] [22m{"time":"2026-10-01T21:49:07.741187455-04:00","level":"INFO","msg":"OK   0027_ob_section_signoff_roles.sql (6.48ms)","source":"stdlog"}

[1A[2K[2m[WebServer] [22m{"time":"2026-10-01T21:49:07.757130273-04:00","level":"INFO","msg":"OK   0028_ob_video_upgrade.sql (15.82ms)","source":"stdlog"}

[1A[2K[2m[WebServer] [22m{"time":"2026-10-01T21:49:07.764226208-04:00","level":"INFO","msg":"OK   0029_ob_templates_archived_at.sql (6.97ms)","source":"stdlog"}

[1A[2K[2m[WebServer] [22m{"time":"2026-10-01T21:49:07.791434189-04:00","level":"INFO","msg":"OK   0030_item_groups_unique_name.sql (27.07ms)","source":"stdlog"}

[1A[2K[2m[WebServer] [22m{"time":"2026-10-01T21:49:07.80211117-04:00","level":"INFO","msg":"OK   0031_remove_placeholder_items.sql (10.59ms)","source":"stdlog"}

[1A[2K[2m[WebServer] [22m{"time":"2026-10-01T21:49:07.817535088-04:00","level":"INFO","msg":"OK   0032_item_group_thresholds.sql (15.31ms)","source":"stdlog"}

[1A[2K[2m[WebServer] [22m{"time":"2026-10-01T21:49:07.854858051-04:00","level":"INFO","msg":"OK   0033_stock_count_overrides.sql (37.21ms)","source":"stdlog"}

[1A[2K[2m[WebServer] [22m{"time":"2026-10-01T21:49:07.946928676-04:00","level":"INFO","msg":"OK   0034_purchase_orders.sql (91.88ms)","source":"stdlog"}

[1A[2K[2m[WebServer] [22m{"time":"2026-10-01T21:49:07.961785358-04:00","level":"INFO","msg":"OK   0035_purchase_items_photo_store.sql (14.71ms)","source":"stdlog"}

[1A[2K[2m[WebServer] [22m{"time":"2026-10-01T21:49:07.97516761-04:00","level":"INFO","msg":"OK   0036_purchase_items_full_name.sql (13.27ms)","source":"stdlog"}

[1A[2K[2m[WebServer] [22m{"time":"2026-10-01T21:49:08.012091053-04:00","level":"INFO","msg":"OK   0037_cutoff_config.sql (36.78ms)","source":"stdlog"}

[1A[2K[2m[WebServer] [22m{"time":"2026-10-01T21:49:08.031607967-04:00","level":"INFO","msg":"OK   0038_po_status_extend.sql (19.37ms)","source":"stdlog"}

[1A[2K[2m[WebServer] [22m{"time":"2026-10-01T21:49:08.06263201-04:00","level":"INFO","msg":"OK   0039_purchase_items_vendor.sql (30.92ms)","source":"stdlog"}

[1A[2K[2m[WebServer] [22m{"time":"2026-10-01T21:49:08.185247924-04:00","level":"INFO","msg":"OK   0040_shopping_lists.sql (122.36ms)","source":"stdlog"}

[1A[2K[2m[WebServer] [22m{"time":"2026-10-01T21:49:08.202870014-04:00","level":"INFO","msg":"OK   0041_notification_channel.sql (17.46ms)","source":"stdlog"}

[1A[2K[2m[WebServer] [22m{"time":"2026-10-01T21:49:08.284846051-04:00","level":"INFO","msg":"OK   0042_repurchase_tracking.sql (81.82ms)","source":"stdlog"}

[1A[2K[2m[WebServer] [22m{"time":"2026-10-01T21:49:08.335761053-04:00","level":"INFO","msg":"OK   0043_alert_log.sql (50.73ms)","source":"stdlog"}

[1A[2K[2m[WebServer] [22m{"time":"2026-10-01T21:49:08.388282811-04:00","level":"INFO","msg":"OK   0044_low_stock_alert_log.sql (52.39ms)","source":"stdlog"}

[1A[2K[2m[WebServer] [22m{"time":"2026-10-01T21:49:08.430589616-04:00","level":"INFO","msg":"OK   0045_notification_channel_array.sql (42.19ms)","source":"stdlog"}

[1A[2K[2m[WebServer] [22m{"time":"2026-10-01T21:49:08.439158604-04:00","level":"INFO","msg":"OK   0046_user_timezone.sql (8.45ms)","source":"stdlog"}

[1A[2K[2m[WebServer] [22m{"time":"2026-10-01T21:49:08.503389885-04:00","level":"INFO","msg":"OK   0047_employee_fields.sql (64.13ms)","source":"stdlog"}

[1A[2K[2m[WebServer] [22m{"time":"2026-10-01T21:49:08.511832881-04:00","level":"INFO","msg":"OK   0048_notification_default_both.sql (8.34ms)","source":"stdlog"}

[1A[2K[2m[WebServer] [22m{"time":"2026-10-01T21:49:08.557972473-04:00","level":"INFO","msg":"OK   0049_ob_sub_items.sql (45.97ms)","source":"stdlog"}

[1A[2K[2m[WebServer] [22m{"time":"2026-10-01T21:49:08.56664155-04:00","level":"INFO","msg":"OK   0050_ob_progress_sub_item.sql (8.51ms)","source":"stdlog"}

[1A[2K[2m[WebServer] [22m{"time":"2026-10-01T21:49:08.574791136-04:00","level":"INFO","msg":"OK   0051_rejection_field_fk.sql (8.06ms)","source":"stdlog"}

[1A[2K[2m[WebServer] [22m{"time":"2026-10-01T21:49:08.593254754-04:00","level":"INFO","msg":"OK   0052_template_name_unique.sql (18.37ms)","source":"stdlog"}

[1A[2K[2m[WebServer] [22m{"time":"2026-10-01T21:49:08.60147046-04:00","level":"INFO","msg":"OK   0053_response_field_fk.sql (8.12ms)","source":"stdlog"}

[1A[2K[2m[WebServer] [22m{"time":"2026-10-01T21:49:08.60924227-04:00","level":"INFO","msg":"OK   0054_failnote_field_fk.sql (7.69ms)","source":"stdlog"}

[1A[2K[2m[WebServer] [22m{"time":"2026-10-01T21:49:08.616447821-04:00","level":"INFO","msg":"OK   0055_item_location_in_store.sql (7.09ms)","source":"stdlog"}

[1A[2K[2m[WebServer] [22m{"time":"2026-10-01T21:49:08.635384767-04:00","level":"INFO","msg":"OK   0056_ob_progress_photo.sql (18.65ms)","source":"stdlog"}

[1A[2K[2m[WebServer] [22m{"time":"2026-10-01T21:49:08.64941144-04:00","level":"INFO","msg":"OK   0057_ob_items_photo_type.sql (13.82ms)","source":"stdlog"}

[1A[2K[2m[WebServer] [22m{"time":"2026-10-01T21:49:08.666192304-04:00","level":"INFO","msg":"OK   0058_ob_sub_items_photos.sql (16.66ms)","source":"stdlog"}

[1A[2K[2m[WebServer] [22m{"time":"2026-10-01T21:49:08.676572659-04:00","level":"INFO","msg":"OK   0059_cleanup_photo_items.sql (10.24ms)","source":"stdlog"}

[1A[2K[2m[WebServer] [22m{"time":"2026-10-01T21:49:08.740857361-04:00","level":"INFO","msg":"OK   0060_menu_items.sql (64.16ms)","source":"stdlog"}

[1A[2K[2m[WebServer] [22m{"time":"2026-10-01T21:49:08.772581921-04:00","level":"INFO","msg":"OK   0061_daily_menu_sales.sql (31.61ms)","source":"stdlog"}

[1A[2K[2m[WebServer] [22m{"time":"2026-10-01T21:49:08.82542642-04:00","level":"INFO","msg":"OK   0062_recipes.sql (52.73ms)","source":"stdlog"}

[1A[2K[2m[WebServer] [22m{"time":"2026-10-01T21:49:08.864984375-04:00","level":"INFO","msg":"OK   0063_drift_check_results.sql (39.41ms)","source":"stdlog"}

[1A[2K[2m[WebServer] [22m{"time":"2026-10-01T21:49:08.878952487-04:00","level":"INFO","msg":"OK   0064_no_itemized_receipt_seed.sql (13.8ms)","source":"stdlog"}

[1A[2K[2m[WebServer] [22m{"time":"2026-10-01T21:49:08.891444977-04:00","level":"INFO","msg":"OK   0065_mercury_category_on_purchase_events.sql (12.39ms)","source":"stdlog"}

[1A[2K[2m[WebServer] [22m{"time":"2026-10-01T21:49:08.904681426-04:00","level":"INFO","msg":"OK   0066_mercury_category_on_pending_purchases.sql (13.13ms)","source":"stdlog"}

[1A[2K[2m[WebServer] [22m{"time":"2026-10-01T21:49:08.957964479-04:00","level":"INFO","msg":"OK   0067_receipt_sync_runs.sql (53.18ms)","source":"stdlog"}

[1A[2K[2m[WebServer] [22m{"time":"2026-10-01T21:49:08.984938626-04:00","level":"INFO","msg":"OK   0068_pending_purchases_bank_tx_uniq.sql (26.85ms)","source":"stdlog"}

[1A[2K[2m[WebServer] [22m{"time":"2026-10-01T21:49:08.997979333-04:00","level":"INFO","msg":"OK   0069_pending_purchases_parse_error.sql (12.94ms)","source":"stdlog"}

[1A[2K[2m[WebServer] [22m{"time":"2026-10-01T21:49:09.013958188-04:00","level":"INFO","msg":"OK   0070_receipt_urls.sql (15.84ms)","source":"stdlog"}

[1A[2K[2m[WebServer] [22m{"time":"2026-10-01T21:49:09.039177162-04:00","level":"INFO","msg":"OK   0071_submission_fail_notes_unique.sql (25.1ms)","source":"stdlog"}

[1A[2K[2m[WebServer] [22m{"time":"2026-10-01T21:49:09.054425039-04:00","level":"INFO","msg":"OK   0072_app_timezone_new_york.sql (15.12ms)","source":"stdlog"}

[1A[2K[2m[WebServer] [22m{"time":"2026-10-01T21:49:09.078943925-04:00","level":"INFO","msg":"OK   0073_sync_fdw_views.sql (24.27ms)","source":"stdlog"}

[1A[2K[2m[WebServer] [22m{"time":"2026-10-01T21:49:09.088041123-04:00","level":"INFO","msg":"OK   0074_sync_fdw_approver_view.sql (8.87ms)","source":"stdlog"}

[1A[2K[2m[WebServer] [22m{"time":"2026-10-01T21:49:09.132512895-04:00","level":"INFO","msg":"OK   0075_item_aliases.sql (44.35ms)","source":"stdlog"}

[1A[2K[2m[WebServer] [22m{"time":"2026-10-01T21:49:09.158324118-04:00","level":"INFO","msg":"OK   0076_checklist_template_app.sql (25.65ms)","source":"stdlog"}

[1A[2K[2m[WebServer] [22m{"time":"2026-10-01T21:49:09.206804141-04:00","level":"INFO","msg":"OK   0077_race_lost_notifications.sql (48.27ms)","source":"stdlog"}

[1A[2K[2m[WebServer] [22m{"time":"2026-10-01T21:49:09.224635581-04:00","level":"INFO","msg":"OK   0078_card_holder_on_purchases.sql (17.72ms)","source":"stdlog"}

[1A[2K[2m[WebServer] [22m{"time":"2026-10-01T21:49:09.249975809-04:00","level":"INFO","msg":"OK   0079_pending_purchases_retry_requested.sql (25.17ms)","source":"stdlog"}

[1A[2K[2m[WebServer] [22m{"time":"2026-10-01T21:49:09.262864372-04:00","level":"INFO","msg":"OK   0080_receipt_sync_runs_cancelled.sql (12.77ms)","source":"stdlog"}

[1A[2K[2m[WebServer] [22m{"time":"2026-10-01T21:49:09.287202689-04:00","level":"INFO","msg":"OK   0081_item_alias_display.sql (24.2ms)","source":"stdlog"}

[1A[2K[2m[WebServer] [22m{"time":"2026-10-01T21:49:09.309064068-04:00","level":"INFO","msg":"OK   0082_bi_grants.sql (21.72ms)","source":"stdlog"}

[1A[2K[2m[WebServer] [22m{"time":"2026-10-01T21:49:09.414331504-04:00","level":"INFO","msg":"OK   0083_campaigns_admin.sql (105.05ms)","source":"stdlog"}
[2m[WebServer] [22m{"time":"2026-10-01T21:49:09.414364302-04:00","level":"INFO","msg":"goose: successfully migrated database to version: 83","source":"stdlog"}
[2m[WebServer] [22m{"time":"2026-10-01T21:49:09.414374091-04:00","level":"INFO","msg":"database migrations applied successfully"}

[1A[2K[2m[WebServer] [22m{"time":"2026-10-01T21:49:09.4900921-04:00","level":"INFO","msg":"upserted superadmin","email":"jamal@yumyums.kitchen"}

[1A[2K[2m[WebServer] [22m{"time":"2026-10-01T21:49:09.522081124-04:00","level":"INFO","msg":"seeded template","name":"Setup Checklist","id":"f68cd862-d796-4146-bcd4-7fcbf0762931"}
[2m[WebServer] [22m{"time":"2026-10-01T21:49:09.522161252-04:00","level":"INFO","msg":"seeded templates","count":1}

[1A[2K[2m[WebServer] [22m{"time":"2026-10-01T21:49:09.557474377-04:00","level":"INFO","msg":"seeded onboarding template","name":"Kitchen Basics Training","id":"7e2905e2-71d5-42d5-8f61-a9b115937b29"}

[1A[2K[2m[WebServer] [22m{"time":"2026-10-01T21:49:09.576927612-04:00","level":"INFO","msg":"inventory: seeded vendors","count":5}

[1A[2K[2m[WebServer] [22m{"time":"2026-10-01T21:49:09.648618332-04:00","level":"INFO","msg":"inventory: seeded unique tags","count":19}

[1A[2K[2m[WebServer] [22m{"time":"2026-10-01T21:49:09.73697668-04:00","level":"INFO","msg":"inventory: seeded item groups","count":10}

[1A[2K[2m[WebServer] [22m{"time":"2026-10-01T21:49:10.353735172-04:00","level":"INFO","msg":"inventory: seeded purchase items from YAML","count":106}
[2m[WebServer] [22m{"time":"2026-10-01T21:49:10.353799603-04:00","level":"WARN","msg":"object storage env vars not set, photo and video upload endpoints will return 503","required":"STORAGE_KEY, STORAGE_SECRET, STORAGE_BUCKET, STORAGE_ENDPOINT, STORAGE_REGION"}

[1A[2K[2m[WebServer] [22m{"time":"2026-10-01T21:49:10.353859793-04:00","level":"WARN","msg":"HQ_INVENTORY_SERVICE_TOKEN not set, /api/v1/inventory/period-summary AND /api/v1/inventory/menu-cogs will return 503"}
[2m[WebServer] [22m{"time":"2026-10-01T21:49:10.353949472-04:00","level":"INFO","msg":"marketing campaign projection not configured; campaigns will save with projected_at NULL and warnings:[\"not_projected\"]","missing":"HQ_SYNC_REST_URL and/or HQ_SYNC_SERVICE_KEY"}
[2m[WebServer] [22m{"time":"2026-10-01T21:49:10.354005521-04:00","level":"INFO","msg":"inventory COGS category allowlist","allowlist":["COGS"]}
[2m[WebServer] [22m{"time":"2026-10-01T21:49:10.354360399-04:00","level":"INFO","msg":"redemption arbiter not configured; POST /api/v1/marketing/redeem answers 503","missing":"HQ_SYNC_REST_URL and/or HQ_SYNC_SERVICE_KEY"}
[2m[WebServer] [22m{"time":"2026-10-01T21:49:10.354416953-04:00","level":"INFO","msg":"receipt worker disabled","reason":"E2E_DISABLE_SCHEDULERS=1"}

[1A[2K[2m[WebServer] [22m{"time":"2026-10-01T21:49:10.354464923-04:00","level":"INFO","msg":"alert queue started","delivery_enabled":false}
[2m[WebServer] [22m{"time":"2026-10-01T21:49:10.354479365-04:00","level":"INFO","msg":"cutoff scheduler disabled","reason":"E2E_DISABLE_SCHEDULERS=1"}
[2m[WebServer] [22m{"time":"2026-10-01T21:49:10.354500572-04:00","level":"INFO","msg":"toast worker disabled, cmd/sync-toast remains available","reason":"TOAST_SYNC_INTERVAL=0"}
[2m[WebServer] [22m{"time":"2026-10-01T21:49:10.35457177-04:00","level":"INFO","msg":"alerts queue started"}

[1A[2K[2m[WebServer] [22m{"time":"2026-10-01T21:49:10.378499057-04:00","level":"INFO","msg":"server listening","port":"8521"}

[1A[2K[2m[WebServer] [22m{"time":"2026-10-01T21:49:10.388687503-04:00","level":"INFO","msg":"reachable at","url":"http://10.255.255.254:8521"}
[2m[WebServer] [22m{"time":"2026-10-01T21:49:10.388732444-04:00","level":"INFO","msg":"reachable at","url":"http://100.70.200.55:8521"}
[2m[WebServer] [22m{"time":"2026-10-01T21:49:10.388743653-04:00","level":"INFO","msg":"reachable at","url":"http://192.168.8.164:8521"}

[1A[2K[2m[WebServer] [22m{"time":"2026-10-01T21:49:10.388756277-04:00","level":"INFO","msg":"Yumyums HQ ready, accepting connections"}


Running 1 test using 1 worker

[1A[2K[1/1] [chromium] › tests/recipes.spec.js:216:3 › Recipes tab — E2E › slider release fires PUT /api/v1/inventory/recipes/{id} with usage_pct in body
[1A[2K[2m[WebServer] [22m{"time":"2026-10-01T21:49:14.285394868-04:00","level":"ERROR","msg":"UpdateRecipe","error":"ERROR: invalid input syntax for type uuid: \"synthetic-recipe-id\" (SQLSTATE 22P02)"}

[1A[2K  1 passed (2.4m)
RECIPES_EXIT=0
EXIT2=0

--- tests/inventory.spec.js:2186 ALONE at this HEAD, pass A ---
[1A[2K[2m[WebServer] [22m── reset hq_test_e2e_h2_20261002 on localhost:5434 ──

[1A[2K[2m[WebServer] [22m── wrote version.json frontend=1.10.2 ──

[1A[2K[2m[WebServer] [22m{"time":"2026-10-01T21:51:57.367691367-04:00","level":"INFO","msg":"serving static files from disk","dir":"../"}

[1A[2K[2m[WebServer] [22m{"time":"2026-10-01T21:51:57.367966624-04:00","level":"INFO","msg":"loaded superadmins","count":1}

[1A[2K[2m[WebServer] [22m{"time":"2026-10-01T21:51:57.387644943-04:00","level":"INFO","msg":"connected to database"}

[1A[2K[2m[WebServer] [22m{"time":"2026-10-01T21:51:57.453508728-04:00","level":"INFO","msg":"OK   0001_users.sql (40.65ms)","source":"stdlog"}

[1A[2K[2m[WebServer] [22m{"time":"2026-10-01T21:51:57.498828363-04:00","level":"INFO","msg":"OK   0002_sessions.sql (44.92ms)","source":"stdlog"}

[1A[2K[2m[WebServer] [22m{"time":"2026-10-01T21:51:57.539785017-04:00","level":"INFO","msg":"OK   0003_invite_tokens.sql (40.84ms)","source":"stdlog"}

[1A[2K[2m[WebServer] [22m{"time":"2026-10-01T21:51:57.591623309-04:00","level":"INFO","msg":"OK   0004_hq_apps.sql (51.7ms)","source":"stdlog"}

[1A[2K[2m[WebServer] [22m{"time":"2026-10-01T21:51:57.654934505-04:00","level":"INFO","msg":"OK   0005_app_permissions.sql (63.01ms)","source":"stdlog"}

[1A[2K[2m[WebServer] [22m{"time":"2026-10-01T21:51:57.683614167-04:00","level":"INFO","msg":"OK   0006_checklist_templates.sql (28.54ms)","source":"stdlog"}

[1A[2K[2m[WebServer] [22m{"time":"2026-10-01T21:51:57.714508608-04:00","level":"INFO","msg":"OK   0007_checklist_schedules.sql (30.8ms)","source":"stdlog"}

[1A[2K[2m[WebServer] [22m{"time":"2026-10-01T21:51:57.757671517-04:00","level":"INFO","msg":"OK   0008_template_assignments.sql (42.93ms)","source":"stdlog"}

[1A[2K[2m[WebServer] [22m{"time":"2026-10-01T21:51:57.795422521-04:00","level":"INFO","msg":"OK   0009_checklist_sections.sql (37.65ms)","source":"stdlog"}

[1A[2K[2m[WebServer] [22m{"time":"2026-10-01T21:51:57.832248102-04:00","level":"INFO","msg":"OK   0010_checklist_fields.sql (36.72ms)","source":"stdlog"}

[1A[2K[2m[WebServer] [22m{"time":"2026-10-01T21:51:57.872725828-04:00","level":"INFO","msg":"OK   0011_checklist_submissions.sql (40.38ms)","source":"stdlog"}

[1A[2K[2m[WebServer] [22m{"time":"2026-10-01T21:51:57.921571534-04:00","level":"INFO","msg":"OK   0012_submission_responses.sql (48.74ms)","source":"stdlog"}

[1A[2K[2m[WebServer] [22m{"time":"2026-10-01T21:51:57.960268633-04:00","level":"INFO","msg":"OK   0013_submission_fail_notes.sql (38.58ms)","source":"stdlog"}

[1A[2K[2m[WebServer] [22m{"time":"2026-10-01T21:51:57.996735496-04:00","level":"INFO","msg":"OK   0014_submission_rejections.sql (36.29ms)","source":"stdlog"}

[1A[2K[2m[WebServer] [22m{"time":"2026-10-01T21:51:58.047653709-04:00","level":"INFO","msg":"OK   0015_ops.sql (50.8ms)","source":"stdlog"}

[1A[2K[2m[WebServer] [22m{"time":"2026-10-01T21:51:58.061628631-04:00","level":"INFO","msg":"OK   0016_lamport_ts.sql (13.88ms)","source":"stdlog"}

[1A[2K[2m[WebServer] [22m{"time":"2026-10-01T21:51:58.078976405-04:00","level":"INFO","msg":"OK   0017_users_naming.sql (17.24ms)","source":"stdlog"}

[1A[2K[2m[WebServer] [22m{"time":"2026-10-01T21:51:58.137890057-04:00","level":"INFO","msg":"OK   0018_ob_templates.sql (58.78ms)","source":"stdlog"}

[1A[2K[2m[WebServer] [22m{"time":"2026-10-01T21:51:58.213978935-04:00","level":"INFO","msg":"OK   0019_ob_items.sql (75.95ms)","source":"stdlog"}

[1A[2K[2m[WebServer] [22m{"time":"2026-10-01T21:51:58.267258465-04:00","level":"INFO","msg":"OK   0020_ob_progress.sql (53.16ms)","source":"stdlog"}

[1A[2K[2m[WebServer] [22m{"time":"2026-10-01T21:51:58.312233511-04:00","level":"INFO","msg":"OK   0021_ob_signoffs.sql (44.71ms)","source":"stdlog"}

[1A[2K[2m[WebServer] [22m{"time":"2026-10-01T21:51:58.352593246-04:00","level":"INFO","msg":"OK   0022_ob_template_assignments.sql (40.26ms)","source":"stdlog"}

[1A[2K[2m[WebServer] [22m{"time":"2026-10-01T21:51:58.423176693-04:00","level":"INFO","msg":"OK   0023_multi_role.sql (70.48ms)","source":"stdlog"}

[1A[2K[2m[WebServer] [22m{"time":"2026-10-01T21:51:58.631869213-04:00","level":"INFO","msg":"OK   0024_inventory.sql (208.49ms)","source":"stdlog"}

[1A[2K[2m[WebServer] [22m{"time":"2026-10-01T21:51:58.675583544-04:00","level":"INFO","msg":"OK   0025_pending_purchases.sql (43.58ms)","source":"stdlog"}

[1A[2K[2m[WebServer] [22m{"time":"2026-10-01T21:51:58.684069902-04:00","level":"INFO","msg":"OK   0026_ob_progress_faq.sql (8.38ms)","source":"stdlog"}

[1A[2K[2m[WebServer] [22m{"time":"2026-10-01T21:51:58.691781137-04:00","level":"INFO","msg":"OK   0027_ob_section_signoff_roles.sql (7.6ms)","source":"stdlog"}

[1A[2K[2m[WebServer] [22m{"time":"2026-10-01T21:51:58.714780497-04:00","level":"INFO","msg":"OK   0028_ob_video_upgrade.sql (22.9ms)","source":"stdlog"}

[1A[2K[2m[WebServer] [22m{"time":"2026-10-01T21:51:58.722204087-04:00","level":"INFO","msg":"OK   0029_ob_templates_archived_at.sql (7.32ms)","source":"stdlog"}

[1A[2K[2m[WebServer] [22m{"time":"2026-10-01T21:51:58.748972692-04:00","level":"INFO","msg":"OK   0030_item_groups_unique_name.sql (26.59ms)","source":"stdlog"}

[1A[2K[2m[WebServer] [22m{"time":"2026-10-01T21:51:58.758214228-04:00","level":"INFO","msg":"OK   0031_remove_placeholder_items.sql (9.13ms)","source":"stdlog"}

[1A[2K[2m[WebServer] [22m{"time":"2026-10-01T21:51:58.771860824-04:00","level":"INFO","msg":"OK   0032_item_group_thresholds.sql (13.53ms)","source":"stdlog"}

[1A[2K[2m[WebServer] [22m{"time":"2026-10-01T21:51:58.805397261-04:00","level":"INFO","msg":"OK   0033_stock_count_overrides.sql (33.35ms)","source":"stdlog"}

[1A[2K[2m[WebServer] [22m{"time":"2026-10-01T21:51:58.884975678-04:00","level":"INFO","msg":"OK   0034_purchase_orders.sql (79.34ms)","source":"stdlog"}

[1A[2K[2m[WebServer] [22m{"time":"2026-10-01T21:51:58.896932126-04:00","level":"INFO","msg":"OK   0035_purchase_items_photo_store.sql (11.81ms)","source":"stdlog"}

[1A[2K[2m[WebServer] [22m{"time":"2026-10-01T21:51:58.910313303-04:00","level":"INFO","msg":"OK   0036_purchase_items_full_name.sql (13.28ms)","source":"stdlog"}

[1A[2K[2m[WebServer] [22m{"time":"2026-10-01T21:51:58.94419275-04:00","level":"INFO","msg":"OK   0037_cutoff_config.sql (33.74ms)","source":"stdlog"}

[1A[2K[2m[WebServer] [22m{"time":"2026-10-01T21:51:58.963911037-04:00","level":"INFO","msg":"OK   0038_po_status_extend.sql (19.58ms)","source":"stdlog"}

[1A[2K[2m[WebServer] [22m{"time":"2026-10-01T21:51:58.987875529-04:00","level":"INFO","msg":"OK   0039_purchase_items_vendor.sql (23.87ms)","source":"stdlog"}

[1A[2K[2m[WebServer] [22m{"time":"2026-10-01T21:51:59.118556226-04:00","level":"INFO","msg":"OK   0040_shopping_lists.sql (130.05ms)","source":"stdlog"}

[1A[2K[2m[WebServer] [22m{"time":"2026-10-01T21:51:59.127156896-04:00","level":"INFO","msg":"OK   0041_notification_channel.sql (8.51ms)","source":"stdlog"}

[1A[2K[2m[WebServer] [22m{"time":"2026-10-01T21:51:59.299855865-04:00","level":"INFO","msg":"OK   0042_repurchase_tracking.sql (172.59ms)","source":"stdlog"}

[1A[2K[2m[WebServer] [22m{"time":"2026-10-01T21:51:59.350090934-04:00","level":"INFO","msg":"OK   0043_alert_log.sql (50.1ms)","source":"stdlog"}

[1A[2K[2m[WebServer] [22m{"time":"2026-10-01T21:51:59.406639416-04:00","level":"INFO","msg":"OK   0044_low_stock_alert_log.sql (56.42ms)","source":"stdlog"}

[1A[2K[2m[WebServer] [22m{"time":"2026-10-01T21:51:59.454021558-04:00","level":"INFO","msg":"OK   0045_notification_channel_array.sql (47.23ms)","source":"stdlog"}

[1A[2K[2m[WebServer] [22m{"time":"2026-10-01T21:51:59.462157254-04:00","level":"INFO","msg":"OK   0046_user_timezone.sql (8.05ms)","source":"stdlog"}

[1A[2K[2m[WebServer] [22m{"time":"2026-10-01T21:51:59.534201409-04:00","level":"INFO","msg":"OK   0047_employee_fields.sql (71.84ms)","source":"stdlog"}

[1A[2K[2m[WebServer] [22m{"time":"2026-10-01T21:51:59.544899187-04:00","level":"INFO","msg":"OK   0048_notification_default_both.sql (10.58ms)","source":"stdlog"}

[1A[2K[2m[WebServer] [22m{"time":"2026-10-01T21:51:59.589693278-04:00","level":"INFO","msg":"OK   0049_ob_sub_items.sql (44.62ms)","source":"stdlog"}

[1A[2K[2m[WebServer] [22m{"time":"2026-10-01T21:51:59.600620607-04:00","level":"INFO","msg":"OK   0050_ob_progress_sub_item.sql (10.79ms)","source":"stdlog"}

[1A[2K[2m[WebServer] [22m{"time":"2026-10-01T21:51:59.608753318-04:00","level":"INFO","msg":"OK   0051_rejection_field_fk.sql (8.03ms)","source":"stdlog"}

[1A[2K[2m[WebServer] [22m{"time":"2026-10-01T21:51:59.624543518-04:00","level":"INFO","msg":"OK   0052_template_name_unique.sql (15.7ms)","source":"stdlog"}

[1A[2K[2m[WebServer] [22m{"time":"2026-10-01T21:51:59.632292649-04:00","level":"INFO","msg":"OK   0053_response_field_fk.sql (7.61ms)","source":"stdlog"}

[1A[2K[2m[WebServer] [22m{"time":"2026-10-01T21:51:59.640240584-04:00","level":"INFO","msg":"OK   0054_failnote_field_fk.sql (7.83ms)","source":"stdlog"}

[1A[2K[2m[WebServer] [22m{"time":"2026-10-01T21:51:59.647046931-04:00","level":"INFO","msg":"OK   0055_item_location_in_store.sql (6.7ms)","source":"stdlog"}

[1A[2K[2m[WebServer] [22m{"time":"2026-10-01T21:51:59.662892753-04:00","level":"INFO","msg":"OK   0056_ob_progress_photo.sql (15.74ms)","source":"stdlog"}

[1A[2K[2m[WebServer] [22m{"time":"2026-10-01T21:51:59.676832809-04:00","level":"INFO","msg":"OK   0057_ob_items_photo_type.sql (13.85ms)","source":"stdlog"}

[1A[2K[2m[WebServer] [22m{"time":"2026-10-01T21:51:59.691926892-04:00","level":"INFO","msg":"OK   0058_ob_sub_items_photos.sql (15ms)","source":"stdlog"}

[1A[2K[2m[WebServer] [22m{"time":"2026-10-01T21:51:59.69972856-04:00","level":"INFO","msg":"OK   0059_cleanup_photo_items.sql (7.71ms)","source":"stdlog"}

[1A[2K[2m[WebServer] [22m{"time":"2026-10-01T21:51:59.769967049-04:00","level":"INFO","msg":"OK   0060_menu_items.sql (70.11ms)","source":"stdlog"}

[1A[2K[2m[WebServer] [22m{"time":"2026-10-01T21:51:59.814030097-04:00","level":"INFO","msg":"OK   0061_daily_menu_sales.sql (43.95ms)","source":"stdlog"}

[1A[2K[2m[WebServer] [22m{"time":"2026-10-01T21:51:59.857260013-04:00","level":"INFO","msg":"OK   0062_recipes.sql (43.1ms)","source":"stdlog"}

[1A[2K[2m[WebServer] [22m{"time":"2026-10-01T21:51:59.886519823-04:00","level":"INFO","msg":"OK   0063_drift_check_results.sql (29.09ms)","source":"stdlog"}

[1A[2K[2m[WebServer] [22m{"time":"2026-10-01T21:51:59.902612112-04:00","level":"INFO","msg":"OK   0064_no_itemized_receipt_seed.sql (15.98ms)","source":"stdlog"}

[1A[2K[2m[WebServer] [22m{"time":"2026-10-01T21:51:59.915578937-04:00","level":"INFO","msg":"OK   0065_mercury_category_on_purchase_events.sql (12.85ms)","source":"stdlog"}

[1A[2K[2m[WebServer] [22m{"time":"2026-10-01T21:51:59.930273419-04:00","level":"INFO","msg":"OK   0066_mercury_category_on_pending_purchases.sql (14.57ms)","source":"stdlog"}

[1A[2K[2m[WebServer] [22m{"time":"2026-10-01T21:51:59.99614038-04:00","level":"INFO","msg":"OK   0067_receipt_sync_runs.sql (65.72ms)","source":"stdlog"}

[1A[2K[2m[WebServer] [22m{"time":"2026-10-01T21:52:00.023587773-04:00","level":"INFO","msg":"OK   0068_pending_purchases_bank_tx_uniq.sql (27.32ms)","source":"stdlog"}

[1A[2K[2m[WebServer] [22m{"time":"2026-10-01T21:52:00.035776999-04:00","level":"INFO","msg":"OK   0069_pending_purchases_parse_error.sql (12.05ms)","source":"stdlog"}

[1A[2K[2m[WebServer] [22m{"time":"2026-10-01T21:52:00.050971412-04:00","level":"INFO","msg":"OK   0070_receipt_urls.sql (15.09ms)","source":"stdlog"}

[1A[2K[2m[WebServer] [22m{"time":"2026-10-01T21:52:00.076489676-04:00","level":"INFO","msg":"OK   0071_submission_fail_notes_unique.sql (25.38ms)","source":"stdlog"}

[1A[2K[2m[WebServer] [22m{"time":"2026-10-01T21:52:00.095545709-04:00","level":"INFO","msg":"OK   0072_app_timezone_new_york.sql (18.91ms)","source":"stdlog"}

[1A[2K[2m[WebServer] [22m{"time":"2026-10-01T21:52:00.119411359-04:00","level":"INFO","msg":"OK   0073_sync_fdw_views.sql (23.55ms)","source":"stdlog"}

[1A[2K[2m[WebServer] [22m{"time":"2026-10-01T21:52:00.129808922-04:00","level":"INFO","msg":"OK   0074_sync_fdw_approver_view.sql (10.22ms)","source":"stdlog"}

[1A[2K[2m[WebServer] [22m{"time":"2026-10-01T21:52:00.202234373-04:00","level":"INFO","msg":"OK   0075_item_aliases.sql (72.29ms)","source":"stdlog"}

[1A[2K[2m[WebServer] [22m{"time":"2026-10-01T21:52:00.233119144-04:00","level":"INFO","msg":"OK   0076_checklist_template_app.sql (30.76ms)","source":"stdlog"}

[1A[2K[2m[WebServer] [22m{"time":"2026-10-01T21:52:00.285583655-04:00","level":"INFO","msg":"OK   0077_race_lost_notifications.sql (52.3ms)","source":"stdlog"}

[1A[2K[2m[WebServer] [22m{"time":"2026-10-01T21:52:00.299811417-04:00","level":"INFO","msg":"OK   0078_card_holder_on_purchases.sql (14.08ms)","source":"stdlog"}

[1A[2K[2m[WebServer] [22m{"time":"2026-10-01T21:52:00.322242301-04:00","level":"INFO","msg":"OK   0079_pending_purchases_retry_requested.sql (22.34ms)","source":"stdlog"}

[1A[2K[2m[WebServer] [22m{"time":"2026-10-01T21:52:00.337069844-04:00","level":"INFO","msg":"OK   0080_receipt_sync_runs_cancelled.sql (14.68ms)","source":"stdlog"}

[1A[2K[2m[WebServer] [22m{"time":"2026-10-01T21:52:00.360994844-04:00","level":"INFO","msg":"OK   0081_item_alias_display.sql (23.78ms)","source":"stdlog"}

[1A[2K[2m[WebServer] [22m{"time":"2026-10-01T21:52:00.378135927-04:00","level":"INFO","msg":"OK   0082_bi_grants.sql (16.98ms)","source":"stdlog"}

[1A[2K[2m[WebServer] [22m{"time":"2026-10-01T21:52:00.494273458-04:00","level":"INFO","msg":"OK   0083_campaigns_admin.sql (115.97ms)","source":"stdlog"}
[2m[WebServer] [22m{"time":"2026-10-01T21:52:00.494334204-04:00","level":"INFO","msg":"goose: successfully migrated database to version: 83","source":"stdlog"}
[2m[WebServer] [22m{"time":"2026-10-01T21:52:00.494346373-04:00","level":"INFO","msg":"database migrations applied successfully"}

[1A[2K[2m[WebServer] [22m{"time":"2026-10-01T21:52:00.572038684-04:00","level":"INFO","msg":"upserted superadmin","email":"jamal@yumyums.kitchen"}

[1A[2K[2m[WebServer] [22m{"time":"2026-10-01T21:52:00.610473531-04:00","level":"INFO","msg":"seeded template","name":"Setup Checklist","id":"a84652d1-0d3d-43c0-b37b-de656074b34f"}
[2m[WebServer] [22m{"time":"2026-10-01T21:52:00.610538666-04:00","level":"INFO","msg":"seeded templates","count":1}

[1A[2K[2m[WebServer] [22m{"time":"2026-10-01T21:52:00.644691758-04:00","level":"INFO","msg":"seeded onboarding template","name":"Kitchen Basics Training","id":"78e0b3cc-2969-473e-b8cf-1ba08c5ef3b9"}

[1A[2K[2m[WebServer] [22m{"time":"2026-10-01T21:52:00.672182027-04:00","level":"INFO","msg":"inventory: seeded vendors","count":5}

[1A[2K[2m[WebServer] [22m{"time":"2026-10-01T21:52:00.76079767-04:00","level":"INFO","msg":"inventory: seeded unique tags","count":19}

[1A[2K[2m[WebServer] [22m{"time":"2026-10-01T21:52:00.902782931-04:00","level":"INFO","msg":"inventory: seeded item groups","count":10}

[1A[2K[2m[WebServer] [22m{"time":"2026-10-01T21:52:01.770694737-04:00","level":"INFO","msg":"inventory: seeded purchase items from YAML","count":106}
[2m[WebServer] [22m{"time":"2026-10-01T21:52:01.770755913-04:00","level":"WARN","msg":"object storage env vars not set, photo and video upload endpoints will return 503","required":"STORAGE_KEY, STORAGE_SECRET, STORAGE_BUCKET, STORAGE_ENDPOINT, STORAGE_REGION"}

[1A[2K[2m[WebServer] [22m{"time":"2026-10-01T21:52:01.770813791-04:00","level":"WARN","msg":"HQ_INVENTORY_SERVICE_TOKEN not set, /api/v1/inventory/period-summary AND /api/v1/inventory/menu-cogs will return 503"}
[2m[WebServer] [22m{"time":"2026-10-01T21:52:01.770870669-04:00","level":"INFO","msg":"marketing campaign projection not configured; campaigns will save with projected_at NULL and warnings:[\"not_projected\"]","missing":"HQ_SYNC_REST_URL and/or HQ_SYNC_SERVICE_KEY"}
[2m[WebServer] [22m{"time":"2026-10-01T21:52:01.770956337-04:00","level":"INFO","msg":"inventory COGS category allowlist","allowlist":["COGS"]}

[1A[2K[2m[WebServer] [22m{"time":"2026-10-01T21:52:01.771526319-04:00","level":"INFO","msg":"redemption arbiter not configured; POST /api/v1/marketing/redeem answers 503","missing":"HQ_SYNC_REST_URL and/or HQ_SYNC_SERVICE_KEY"}

[1A[2K[2m[WebServer] [22m{"time":"2026-10-01T21:52:01.771652671-04:00","level":"INFO","msg":"receipt worker disabled","reason":"E2E_DISABLE_SCHEDULERS=1"}
[2m[WebServer] [22m{"time":"2026-10-01T21:52:01.771727842-04:00","level":"INFO","msg":"alert queue started","delivery_enabled":false}
[2m[WebServer] [22m{"time":"2026-10-01T21:52:01.771748335-04:00","level":"INFO","msg":"cutoff scheduler disabled","reason":"E2E_DISABLE_SCHEDULERS=1"}

[1A[2K[2m[WebServer] [22m{"time":"2026-10-01T21:52:01.771781922-04:00","level":"INFO","msg":"toast worker disabled, cmd/sync-toast remains available","reason":"TOAST_SYNC_INTERVAL=0"}
[2m[WebServer] [22m{"time":"2026-10-01T21:52:01.77186669-04:00","level":"INFO","msg":"alerts queue started"}

[1A[2K[2m[WebServer] [22m{"time":"2026-10-01T21:52:01.794885009-04:00","level":"INFO","msg":"server listening","port":"8521"}

[1A[2K[2m[WebServer] [22m{"time":"2026-10-01T21:52:01.805188578-04:00","level":"INFO","msg":"reachable at","url":"http://10.255.255.254:8521"}
[2m[WebServer] [22m{"time":"2026-10-01T21:52:01.805239059-04:00","level":"INFO","msg":"reachable at","url":"http://100.70.200.55:8521"}
[2m[WebServer] [22m{"time":"2026-10-01T21:52:01.805250055-04:00","level":"INFO","msg":"reachable at","url":"http://192.168.8.164:8521"}
[2m[WebServer] [22m{"time":"2026-10-01T21:52:01.80526265-04:00","level":"INFO","msg":"Yumyums HQ ready, accepting connections"}


Running 1 test using 1 worker

[1A[2K[1/1] [chromium] › tests/inventory.spec.js:2186:3 › Inventory › Setup item editor shows alias chips, adds and removes nicknames


































































































[1A[2K  1) [chromium] › tests/inventory.spec.js:2186:3 › Inventory › Setup item editor shows alias chips, adds and removes nicknames 

    Error: [2mexpect([22m[31mlocator[39m[2m).[22mtoHaveCount[2m([22m[32mexpected[39m[2m)[22m failed

    Locator:  locator('.item-edit-form[data-item-id="1719385e-bed9-4b22-8c09-bf8d9bf36b3e"]').locator('.alias-chip')
    Expected: [32m2[39m
    Received: [31m1[39m
    Timeout:  5000ms

    Call log:
    [2m  - Expect "toHaveCount" with timeout 5000ms[22m
    [2m  - waiting for locator('.item-edit-form[data-item-id="1719385e-bed9-4b22-8c09-bf8d9bf36b3e"]').locator('.alias-chip')[22m
    [2m    9 × locator resolved to 1 element[22m
    [2m      - unexpected value "1"[22m


      2212 |     await form.locator('.item-alias-input').fill(typedAlias);
      2213 |     await form.locator('button[data-action="add-item-alias"]').click();
    > 2214 |     await expect(form.locator('.alias-chip')).toHaveCount(2);
           |                                               ^
      2215 |     await expect(form.locator('.alias-chips')).toContainText(typedAlias);
      2216 |     // Remove the seeded one
      2217 |     await form.locator('.alias-chip-x[data-alias="' + seededAlias + '"]').click();
        at /home/jcole/projects/hq-worktrees/h2-campaigns-tab-ui/tests/inventory.spec.js:2214:47

    Error Context: test-results/inventory-Inventory-Setup--fe902--adds-and-removes-nicknames-chromium/error-context.md


[1A[2K  1 failed
    [chromium] › tests/inventory.spec.js:2186:3 › Inventory › Setup item editor shows alias chips, adds and removes nicknames 
ALIAS_A_EXIT=1

--- same test ALONE, pass B ---
[1A[2K[2m[WebServer] [22m── reset hq_test_e2e_h2_20261002 on localhost:5434 ──

[1A[2K[2m[WebServer] [22m── wrote version.json frontend=1.10.2 ──

[1A[2K[2m[WebServer] [22m{"time":"2026-10-01T21:54:38.689123483-04:00","level":"INFO","msg":"serving static files from disk","dir":"../"}
[2m[WebServer] [22m{"time":"2026-10-01T21:54:38.68956321-04:00","level":"INFO","msg":"loaded superadmins","count":1}

[1A[2K[2m[WebServer] [22m{"time":"2026-10-01T21:54:38.709001522-04:00","level":"INFO","msg":"connected to database"}

[1A[2K[2m[WebServer] [22m{"time":"2026-10-01T21:54:38.778003863-04:00","level":"INFO","msg":"OK   0001_users.sql (36.37ms)","source":"stdlog"}

[1A[2K[2m[WebServer] [22m{"time":"2026-10-01T21:54:38.832088609-04:00","level":"INFO","msg":"OK   0002_sessions.sql (53.61ms)","source":"stdlog"}

[1A[2K[2m[WebServer] [22m{"time":"2026-10-01T21:54:38.876088516-04:00","level":"INFO","msg":"OK   0003_invite_tokens.sql (43.85ms)","source":"stdlog"}

[1A[2K[2m[WebServer] [22m{"time":"2026-10-01T21:54:38.922486973-04:00","level":"INFO","msg":"OK   0004_hq_apps.sql (46.24ms)","source":"stdlog"}

[1A[2K[2m[WebServer] [22m{"time":"2026-10-01T21:54:38.961569268-04:00","level":"INFO","msg":"OK   0005_app_permissions.sql (38.93ms)","source":"stdlog"}

[1A[2K[2m[WebServer] [22m{"time":"2026-10-01T21:54:38.985213729-04:00","level":"INFO","msg":"OK   0006_checklist_templates.sql (23.54ms)","source":"stdlog"}

[1A[2K[2m[WebServer] [22m{"time":"2026-10-01T21:54:39.006781482-04:00","level":"INFO","msg":"OK   0007_checklist_schedules.sql (21.48ms)","source":"stdlog"}

[1A[2K[2m[WebServer] [22m{"time":"2026-10-01T21:54:39.028609552-04:00","level":"INFO","msg":"OK   0008_template_assignments.sql (21.73ms)","source":"stdlog"}

[1A[2K[2m[WebServer] [22m{"time":"2026-10-01T21:54:39.186571313-04:00","level":"INFO","msg":"OK   0009_checklist_sections.sql (157.75ms)","source":"stdlog"}

[1A[2K[2m[WebServer] [22m{"time":"2026-10-01T21:54:39.220141428-04:00","level":"INFO","msg":"OK   0010_checklist_fields.sql (33.45ms)","source":"stdlog"}

[1A[2K[2m[WebServer] [22m{"time":"2026-10-01T21:54:39.264598741-04:00","level":"INFO","msg":"OK   0011_checklist_submissions.sql (44.31ms)","source":"stdlog"}

[1A[2K[2m[WebServer] [22m{"time":"2026-10-01T21:54:39.348795989-04:00","level":"INFO","msg":"OK   0012_submission_responses.sql (84.09ms)","source":"stdlog"}

[1A[2K[2m[WebServer] [22m{"time":"2026-10-01T21:54:39.39642595-04:00","level":"INFO","msg":"OK   0013_submission_fail_notes.sql (47.44ms)","source":"stdlog"}

[1A[2K[2m[WebServer] [22m{"time":"2026-10-01T21:54:39.433068745-04:00","level":"INFO","msg":"OK   0014_submission_rejections.sql (36.51ms)","source":"stdlog"}

[1A[2K[2m[WebServer] [22m{"time":"2026-10-01T21:54:39.500745718-04:00","level":"INFO","msg":"OK   0015_ops.sql (67.53ms)","source":"stdlog"}

[1A[2K[2m[WebServer] [22m{"time":"2026-10-01T21:54:39.515121344-04:00","level":"INFO","msg":"OK   0016_lamport_ts.sql (14.18ms)","source":"stdlog"}

[1A[2K[2m[WebServer] [22m{"time":"2026-10-01T21:54:39.535813358-04:00","level":"INFO","msg":"OK   0017_users_naming.sql (20.59ms)","source":"stdlog"}

[1A[2K[2m[WebServer] [22m{"time":"2026-10-01T21:54:39.598849068-04:00","level":"INFO","msg":"OK   0018_ob_templates.sql (62.91ms)","source":"stdlog"}

[1A[2K[2m[WebServer] [22m{"time":"2026-10-01T21:54:39.676762577-04:00","level":"INFO","msg":"OK   0019_ob_items.sql (77.78ms)","source":"stdlog"}

[1A[2K[2m[WebServer] [22m{"time":"2026-10-01T21:54:39.734119016-04:00","level":"INFO","msg":"OK   0020_ob_progress.sql (57.25ms)","source":"stdlog"}

[1A[2K[2m[WebServer] [22m{"time":"2026-10-01T21:54:39.773581179-04:00","level":"INFO","msg":"OK   0021_ob_signoffs.sql (39.32ms)","source":"stdlog"}

[1A[2K[2m[WebServer] [22m{"time":"2026-10-01T21:54:39.811625368-04:00","level":"INFO","msg":"OK   0022_ob_template_assignments.sql (37.96ms)","source":"stdlog"}

[1A[2K[2m[WebServer] [22m{"time":"2026-10-01T21:54:39.886116557-04:00","level":"INFO","msg":"OK   0023_multi_role.sql (74.35ms)","source":"stdlog"}

[1A[2K[2m[WebServer] [22m{"time":"2026-10-01T21:54:40.117641154-04:00","level":"INFO","msg":"OK   0024_inventory.sql (231.23ms)","source":"stdlog"}

[1A[2K[2m[WebServer] [22m{"time":"2026-10-01T21:54:40.180122952-04:00","level":"INFO","msg":"OK   0025_pending_purchases.sql (62.37ms)","source":"stdlog"}

[1A[2K[2m[WebServer] [22m{"time":"2026-10-01T21:54:40.191312769-04:00","level":"INFO","msg":"OK   0026_ob_progress_faq.sql (11.09ms)","source":"stdlog"}

[1A[2K[2m[WebServer] [22m{"time":"2026-10-01T21:54:40.19936589-04:00","level":"INFO","msg":"OK   0027_ob_section_signoff_roles.sql (7.9ms)","source":"stdlog"}

[1A[2K[2m[WebServer] [22m{"time":"2026-10-01T21:54:40.218584251-04:00","level":"INFO","msg":"OK   0028_ob_video_upgrade.sql (19.12ms)","source":"stdlog"}

[1A[2K[2m[WebServer] [22m{"time":"2026-10-01T21:54:40.225956409-04:00","level":"INFO","msg":"OK   0029_ob_templates_archived_at.sql (7.27ms)","source":"stdlog"}

[1A[2K[2m[WebServer] [22m{"time":"2026-10-01T21:54:40.255536873-04:00","level":"INFO","msg":"OK   0030_item_groups_unique_name.sql (29.35ms)","source":"stdlog"}

[1A[2K[2m[WebServer] [22m{"time":"2026-10-01T21:54:40.265536194-04:00","level":"INFO","msg":"OK   0031_remove_placeholder_items.sql (9.88ms)","source":"stdlog"}

[1A[2K[2m[WebServer] [22m{"time":"2026-10-01T21:54:40.283297257-04:00","level":"INFO","msg":"OK   0032_item_group_thresholds.sql (17.63ms)","source":"stdlog"}

[1A[2K[2m[WebServer] [22m{"time":"2026-10-01T21:54:40.328086361-04:00","level":"INFO","msg":"OK   0033_stock_count_overrides.sql (44.63ms)","source":"stdlog"}

[1A[2K[2m[WebServer] [22m{"time":"2026-10-01T21:54:40.434278728-04:00","level":"INFO","msg":"OK   0034_purchase_orders.sql (105.99ms)","source":"stdlog"}

[1A[2K[2m[WebServer] [22m{"time":"2026-10-01T21:54:40.454476308-04:00","level":"INFO","msg":"OK   0035_purchase_items_photo_store.sql (20.11ms)","source":"stdlog"}

[1A[2K[2m[WebServer] [22m{"time":"2026-10-01T21:54:40.472883137-04:00","level":"INFO","msg":"OK   0036_purchase_items_full_name.sql (18.32ms)","source":"stdlog"}

[1A[2K[2m[WebServer] [22m{"time":"2026-10-01T21:54:40.509852548-04:00","level":"INFO","msg":"OK   0037_cutoff_config.sql (36.87ms)","source":"stdlog"}

[1A[2K[2m[WebServer] [22m{"time":"2026-10-01T21:54:40.53391067-04:00","level":"INFO","msg":"OK   0038_po_status_extend.sql (23.87ms)","source":"stdlog"}

[1A[2K[2m[WebServer] [22m{"time":"2026-10-01T21:54:40.560507965-04:00","level":"INFO","msg":"OK   0039_purchase_items_vendor.sql (26.4ms)","source":"stdlog"}

[1A[2K[2m[WebServer] [22m{"time":"2026-10-01T21:54:40.684034288-04:00","level":"INFO","msg":"OK   0040_shopping_lists.sql (123.33ms)","source":"stdlog"}

[1A[2K[2m[WebServer] [22m{"time":"2026-10-01T21:54:40.702237627-04:00","level":"INFO","msg":"OK   0041_notification_channel.sql (18.08ms)","source":"stdlog"}

[1A[2K[2m[WebServer] [22m{"time":"2026-10-01T21:54:40.775589545-04:00","level":"INFO","msg":"OK   0042_repurchase_tracking.sql (73.21ms)","source":"stdlog"}

[1A[2K[2m[WebServer] [22m{"time":"2026-10-01T21:54:40.823633577-04:00","level":"INFO","msg":"OK   0043_alert_log.sql (47.92ms)","source":"stdlog"}

[1A[2K[2m[WebServer] [22m{"time":"2026-10-01T21:54:40.86897439-04:00","level":"INFO","msg":"OK   0044_low_stock_alert_log.sql (45.24ms)","source":"stdlog"}

[1A[2K[2m[WebServer] [22m{"time":"2026-10-01T21:54:40.917917843-04:00","level":"INFO","msg":"OK   0045_notification_channel_array.sql (48.81ms)","source":"stdlog"}

[1A[2K[2m[WebServer] [22m{"time":"2026-10-01T21:54:40.925763226-04:00","level":"INFO","msg":"OK   0046_user_timezone.sql (7.73ms)","source":"stdlog"}

[1A[2K[2m[WebServer] [22m{"time":"2026-10-01T21:54:40.989172056-04:00","level":"INFO","msg":"OK   0047_employee_fields.sql (63.28ms)","source":"stdlog"}

[1A[2K[2m[WebServer] [22m{"time":"2026-10-01T21:54:40.996709979-04:00","level":"INFO","msg":"OK   0048_notification_default_both.sql (7.43ms)","source":"stdlog"}

[1A[2K[2m[WebServer] [22m{"time":"2026-10-01T21:54:41.036280316-04:00","level":"INFO","msg":"OK   0049_ob_sub_items.sql (39.48ms)","source":"stdlog"}

[1A[2K[2m[WebServer] [22m{"time":"2026-10-01T21:54:41.044096444-04:00","level":"INFO","msg":"OK   0050_ob_progress_sub_item.sql (7.72ms)","source":"stdlog"}

[1A[2K[2m[WebServer] [22m{"time":"2026-10-01T21:54:41.050849394-04:00","level":"INFO","msg":"OK   0051_rejection_field_fk.sql (6.67ms)","source":"stdlog"}

[1A[2K[2m[WebServer] [22m{"time":"2026-10-01T21:54:41.065931493-04:00","level":"INFO","msg":"OK   0052_template_name_unique.sql (15ms)","source":"stdlog"}

[1A[2K[2m[WebServer] [22m{"time":"2026-10-01T21:54:41.073649367-04:00","level":"INFO","msg":"OK   0053_response_field_fk.sql (7.61ms)","source":"stdlog"}

[1A[2K[2m[WebServer] [22m{"time":"2026-10-01T21:54:41.081254722-04:00","level":"INFO","msg":"OK   0054_failnote_field_fk.sql (7.5ms)","source":"stdlog"}

[1A[2K[2m[WebServer] [22m{"time":"2026-10-01T21:54:41.088519681-04:00","level":"INFO","msg":"OK   0055_item_location_in_store.sql (7.16ms)","source":"stdlog"}

[1A[2K[2m[WebServer] [22m{"time":"2026-10-01T21:54:41.102737436-04:00","level":"INFO","msg":"OK   0056_ob_progress_photo.sql (14.1ms)","source":"stdlog"}

[1A[2K[2m[WebServer] [22m{"time":"2026-10-01T21:54:41.116452188-04:00","level":"INFO","msg":"OK   0057_ob_items_photo_type.sql (13.6ms)","source":"stdlog"}

[1A[2K[2m[WebServer] [22m{"time":"2026-10-01T21:54:41.136359818-04:00","level":"INFO","msg":"OK   0058_ob_sub_items_photos.sql (19.79ms)","source":"stdlog"}

[1A[2K[2m[WebServer] [22m{"time":"2026-10-01T21:54:41.14732824-04:00","level":"INFO","msg":"OK   0059_cleanup_photo_items.sql (10.88ms)","source":"stdlog"}

[1A[2K[2m[WebServer] [22m{"time":"2026-10-01T21:54:41.232883389-04:00","level":"INFO","msg":"OK   0060_menu_items.sql (85.41ms)","source":"stdlog"}

[1A[2K[2m[WebServer] [22m{"time":"2026-10-01T21:54:41.279626653-04:00","level":"INFO","msg":"OK   0061_daily_menu_sales.sql (46.61ms)","source":"stdlog"}

[1A[2K[2m[WebServer] [22m{"time":"2026-10-01T21:54:41.348629246-04:00","level":"INFO","msg":"OK   0062_recipes.sql (68.83ms)","source":"stdlog"}

[1A[2K[2m[WebServer] [22m{"time":"2026-10-01T21:54:41.392318064-04:00","level":"INFO","msg":"OK   0063_drift_check_results.sql (43.49ms)","source":"stdlog"}

[1A[2K[2m[WebServer] [22m{"time":"2026-10-01T21:54:41.426538566-04:00","level":"INFO","msg":"OK   0064_no_itemized_receipt_seed.sql (34.04ms)","source":"stdlog"}

[1A[2K[2m[WebServer] [22m{"time":"2026-10-01T21:54:41.450206829-04:00","level":"INFO","msg":"OK   0065_mercury_category_on_purchase_events.sql (23.57ms)","source":"stdlog"}

[1A[2K[2m[WebServer] [22m{"time":"2026-10-01T21:54:41.470537625-04:00","level":"INFO","msg":"OK   0066_mercury_category_on_pending_purchases.sql (19.53ms)","source":"stdlog"}

[1A[2K[2m[WebServer] [22m{"time":"2026-10-01T21:54:41.55038853-04:00","level":"INFO","msg":"OK   0067_receipt_sync_runs.sql (79.72ms)","source":"stdlog"}

[1A[2K[2m[WebServer] [22m{"time":"2026-10-01T21:54:41.597404192-04:00","level":"INFO","msg":"OK   0068_pending_purchases_bank_tx_uniq.sql (46.85ms)","source":"stdlog"}

[1A[2K[2m[WebServer] [22m{"time":"2026-10-01T21:54:41.622556876-04:00","level":"INFO","msg":"OK   0069_pending_purchases_parse_error.sql (24.99ms)","source":"stdlog"}

[1A[2K[2m[WebServer] [22m{"time":"2026-10-01T21:54:41.647532987-04:00","level":"INFO","msg":"OK   0070_receipt_urls.sql (24.88ms)","source":"stdlog"}

[1A[2K[2m[WebServer] [22m{"time":"2026-10-01T21:54:41.677759517-04:00","level":"INFO","msg":"OK   0071_submission_fail_notes_unique.sql (28.94ms)","source":"stdlog"}

[1A[2K[2m[WebServer] [22m{"time":"2026-10-01T21:54:41.70941876-04:00","level":"INFO","msg":"OK   0072_app_timezone_new_york.sql (31.56ms)","source":"stdlog"}

[1A[2K[2m[WebServer] [22m{"time":"2026-10-01T21:54:41.78633118-04:00","level":"INFO","msg":"OK   0073_sync_fdw_views.sql (76.61ms)","source":"stdlog"}

[1A[2K[2m[WebServer] [22m{"time":"2026-10-01T21:54:41.864288867-04:00","level":"INFO","msg":"OK   0074_sync_fdw_approver_view.sql (77.79ms)","source":"stdlog"}

[1A[2K[2m[WebServer] [22m{"time":"2026-10-01T21:54:42.026511856-04:00","level":"INFO","msg":"OK   0075_item_aliases.sql (162.08ms)","source":"stdlog"}

[1A[2K[2m[WebServer] [22m{"time":"2026-10-01T21:54:42.059571285-04:00","level":"INFO","msg":"OK   0076_checklist_template_app.sql (32.89ms)","source":"stdlog"}

[1A[2K[2m[WebServer] [22m{"time":"2026-10-01T21:54:42.10489573-04:00","level":"INFO","msg":"OK   0077_race_lost_notifications.sql (45.14ms)","source":"stdlog"}

[1A[2K[2m[WebServer] [22m{"time":"2026-10-01T21:54:42.121056307-04:00","level":"INFO","msg":"OK   0078_card_holder_on_purchases.sql (16.04ms)","source":"stdlog"}

[1A[2K[2m[WebServer] [22m{"time":"2026-10-01T21:54:42.147829915-04:00","level":"INFO","msg":"OK   0079_pending_purchases_retry_requested.sql (26.58ms)","source":"stdlog"}

[1A[2K[2m[WebServer] [22m{"time":"2026-10-01T21:54:42.163027586-04:00","level":"INFO","msg":"OK   0080_receipt_sync_runs_cancelled.sql (15.04ms)","source":"stdlog"}

[1A[2K[2m[WebServer] [22m{"time":"2026-10-01T21:54:42.191997901-04:00","level":"INFO","msg":"OK   0081_item_alias_display.sql (28.79ms)","source":"stdlog"}

[1A[2K[2m[WebServer] [22m{"time":"2026-10-01T21:54:42.210323601-04:00","level":"INFO","msg":"OK   0082_bi_grants.sql (18.16ms)","source":"stdlog"}

[1A[2K[2m[WebServer] [22m{"time":"2026-10-01T21:54:42.320836291-04:00","level":"INFO","msg":"OK   0083_campaigns_admin.sql (110.29ms)","source":"stdlog"}
[2m[WebServer] [22m{"time":"2026-10-01T21:54:42.320898548-04:00","level":"INFO","msg":"goose: successfully migrated database to version: 83","source":"stdlog"}
[2m[WebServer] [22m{"time":"2026-10-01T21:54:42.32091434-04:00","level":"INFO","msg":"database migrations applied successfully"}

[1A[2K[2m[WebServer] [22m{"time":"2026-10-01T21:54:42.401160253-04:00","level":"INFO","msg":"upserted superadmin","email":"jamal@yumyums.kitchen"}

[1A[2K[2m[WebServer] [22m{"time":"2026-10-01T21:54:42.442463307-04:00","level":"INFO","msg":"seeded template","name":"Setup Checklist","id":"fd3aa5e9-34cd-4c15-8f0d-c7e026a82346"}
[2m[WebServer] [22m{"time":"2026-10-01T21:54:42.442540546-04:00","level":"INFO","msg":"seeded templates","count":1}

[1A[2K[2m[WebServer] [22m{"time":"2026-10-01T21:54:42.484694141-04:00","level":"INFO","msg":"seeded onboarding template","name":"Kitchen Basics Training","id":"613dcbfb-6492-4b5a-844d-1c2688e6273f"}

[1A[2K[2m[WebServer] [22m{"time":"2026-10-01T21:54:42.505541094-04:00","level":"INFO","msg":"inventory: seeded vendors","count":5}

[1A[2K[2m[WebServer] [22m{"time":"2026-10-01T21:54:42.58771029-04:00","level":"INFO","msg":"inventory: seeded unique tags","count":19}

[1A[2K[2m[WebServer] [22m{"time":"2026-10-01T21:54:42.736933818-04:00","level":"INFO","msg":"inventory: seeded item groups","count":10}

[1A[2K[2m[WebServer] [22m{"time":"2026-10-01T21:54:43.298721579-04:00","level":"INFO","msg":"inventory: seeded purchase items from YAML","count":106}
[2m[WebServer] [22m{"time":"2026-10-01T21:54:43.29877758-04:00","level":"WARN","msg":"object storage env vars not set, photo and video upload endpoints will return 503","required":"STORAGE_KEY, STORAGE_SECRET, STORAGE_BUCKET, STORAGE_ENDPOINT, STORAGE_REGION"}

[1A[2K[2m[WebServer] [22m{"time":"2026-10-01T21:54:43.298869127-04:00","level":"WARN","msg":"HQ_INVENTORY_SERVICE_TOKEN not set, /api/v1/inventory/period-summary AND /api/v1/inventory/menu-cogs will return 503"}
[2m[WebServer] [22m{"time":"2026-10-01T21:54:43.298954598-04:00","level":"INFO","msg":"marketing campaign projection not configured; campaigns will save with projected_at NULL and warnings:[\"not_projected\"]","missing":"HQ_SYNC_REST_URL and/or HQ_SYNC_SERVICE_KEY"}
[2m[WebServer] [22m{"time":"2026-10-01T21:54:43.299025587-04:00","level":"INFO","msg":"inventory COGS category allowlist","allowlist":["COGS"]}

[1A[2K[2m[WebServer] [22m{"time":"2026-10-01T21:54:43.299671681-04:00","level":"INFO","msg":"redemption arbiter not configured; POST /api/v1/marketing/redeem answers 503","missing":"HQ_SYNC_REST_URL and/or HQ_SYNC_SERVICE_KEY"}
[2m[WebServer] [22m{"time":"2026-10-01T21:54:43.299792798-04:00","level":"INFO","msg":"receipt worker disabled","reason":"E2E_DISABLE_SCHEDULERS=1"}
[2m[WebServer] [22m{"time":"2026-10-01T21:54:43.299861762-04:00","level":"INFO","msg":"alert queue started","delivery_enabled":false}
[2m[WebServer] [22m{"time":"2026-10-01T21:54:43.299898421-04:00","level":"INFO","msg":"cutoff scheduler disabled","reason":"E2E_DISABLE_SCHEDULERS=1"}
[2m[WebServer] [22m{"time":"2026-10-01T21:54:43.299932346-04:00","level":"INFO","msg":"toast worker disabled, cmd/sync-toast remains available","reason":"TOAST_SYNC_INTERVAL=0"}

[1A[2K[2m[WebServer] [22m{"time":"2026-10-01T21:54:43.300077261-04:00","level":"INFO","msg":"alerts queue started"}

[1A[2K[2m[WebServer] [22m{"time":"2026-10-01T21:54:43.327273646-04:00","level":"INFO","msg":"server listening","port":"8521"}

[1A[2K[2m[WebServer] [22m{"time":"2026-10-01T21:54:43.337841832-04:00","level":"INFO","msg":"reachable at","url":"http://10.255.255.254:8521"}
[2m[WebServer] [22m{"time":"2026-10-01T21:54:43.337909986-04:00","level":"INFO","msg":"reachable at","url":"http://100.70.200.55:8521"}
[2m[WebServer] [22m{"time":"2026-10-01T21:54:43.337925885-04:00","level":"INFO","msg":"reachable at","url":"http://192.168.8.164:8521"}
[2m[WebServer] [22m{"time":"2026-10-01T21:54:43.337945936-04:00","level":"INFO","msg":"Yumyums HQ ready, accepting connections"}


Running 1 test using 1 worker

[1A[2K[1/1] [chromium] › tests/inventory.spec.js:2186:3 › Inventory › Setup item editor shows alias chips, adds and removes nicknames


































































































[1A[2K  1 passed (2.5m)
ALIAS_B_EXIT=0
EXIT3=0
