[2m[WebServer] [22m── reset hq_test_c3impl on localhost:5434 ──
[2m[WebServer] [22m── wrote version.json frontend=1.4.0 ──
[2m[WebServer] [22m{"time":"2026-08-07T18:15:56.842806827-04:00","level":"INFO","msg":"serving static files from disk","dir":"../"}
[2m[WebServer] [22m{"time":"2026-08-07T18:15:56.843092076-04:00","level":"INFO","msg":"loaded superadmins","count":1}
[2m[WebServer] [22m{"time":"2026-08-07T18:15:56.860593731-04:00","level":"INFO","msg":"connected to database"}
[2m[WebServer] [22m{"time":"2026-08-07T18:15:56.929673414-04:00","level":"INFO","msg":"OK   0001_users.sql (42.68ms)","source":"stdlog"}
[2m[WebServer] [22m{"time":"2026-08-07T18:15:56.977375362-04:00","level":"INFO","msg":"OK   0002_sessions.sql (47.24ms)","source":"stdlog"}
[2m[WebServer] [22m{"time":"2026-08-07T18:15:57.032605893-04:00","level":"INFO","msg":"OK   0003_invite_tokens.sql (55.03ms)","source":"stdlog"}
[2m[WebServer] [22m{"time":"2026-08-07T18:15:57.066009791-04:00","level":"INFO","msg":"OK   0004_hq_apps.sql (33.29ms)","source":"stdlog"}
[2m[WebServer] [22m{"time":"2026-08-07T18:15:57.112242588-04:00","level":"INFO","msg":"OK   0005_app_permissions.sql (45.96ms)","source":"stdlog"}
[2m[WebServer] [22m{"time":"2026-08-07T18:15:57.13647195-04:00","level":"INFO","msg":"OK   0006_checklist_templates.sql (24.09ms)","source":"stdlog"}
[2m[WebServer] [22m{"time":"2026-08-07T18:15:57.166205895-04:00","level":"INFO","msg":"OK   0007_checklist_schedules.sql (21.2ms)","source":"stdlog"}
[2m[WebServer] [22m{"time":"2026-08-07T18:15:57.210369935-04:00","level":"INFO","msg":"OK   0008_template_assignments.sql (44.02ms)","source":"stdlog"}
[2m[WebServer] [22m{"time":"2026-08-07T18:15:57.237559964-04:00","level":"INFO","msg":"OK   0009_checklist_sections.sql (27.06ms)","source":"stdlog"}
[2m[WebServer] [22m{"time":"2026-08-07T18:15:57.26880246-04:00","level":"INFO","msg":"OK   0010_checklist_fields.sql (31.1ms)","source":"stdlog"}
[2m[WebServer] [22m{"time":"2026-08-07T18:15:57.308666982-04:00","level":"INFO","msg":"OK   0011_checklist_submissions.sql (39.74ms)","source":"stdlog"}
[2m[WebServer] [22m{"time":"2026-08-07T18:15:57.357865872-04:00","level":"INFO","msg":"OK   0012_submission_responses.sql (48.91ms)","source":"stdlog"}
[2m[WebServer] [22m{"time":"2026-08-07T18:15:57.389386991-04:00","level":"INFO","msg":"OK   0013_submission_fail_notes.sql (31.4ms)","source":"stdlog"}
[2m[WebServer] [22m{"time":"2026-08-07T18:15:57.421371233-04:00","level":"INFO","msg":"OK   0014_submission_rejections.sql (31.88ms)","source":"stdlog"}
[2m[WebServer] [22m{"time":"2026-08-07T18:15:57.470300972-04:00","level":"INFO","msg":"OK   0015_ops.sql (48.83ms)","source":"stdlog"}
[2m[WebServer] [22m{"time":"2026-08-07T18:15:57.484617605-04:00","level":"INFO","msg":"OK   0016_lamport_ts.sql (14.22ms)","source":"stdlog"}
[2m[WebServer] [22m{"time":"2026-08-07T18:15:57.501893523-04:00","level":"INFO","msg":"OK   0017_users_naming.sql (17.12ms)","source":"stdlog"}
[2m[WebServer] [22m{"time":"2026-08-07T18:15:57.561189915-04:00","level":"INFO","msg":"OK   0018_ob_templates.sql (59.19ms)","source":"stdlog"}
[2m[WebServer] [22m{"time":"2026-08-07T18:15:57.635409023-04:00","level":"INFO","msg":"OK   0019_ob_items.sql (74.1ms)","source":"stdlog"}
[2m[WebServer] [22m{"time":"2026-08-07T18:15:57.687779436-04:00","level":"INFO","msg":"OK   0020_ob_progress.sql (52.26ms)","source":"stdlog"}
[2m[WebServer] [22m{"time":"2026-08-07T18:15:57.727026563-04:00","level":"INFO","msg":"OK   0021_ob_signoffs.sql (39.14ms)","source":"stdlog"}
[2m[WebServer] [22m{"time":"2026-08-07T18:15:57.765635866-04:00","level":"INFO","msg":"OK   0022_ob_template_assignments.sql (38.41ms)","source":"stdlog"}
[2m[WebServer] [22m{"time":"2026-08-07T18:15:57.829436693-04:00","level":"INFO","msg":"OK   0023_multi_role.sql (63.66ms)","source":"stdlog"}
[2m[WebServer] [22m{"time":"2026-08-07T18:15:58.025993354-04:00","level":"INFO","msg":"OK   0024_inventory.sql (196.4ms)","source":"stdlog"}
[2m[WebServer] [22m{"time":"2026-08-07T18:15:58.067062644-04:00","level":"INFO","msg":"OK   0025_pending_purchases.sql (40.91ms)","source":"stdlog"}
[2m[WebServer] [22m{"time":"2026-08-07T18:15:58.075179788-04:00","level":"INFO","msg":"OK   0026_ob_progress_faq.sql (7.97ms)","source":"stdlog"}
[2m[WebServer] [22m{"time":"2026-08-07T18:15:58.082332357-04:00","level":"INFO","msg":"OK   0027_ob_section_signoff_roles.sql (7.03ms)","source":"stdlog"}
[2m[WebServer] [22m{"time":"2026-08-07T18:15:58.098057344-04:00","level":"INFO","msg":"OK   0028_ob_video_upgrade.sql (15.65ms)","source":"stdlog"}
[2m[WebServer] [22m{"time":"2026-08-07T18:15:58.104994299-04:00","level":"INFO","msg":"OK   0029_ob_templates_archived_at.sql (6.85ms)","source":"stdlog"}
[2m[WebServer] [22m{"time":"2026-08-07T18:15:58.131240739-04:00","level":"INFO","msg":"OK   0030_item_groups_unique_name.sql (26.08ms)","source":"stdlog"}
[2m[WebServer] [22m{"time":"2026-08-07T18:15:58.146336496-04:00","level":"INFO","msg":"OK   0031_remove_placeholder_items.sql (14.95ms)","source":"stdlog"}
[2m[WebServer] [22m{"time":"2026-08-07T18:15:58.165269472-04:00","level":"INFO","msg":"OK   0032_item_group_thresholds.sql (18.84ms)","source":"stdlog"}
[2m[WebServer] [22m{"time":"2026-08-07T18:15:58.199753677-04:00","level":"INFO","msg":"OK   0033_stock_count_overrides.sql (34.35ms)","source":"stdlog"}
[2m[WebServer] [22m{"time":"2026-08-07T18:15:58.28805512-04:00","level":"INFO","msg":"OK   0034_purchase_orders.sql (88.14ms)","source":"stdlog"}
[2m[WebServer] [22m{"time":"2026-08-07T18:15:58.301701939-04:00","level":"INFO","msg":"OK   0035_purchase_items_photo_store.sql (13.53ms)","source":"stdlog"}
[2m[WebServer] [22m{"time":"2026-08-07T18:15:58.31374882-04:00","level":"INFO","msg":"OK   0036_purchase_items_full_name.sql (11.95ms)","source":"stdlog"}
[2m[WebServer] [22m{"time":"2026-08-07T18:15:58.344054128-04:00","level":"INFO","msg":"OK   0037_cutoff_config.sql (30.2ms)","source":"stdlog"}
[2m[WebServer] [22m{"time":"2026-08-07T18:15:58.361516594-04:00","level":"INFO","msg":"OK   0038_po_status_extend.sql (17.32ms)","source":"stdlog"}
[2m[WebServer] [22m{"time":"2026-08-07T18:15:58.383649148-04:00","level":"INFO","msg":"OK   0039_purchase_items_vendor.sql (22.03ms)","source":"stdlog"}
[2m[WebServer] [22m{"time":"2026-08-07T18:15:58.5026426-04:00","level":"INFO","msg":"OK   0040_shopping_lists.sql (118.75ms)","source":"stdlog"}
[2m[WebServer] [22m{"time":"2026-08-07T18:15:58.516450313-04:00","level":"INFO","msg":"OK   0041_notification_channel.sql (13.66ms)","source":"stdlog"}
[2m[WebServer] [22m{"time":"2026-08-07T18:15:58.57737975-04:00","level":"INFO","msg":"OK   0042_repurchase_tracking.sql (60.79ms)","source":"stdlog"}
[2m[WebServer] [22m{"time":"2026-08-07T18:15:58.629691945-04:00","level":"INFO","msg":"OK   0043_alert_log.sql (52.18ms)","source":"stdlog"}
[2m[WebServer] [22m{"time":"2026-08-07T18:15:58.685209161-04:00","level":"INFO","msg":"OK   0044_low_stock_alert_log.sql (55.38ms)","source":"stdlog"}
[2m[WebServer] [22m{"time":"2026-08-07T18:15:58.736719061-04:00","level":"INFO","msg":"OK   0045_notification_channel_array.sql (51.33ms)","source":"stdlog"}
[2m[WebServer] [22m{"time":"2026-08-07T18:15:58.747397748-04:00","level":"INFO","msg":"OK   0046_user_timezone.sql (10.59ms)","source":"stdlog"}
[2m[WebServer] [22m{"time":"2026-08-07T18:15:58.807919704-04:00","level":"INFO","msg":"OK   0047_employee_fields.sql (60.35ms)","source":"stdlog"}
[2m[WebServer] [22m{"time":"2026-08-07T18:15:58.81668181-04:00","level":"INFO","msg":"OK   0048_notification_default_both.sql (8.65ms)","source":"stdlog"}
[2m[WebServer] [22m{"time":"2026-08-07T18:15:58.855839566-04:00","level":"INFO","msg":"OK   0049_ob_sub_items.sql (39.05ms)","source":"stdlog"}
[2m[WebServer] [22m{"time":"2026-08-07T18:15:58.863681923-04:00","level":"INFO","msg":"OK   0050_ob_progress_sub_item.sql (7.75ms)","source":"stdlog"}
[2m[WebServer] [22m{"time":"2026-08-07T18:15:58.870595526-04:00","level":"INFO","msg":"OK   0051_rejection_field_fk.sql (6.81ms)","source":"stdlog"}
[2m[WebServer] [22m{"time":"2026-08-07T18:15:58.885661202-04:00","level":"INFO","msg":"OK   0052_template_name_unique.sql (14.98ms)","source":"stdlog"}
[2m[WebServer] [22m{"time":"2026-08-07T18:15:58.894009594-04:00","level":"INFO","msg":"OK   0053_response_field_fk.sql (8.26ms)","source":"stdlog"}
[2m[WebServer] [22m{"time":"2026-08-07T18:15:58.900966736-04:00","level":"INFO","msg":"OK   0054_failnote_field_fk.sql (6.88ms)","source":"stdlog"}
[2m[WebServer] [22m{"time":"2026-08-07T18:15:58.907340166-04:00","level":"INFO","msg":"OK   0055_item_location_in_store.sql (6.28ms)","source":"stdlog"}
[2m[WebServer] [22m{"time":"2026-08-07T18:15:58.921806496-04:00","level":"INFO","msg":"OK   0056_ob_progress_photo.sql (14.35ms)","source":"stdlog"}
[2m[WebServer] [22m{"time":"2026-08-07T18:15:58.935951632-04:00","level":"INFO","msg":"OK   0057_ob_items_photo_type.sql (14.02ms)","source":"stdlog"}
[2m[WebServer] [22m{"time":"2026-08-07T18:15:58.949910443-04:00","level":"INFO","msg":"OK   0058_ob_sub_items_photos.sql (13.85ms)","source":"stdlog"}
[2m[WebServer] [22m{"time":"2026-08-07T18:15:58.957749435-04:00","level":"INFO","msg":"OK   0059_cleanup_photo_items.sql (7.68ms)","source":"stdlog"}
[2m[WebServer] [22m{"time":"2026-08-07T18:15:59.019476963-04:00","level":"INFO","msg":"OK   0060_menu_items.sql (61.59ms)","source":"stdlog"}
[2m[WebServer] [22m{"time":"2026-08-07T18:15:59.050549777-04:00","level":"INFO","msg":"OK   0061_daily_menu_sales.sql (30.94ms)","source":"stdlog"}
[2m[WebServer] [22m{"time":"2026-08-07T18:15:59.089438637-04:00","level":"INFO","msg":"OK   0062_recipes.sql (38.78ms)","source":"stdlog"}
[2m[WebServer] [22m{"time":"2026-08-07T18:15:59.122574168-04:00","level":"INFO","msg":"OK   0063_drift_check_results.sql (33.01ms)","source":"stdlog"}
[2m[WebServer] [22m{"time":"2026-08-07T18:15:59.137694946-04:00","level":"INFO","msg":"OK   0064_no_itemized_receipt_seed.sql (15ms)","source":"stdlog"}
[2m[WebServer] [22m{"time":"2026-08-07T18:15:59.149704682-04:00","level":"INFO","msg":"OK   0065_mercury_category_on_purchase_events.sql (11.91ms)","source":"stdlog"}
[2m[WebServer] [22m{"time":"2026-08-07T18:15:59.163024253-04:00","level":"INFO","msg":"OK   0066_mercury_category_on_pending_purchases.sql (13.22ms)","source":"stdlog"}
[2m[WebServer] [22m{"time":"2026-08-07T18:15:59.21408168-04:00","level":"INFO","msg":"OK   0067_receipt_sync_runs.sql (50.82ms)","source":"stdlog"}
[2m[WebServer] [22m{"time":"2026-08-07T18:15:59.237938155-04:00","level":"INFO","msg":"OK   0068_pending_purchases_bank_tx_uniq.sql (23.72ms)","source":"stdlog"}
[2m[WebServer] [22m{"time":"2026-08-07T18:15:59.252888396-04:00","level":"INFO","msg":"OK   0069_pending_purchases_parse_error.sql (14.84ms)","source":"stdlog"}
[2m[WebServer] [22m{"time":"2026-08-07T18:15:59.266877714-04:00","level":"INFO","msg":"OK   0070_receipt_urls.sql (13.88ms)","source":"stdlog"}
[2m[WebServer] [22m{"time":"2026-08-07T18:15:59.293273797-04:00","level":"INFO","msg":"OK   0071_submission_fail_notes_unique.sql (26.28ms)","source":"stdlog"}
[2m[WebServer] [22m{"time":"2026-08-07T18:15:59.324586395-04:00","level":"INFO","msg":"OK   0072_app_timezone_new_york.sql (31.12ms)","source":"stdlog"}
[2m[WebServer] [22m{"time":"2026-08-07T18:15:59.352580409-04:00","level":"INFO","msg":"OK   0073_sync_fdw_views.sql (27.56ms)","source":"stdlog"}
[2m[WebServer] [22m{"time":"2026-08-07T18:15:59.365672696-04:00","level":"INFO","msg":"OK   0074_sync_fdw_approver_view.sql (12.9ms)","source":"stdlog"}
[2m[WebServer] [22m{"time":"2026-08-07T18:15:59.365754244-04:00","level":"INFO","msg":"goose: successfully migrated database to version: 74","source":"stdlog"}
[2m[WebServer] [22m{"time":"2026-08-07T18:15:59.365777062-04:00","level":"INFO","msg":"database migrations applied successfully"}
[2m[WebServer] [22m{"time":"2026-08-07T18:15:59.460812682-04:00","level":"INFO","msg":"upserted superadmin","email":"jamal@yumyums.kitchen"}
[2m[WebServer] [22m{"time":"2026-08-07T18:15:59.500419704-04:00","level":"INFO","msg":"seeded template","name":"Setup Checklist","id":"8b97d7a0-91eb-48cd-bf9f-805e83e86fd8"}
[2m[WebServer] [22m{"time":"2026-08-07T18:15:59.500474764-04:00","level":"INFO","msg":"seeded templates","count":1}
[2m[WebServer] [22m{"time":"2026-08-07T18:15:59.552493807-04:00","level":"INFO","msg":"seeded onboarding template","name":"Kitchen Basics Training","id":"b2dc1848-55ac-42f0-a28d-874017e29271"}
[2m[WebServer] [22m{"time":"2026-08-07T18:15:59.586409504-04:00","level":"INFO","msg":"inventory: seeded vendors","count":5}
[2m[WebServer] [22m{"time":"2026-08-07T18:15:59.832660344-04:00","level":"INFO","msg":"inventory: seeded unique tags","count":19}
[2m[WebServer] [22m{"time":"2026-08-07T18:15:59.988629179-04:00","level":"INFO","msg":"inventory: seeded item groups","count":10}
[2m[WebServer] [22m{"time":"2026-08-07T18:16:00.464342212-04:00","level":"INFO","msg":"inventory: seeded purchase items from YAML","count":106}
[2m[WebServer] [22m{"time":"2026-08-07T18:16:00.464407141-04:00","level":"WARN","msg":"DO Spaces env vars not set, photo and video upload endpoints will return 503","required":"DO_SPACES_KEY, DO_SPACES_SECRET, DO_SPACES_BUCKET, DO_SPACES_REGION"}
[2m[WebServer] [22m{"time":"2026-08-07T18:16:00.464422652-04:00","level":"WARN","msg":"HQ_INVENTORY_SERVICE_TOKEN not set, /api/v1/inventory/period-summary AND /api/v1/inventory/menu-cogs will return 503"}
[2m[WebServer] [22m{"time":"2026-08-07T18:16:00.464592282-04:00","level":"INFO","msg":"inventory COGS category allowlist","allowlist":["COGS"]}
[2m[WebServer] [22m{"time":"2026-08-07T18:16:00.465116884-04:00","level":"INFO","msg":"receipt worker disabled","reason":"E2E_DISABLE_SCHEDULERS=1"}
[2m[WebServer] [22m{"time":"2026-08-07T18:16:00.465169682-04:00","level":"INFO","msg":"alert queue started","delivery_enabled":false}
[2m[WebServer] [22m{"time":"2026-08-07T18:16:00.465184199-04:00","level":"INFO","msg":"cutoff scheduler disabled","reason":"E2E_DISABLE_SCHEDULERS=1"}
[2m[WebServer] [22m{"time":"2026-08-07T18:16:00.465195236-04:00","level":"INFO","msg":"toast worker disabled, cmd/sync-toast remains available","reason":"TOAST_SYNC_INTERVAL=0"}
[2m[WebServer] [22m{"time":"2026-08-07T18:16:00.465350945-04:00","level":"INFO","msg":"alerts queue started"}
[2m[WebServer] [22m{"time":"2026-08-07T18:16:00.488289615-04:00","level":"INFO","msg":"server listening","port":"4351"}
[2m[WebServer] [22m{"time":"2026-08-07T18:16:00.498584662-04:00","level":"INFO","msg":"reachable at","url":"http://10.255.255.254:4351"}
[2m[WebServer] [22m{"time":"2026-08-07T18:16:00.498658242-04:00","level":"INFO","msg":"reachable at","url":"http://192.168.8.164:4351"}
[2m[WebServer] [22m{"time":"2026-08-07T18:16:00.498669279-04:00","level":"INFO","msg":"reachable at","url":"http://100.70.200.55:4351"}
[2m[WebServer] [22m{"time":"2026-08-07T18:16:00.498679918-04:00","level":"INFO","msg":"Yumyums HQ ready, accepting connections"}

Running 87 tests using 1 worker

[2m[WebServer] [22m{"time":"2026-08-07T18:16:04.017972237-04:00","level":"ERROR","msg":"GetMyTrainings failed","error":"get user roles: timeout: context already done: context canceled"}
  ✓   1 [chromium] › tests/workflows.spec.js:151:3 › Builder › create template via Builder [BLD-03 BLD-04] (1.5s)
  ✓   2 [chromium] › tests/workflows.spec.js:172:3 › Builder › saving template navigates back to builder list [BLD-11] (1.7s)
[2m[WebServer] [22m{"time":"2026-08-07T18:16:07.647670974-04:00","level":"INFO","msg":"client log","level":"ERROR","message":"loadMyChecklists error: Failed to fetch\nTypeError: Failed to fetch\n    at api (http://localhost:4351/sync.js:24:21)\n    at loadMyChecklists (http://localhost:4351/workflows.html:628:24)\n    at applyOp (http://localhost:4351/sync.js:504:7)\n    at _ws.onmessage (http://localhost:4351/sync.js:275:7)","user":"Jamal C. (jamal@yumyums.kitchen)","page":"/workflows.html","ua":"Mozilla/5.0 (X11; Linux x86_64) AppleWebKit/537.36 (KHTML, like Gecko) HeadlessChrome/147.0.7727.15 Safari/537.36"}
[2m[WebServer] [22m{"time":"2026-08-07T18:16:07.854094424-04:00","level":"ERROR","msg":"cleanupOldDrafts error","error":"cleanup old drafts: context canceled"}
  ✓   3 [chromium] › tests/workflows.spec.js:193:3 › Builder › archive checklist soft-deletes and removes from list [BLD-15] (1.9s)
  ✓   4 [chromium] › tests/workflows.spec.js:225:3 › Builder › archive navigates back to builder list [BLD-15] (2.1s)
  ✓   5 [chromium] › tests/workflows.spec.js:251:3 › Builder › duplicate checklist name shows error toast [BLD-12] (1.6s)
[2m[WebServer] [22m{"time":"2026-08-07T18:16:13.606855256-04:00","level":"ERROR","msg":"cleanupOldDrafts error","error":"cleanup old drafts: context canceled"}
[2m[WebServer] [22m{"time":"2026-08-07T18:16:13.647542675-04:00","level":"ERROR","msg":"cleanupOldDrafts error","error":"cleanup old drafts: context canceled"}
  ✓   6 [chromium] › tests/workflows.spec.js:272:3 › Builder › can reuse name of deleted checklist [BLD-12] (1.2s)
  ✓   7 [chromium] › tests/workflows.spec.js:291:3 › Builder › saving with requires_approval but no approver shows error toast [BLD-13] (1.4s)
  ✓   8 [chromium] › tests/workflows.spec.js:321:3 › Builder › empty builder shows empty state [BLD-02] (1.3s)
[2m[WebServer] [22m{"time":"2026-08-07T18:16:17.570240398-04:00","level":"ERROR","msg":"myChecklists error","error":"iterate templates: context canceled"}
[2m[WebServer] [22m{"time":"2026-08-07T18:16:17.571580835-04:00","level":"ERROR","msg":"listTemplates error","error":"iterate fields: context canceled"}
[2m[WebServer] [22m{"time":"2026-08-07T18:16:17.573310636-04:00","level":"INFO","msg":"client log","level":"ERROR","message":"loadMyChecklists error: Failed to fetch\nTypeError: Failed to fetch\n    at api (http://localhost:4351/sync.js:24:21)\n    at loadMyChecklists (http://localhost:4351/workflows.html:628:24)\n    at applyOp (http://localhost:4351/sync.js:504:7)\n    at _ws.onmessage (http://localhost:4351/sync.js:275:7)","user":"Jamal C. (jamal@yumyums.kitchen)","page":"/workflows.html","ua":"Mozilla/5.0 (X11; Linux x86_64) AppleWebKit/537.36 (KHTML, like Gecko) HeadlessChrome/147.0.7727.15 Safari/537.36"}
[2m[WebServer] [22m{"time":"2026-08-07T18:16:17.651676986-04:00","level":"ERROR","msg":"cleanupOldDrafts error","error":"cleanup old drafts: context canceled"}
  ✓   9 [chromium] › tests/workflows.spec.js:329:3 › Builder › edit existing template [BLD-04] (1.3s)
[2m[WebServer] [22m{"time":"2026-08-07T18:16:18.95313676-04:00","level":"INFO","msg":"client log","level":"ERROR","message":"loadMyChecklists error: Failed to fetch\nTypeError: Failed to fetch\n    at api (http://localhost:4351/sync.js:24:21)\n    at loadMyChecklists (http://localhost:4351/workflows.html:628:24)\n    at applyOp (http://localhost:4351/sync.js:504:7)\n    at _ws.onmessage (http://localhost:4351/sync.js:275:7)","user":"Jamal C. (jamal@yumyums.kitchen)","page":"/workflows.html","ua":"Mozilla/5.0 (X11; Linux x86_64) AppleWebKit/537.36 (KHTML, like Gecko) HeadlessChrome/147.0.7727.15 Safari/537.36"}
[2m[WebServer] [22m{"time":"2026-08-07T18:16:19.348992339-04:00","level":"ERROR","msg":"ws write error","user_id":"0eef9c58-58ba-4423-9472-51608a7b71a3","error":"failed to write msg: use of closed network connection"}
  ✓  10 [chromium] › tests/workflows.spec.js:346:3 › Builder › archive template [BLD-15] (1.7s)
[2m[WebServer] [22m{"time":"2026-08-07T18:16:20.899269825-04:00","level":"ERROR","msg":"listTemplates error","error":"iterate templates: context canceled"}
[2m[WebServer] [22m{"time":"2026-08-07T18:16:20.915996144-04:00","level":"ERROR","msg":"listTemplates error","error":"iterate schedules: context canceled"}
  ✓  11 [chromium] › tests/workflows.spec.js:377:3 › My Checklists › today checklists appear from API [LST-02] (1.5s)
[2m[WebServer] [22m{"time":"2026-08-07T18:16:22.456006649-04:00","level":"ERROR","msg":"cleanupOldDrafts error","error":"cleanup old drafts: context canceled"}
[2m[WebServer] [22m{"time":"2026-08-07T18:16:22.506807255-04:00","level":"ERROR","msg":"listTemplates error","error":"iterate fields: context canceled"}
[2m[WebServer] [22m{"time":"2026-08-07T18:16:23.16532621-04:00","level":"INFO","msg":"op handler received op","op_type":"SET_FIELD","entity_id":"5cf3bee6-e678-4f09-82d4-bcaaff545f0f","device_id":"b785df10-4641-4aea-84d7-8345a50f02e8","lamport_ts":24}
  ✓  12 [chromium] › tests/workflows.spec.js:389:3 › My Checklists › fill and submit checklist [RUN-01 RUN-06] (4.6s)
[2m[WebServer] [22m{"time":"2026-08-07T18:16:26.625593157-04:00","level":"ERROR","msg":"myChecklists error","error":"list assigned templates: context canceled"}
[2m[WebServer] [22m{"time":"2026-08-07T18:16:26.625681031-04:00","level":"ERROR","msg":"listTemplates error","error":"iterate sections: context canceled"}
[2m[WebServer] [22m{"time":"2026-08-07T18:16:26.627726305-04:00","level":"INFO","msg":"client log","level":"ERROR","message":"loadMyChecklists error: Failed to fetch\nTypeError: Failed to fetch\n    at api (http://localhost:4351/sync.js:24:21)\n    at loadMyChecklists (http://localhost:4351/workflows.html:628:24)\n    at applyOp (http://localhost:4351/sync.js:504:7)\n    at _ws.onmessage (http://localhost:4351/sync.js:275:7)","user":"Jamal C. (jamal@yumyums.kitchen)","page":"/workflows.html","ua":"Mozilla/5.0 (X11; Linux x86_64) AppleWebKit/537.36 (KHTML, like Gecko) HeadlessChrome/147.0.7727.15 Safari/537.36"}
  ✓  13 [chromium] › tests/workflows.spec.js:412:3 › My Checklists › checked item shows user display name, not undefined [RUN-03] (1.1s)
[2m[WebServer] [22m{"time":"2026-08-07T18:16:27.5982579-04:00","level":"ERROR","msg":"myChecklists error","error":"list submissions: context canceled"}
[2m[WebServer] [22m{"time":"2026-08-07T18:16:27.59831264-04:00","level":"ERROR","msg":"listTemplates error","error":"list templates: context canceled"}
[2m[WebServer] [22m{"time":"2026-08-07T18:16:27.602706757-04:00","level":"INFO","msg":"client log","level":"ERROR","message":"loadMyChecklists error: Failed to fetch\nTypeError: Failed to fetch\n    at api (http://localhost:4351/sync.js:24:21)\n    at loadMyChecklists (http://localhost:4351/workflows.html:628:24)\n    at applyOp (http://localhost:4351/sync.js:504:7)\n    at _ws.onmessage (http://localhost:4351/sync.js:275:7)","user":"Jamal C. (jamal@yumyums.kitchen)","page":"/workflows.html","ua":"Mozilla/5.0 (X11; Linux x86_64) AppleWebKit/537.36 (KHTML, like Gecko) HeadlessChrome/147.0.7727.15 Safari/537.36"}
  ✓  14 [chromium] › tests/workflows.spec.js:434:3 › My Checklists › empty state when no checklists [LST-01] (861ms)
[2m[WebServer] [22m{"time":"2026-08-07T18:16:28.299048367-04:00","level":"ERROR","msg":"cleanupOldDrafts error","error":"cleanup old drafts: context canceled"}
[2m[WebServer] [22m{"time":"2026-08-07T18:16:28.466529843-04:00","level":"ERROR","msg":"cleanupOldDrafts error","error":"cleanup old drafts: context canceled"}
[2m[WebServer] [22m{"time":"2026-08-07T18:16:28.520268876-04:00","level":"ERROR","msg":"myChecklists error","error":"iterate templates: context canceled"}
[2m[WebServer] [22m{"time":"2026-08-07T18:16:28.525131849-04:00","level":"INFO","msg":"client log","level":"ERROR","message":"loadMyChecklists error: Failed to fetch\nTypeError: Failed to fetch\n    at api (http://localhost:4351/sync.js:24:21)\n    at loadMyChecklists (http://localhost:4351/workflows.html:628:24)\n    at applyOp (http://localhost:4351/sync.js:457:7)\n    at _ws.onmessage (http://localhost:4351/sync.js:275:7)","user":"Jamal C. (jamal@yumyums.kitchen)","page":"/workflows.html","ua":"Mozilla/5.0 (X11; Linux x86_64) AppleWebKit/537.36 (KHTML, like Gecko) HeadlessChrome/147.0.7727.15 Safari/537.36"}
[2m[WebServer] [22m{"time":"2026-08-07T18:16:28.742299699-04:00","level":"ERROR","msg":"cleanupOldDrafts error","error":"cleanup old drafts: context canceled"}
  ✓  15 [chromium] › tests/workflows.spec.js:456:3 › Approvals › approve submission [APR-02 APR-11] (999ms)
[2m[WebServer] [22m{"time":"2026-08-07T18:16:29.902979604-04:00","level":"ERROR","msg":"listTemplates error","error":"iterate fields: timeout: context already done: context canceled"}
[2m[WebServer] [22m{"time":"2026-08-07T18:16:29.909325185-04:00","level":"ERROR","msg":"myChecklists error","error":"list assigned templates: context canceled"}
[2m[WebServer] [22m{"time":"2026-08-07T18:16:29.910029897-04:00","level":"ERROR","msg":"ws write error","user_id":"0eef9c58-58ba-4423-9472-51608a7b71a3","error":"failed to write msg: use of closed network connection"}
[2m[WebServer] [22m{"time":"2026-08-07T18:16:29.911780221-04:00","level":"INFO","msg":"client log","level":"ERROR","message":"loadMyChecklists error: Failed to fetch\nTypeError: Failed to fetch\n    at api (http://localhost:4351/sync.js:24:21)\n    at loadMyChecklists (http://localhost:4351/workflows.html:628:24)\n    at applyOp (http://localhost:4351/sync.js:504:7)\n    at _ws.onmessage (http://localhost:4351/sync.js:275:7)","user":"Jamal C. (jamal@yumyums.kitchen)","page":"/workflows.html","ua":"Mozilla/5.0 (X11; Linux x86_64) AppleWebKit/537.36 (KHTML, like Gecko) HeadlessChrome/147.0.7727.15 Safari/537.36"}
  ✓  16 [chromium] › tests/workflows.spec.js:478:3 › Approvals › approve with flag comment shows feedback on checklist [APR-11 FLD-19] (3.3s)
[2m[WebServer] [22m{"time":"2026-08-07T18:16:32.992896463-04:00","level":"ERROR","msg":"myChecklists error","error":"iterate fields: context canceled"}
[2m[WebServer] [22m{"time":"2026-08-07T18:16:32.996433314-04:00","level":"INFO","msg":"client log","level":"ERROR","message":"loadMyChecklists error: Failed to fetch\nTypeError: Failed to fetch\n    at api (http://localhost:4351/sync.js:24:21)\n    at loadMyChecklists (http://localhost:4351/workflows.html:628:24)\n    at applyOp (http://localhost:4351/sync.js:457:7)\n    at _ws.onmessage (http://localhost:4351/sync.js:275:7)","user":"Jamal C. (jamal@yumyums.kitchen)","page":"/workflows.html","ua":"Mozilla/5.0 (X11; Linux x86_64) AppleWebKit/537.36 (KHTML, like Gecko) HeadlessChrome/147.0.7727.15 Safari/537.36"}
[2m[WebServer] [22m{"time":"2026-08-07T18:16:33.960477604-04:00","level":"ERROR","msg":"myChecklists error","error":"iterate fail notes: context canceled"}
[2m[WebServer] [22m{"time":"2026-08-07T18:16:33.963790587-04:00","level":"INFO","msg":"client log","level":"ERROR","message":"loadMyChecklists error: Failed to fetch\nTypeError: Failed to fetch\n    at api (http://localhost:4351/sync.js:24:21)\n    at loadMyChecklists (http://localhost:4351/workflows.html:628:24)\n    at show (http://localhost:4351/workflows.html:3696:5)\n    at HTMLButtonElement.onclick (http://localhost:4351/workflows.html:341:48)","user":"Jamal C. (jamal@yumyums.kitchen)","page":"/workflows.html","ua":"Mozilla/5.0 (X11; Linux x86_64) AppleWebKit/537.36 (KHTML, like Gecko) HeadlessChrome/147.0.7727.15 Safari/537.36"}
  ✓  17 [chromium] › tests/workflows.spec.js:527:3 › Approvals › FR-10/12/13 flag+reject flips status, persists comment, and renders feedback to submitter [APR-06 FLD-18 LC-01] (2.1s)
[2m[WebServer] [22m{"time":"2026-08-07T18:16:36.134201854-04:00","level":"ERROR","msg":"myChecklists error","error":"iterate fail notes: context canceled"}
[2m[WebServer] [22m{"time":"2026-08-07T18:16:36.142008406-04:00","level":"INFO","msg":"client log","level":"ERROR","message":"loadMyChecklists error: Failed to fetch\nTypeError: Failed to fetch\n    at api (http://localhost:4351/sync.js:24:21)\n    at loadMyChecklists (http://localhost:4351/workflows.html:628:24)\n    at show (http://localhost:4351/workflows.html:3696:5)\n    at HTMLButtonElement.onclick (http://localhost:4351/workflows.html:341:48)","user":"Jamal C. (jamal@yumyums.kitchen)","page":"/workflows.html","ua":"Mozilla/5.0 (X11; Linux x86_64) AppleWebKit/537.36 (KHTML, like Gecko) HeadlessChrome/147.0.7727.15 Safari/537.36"}
  ✓  18 [chromium] › tests/workflows.spec.js:588:3 › Approvals › rejecting with require-photo lands the comment + photo requirement on the checklist [APR-REPRO-0718] (2.2s)
[2m[WebServer] [22m{"time":"2026-08-07T18:16:37.515415024-04:00","level":"ERROR","msg":"listTemplates error","error":"iterate fields: context canceled"}
[2m[WebServer] [22m{"time":"2026-08-07T18:16:37.515535375-04:00","level":"ERROR","msg":"myChecklists error","error":"list fail notes: context canceled"}
[2m[WebServer] [22m{"time":"2026-08-07T18:16:37.519705605-04:00","level":"INFO","msg":"client log","level":"ERROR","message":"loadMyChecklists error: Failed to fetch\nTypeError: Failed to fetch\n    at api (http://localhost:4351/sync.js:24:21)\n    at loadMyChecklists (http://localhost:4351/workflows.html:628:24)\n    at show (http://localhost:4351/workflows.html:3696:5)\n    at HTMLButtonElement.onclick (http://localhost:4351/workflows.html:341:48)","user":"Jamal C. (jamal@yumyums.kitchen)","page":"/workflows.html","ua":"Mozilla/5.0 (X11; Linux x86_64) AppleWebKit/537.36 (KHTML, like Gecko) HeadlessChrome/147.0.7727.15 Safari/537.36"}
[2m[WebServer] [22m{"time":"2026-08-07T18:16:38.226197488-04:00","level":"INFO","msg":"op handler received op","op_type":"SET_FIELD","entity_id":"cf626704-2114-4b28-a7a0-3b4a46eda455","device_id":"33bd9219-cee8-48d1-ab6b-cccd7ebc2bbe","lamport_ts":48}
  ✓  19 [chromium] › tests/workflows.spec.js:653:3 › Approvals › checkbox rejected with require-photo: attach correction photo unblocks resubmit [APR-DEADEND-0718] (4.5s)
[2m[WebServer] [22m{"time":"2026-08-07T18:16:42.294598318-04:00","level":"ERROR","msg":"myChecklists error","error":"iterate rejections: context canceled"}
[2m[WebServer] [22m{"time":"2026-08-07T18:16:42.303154287-04:00","level":"INFO","msg":"client log","level":"ERROR","message":"loadMyChecklists error: Failed to fetch\nTypeError: Failed to fetch\n    at api (http://localhost:4351/sync.js:24:21)\n    at loadMyChecklists (http://localhost:4351/workflows.html:628:24)\n    at show (http://localhost:4351/workflows.html:3696:5)\n    at HTMLButtonElement.onclick (http://localhost:4351/workflows.html:341:48)","user":"Jamal C. (jamal@yumyums.kitchen)","page":"/workflows.html","ua":"Mozilla/5.0 (X11; Linux x86_64) AppleWebKit/537.36 (KHTML, like Gecko) HeadlessChrome/147.0.7727.15 Safari/537.36"}
  ✓  20 [chromium] › tests/workflows.spec.js:718:3 › Approvals › rejecting a SUB-STEP surfaces its comment + photo requirement on the checklist [APR-SUBSTEP-0718] (1.6s)
[2m[WebServer] [22m{"time":"2026-08-07T18:16:43.84589168-04:00","level":"ERROR","msg":"myChecklists error","error":"iterate fail notes: context canceled"}
[2m[WebServer] [22m{"time":"2026-08-07T18:16:43.850376658-04:00","level":"INFO","msg":"client log","level":"ERROR","message":"loadMyChecklists error: Failed to fetch\nTypeError: Failed to fetch\n    at api (http://localhost:4351/sync.js:24:21)\n    at loadMyChecklists (http://localhost:4351/workflows.html:628:24)\n    at show (http://localhost:4351/workflows.html:3696:5)\n    at HTMLButtonElement.onclick (http://localhost:4351/workflows.html:341:48)","user":"Jamal C. (jamal@yumyums.kitchen)","page":"/workflows.html","ua":"Mozilla/5.0 (X11; Linux x86_64) AppleWebKit/537.36 (KHTML, like Gecko) HeadlessChrome/147.0.7727.15 Safari/537.36"}
  ✓  21 [chromium] › tests/workflows.spec.js:778:3 › Approvals › rejecting a SUB-STEP unchecks it on reopen so the crew must redo it [APR-SUBSTEP-UNCHECK] (1.5s)
[2m[WebServer] [22m{"time":"2026-08-07T18:16:45.076535993-04:00","level":"ERROR","msg":"myChecklists error","error":"iterate responses: context canceled"}
[2m[WebServer] [22m{"time":"2026-08-07T18:16:45.078740922-04:00","level":"INFO","msg":"client log","level":"ERROR","message":"loadMyChecklists error: Failed to fetch\nTypeError: Failed to fetch\n    at api (http://localhost:4351/sync.js:24:21)\n    at loadMyChecklists (http://localhost:4351/workflows.html:628:24)\n    at applyOp (http://localhost:4351/sync.js:504:7)\n    at _ws.onmessage (http://localhost:4351/sync.js:275:7)","user":"Jamal C. (jamal@yumyums.kitchen)","page":"/workflows.html","ua":"Mozilla/5.0 (X11; Linux x86_64) AppleWebKit/537.36 (KHTML, like Gecko) HeadlessChrome/147.0.7727.15 Safari/537.36"}
[2m[WebServer] [22m{"time":"2026-08-07T18:16:45.082682452-04:00","level":"INFO","msg":"client log","level":"ERROR","message":"loadMyChecklists error: Failed to fetch\nTypeError: Failed to fetch\n    at api (http://localhost:4351/sync.js:24:21)\n    at loadMyChecklists (http://localhost:4351/workflows.html:628:24)\n    at applyOp (http://localhost:4351/sync.js:457:7)\n    at _ws.onmessage (http://localhost:4351/sync.js:275:7)","user":"Jamal C. (jamal@yumyums.kitchen)","page":"/workflows.html","ua":"Mozilla/5.0 (X11; Linux x86_64) AppleWebKit/537.36 (KHTML, like Gecko) HeadlessChrome/147.0.7727.15 Safari/537.36"}
  ✓  22 [chromium] › tests/workflows.spec.js:832:3 › Approvals › reject works after template update (field IDs change) [APR-10] (1.2s)
[2m[WebServer] [22m{"time":"2026-08-07T18:16:46.165864697-04:00","level":"ERROR","msg":"myChecklists error","error":"iterate rejections: context canceled"}
[2m[WebServer] [22m{"time":"2026-08-07T18:16:46.172304707-04:00","level":"INFO","msg":"client log","level":"ERROR","message":"loadMyChecklists error: Failed to fetch\nTypeError: Failed to fetch\n    at api (http://localhost:4351/sync.js:24:21)\n    at loadMyChecklists (http://localhost:4351/workflows.html:628:24)\n    at applyOp (http://localhost:4351/sync.js:504:7)\n    at _ws.onmessage (http://localhost:4351/sync.js:275:7)","user":"Jamal C. (jamal@yumyums.kitchen)","page":"/workflows.html","ua":"Mozilla/5.0 (X11; Linux x86_64) AppleWebKit/537.36 (KHTML, like Gecko) HeadlessChrome/147.0.7727.15 Safari/537.36"}
  ✓  23 [chromium] › tests/workflows.spec.js:875:3 › Approvals › empty approvals shows caught up [APR-01] (1.1s)
[2m[WebServer] [22m{"time":"2026-08-07T18:16:47.867980064-04:00","level":"INFO","msg":"op handler received op","op_type":"SET_FIELD","entity_id":"60076a6a-8bcf-4385-a4b5-28e0ea8840e5","device_id":"a27bc9df-89ea-43d5-be16-982b0a9a2e23","lamport_ts":50}
  ✓  24 [chromium] › tests/workflows.spec.js:891:3 › Offline sync › submit while offline queues in IndexedDB [GATE-07 LST-15] (2.7s)
[2m[WebServer] [22m{"time":"2026-08-07T18:16:50.43600605-04:00","level":"ERROR","msg":"cleanupOldDrafts error","error":"cleanup old drafts: context canceled"}
[2m[WebServer] [22m{"time":"2026-08-07T18:16:50.436040662-04:00","level":"ERROR","msg":"myChecklists error","error":"get user role: context canceled"}
  ✓  25 [chromium] › tests/workflows.spec.js:930:3 › Offline sync › duplicate submit prevented by idempotency key [GATE-08] (1.2s)
[2m[WebServer] [22m{"time":"2026-08-07T18:16:50.934537516-04:00","level":"ERROR","msg":"GetMyTrainings failed","error":"get user roles: context canceled"}
[2m[WebServer] [22m{"time":"2026-08-07T18:16:51.400506633-04:00","level":"ERROR","msg":"listTemplates error","error":"list fields: context canceled"}
[2m[WebServer] [22m{"time":"2026-08-07T18:16:51.400814048-04:00","level":"ERROR","msg":"myChecklists error","error":"iterate templates: context canceled"}
[2m[WebServer] [22m{"time":"2026-08-07T18:16:51.409122146-04:00","level":"INFO","msg":"client log","level":"ERROR","message":"loadMyChecklists error: Failed to fetch\nTypeError: Failed to fetch\n    at api (http://localhost:4351/sync.js:24:21)\n    at loadMyChecklists (http://localhost:4351/workflows.html:628:24)\n    at applyOp (http://localhost:4351/sync.js:504:7)\n    at _ws.onmessage (http://localhost:4351/sync.js:275:7)","user":"Jamal C. (jamal@yumyums.kitchen)","page":"/workflows.html","ua":"Mozilla/5.0 (X11; Linux x86_64) AppleWebKit/537.36 (KHTML, like Gecko) HeadlessChrome/147.0.7727.15 Safari/537.36"}
[2m[WebServer] [22m{"time":"2026-08-07T18:16:52.065958378-04:00","level":"INFO","msg":"op handler received op","op_type":"SET_FIELD","entity_id":"7e85bbbe-a465-4b0d-8fc9-5be0f7977890","device_id":"31feb579-18ab-44fd-9a50-e52dbc7da970","lamport_ts":52}
  ✓  26 [chromium] › tests/workflows.spec.js:996:3 › Offline sync › offline re-submit reuses the queued idempotency key [DBL-01] (3.0s)
[2m[WebServer] [22m{"time":"2026-08-07T18:16:54.265662039-04:00","level":"ERROR","msg":"listTemplates error","error":"iterate schedules: context canceled"}
[2m[WebServer] [22m{"time":"2026-08-07T18:16:54.266061045-04:00","level":"ERROR","msg":"myChecklists error","error":"iterate fail notes: context canceled"}
[2m[WebServer] [22m{"time":"2026-08-07T18:16:54.270827821-04:00","level":"INFO","msg":"client log","level":"ERROR","message":"loadMyChecklists error: Failed to fetch\nTypeError: Failed to fetch\n    at api (http://localhost:4351/sync.js:24:21)\n    at loadMyChecklists (http://localhost:4351/workflows.html:628:24)\n    at applyOp (http://localhost:4351/sync.js:504:7)\n    at _ws.onmessage (http://localhost:4351/sync.js:275:7)","user":"Jamal C. (jamal@yumyums.kitchen)","page":"/workflows.html","ua":"Mozilla/5.0 (X11; Linux x86_64) AppleWebKit/537.36 (KHTML, like Gecko) HeadlessChrome/147.0.7727.15 Safari/537.36"}
[2m[WebServer] [22m{"time":"2026-08-07T18:16:54.920126938-04:00","level":"INFO","msg":"op handler received op","op_type":"SET_FIELD","entity_id":"445a8503-c2ca-4b8b-b408-7b437558d56a","device_id":"69107fd6-bdad-4900-acf6-500fbb11f693","lamport_ts":54}
[2m[WebServer] [22m{"time":"2026-08-07T18:16:56.34900623-04:00","level":"ERROR","msg":"myChecklists error","error":"iterate fields: context canceled"}
  ✓  27 [chromium] › tests/workflows.spec.js:1037:3 › Offline sync › offline re-submit writes ONE submission row after drain, not two [DBL-02] (3.0s)
[2m[WebServer] [22m{"time":"2026-08-07T18:16:56.74495899-04:00","level":"ERROR","msg":"GetMyTrainings failed","error":"context canceled"}
[2m[WebServer] [22m{"time":"2026-08-07T18:16:57.270386886-04:00","level":"ERROR","msg":"ws write error","user_id":"0eef9c58-58ba-4423-9472-51608a7b71a3","error":"failed to write msg: use of closed network connection"}
[2m[WebServer] [22m{"time":"2026-08-07T18:16:57.272902823-04:00","level":"ERROR","msg":"listTemplates error","error":"iterate sections: context canceled"}
[2m[WebServer] [22m{"time":"2026-08-07T18:16:57.273364762-04:00","level":"ERROR","msg":"pendingApprovals error","error":"iterate pending approvals: context canceled"}
  ✓  28 [chromium] › tests/workflows.spec.js:1071:3 › Offline sync › a submission queued in a previous session is reused, not re-minted [DBL-03] (1.2s)
[2m[WebServer] [22m{"time":"2026-08-07T18:16:58.511738911-04:00","level":"ERROR","msg":"listTemplates error","error":"list schedules: context canceled"}
[2m[WebServer] [22m{"time":"2026-08-07T18:16:58.513374764-04:00","level":"ERROR","msg":"myChecklists error","error":"iterate fail notes: context canceled"}
[2m[WebServer] [22m{"time":"2026-08-07T18:16:58.51635627-04:00","level":"INFO","msg":"client log","level":"ERROR","message":"loadMyChecklists error: Failed to fetch\nTypeError: Failed to fetch\n    at api (http://localhost:4351/sync.js:24:21)\n    at loadMyChecklists (http://localhost:4351/workflows.html:628:24)\n    at applyOp (http://localhost:4351/sync.js:504:7)\n    at _ws.onmessage (http://localhost:4351/sync.js:275:7)","user":"Jamal C. (jamal@yumyums.kitchen)","page":"/workflows.html","ua":"Mozilla/5.0 (X11; Linux x86_64) AppleWebKit/537.36 (KHTML, like Gecko) HeadlessChrome/147.0.7727.15 Safari/537.36"}
[2m[WebServer] [22m{"time":"2026-08-07T18:17:01.063423387-04:00","level":"ERROR","msg":"OpRouter SET_FIELD","error":"check field exists: context canceled"}
  ✓  29 [chromium] › tests/workflows.spec.js:1110:3 › Offline sync › answers entered while OFFLINE survive the re-submit [DBL-04] (3.5s)
[2m[WebServer] [22m{"time":"2026-08-07T18:17:02.045193877-04:00","level":"ERROR","msg":"listTemplates error","error":"iterate sections: timeout: context already done: context canceled"}
[2m[WebServer] [22m{"time":"2026-08-07T18:17:02.048858522-04:00","level":"INFO","msg":"client log","level":"ERROR","message":"loadMyChecklists error: Failed to fetch\nTypeError: Failed to fetch\n    at api (http://localhost:4351/sync.js:24:21)\n    at loadMyChecklists (http://localhost:4351/workflows.html:628:24)\n    at applyOp (http://localhost:4351/sync.js:504:7)\n    at _ws.onmessage (http://localhost:4351/sync.js:275:7)","user":"Jamal C. (jamal@yumyums.kitchen)","page":"/workflows.html","ua":"Mozilla/5.0 (X11; Linux x86_64) AppleWebKit/537.36 (KHTML, like Gecko) HeadlessChrome/147.0.7727.15 Safari/537.36"}
[2m[WebServer] [22m{"time":"2026-08-07T18:17:02.050910532-04:00","level":"INFO","msg":"client log","level":"ERROR","message":"loadMyChecklists error: Failed to fetch\nTypeError: Failed to fetch\n    at api (http://localhost:4351/sync.js:24:21)\n    at loadMyChecklists (http://localhost:4351/workflows.html:628:24)\n    at applyOp (http://localhost:4351/sync.js:504:7)\n    at _ws.onmessage (http://localhost:4351/sync.js:275:7)","user":"Jamal C. (jamal@yumyums.kitchen)","page":"/workflows.html","ua":"Mozilla/5.0 (X11; Linux x86_64) AppleWebKit/537.36 (KHTML, like Gecko) HeadlessChrome/147.0.7727.15 Safari/537.36"}
  ✓  30 [chromium] › tests/workflows.spec.js:1202:3 › Offline sync › a queue entry from an earlier period does not lend its key to today [DBL-05] (1.6s)
[2m[WebServer] [22m{"time":"2026-08-07T18:17:03.558849185-04:00","level":"ERROR","msg":"cleanupOldDrafts error","error":"cleanup old drafts: context canceled"}
[2m[WebServer] [22m{"time":"2026-08-07T18:17:03.558964163-04:00","level":"ERROR","msg":"myChecklists error","error":"get user role: context canceled"}
[2m[WebServer] [22m{"time":"2026-08-07T18:17:03.5666471-04:00","level":"INFO","msg":"client log","level":"ERROR","message":"loadMyChecklists error: Failed to fetch\nTypeError: Failed to fetch\n    at api (http://localhost:4351/sync.js:24:21)\n    at loadMyChecklists (http://localhost:4351/workflows.html:628:24)\n    at applyOp (http://localhost:4351/sync.js:504:7)\n    at _ws.onmessage (http://localhost:4351/sync.js:275:7)","user":"Jamal C. (jamal@yumyums.kitchen)","page":"/workflows.html","ua":"Mozilla/5.0 (X11; Linux x86_64) AppleWebKit/537.36 (KHTML, like Gecko) HeadlessChrome/147.0.7727.15 Safari/537.36"}
  ✓  31 [chromium] › tests/workflows.spec.js:1271:3 › Offline sync › a queued submission and an unsaved field do not read the same [VOC-01] (2.3s)
[2m[WebServer] [22m{"time":"2026-08-07T18:17:05.817010117-04:00","level":"ERROR","msg":"listTemplates error","error":"iterate assignments: context canceled"}
  ✓  32 [chromium] › tests/workflows.spec.js:1326:3 › Access control › superadmin can access Builder tab [GLB-05] (805ms)
[2m[WebServer] [22m{"time":"2026-08-07T18:17:06.894983099-04:00","level":"ERROR","msg":"myChecklists error","error":"list fail notes: context canceled"}
[2m[WebServer] [22m{"time":"2026-08-07T18:17:06.899437724-04:00","level":"INFO","msg":"client log","level":"ERROR","message":"loadMyChecklists error: Failed to fetch\nTypeError: Failed to fetch\n    at api (http://localhost:4351/sync.js:24:21)\n    at loadMyChecklists (http://localhost:4351/workflows.html:628:24)\n    at applyOp (http://localhost:4351/sync.js:504:7)\n    at _ws.onmessage (http://localhost:4351/sync.js:275:7)","user":"Jamal C. (jamal@yumyums.kitchen)","page":"/workflows.html","ua":"Mozilla/5.0 (X11; Linux x86_64) AppleWebKit/537.36 (KHTML, like Gecko) HeadlessChrome/147.0.7727.15 Safari/537.36"}
  ✓  33 [chromium] › tests/workflows.spec.js:1378:3 › yes/no No enforcement › answering No without a corrective note blocks submit [FLD-08 GATE-01] (1.4s)
[2m[WebServer] [22m{"time":"2026-08-07T18:17:08.185547913-04:00","level":"ERROR","msg":"listTemplates error","error":"iterate fields: context canceled"}
[2m[WebServer] [22m{"time":"2026-08-07T18:17:08.18657832-04:00","level":"ERROR","msg":"myChecklists error","error":"iterate fail notes: context canceled"}
[2m[WebServer] [22m{"time":"2026-08-07T18:17:08.191628971-04:00","level":"INFO","msg":"client log","level":"ERROR","message":"loadMyChecklists error: Failed to fetch\nTypeError: Failed to fetch\n    at api (http://localhost:4351/sync.js:24:21)\n    at loadMyChecklists (http://localhost:4351/workflows.html:628:24)\n    at applyOp (http://localhost:4351/sync.js:504:7)\n    at _ws.onmessage (http://localhost:4351/sync.js:275:7)","user":"Jamal C. (jamal@yumyums.kitchen)","page":"/workflows.html","ua":"Mozilla/5.0 (X11; Linux x86_64) AppleWebKit/537.36 (KHTML, like Gecko) HeadlessChrome/147.0.7727.15 Safari/537.36"}
[2m[WebServer] [22m{"time":"2026-08-07T18:17:08.896197756-04:00","level":"INFO","msg":"op handler received op","op_type":"SET_FIELD","entity_id":"07379f6f-9500-4174-acfb-d1b6a33c6d6c","device_id":"46bca751-c096-4e18-9526-a9f8821f274d","lamport_ts":56}
[2m[WebServer] [22m{"time":"2026-08-07T18:17:09.808912251-04:00","level":"INFO","msg":"op handler received op","op_type":"SET_FIELD","entity_id":"07379f6f-9500-4174-acfb-d1b6a33c6d6c","device_id":"46bca751-c096-4e18-9526-a9f8821f274d","lamport_ts":58}
  ✓  34 [chromium] › tests/workflows.spec.js:1407:3 › yes/no No enforcement › answering No with note + severity allows submit [GATE-02] (6.1s)
[2m[WebServer] [22m{"time":"2026-08-07T18:17:14.382968144-04:00","level":"ERROR","msg":"myChecklists error","error":"iterate rejections: context canceled"}
[2m[WebServer] [22m{"time":"2026-08-07T18:17:14.388815517-04:00","level":"INFO","msg":"client log","level":"ERROR","message":"loadMyChecklists error: Failed to fetch\nTypeError: Failed to fetch\n    at api (http://localhost:4351/sync.js:24:21)\n    at loadMyChecklists (http://localhost:4351/workflows.html:628:24)\n    at applyOp (http://localhost:4351/sync.js:504:7)\n    at _ws.onmessage (http://localhost:4351/sync.js:275:7)","user":"Jamal C. (jamal@yumyums.kitchen)","page":"/workflows.html","ua":"Mozilla/5.0 (X11; Linux x86_64) AppleWebKit/537.36 (KHTML, like Gecko) HeadlessChrome/147.0.7727.15 Safari/537.36"}
[2m[WebServer] [22m{"time":"2026-08-07T18:17:14.389732082-04:00","level":"INFO","msg":"client log","level":"ERROR","message":"loadMyChecklists error: Failed to fetch\nTypeError: Failed to fetch\n    at api (http://localhost:4351/sync.js:24:21)\n    at loadMyChecklists (http://localhost:4351/workflows.html:628:24)\n    at applyOp (http://localhost:4351/sync.js:504:7)\n    at _ws.onmessage (http://localhost:4351/sync.js:275:7)","user":"Jamal C. (jamal@yumyums.kitchen)","page":"/workflows.html","ua":"Mozilla/5.0 (X11; Linux x86_64) AppleWebKit/537.36 (KHTML, like Gecko) HeadlessChrome/147.0.7727.15 Safari/537.36"}
  ✓  35 [chromium] › tests/workflows.spec.js:1514:3 › required-photo submit gate › submit is blocked when a required photo is not attached [GATE-04] (2.3s)
[2m[WebServer] [22m{"time":"2026-08-07T18:17:16.656309488-04:00","level":"ERROR","msg":"myChecklists error","error":"iterate responses: context canceled"}
[2m[WebServer] [22m{"time":"2026-08-07T18:17:16.661539136-04:00","level":"INFO","msg":"client log","level":"ERROR","message":"loadMyChecklists error: Failed to fetch\nTypeError: Failed to fetch\n    at api (http://localhost:4351/sync.js:24:21)\n    at loadMyChecklists (http://localhost:4351/workflows.html:628:24)\n    at applyOp (http://localhost:4351/sync.js:504:7)\n    at _ws.onmessage (http://localhost:4351/sync.js:275:7)","user":"Jamal C. (jamal@yumyums.kitchen)","page":"/workflows.html","ua":"Mozilla/5.0 (X11; Linux x86_64) AppleWebKit/537.36 (KHTML, like Gecko) HeadlessChrome/147.0.7727.15 Safari/537.36"}
[2m[WebServer] [22m{"time":"2026-08-07T18:17:16.661829128-04:00","level":"INFO","msg":"client log","level":"ERROR","message":"loadMyChecklists error: Failed to fetch\nTypeError: Failed to fetch\n    at api (http://localhost:4351/sync.js:24:21)\n    at loadMyChecklists (http://localhost:4351/workflows.html:628:24)\n    at applyOp (http://localhost:4351/sync.js:504:7)\n    at _ws.onmessage (http://localhost:4351/sync.js:275:7)","user":"Jamal C. (jamal@yumyums.kitchen)","page":"/workflows.html","ua":"Mozilla/5.0 (X11; Linux x86_64) AppleWebKit/537.36 (KHTML, like Gecko) HeadlessChrome/147.0.7727.15 Safari/537.36"}
[2m[WebServer] [22m{"time":"2026-08-07T18:17:18.327266465-04:00","level":"INFO","msg":"op handler received op","op_type":"SET_FIELD","entity_id":"23d75f02-ec8e-4d7a-bf97-8a1ea8f8fc39","device_id":"6f68e5d5-28a2-426b-aa06-f090639db0dd","lamport_ts":60}
  ✓  36 [chromium] › tests/workflows.spec.js:1540:3 › required-photo submit gate › submit is allowed once a photo URL is attached [GATE-04] (5.6s)
[2m[WebServer] [22m{"time":"2026-08-07T18:17:22.434403415-04:00","level":"ERROR","msg":"listTemplates error","error":"iterate schedules: context canceled"}
[2m[WebServer] [22m{"time":"2026-08-07T18:17:22.43768096-04:00","level":"ERROR","msg":"pendingApprovals error","error":"iterate responses: context canceled"}
  ✓  37 [chromium] › tests/workflows.spec.js:1588:3 › Navigation › clicking My Checklists tab while runner is open returns to list [RUN-18] (1.1s)
[2m[WebServer] [22m{"time":"2026-08-07T18:17:23.402420253-04:00","level":"ERROR","msg":"listTemplates error","error":"list templates: context canceled"}
[2m[WebServer] [22m{"time":"2026-08-07T18:17:23.402719536-04:00","level":"ERROR","msg":"listTemplates error","error":"iterate templates: context canceled"}
[2m[WebServer] [22m{"time":"2026-08-07T18:17:23.5158086-04:00","level":"ERROR","msg":"OpsSince error","user_id":"0eef9c58-58ba-4423-9472-51608a7b71a3","error":"context canceled"}
  ✓  38 [chromium] › tests/workflows.spec.js:1615:3 › Tab Persistence › workflows tab persists on reload [GLB-07] (1.0s)
[2m[WebServer] [22m{"time":"2026-08-07T18:17:24.257772025-04:00","level":"ERROR","msg":"GetTemplates failed","error":"query sub items: context canceled"}
[2m[WebServer] [22m{"time":"2026-08-07T18:17:24.321511222-04:00","level":"ERROR","msg":"GetTemplates failed","error":"iterate items: context canceled"}
  ✓  39 [chromium] › tests/workflows.spec.js:1626:3 › Tab Persistence › onboarding tab persists on reload (777ms)
[2m[WebServer] [22m{"time":"2026-08-07T18:17:24.963343657-04:00","level":"ERROR","msg":"ListGroups tags query failed","error":"context canceled"}
  ✓  40 [chromium] › tests/workflows.spec.js:1641:3 › Tab Persistence › inventory tab persists on reload (621ms)
  ✓  41 [chromium] › tests/workflows.spec.js:1652:3 › Tab Persistence › users tab persists on reload (564ms)
[2m[WebServer] [22m{"time":"2026-08-07T18:17:26.482739873-04:00","level":"ERROR","msg":"cleanupOldDrafts error","error":"cleanup old drafts: context canceled"}
[2m[WebServer] [22m{"time":"2026-08-07T18:17:26.483061035-04:00","level":"ERROR","msg":"myChecklists error","error":"list fail notes: context canceled"}
[2m[WebServer] [22m{"time":"2026-08-07T18:17:26.503435958-04:00","level":"INFO","msg":"client log","level":"ERROR","message":"loadMyChecklists error: Failed to fetch\nTypeError: Failed to fetch\n    at api (http://localhost:4351/sync.js:24:21)\n    at loadMyChecklists (http://localhost:4351/workflows.html:628:24)\n    at applyOp (http://localhost:4351/sync.js:504:7)\n    at _ws.onmessage (http://localhost:4351/sync.js:275:7)","user":"Jamal C. (jamal@yumyums.kitchen)","page":"/workflows.html","ua":"Mozilla/5.0 (X11; Linux x86_64) AppleWebKit/537.36 (KHTML, like Gecko) HeadlessChrome/147.0.7727.15 Safari/537.36"}
[2m[WebServer] [22m{"time":"2026-08-07T18:17:27.166494849-04:00","level":"INFO","msg":"op handler received op","op_type":"SET_FIELD","entity_id":"87faf637-1967-4c15-8a72-35a418062441","device_id":"3f63d33e-663d-4d7e-8a19-18a9e7924cb3","lamport_ts":62}
  ✓  42 [chromium] › tests/workflows.spec.js:1670:3 › Validation › submit is blocked when fail trigger fires but corrective action is empty [FLD-12 GATE-01] (1.9s)
[2m[WebServer] [22m{"time":"2026-08-07T18:17:27.756863888-04:00","level":"ERROR","msg":"GetMyTrainings failed","error":"context canceled"}
[2m[WebServer] [22m{"time":"2026-08-07T18:17:28.268350501-04:00","level":"ERROR","msg":"pendingApprovals error","error":"get user role: context canceled"}
[2m[WebServer] [22m{"time":"2026-08-07T18:17:28.26889959-04:00","level":"ERROR","msg":"listTemplates error","error":"iterate sections: context canceled"}
  ✓  43 [chromium] › tests/workflows.spec.js:1723:3 › Validation › server rejects submission with triggered fail but no corrective action [GATE-03] (876ms)
[2m[WebServer] [22m{"time":"2026-08-07T18:17:29.139730999-04:00","level":"ERROR","msg":"myChecklists error","error":"list rejections: context canceled"}
[2m[WebServer] [22m{"time":"2026-08-07T18:17:29.140905039-04:00","level":"INFO","msg":"client log","level":"ERROR","message":"loadMyChecklists error: Failed to fetch\nTypeError: Failed to fetch\n    at api (http://localhost:4351/sync.js:24:21)\n    at loadMyChecklists (http://localhost:4351/workflows.html:628:24)\n    at applyOp (http://localhost:4351/sync.js:504:7)\n    at _ws.onmessage (http://localhost:4351/sync.js:275:7)","user":"Jamal C. (jamal@yumyums.kitchen)","page":"/workflows.html","ua":"Mozilla/5.0 (X11; Linux x86_64) AppleWebKit/537.36 (KHTML, like Gecko) HeadlessChrome/147.0.7727.15 Safari/537.36"}
[2m[WebServer] [22m{"time":"2026-08-07T18:17:29.862422445-04:00","level":"INFO","msg":"op handler received op","op_type":"SET_FIELD","entity_id":"96a2daf8-18da-4fbb-8d6a-d9e970f724cf","device_id":"e741f219-439c-4ad9-9b1f-a4f6fe6d1dc9","lamport_ts":64}
fillView: runner hasActive: yes sections: [33m1[39m fields: [{"id":"96a2daf8-18da-4fbb-8d6a-d9e970f724cf","label":"Check this","type":"checkbox"}]
FILL HTML: <button class="editor-back" id="fill-back">Checklists</button>
<div style="padding:12px 16px 0;font-size:16px;font-weight:600">Readonly Test</div>
<div style="padding:10px 16px 0" class="progress-line">
  <div style="height:6px;background:var(--brd);border-radius:3px;overflow:hidden;margin-bottom:6px"><div style="height:100%;background:#27ae60;border-radius:3px;width:100%;transition:width .3s"></div></div>
  <div style="font-size:13px;color:var(--mut)">1 of 1 items complete</div>
</div>
<div cla
  ✓  44 [chromium] › tests/workflows.spec.js:1774:3 › Read-only after submit › submitted checklist fields are not interactive [RUN-09 FLD-R1] (6.2s)
[2m[WebServer] [22m{"time":"2026-08-07T18:17:35.321245935-04:00","level":"ERROR","msg":"listTemplates error","error":"iterate sections: context canceled"}
[2m[WebServer] [22m{"time":"2026-08-07T18:17:35.324955694-04:00","level":"INFO","msg":"client log","level":"ERROR","message":"loadMyChecklists error: Failed to fetch\nTypeError: Failed to fetch\n    at api (http://localhost:4351/sync.js:24:21)\n    at loadMyChecklists (http://localhost:4351/workflows.html:628:24)\n    at applyOp (http://localhost:4351/sync.js:504:7)\n    at _ws.onmessage (http://localhost:4351/sync.js:275:7)","user":"Jamal C. (jamal@yumyums.kitchen)","page":"/workflows.html","ua":"Mozilla/5.0 (X11; Linux x86_64) AppleWebKit/537.36 (KHTML, like Gecko) HeadlessChrome/147.0.7727.15 Safari/537.36"}
[2m[WebServer] [22m{"time":"2026-08-07T18:17:35.99996504-04:00","level":"INFO","msg":"op handler received op","op_type":"SET_FIELD","entity_id":"168a042e-4e82-48fa-8faa-977299d32066","device_id":"64f7242b-bc85-40a1-a37b-939a345d6dc3","lamport_ts":66}
  ✓  45 [chromium] › tests/workflows.spec.js:1834:3 › Read-only after submit › a no-approval checklist stays submitted and read-only across a reload [RUN-09b] (7.4s)
[2m[WebServer] [22m{"time":"2026-08-07T18:17:43.04945974-04:00","level":"ERROR","msg":"listTemplates error","error":"iterate sections: context canceled"}
[2m[WebServer] [22m{"time":"2026-08-07T18:17:43.050055317-04:00","level":"ERROR","msg":"myChecklists error","error":"iterate submissions: context canceled"}
[2m[WebServer] [22m{"time":"2026-08-07T18:17:43.054506471-04:00","level":"INFO","msg":"client log","level":"ERROR","message":"loadMyChecklists error: Failed to fetch\nTypeError: Failed to fetch\n    at api (http://localhost:4351/sync.js:24:21)\n    at loadMyChecklists (http://localhost:4351/workflows.html:628:24)\n    at applyOp (http://localhost:4351/sync.js:504:7)\n    at _ws.onmessage (http://localhost:4351/sync.js:275:7)","user":"Jamal C. (jamal@yumyums.kitchen)","page":"/workflows.html","ua":"Mozilla/5.0 (X11; Linux x86_64) AppleWebKit/537.36 (KHTML, like Gecko) HeadlessChrome/147.0.7727.15 Safari/537.36"}
[2m[WebServer] [22m{"time":"2026-08-07T18:17:43.748287076-04:00","level":"INFO","msg":"op handler received op","op_type":"SET_FIELD","entity_id":"e51dfe9f-f898-4df0-b3b5-ca4eef0d0d94","device_id":"525a9055-4b7d-442b-bc5d-03177ba3949e","lamport_ts":68}
  ✓  46 [chromium] › tests/workflows.spec.js:1905:3 › Read-only after submit › a no-approval submitted checklist RENDERS as submitted — list badge + read-only runner, optimistic and after reload [RUN-09c] (6.2s)
  ✓  47 [chromium] › tests/workflows.spec.js:1998:3 › Loading states › skeleton screens show during load [GLB-09] (704ms)
[2m[WebServer] [22m{"time":"2026-08-07T18:17:49.654062824-04:00","level":"ERROR","msg":"listTemplates error","error":"list assignments: context canceled"}
  ✓  48 [chromium] › tests/workflows.spec.js:2007:3 › Loading states › workflows page loads and shows tabs [GLB-02] (771ms)
[2m[WebServer] [22m{"time":"2026-08-07T18:17:51.619492324-04:00","level":"INFO","msg":"op handler received op","op_type":"SET_FIELD","entity_id":"4cee38dc-8a2f-4c2a-8173-c602a391b102","device_id":"e83fb0ea-355a-4397-867d-984ffbc099a6","lamport_ts":121}
[2m[WebServer] [22m{"time":"2026-08-07T18:17:53.2409189-04:00","level":"ERROR","msg":"myChecklists error","error":"iterate schedules: context canceled"}
[2m[WebServer] [22m{"time":"2026-08-07T18:17:53.261266151-04:00","level":"INFO","msg":"client log","level":"ERROR","message":"loadMyChecklists error: Failed to fetch\nTypeError: Failed to fetch\n    at api (http://localhost:4351/sync.js:24:21)\n    at loadMyChecklists (http://localhost:4351/workflows.html:628:24)\n    at rerenderOpenChecklistAfterSave (http://localhost:4351/sync.js:526:53)\n    at applyOp (http://localhost:4351/sync.js:492:7)\n    at wsCatchUp (http://localhost:4351/sync.js:312:7)","user":"Jamal C. (jamal@yumyums.kitchen)","page":"/workflows.html","ua":"Mozilla/5.0 (X11; Linux x86_64) AppleWebKit/537.36 (KHTML, like Gecko) HeadlessChrome/147.0.7727.15 Safari/537.36"}
[2m[WebServer] [22m{"time":"2026-08-07T18:17:53.261266454-04:00","level":"INFO","msg":"client log","level":"ERROR","message":"loadMyChecklists error: Failed to fetch\nTypeError: Failed to fetch\n    at api (http://localhost:4351/sync.js:24:21)\n    at loadMyChecklists (http://localhost:4351/workflows.html:628:24)\n    at rerenderOpenChecklistAfterSave (http://localhost:4351/sync.js:526:53)\n    at applyOp (http://localhost:4351/sync.js:492:7)\n    at wsCatchUp (http://localhost:4351/sync.js:312:7)","user":"Jamal C. (jamal@yumyums.kitchen)","page":"/workflows.html","ua":"Mozilla/5.0 (X11; Linux x86_64) AppleWebKit/537.36 (KHTML, like Gecko) HeadlessChrome/147.0.7727.15 Safari/537.36"}
[2m[WebServer] [22m{"time":"2026-08-07T18:17:53.2642978-04:00","level":"INFO","msg":"client log","level":"ERROR","message":"loadMyChecklists error: Failed to fetch\nTypeError: Failed to fetch\n    at api (http://localhost:4351/sync.js:24:21)\n    at loadMyChecklists (http://localhost:4351/workflows.html:628:24)\n    at rerenderOpenChecklistAfterSave (http://localhost:4351/sync.js:526:53)\n    at applyOp (http://localhost:4351/sync.js:492:7)\n    at wsCatchUp (http://localhost:4351/sync.js:312:7)","user":"Jamal C. (jamal@yumyums.kitchen)","page":"/workflows.html","ua":"Mozilla/5.0 (X11; Linux x86_64) AppleWebKit/537.36 (KHTML, like Gecko) HeadlessChrome/147.0.7727.15 Safari/537.36"}
[2m[WebServer] [22m{"time":"2026-08-07T18:17:53.269576034-04:00","level":"INFO","msg":"client log","level":"ERROR","message":"loadMyChecklists error: Failed to fetch\nTypeError: Failed to fetch\n    at api (http://localhost:4351/sync.js:24:21)\n    at loadMyChecklists (http://localhost:4351/workflows.html:628:24)\n    at applyOp (http://localhost:4351/sync.js:457:7)\n    at wsCatchUp (http://localhost:4351/sync.js:312:7)","user":"Jamal C. (jamal@yumyums.kitchen)","page":"/workflows.html","ua":"Mozilla/5.0 (X11; Linux x86_64) AppleWebKit/537.36 (KHTML, like Gecko) HeadlessChrome/147.0.7727.15 Safari/537.36"}
[2m[WebServer] [22m{"time":"2026-08-07T18:17:53.269909014-04:00","level":"INFO","msg":"client log","level":"ERROR","message":"loadMyChecklists error: Failed to fetch\nTypeError: Failed to fetch\n    at api (http://localhost:4351/sync.js:24:21)\n    at loadMyChecklists (http://localhost:4351/workflows.html:628:24)\n    at rerenderOpenChecklistAfterSave (http://localhost:4351/sync.js:526:53)\n    at applyOp (http://localhost:4351/sync.js:492:7)\n    at wsCatchUp (http://localhost:4351/sync.js:312:7)","user":"Jamal C. (jamal@yumyums.kitchen)","page":"/workflows.html","ua":"Mozilla/5.0 (X11; Linux x86_64) AppleWebKit/537.36 (KHTML, like Gecko) HeadlessChrome/147.0.7727.15 Safari/537.36"}
[2m[WebServer] [22m{"time":"2026-08-07T18:17:53.27007717-04:00","level":"INFO","msg":"client log","level":"ERROR","message":"loadMyChecklists error: Failed to fetch\nTypeError: Failed to fetch\n    at api (http://localhost:4351/sync.js:24:21)\n    at loadMyChecklists (http://localhost:4351/workflows.html:628:24)\n    at rerenderOpenChecklistAfterSave (http://localhost:4351/sync.js:526:53)\n    at applyOp (http://localhost:4351/sync.js:492:7)\n    at wsCatchUp (http://localhost:4351/sync.js:312:7)","user":"Jamal C. (jamal@yumyums.kitchen)","page":"/workflows.html","ua":"Mozilla/5.0 (X11; Linux x86_64) AppleWebKit/537.36 (KHTML, like Gecko) HeadlessChrome/147.0.7727.15 Safari/537.36"}
[2m[WebServer] [22m{"time":"2026-08-07T18:17:53.276760302-04:00","level":"INFO","msg":"client log","level":"ERROR","message":"loadMyChecklists error: Failed to fetch\nTypeError: Failed to fetch\n    at api (http://localhost:4351/sync.js:24:21)\n    at loadMyChecklists (http://localhost:4351/workflows.html:628:24)\n    at rerenderOpenChecklistAfterSave (http://localhost:4351/sync.js:526:53)\n    at applyOp (http://localhost:4351/sync.js:492:7)\n    at wsCatchUp (http://localhost:4351/sync.js:312:7)","user":"Jamal C. (jamal@yumyums.kitchen)","page":"/workflows.html","ua":"Mozilla/5.0 (X11; Linux x86_64) AppleWebKit/537.36 (KHTML, like Gecko) HeadlessChrome/147.0.7727.15 Safari/537.36"}
[2m[WebServer] [22m{"time":"2026-08-07T18:17:53.280092228-04:00","level":"INFO","msg":"client log","level":"ERROR","message":"loadMyChecklists error: Failed to fetch\nTypeError: Failed to fetch\n    at api (http://localhost:4351/sync.js:24:21)\n    at loadMyChecklists (http://localhost:4351/workflows.html:628:24)\n    at rerenderOpenChecklistAfterSave (http://localhost:4351/sync.js:526:53)\n    at applyOp (http://localhost:4351/sync.js:492:7)\n    at wsCatchUp (http://localhost:4351/sync.js:312:7)","user":"Jamal C. (jamal@yumyums.kitchen)","page":"/workflows.html","ua":"Mozilla/5.0 (X11; Linux x86_64) AppleWebKit/537.36 (KHTML, like Gecko) HeadlessChrome/147.0.7727.15 Safari/537.36"}
[2m[WebServer] [22m{"time":"2026-08-07T18:17:53.280318724-04:00","level":"INFO","msg":"client log","level":"ERROR","message":"loadMyChecklists error: Failed to fetch\nTypeError: Failed to fetch\n    at api (http://localhost:4351/sync.js:24:21)\n    at loadMyChecklists (http://localhost:4351/workflows.html:628:24)\n    at applyOp (http://localhost:4351/sync.js:482:7)\n    at wsCatchUp (http://localhost:4351/sync.js:312:7)","user":"Jamal C. (jamal@yumyums.kitchen)","page":"/workflows.html","ua":"Mozilla/5.0 (X11; Linux x86_64) AppleWebKit/537.36 (KHTML, like Gecko) HeadlessChrome/147.0.7727.15 Safari/537.36"}
[2m[WebServer] [22m{"time":"2026-08-07T18:17:53.280559754-04:00","level":"INFO","msg":"client log","level":"ERROR","message":"loadMyChecklists error: Failed to fetch\nTypeError: Failed to fetch\n    at api (http://localhost:4351/sync.js:24:21)\n    at loadMyChecklists (http://localhost:4351/workflows.html:628:24)\n    at rerenderOpenChecklistAfterSave (http://localhost:4351/sync.js:526:53)\n    at applyOp (http://localhost:4351/sync.js:492:7)\n    at wsCatchUp (http://localhost:4351/sync.js:312:7)","user":"Jamal C. (jamal@yumyums.kitchen)","page":"/workflows.html","ua":"Mozilla/5.0 (X11; Linux x86_64) AppleWebKit/537.36 (KHTML, like Gecko) HeadlessChrome/147.0.7727.15 Safari/537.36"}
[2m[WebServer] [22m{"time":"2026-08-07T18:17:53.289149728-04:00","level":"INFO","msg":"client log","level":"ERROR","message":"loadMyChecklists error: Failed to fetch\nTypeError: Failed to fetch\n    at api (http://localhost:4351/sync.js:24:21)\n    at loadMyChecklists (http://localhost:4351/workflows.html:628:24)\n    at rerenderOpenChecklistAfterSave (http://localhost:4351/sync.js:526:53)\n    at applyOp (http://localhost:4351/sync.js:492:7)\n    at wsCatchUp (http://localhost:4351/sync.js:312:7)","user":"Jamal C. (jamal@yumyums.kitchen)","page":"/workflows.html","ua":"Mozilla/5.0 (X11; Linux x86_64) AppleWebKit/537.36 (KHTML, like Gecko) HeadlessChrome/147.0.7727.15 Safari/537.36"}
[2m[WebServer] [22m{"time":"2026-08-07T18:17:53.289149929-04:00","level":"INFO","msg":"client log","level":"ERROR","message":"loadMyChecklists error: Failed to fetch\nTypeError: Failed to fetch\n    at api (http://localhost:4351/sync.js:24:21)\n    at loadMyChecklists (http://localhost:4351/workflows.html:628:24)\n    at rerenderOpenChecklistAfterSave (http://localhost:4351/sync.js:526:53)\n    at applyOp (http://localhost:4351/sync.js:492:7)\n    at wsCatchUp (http://localhost:4351/sync.js:312:7)","user":"Jamal C. (jamal@yumyums.kitchen)","page":"/workflows.html","ua":"Mozilla/5.0 (X11; Linux x86_64) AppleWebKit/537.36 (KHTML, like Gecko) HeadlessChrome/147.0.7727.15 Safari/537.36"}
[2m[WebServer] [22m{"time":"2026-08-07T18:17:53.295753021-04:00","level":"INFO","msg":"client log","level":"ERROR","message":"loadMyChecklists error: Failed to fetch\nTypeError: Failed to fetch\n    at api (http://localhost:4351/sync.js:24:21)\n    at loadMyChecklists (http://localhost:4351/workflows.html:628:24)\n    at rerenderOpenChecklistAfterSave (http://localhost:4351/sync.js:526:53)\n    at applyOp (http://localhost:4351/sync.js:492:7)\n    at wsCatchUp (http://localhost:4351/sync.js:312:7)","user":"Jamal C. (jamal@yumyums.kitchen)","page":"/workflows.html","ua":"Mozilla/5.0 (X11; Linux x86_64) AppleWebKit/537.36 (KHTML, like Gecko) HeadlessChrome/147.0.7727.15 Safari/537.36"}
[2m[WebServer] [22m{"time":"2026-08-07T18:17:53.295942272-04:00","level":"INFO","msg":"client log","level":"ERROR","message":"loadMyChecklists error: Failed to fetch\nTypeError: Failed to fetch\n    at api (http://localhost:4351/sync.js:24:21)\n    at loadMyChecklists (http://localhost:4351/workflows.html:628:24)\n    at rerenderOpenChecklistAfterSave (http://localhost:4351/sync.js:526:53)\n    at applyOp (http://localhost:4351/sync.js:492:7)\n    at wsCatchUp (http://localhost:4351/sync.js:312:7)","user":"Jamal C. (jamal@yumyums.kitchen)","page":"/workflows.html","ua":"Mozilla/5.0 (X11; Linux x86_64) AppleWebKit/537.36 (KHTML, like Gecko) HeadlessChrome/147.0.7727.15 Safari/537.36"}
[2m[WebServer] [22m{"time":"2026-08-07T18:17:53.297855371-04:00","level":"INFO","msg":"client log","level":"ERROR","message":"loadMyChecklists error: Failed to fetch\nTypeError: Failed to fetch\n    at api (http://localhost:4351/sync.js:24:21)\n    at loadMyChecklists (http://localhost:4351/workflows.html:628:24)\n    at rerenderOpenChecklistAfterSave (http://localhost:4351/sync.js:526:53)\n    at applyOp (http://localhost:4351/sync.js:492:7)\n    at wsCatchUp (http://localhost:4351/sync.js:312:7)","user":"Jamal C. (jamal@yumyums.kitchen)","page":"/workflows.html","ua":"Mozilla/5.0 (X11; Linux x86_64) AppleWebKit/537.36 (KHTML, like Gecko) HeadlessChrome/147.0.7727.15 Safari/537.36"}
[2m[WebServer] [22m{"time":"2026-08-07T18:17:53.297963572-04:00","level":"INFO","msg":"client log","level":"ERROR","message":"loadMyChecklists error: Failed to fetch\nTypeError: Failed to fetch\n    at api (http://localhost:4351/sync.js:24:21)\n    at loadMyChecklists (http://localhost:4351/workflows.html:628:24)\n    at rerenderOpenChecklistAfterSave (http://localhost:4351/sync.js:526:53)\n    at applyOp (http://localhost:4351/sync.js:492:7)\n    at wsCatchUp (http://localhost:4351/sync.js:312:7)","user":"Jamal C. (jamal@yumyums.kitchen)","page":"/workflows.html","ua":"Mozilla/5.0 (X11; Linux x86_64) AppleWebKit/537.36 (KHTML, like Gecko) HeadlessChrome/147.0.7727.15 Safari/537.36"}
[2m[WebServer] [22m{"time":"2026-08-07T18:17:53.300524768-04:00","level":"INFO","msg":"client log","level":"ERROR","message":"loadMyChecklists error: Failed to fetch\nTypeError: Failed to fetch\n    at api (http://localhost:4351/sync.js:24:21)\n    at loadMyChecklists (http://localhost:4351/workflows.html:628:24)\n    at rerenderOpenChecklistAfterSave (http://localhost:4351/sync.js:526:53)\n    at applyOp (http://localhost:4351/sync.js:492:7)\n    at wsCatchUp (http://localhost:4351/sync.js:312:7)","user":"Jamal C. (jamal@yumyums.kitchen)","page":"/workflows.html","ua":"Mozilla/5.0 (X11; Linux x86_64) AppleWebKit/537.36 (KHTML, like Gecko) HeadlessChrome/147.0.7727.15 Safari/537.36"}
[2m[WebServer] [22m{"time":"2026-08-07T18:17:53.300525071-04:00","level":"INFO","msg":"client log","level":"ERROR","message":"loadMyChecklists error: Failed to fetch\nTypeError: Failed to fetch\n    at api (http://localhost:4351/sync.js:24:21)\n    at loadMyChecklists (http://localhost:4351/workflows.html:628:24)\n    at rerenderOpenChecklistAfterSave (http://localhost:4351/sync.js:526:53)\n    at applyOp (http://localhost:4351/sync.js:492:7)\n    at wsCatchUp (http://localhost:4351/sync.js:312:7)","user":"Jamal C. (jamal@yumyums.kitchen)","page":"/workflows.html","ua":"Mozilla/5.0 (X11; Linux x86_64) AppleWebKit/537.36 (KHTML, like Gecko) HeadlessChrome/147.0.7727.15 Safari/537.36"}
[2m[WebServer] [22m{"time":"2026-08-07T18:17:53.307719332-04:00","level":"INFO","msg":"client log","level":"ERROR","message":"loadMyChecklists error: Failed to fetch\nTypeError: Failed to fetch\n    at api (http://localhost:4351/sync.js:24:21)\n    at loadMyChecklists (http://localhost:4351/workflows.html:628:24)\n    at rerenderOpenChecklistAfterSave (http://localhost:4351/sync.js:526:53)\n    at applyOp (http://localhost:4351/sync.js:492:7)\n    at wsCatchUp (http://localhost:4351/sync.js:312:7)","user":"Jamal C. (jamal@yumyums.kitchen)","page":"/workflows.html","ua":"Mozilla/5.0 (X11; Linux x86_64) AppleWebKit/537.36 (KHTML, like Gecko) HeadlessChrome/147.0.7727.15 Safari/537.36"}
[2m[WebServer] [22m{"time":"2026-08-07T18:17:53.307799372-04:00","level":"INFO","msg":"client log","level":"ERROR","message":"loadMyChecklists error: Failed to fetch\nTypeError: Failed to fetch\n    at api (http://localhost:4351/sync.js:24:21)\n    at loadMyChecklists (http://localhost:4351/workflows.html:628:24)\n    at rerenderOpenChecklistAfterSave (http://localhost:4351/sync.js:526:53)\n    at applyOp (http://localhost:4351/sync.js:492:7)\n    at wsCatchUp (http://localhost:4351/sync.js:312:7)","user":"Jamal C. (jamal@yumyums.kitchen)","page":"/workflows.html","ua":"Mozilla/5.0 (X11; Linux x86_64) AppleWebKit/537.36 (KHTML, like Gecko) HeadlessChrome/147.0.7727.15 Safari/537.36"}
[2m[WebServer] [22m{"time":"2026-08-07T18:17:53.309513128-04:00","level":"INFO","msg":"client log","level":"ERROR","message":"loadMyChecklists error: Failed to fetch\nTypeError: Failed to fetch\n    at api (http://localhost:4351/sync.js:24:21)\n    at loadMyChecklists (http://localhost:4351/workflows.html:628:24)\n    at rerenderOpenChecklistAfterSave (http://localhost:4351/sync.js:526:53)\n    at applyOp (http://localhost:4351/sync.js:492:7)\n    at wsCatchUp (http://localhost:4351/sync.js:312:7)","user":"Jamal C. (jamal@yumyums.kitchen)","page":"/workflows.html","ua":"Mozilla/5.0 (X11; Linux x86_64) AppleWebKit/537.36 (KHTML, like Gecko) HeadlessChrome/147.0.7727.15 Safari/537.36"}
[2m[WebServer] [22m{"time":"2026-08-07T18:17:53.309558649-04:00","level":"INFO","msg":"client log","level":"ERROR","message":"loadMyChecklists error: Failed to fetch\nTypeError: Failed to fetch\n    at api (http://localhost:4351/sync.js:24:21)\n    at loadMyChecklists (http://localhost:4351/workflows.html:628:24)\n    at applyOp (http://localhost:4351/sync.js:482:7)\n    at wsCatchUp (http://localhost:4351/sync.js:312:7)","user":"Jamal C. (jamal@yumyums.kitchen)","page":"/workflows.html","ua":"Mozilla/5.0 (X11; Linux x86_64) AppleWebKit/537.36 (KHTML, like Gecko) HeadlessChrome/147.0.7727.15 Safari/537.36"}
[2m[WebServer] [22m{"time":"2026-08-07T18:17:53.309512825-04:00","level":"INFO","msg":"client log","level":"ERROR","message":"loadMyChecklists error: Failed to fetch\nTypeError: Failed to fetch\n    at api (http://localhost:4351/sync.js:24:21)\n    at loadMyChecklists (http://localhost:4351/workflows.html:628:24)\n    at rerenderOpenChecklistAfterSave (http://localhost:4351/sync.js:526:53)\n    at applyOp (http://localhost:4351/sync.js:492:7)\n    at wsCatchUp (http://localhost:4351/sync.js:312:7)","user":"Jamal C. (jamal@yumyums.kitchen)","page":"/workflows.html","ua":"Mozilla/5.0 (X11; Linux x86_64) AppleWebKit/537.36 (KHTML, like Gecko) HeadlessChrome/147.0.7727.15 Safari/537.36"}
[2m[WebServer] [22m{"time":"2026-08-07T18:17:53.31083849-04:00","level":"INFO","msg":"client log","level":"ERROR","message":"loadMyChecklists error: Failed to fetch\nTypeError: Failed to fetch\n    at api (http://localhost:4351/sync.js:24:21)\n    at loadMyChecklists (http://localhost:4351/workflows.html:628:24)\n    at rerenderOpenChecklistAfterSave (http://localhost:4351/sync.js:526:53)\n    at applyOp (http://localhost:4351/sync.js:492:7)\n    at wsCatchUp (http://localhost:4351/sync.js:312:7)","user":"Jamal C. (jamal@yumyums.kitchen)","page":"/workflows.html","ua":"Mozilla/5.0 (X11; Linux x86_64) AppleWebKit/537.36 (KHTML, like Gecko) HeadlessChrome/147.0.7727.15 Safari/537.36"}
[2m[WebServer] [22m{"time":"2026-08-07T18:17:53.316202518-04:00","level":"INFO","msg":"client log","level":"ERROR","message":"loadMyChecklists error: Failed to fetch\nTypeError: Failed to fetch\n    at api (http://localhost:4351/sync.js:24:21)\n    at loadMyChecklists (http://localhost:4351/workflows.html:628:24)\n    at applyOp (http://localhost:4351/sync.js:482:7)\n    at wsCatchUp (http://localhost:4351/sync.js:312:7)","user":"Jamal C. (jamal@yumyums.kitchen)","page":"/workflows.html","ua":"Mozilla/5.0 (X11; Linux x86_64) AppleWebKit/537.36 (KHTML, like Gecko) HeadlessChrome/147.0.7727.15 Safari/537.36"}
[2m[WebServer] [22m{"time":"2026-08-07T18:17:53.316321418-04:00","level":"INFO","msg":"client log","level":"ERROR","message":"loadMyChecklists error: Failed to fetch\nTypeError: Failed to fetch\n    at api (http://localhost:4351/sync.js:24:21)\n    at loadMyChecklists (http://localhost:4351/workflows.html:628:24)\n    at applyOp (http://localhost:4351/sync.js:482:7)\n    at wsCatchUp (http://localhost:4351/sync.js:312:7)","user":"Jamal C. (jamal@yumyums.kitchen)","page":"/workflows.html","ua":"Mozilla/5.0 (X11; Linux x86_64) AppleWebKit/537.36 (KHTML, like Gecko) HeadlessChrome/147.0.7727.15 Safari/537.36"}
[2m[WebServer] [22m{"time":"2026-08-07T18:17:53.317298659-04:00","level":"INFO","msg":"client log","level":"ERROR","message":"loadMyChecklists error: Failed to fetch\nTypeError: Failed to fetch\n    at api (http://localhost:4351/sync.js:24:21)\n    at loadMyChecklists (http://localhost:4351/workflows.html:628:24)\n    at applyOp (http://localhost:4351/sync.js:457:7)\n    at wsCatchUp (http://localhost:4351/sync.js:312:7)","user":"Jamal C. (jamal@yumyums.kitchen)","page":"/workflows.html","ua":"Mozilla/5.0 (X11; Linux x86_64) AppleWebKit/537.36 (KHTML, like Gecko) HeadlessChrome/147.0.7727.15 Safari/537.36"}
[2m[WebServer] [22m{"time":"2026-08-07T18:17:53.317373855-04:00","level":"INFO","msg":"client log","level":"ERROR","message":"loadMyChecklists error: Failed to fetch\nTypeError: Failed to fetch\n    at api (http://localhost:4351/sync.js:24:21)\n    at loadMyChecklists (http://localhost:4351/workflows.html:628:24)\n    at rerenderOpenChecklistAfterSave (http://localhost:4351/sync.js:526:53)\n    at applyOp (http://localhost:4351/sync.js:492:7)\n    at wsCatchUp (http://localhost:4351/sync.js:312:7)","user":"Jamal C. (jamal@yumyums.kitchen)","page":"/workflows.html","ua":"Mozilla/5.0 (X11; Linux x86_64) AppleWebKit/537.36 (KHTML, like Gecko) HeadlessChrome/147.0.7727.15 Safari/537.36"}
[2m[WebServer] [22m{"time":"2026-08-07T18:17:53.319175221-04:00","level":"INFO","msg":"client log","level":"ERROR","message":"loadMyChecklists error: Failed to fetch\nTypeError: Failed to fetch\n    at api (http://localhost:4351/sync.js:24:21)\n    at loadMyChecklists (http://localhost:4351/workflows.html:628:24)\n    at rerenderOpenChecklistAfterSave (http://localhost:4351/sync.js:526:53)\n    at applyOp (http://localhost:4351/sync.js:492:7)\n    at wsCatchUp (http://localhost:4351/sync.js:312:7)","user":"Jamal C. (jamal@yumyums.kitchen)","page":"/workflows.html","ua":"Mozilla/5.0 (X11; Linux x86_64) AppleWebKit/537.36 (KHTML, like Gecko) HeadlessChrome/147.0.7727.15 Safari/537.36"}
[2m[WebServer] [22m{"time":"2026-08-07T18:17:53.320267325-04:00","level":"INFO","msg":"client log","level":"ERROR","message":"loadMyChecklists error: Failed to fetch\nTypeError: Failed to fetch\n    at api (http://localhost:4351/sync.js:24:21)\n    at loadMyChecklists (http://localhost:4351/workflows.html:628:24)\n    at rerenderOpenChecklistAfterSave (http://localhost:4351/sync.js:526:53)\n    at applyOp (http://localhost:4351/sync.js:492:7)\n    at wsCatchUp (http://localhost:4351/sync.js:312:7)","user":"Jamal C. (jamal@yumyums.kitchen)","page":"/workflows.html","ua":"Mozilla/5.0 (X11; Linux x86_64) AppleWebKit/537.36 (KHTML, like Gecko) HeadlessChrome/147.0.7727.15 Safari/537.36"}
  ✓  49 [chromium] › tests/workflows.spec.js:2015:3 › Loading states › checklist progress is shared across team members [LC-04] (4.1s)
[2m[WebServer] [22m{"time":"2026-08-07T18:17:55.605973207-04:00","level":"INFO","msg":"op handler received op","op_type":"SET_FIELD","entity_id":"14cbe022-984c-4232-8007-3205acf42d7f","device_id":"ca1ea9b7-cf03-46de-8ace-d3abf6bf0b32","lamport_ts":123}
[2m[WebServer] [22m{"time":"2026-08-07T18:17:57.429729668-04:00","level":"ERROR","msg":"GetManagerHires failed","error":"query assigned templates for hire d30dbe6f-d9f0-4085-89a8-ed8f22f308f1: context canceled"}
[2m[WebServer] [22m{"time":"2026-08-07T18:17:57.451408084-04:00","level":"ERROR","msg":"GetMyTrainings failed","error":"context canceled"}
  ✓  50 [chromium] › tests/workflows.spec.js:2084:3 › Loading states › field attribution shows who actually checked it, not the viewer [RUN-03] (4.0s)
[2m[WebServer] [22m{"time":"2026-08-07T18:17:59.48316442-04:00","level":"INFO","msg":"op handler received op","op_type":"SET_FIELD","entity_id":"767f9085-b206-4305-93be-fba292f6c92f","device_id":"2c198d23-cca1-4e83-a4c6-2bcb607df95d","lamport_ts":125}
[2m[WebServer] [22m{"time":"2026-08-07T18:18:01.108178592-04:00","level":"ERROR","msg":"myChecklists error","error":"iterate fail notes: context canceled"}
[2m[WebServer] [22m{"time":"2026-08-07T18:18:01.113573215-04:00","level":"INFO","msg":"client log","level":"ERROR","message":"loadMyChecklists error: Failed to fetch\nTypeError: Failed to fetch\n    at api (http://localhost:4351/sync.js:24:21)\n    at loadMyChecklists (http://localhost:4351/workflows.html:628:24)\n    at rerenderOpenChecklistAfterSave (http://localhost:4351/sync.js:526:53)\n    at applyOp (http://localhost:4351/sync.js:492:7)\n    at wsCatchUp (http://localhost:4351/sync.js:312:7)","user":"Jamal C. (jamal@yumyums.kitchen)","page":"/workflows.html","ua":"Mozilla/5.0 (X11; Linux x86_64) AppleWebKit/537.36 (KHTML, like Gecko) HeadlessChrome/147.0.7727.15 Safari/537.36"}
[2m[WebServer] [22m{"time":"2026-08-07T18:18:01.114300379-04:00","level":"INFO","msg":"client log","level":"ERROR","message":"loadMyChecklists error: Failed to fetch\nTypeError: Failed to fetch\n    at api (http://localhost:4351/sync.js:24:21)\n    at loadMyChecklists (http://localhost:4351/workflows.html:628:24)\n    at rerenderOpenChecklistAfterSave (http://localhost:4351/sync.js:526:53)\n    at applyOp (http://localhost:4351/sync.js:492:7)\n    at wsCatchUp (http://localhost:4351/sync.js:312:7)","user":"Jamal C. (jamal@yumyums.kitchen)","page":"/workflows.html","ua":"Mozilla/5.0 (X11; Linux x86_64) AppleWebKit/537.36 (KHTML, like Gecko) HeadlessChrome/147.0.7727.15 Safari/537.36"}
[2m[WebServer] [22m{"time":"2026-08-07T18:18:01.128620793-04:00","level":"INFO","msg":"client log","level":"ERROR","message":"loadMyChecklists error: Failed to fetch\nTypeError: Failed to fetch\n    at api (http://localhost:4351/sync.js:24:21)\n    at loadMyChecklists (http://localhost:4351/workflows.html:628:24)\n    at rerenderOpenChecklistAfterSave (http://localhost:4351/sync.js:526:53)\n    at applyOp (http://localhost:4351/sync.js:492:7)\n    at wsCatchUp (http://localhost:4351/sync.js:312:7)","user":"Jamal C. (jamal@yumyums.kitchen)","page":"/workflows.html","ua":"Mozilla/5.0 (X11; Linux x86_64) AppleWebKit/537.36 (KHTML, like Gecko) HeadlessChrome/147.0.7727.15 Safari/537.36"}
[2m[WebServer] [22m{"time":"2026-08-07T18:18:01.129011384-04:00","level":"INFO","msg":"client log","level":"ERROR","message":"loadMyChecklists error: Failed to fetch\nTypeError: Failed to fetch\n    at api (http://localhost:4351/sync.js:24:21)\n    at loadMyChecklists (http://localhost:4351/workflows.html:628:24)\n    at rerenderOpenChecklistAfterSave (http://localhost:4351/sync.js:526:53)\n    at applyOp (http://localhost:4351/sync.js:492:7)\n    at wsCatchUp (http://localhost:4351/sync.js:312:7)","user":"Jamal C. (jamal@yumyums.kitchen)","page":"/workflows.html","ua":"Mozilla/5.0 (X11; Linux x86_64) AppleWebKit/537.36 (KHTML, like Gecko) HeadlessChrome/147.0.7727.15 Safari/537.36"}
[2m[WebServer] [22m{"time":"2026-08-07T18:18:01.138767492-04:00","level":"INFO","msg":"client log","level":"ERROR","message":"loadMyChecklists error: Failed to fetch\nTypeError: Failed to fetch\n    at api (http://localhost:4351/sync.js:24:21)\n    at loadMyChecklists (http://localhost:4351/workflows.html:628:24)\n    at applyOp (http://localhost:4351/sync.js:482:7)\n    at wsCatchUp (http://localhost:4351/sync.js:312:7)","user":"Jamal C. (jamal@yumyums.kitchen)","page":"/workflows.html","ua":"Mozilla/5.0 (X11; Linux x86_64) AppleWebKit/537.36 (KHTML, like Gecko) HeadlessChrome/147.0.7727.15 Safari/537.36"}
[2m[WebServer] [22m{"time":"2026-08-07T18:18:01.14791494-04:00","level":"INFO","msg":"client log","level":"ERROR","message":"loadMyChecklists error: Failed to fetch\nTypeError: Failed to fetch\n    at api (http://localhost:4351/sync.js:24:21)\n    at loadMyChecklists (http://localhost:4351/workflows.html:628:24)\n    at applyOp (http://localhost:4351/sync.js:482:7)\n    at wsCatchUp (http://localhost:4351/sync.js:312:7)","user":"Jamal C. (jamal@yumyums.kitchen)","page":"/workflows.html","ua":"Mozilla/5.0 (X11; Linux x86_64) AppleWebKit/537.36 (KHTML, like Gecko) HeadlessChrome/147.0.7727.15 Safari/537.36"}
[2m[WebServer] [22m{"time":"2026-08-07T18:18:01.152123837-04:00","level":"INFO","msg":"client log","level":"ERROR","message":"loadMyChecklists error: Failed to fetch\nTypeError: Failed to fetch\n    at api (http://localhost:4351/sync.js:24:21)\n    at loadMyChecklists (http://localhost:4351/workflows.html:628:24)\n    at rerenderOpenChecklistAfterSave (http://localhost:4351/sync.js:526:53)\n    at applyOp (http://localhost:4351/sync.js:492:7)\n    at wsCatchUp (http://localhost:4351/sync.js:312:7)","user":"Jamal C. (jamal@yumyums.kitchen)","page":"/workflows.html","ua":"Mozilla/5.0 (X11; Linux x86_64) AppleWebKit/537.36 (KHTML, like Gecko) HeadlessChrome/147.0.7727.15 Safari/537.36"}
[2m[WebServer] [22m{"time":"2026-08-07T18:18:01.157943137-04:00","level":"INFO","msg":"client log","level":"ERROR","message":"loadMyChecklists error: Failed to fetch\nTypeError: Failed to fetch\n    at api (http://localhost:4351/sync.js:24:21)\n    at loadMyChecklists (http://localhost:4351/workflows.html:628:24)\n    at rerenderOpenChecklistAfterSave (http://localhost:4351/sync.js:526:53)\n    at applyOp (http://localhost:4351/sync.js:492:7)\n    at wsCatchUp (http://localhost:4351/sync.js:312:7)","user":"Jamal C. (jamal@yumyums.kitchen)","page":"/workflows.html","ua":"Mozilla/5.0 (X11; Linux x86_64) AppleWebKit/537.36 (KHTML, like Gecko) HeadlessChrome/147.0.7727.15 Safari/537.36"}
[2m[WebServer] [22m{"time":"2026-08-07T18:18:01.158011907-04:00","level":"INFO","msg":"client log","level":"ERROR","message":"loadMyChecklists error: Failed to fetch\nTypeError: Failed to fetch\n    at api (http://localhost:4351/sync.js:24:21)\n    at loadMyChecklists (http://localhost:4351/workflows.html:628:24)\n    at applyOp (http://localhost:4351/sync.js:457:7)\n    at wsCatchUp (http://localhost:4351/sync.js:312:7)","user":"Jamal C. (jamal@yumyums.kitchen)","page":"/workflows.html","ua":"Mozilla/5.0 (X11; Linux x86_64) AppleWebKit/537.36 (KHTML, like Gecko) HeadlessChrome/147.0.7727.15 Safari/537.36"}
[2m[WebServer] [22m{"time":"2026-08-07T18:18:01.161867487-04:00","level":"INFO","msg":"client log","level":"ERROR","message":"loadMyChecklists error: Failed to fetch\nTypeError: Failed to fetch\n    at api (http://localhost:4351/sync.js:24:21)\n    at loadMyChecklists (http://localhost:4351/workflows.html:628:24)\n    at rerenderOpenChecklistAfterSave (http://localhost:4351/sync.js:526:53)\n    at applyOp (http://localhost:4351/sync.js:492:7)\n    at wsCatchUp (http://localhost:4351/sync.js:312:7)","user":"Jamal C. (jamal@yumyums.kitchen)","page":"/workflows.html","ua":"Mozilla/5.0 (X11; Linux x86_64) AppleWebKit/537.36 (KHTML, like Gecko) HeadlessChrome/147.0.7727.15 Safari/537.36"}
[2m[WebServer] [22m{"time":"2026-08-07T18:18:01.162077284-04:00","level":"INFO","msg":"client log","level":"ERROR","message":"loadMyChecklists error: Failed to fetch\nTypeError: Failed to fetch\n    at api (http://localhost:4351/sync.js:24:21)\n    at loadMyChecklists (http://localhost:4351/workflows.html:628:24)\n    at rerenderOpenChecklistAfterSave (http://localhost:4351/sync.js:526:53)\n    at applyOp (http://localhost:4351/sync.js:492:7)\n    at wsCatchUp (http://localhost:4351/sync.js:312:7)","user":"Jamal C. (jamal@yumyums.kitchen)","page":"/workflows.html","ua":"Mozilla/5.0 (X11; Linux x86_64) AppleWebKit/537.36 (KHTML, like Gecko) HeadlessChrome/147.0.7727.15 Safari/537.36"}
[2m[WebServer] [22m{"time":"2026-08-07T18:18:01.163208394-04:00","level":"INFO","msg":"client log","level":"ERROR","message":"loadMyChecklists error: Failed to fetch\nTypeError: Failed to fetch\n    at api (http://localhost:4351/sync.js:24:21)\n    at loadMyChecklists (http://localhost:4351/workflows.html:628:24)\n    at applyOp (http://localhost:4351/sync.js:457:7)\n    at wsCatchUp (http://localhost:4351/sync.js:312:7)","user":"Jamal C. (jamal@yumyums.kitchen)","page":"/workflows.html","ua":"Mozilla/5.0 (X11; Linux x86_64) AppleWebKit/537.36 (KHTML, like Gecko) HeadlessChrome/147.0.7727.15 Safari/537.36"}
[2m[WebServer] [22m{"time":"2026-08-07T18:18:01.166189405-04:00","level":"INFO","msg":"client log","level":"ERROR","message":"loadMyChecklists error: Failed to fetch\nTypeError: Failed to fetch\n    at api (http://localhost:4351/sync.js:24:21)\n    at loadMyChecklists (http://localhost:4351/workflows.html:628:24)\n    at rerenderOpenChecklistAfterSave (http://localhost:4351/sync.js:526:53)\n    at applyOp (http://localhost:4351/sync.js:492:7)\n    at wsCatchUp (http://localhost:4351/sync.js:312:7)","user":"Jamal C. (jamal@yumyums.kitchen)","page":"/workflows.html","ua":"Mozilla/5.0 (X11; Linux x86_64) AppleWebKit/537.36 (KHTML, like Gecko) HeadlessChrome/147.0.7727.15 Safari/537.36"}
[2m[WebServer] [22m{"time":"2026-08-07T18:18:01.166438769-04:00","level":"INFO","msg":"client log","level":"ERROR","message":"loadMyChecklists error: Failed to fetch\nTypeError: Failed to fetch\n    at api (http://localhost:4351/sync.js:24:21)\n    at loadMyChecklists (http://localhost:4351/workflows.html:628:24)\n    at rerenderOpenChecklistAfterSave (http://localhost:4351/sync.js:526:53)\n    at applyOp (http://localhost:4351/sync.js:492:7)\n    at wsCatchUp (http://localhost:4351/sync.js:312:7)","user":"Jamal C. (jamal@yumyums.kitchen)","page":"/workflows.html","ua":"Mozilla/5.0 (X11; Linux x86_64) AppleWebKit/537.36 (KHTML, like Gecko) HeadlessChrome/147.0.7727.15 Safari/537.36"}
[2m[WebServer] [22m{"time":"2026-08-07T18:18:01.166753315-04:00","level":"INFO","msg":"client log","level":"ERROR","message":"loadMyChecklists error: Failed to fetch\nTypeError: Failed to fetch\n    at api (http://localhost:4351/sync.js:24:21)\n    at loadMyChecklists (http://localhost:4351/workflows.html:628:24)\n    at rerenderOpenChecklistAfterSave (http://localhost:4351/sync.js:526:53)\n    at applyOp (http://localhost:4351/sync.js:492:7)\n    at wsCatchUp (http://localhost:4351/sync.js:312:7)","user":"Jamal C. (jamal@yumyums.kitchen)","page":"/workflows.html","ua":"Mozilla/5.0 (X11; Linux x86_64) AppleWebKit/537.36 (KHTML, like Gecko) HeadlessChrome/147.0.7727.15 Safari/537.36"}
[2m[WebServer] [22m{"time":"2026-08-07T18:18:01.170510625-04:00","level":"INFO","msg":"client log","level":"ERROR","message":"loadMyChecklists error: Failed to fetch\nTypeError: Failed to fetch\n    at api (http://localhost:4351/sync.js:24:21)\n    at loadMyChecklists (http://localhost:4351/workflows.html:628:24)\n    at applyOp (http://localhost:4351/sync.js:482:7)\n    at wsCatchUp (http://localhost:4351/sync.js:312:7)","user":"Jamal C. (jamal@yumyums.kitchen)","page":"/workflows.html","ua":"Mozilla/5.0 (X11; Linux x86_64) AppleWebKit/537.36 (KHTML, like Gecko) HeadlessChrome/147.0.7727.15 Safari/537.36"}
[2m[WebServer] [22m{"time":"2026-08-07T18:18:01.17192977-04:00","level":"INFO","msg":"client log","level":"ERROR","message":"loadMyChecklists error: Failed to fetch\nTypeError: Failed to fetch\n    at api (http://localhost:4351/sync.js:24:21)\n    at loadMyChecklists (http://localhost:4351/workflows.html:628:24)\n    at applyOp (http://localhost:4351/sync.js:482:7)\n    at wsCatchUp (http://localhost:4351/sync.js:312:7)","user":"Jamal C. (jamal@yumyums.kitchen)","page":"/workflows.html","ua":"Mozilla/5.0 (X11; Linux x86_64) AppleWebKit/537.36 (KHTML, like Gecko) HeadlessChrome/147.0.7727.15 Safari/537.36"}
[2m[WebServer] [22m{"time":"2026-08-07T18:18:01.176591349-04:00","level":"INFO","msg":"client log","level":"ERROR","message":"loadMyChecklists error: Failed to fetch\nTypeError: Failed to fetch\n    at api (http://localhost:4351/sync.js:24:21)\n    at loadMyChecklists (http://localhost:4351/workflows.html:628:24)\n    at rerenderOpenChecklistAfterSave (http://localhost:4351/sync.js:526:53)\n    at applyOp (http://localhost:4351/sync.js:492:7)\n    at wsCatchUp (http://localhost:4351/sync.js:312:7)","user":"Jamal C. (jamal@yumyums.kitchen)","page":"/workflows.html","ua":"Mozilla/5.0 (X11; Linux x86_64) AppleWebKit/537.36 (KHTML, like Gecko) HeadlessChrome/147.0.7727.15 Safari/537.36"}
[2m[WebServer] [22m{"time":"2026-08-07T18:18:01.176822575-04:00","level":"INFO","msg":"client log","level":"ERROR","message":"loadMyChecklists error: Failed to fetch\nTypeError: Failed to fetch\n    at api (http://localhost:4351/sync.js:24:21)\n    at loadMyChecklists (http://localhost:4351/workflows.html:628:24)\n    at rerenderOpenChecklistAfterSave (http://localhost:4351/sync.js:526:53)\n    at applyOp (http://localhost:4351/sync.js:492:7)\n    at wsCatchUp (http://localhost:4351/sync.js:312:7)","user":"Jamal C. (jamal@yumyums.kitchen)","page":"/workflows.html","ua":"Mozilla/5.0 (X11; Linux x86_64) AppleWebKit/537.36 (KHTML, like Gecko) HeadlessChrome/147.0.7727.15 Safari/537.36"}
[2m[WebServer] [22m{"time":"2026-08-07T18:18:01.177819634-04:00","level":"INFO","msg":"client log","level":"ERROR","message":"loadMyChecklists error: Failed to fetch\nTypeError: Failed to fetch\n    at api (http://localhost:4351/sync.js:24:21)\n    at loadMyChecklists (http://localhost:4351/workflows.html:628:24)\n    at rerenderOpenChecklistAfterSave (http://localhost:4351/sync.js:526:53)\n    at applyOp (http://localhost:4351/sync.js:492:7)\n    at wsCatchUp (http://localhost:4351/sync.js:312:7)","user":"Jamal C. (jamal@yumyums.kitchen)","page":"/workflows.html","ua":"Mozilla/5.0 (X11; Linux x86_64) AppleWebKit/537.36 (KHTML, like Gecko) HeadlessChrome/147.0.7727.15 Safari/537.36"}
[2m[WebServer] [22m{"time":"2026-08-07T18:18:01.178816593-04:00","level":"INFO","msg":"client log","level":"ERROR","message":"loadMyChecklists error: Failed to fetch\nTypeError: Failed to fetch\n    at api (http://localhost:4351/sync.js:24:21)\n    at loadMyChecklists (http://localhost:4351/workflows.html:628:24)\n    at rerenderOpenChecklistAfterSave (http://localhost:4351/sync.js:526:53)\n    at applyOp (http://localhost:4351/sync.js:492:7)\n    at wsCatchUp (http://localhost:4351/sync.js:312:7)","user":"Jamal C. (jamal@yumyums.kitchen)","page":"/workflows.html","ua":"Mozilla/5.0 (X11; Linux x86_64) AppleWebKit/537.36 (KHTML, like Gecko) HeadlessChrome/147.0.7727.15 Safari/537.36"}
[2m[WebServer] [22m{"time":"2026-08-07T18:18:01.179104727-04:00","level":"INFO","msg":"client log","level":"ERROR","message":"loadMyChecklists error: Failed to fetch\nTypeError: Failed to fetch\n    at api (http://localhost:4351/sync.js:24:21)\n    at loadMyChecklists (http://localhost:4351/workflows.html:628:24)\n    at applyOp (http://localhost:4351/sync.js:482:7)\n    at wsCatchUp (http://localhost:4351/sync.js:312:7)","user":"Jamal C. (jamal@yumyums.kitchen)","page":"/workflows.html","ua":"Mozilla/5.0 (X11; Linux x86_64) AppleWebKit/537.36 (KHTML, like Gecko) HeadlessChrome/147.0.7727.15 Safari/537.36"}
[2m[WebServer] [22m{"time":"2026-08-07T18:18:01.184219887-04:00","level":"INFO","msg":"client log","level":"ERROR","message":"loadMyChecklists error: Failed to fetch\nTypeError: Failed to fetch\n    at api (http://localhost:4351/sync.js:24:21)\n    at loadMyChecklists (http://localhost:4351/workflows.html:628:24)\n    at rerenderOpenChecklistAfterSave (http://localhost:4351/sync.js:526:53)\n    at applyOp (http://localhost:4351/sync.js:492:7)\n    at wsCatchUp (http://localhost:4351/sync.js:312:7)","user":"Jamal C. (jamal@yumyums.kitchen)","page":"/workflows.html","ua":"Mozilla/5.0 (X11; Linux x86_64) AppleWebKit/537.36 (KHTML, like Gecko) HeadlessChrome/147.0.7727.15 Safari/537.36"}
[2m[WebServer] [22m{"time":"2026-08-07T18:18:01.190998772-04:00","level":"INFO","msg":"client log","level":"ERROR","message":"loadMyChecklists error: Failed to fetch\nTypeError: Failed to fetch\n    at api (http://localhost:4351/sync.js:24:21)\n    at loadMyChecklists (http://localhost:4351/workflows.html:628:24)\n    at rerenderOpenChecklistAfterSave (http://localhost:4351/sync.js:526:53)\n    at applyOp (http://localhost:4351/sync.js:492:7)\n    at wsCatchUp (http://localhost:4351/sync.js:312:7)","user":"Jamal C. (jamal@yumyums.kitchen)","page":"/workflows.html","ua":"Mozilla/5.0 (X11; Linux x86_64) AppleWebKit/537.36 (KHTML, like Gecko) HeadlessChrome/147.0.7727.15 Safari/537.36"}
[2m[WebServer] [22m{"time":"2026-08-07T18:18:01.191211061-04:00","level":"INFO","msg":"client log","level":"ERROR","message":"loadMyChecklists error: Failed to fetch\nTypeError: Failed to fetch\n    at api (http://localhost:4351/sync.js:24:21)\n    at loadMyChecklists (http://localhost:4351/workflows.html:628:24)\n    at rerenderOpenChecklistAfterSave (http://localhost:4351/sync.js:526:53)\n    at applyOp (http://localhost:4351/sync.js:492:7)\n    at wsCatchUp (http://localhost:4351/sync.js:312:7)","user":"Jamal C. (jamal@yumyums.kitchen)","page":"/workflows.html","ua":"Mozilla/5.0 (X11; Linux x86_64) AppleWebKit/537.36 (KHTML, like Gecko) HeadlessChrome/147.0.7727.15 Safari/537.36"}
[2m[WebServer] [22m{"time":"2026-08-07T18:18:01.193228799-04:00","level":"INFO","msg":"client log","level":"ERROR","message":"loadMyChecklists error: Failed to fetch\nTypeError: Failed to fetch\n    at api (http://localhost:4351/sync.js:24:21)\n    at loadMyChecklists (http://localhost:4351/workflows.html:628:24)\n    at rerenderOpenChecklistAfterSave (http://localhost:4351/sync.js:526:53)\n    at applyOp (http://localhost:4351/sync.js:492:7)\n    at wsCatchUp (http://localhost:4351/sync.js:312:7)","user":"Jamal C. (jamal@yumyums.kitchen)","page":"/workflows.html","ua":"Mozilla/5.0 (X11; Linux x86_64) AppleWebKit/537.36 (KHTML, like Gecko) HeadlessChrome/147.0.7727.15 Safari/537.36"}
[2m[WebServer] [22m{"time":"2026-08-07T18:18:01.193281024-04:00","level":"INFO","msg":"client log","level":"ERROR","message":"loadMyChecklists error: Failed to fetch\nTypeError: Failed to fetch\n    at api (http://localhost:4351/sync.js:24:21)\n    at loadMyChecklists (http://localhost:4351/workflows.html:628:24)\n    at applyOp (http://localhost:4351/sync.js:457:7)\n    at wsCatchUp (http://localhost:4351/sync.js:312:7)","user":"Jamal C. (jamal@yumyums.kitchen)","page":"/workflows.html","ua":"Mozilla/5.0 (X11; Linux x86_64) AppleWebKit/537.36 (KHTML, like Gecko) HeadlessChrome/147.0.7727.15 Safari/537.36"}
[2m[WebServer] [22m{"time":"2026-08-07T18:18:01.193281024-04:00","level":"INFO","msg":"client log","level":"ERROR","message":"loadMyChecklists error: Failed to fetch\nTypeError: Failed to fetch\n    at api (http://localhost:4351/sync.js:24:21)\n    at loadMyChecklists (http://localhost:4351/workflows.html:628:24)\n    at rerenderOpenChecklistAfterSave (http://localhost:4351/sync.js:526:53)\n    at applyOp (http://localhost:4351/sync.js:492:7)\n    at wsCatchUp (http://localhost:4351/sync.js:312:7)","user":"Jamal C. (jamal@yumyums.kitchen)","page":"/workflows.html","ua":"Mozilla/5.0 (X11; Linux x86_64) AppleWebKit/537.36 (KHTML, like Gecko) HeadlessChrome/147.0.7727.15 Safari/537.36"}
[2m[WebServer] [22m{"time":"2026-08-07T18:18:01.193284712-04:00","level":"INFO","msg":"client log","level":"ERROR","message":"loadMyChecklists error: Failed to fetch\nTypeError: Failed to fetch\n    at api (http://localhost:4351/sync.js:24:21)\n    at loadMyChecklists (http://localhost:4351/workflows.html:628:24)\n    at applyOp (http://localhost:4351/sync.js:482:7)\n    at wsCatchUp (http://localhost:4351/sync.js:312:7)","user":"Jamal C. (jamal@yumyums.kitchen)","page":"/workflows.html","ua":"Mozilla/5.0 (X11; Linux x86_64) AppleWebKit/537.36 (KHTML, like Gecko) HeadlessChrome/147.0.7727.15 Safari/537.36"}
[2m[WebServer] [22m{"time":"2026-08-07T18:18:01.197085177-04:00","level":"INFO","msg":"client log","level":"ERROR","message":"loadMyChecklists error: Failed to fetch\nTypeError: Failed to fetch\n    at api (http://localhost:4351/sync.js:24:21)\n    at loadMyChecklists (http://localhost:4351/workflows.html:628:24)\n    at rerenderOpenChecklistAfterSave (http://localhost:4351/sync.js:526:53)\n    at applyOp (http://localhost:4351/sync.js:492:7)\n    at wsCatchUp (http://localhost:4351/sync.js:312:7)","user":"Jamal C. (jamal@yumyums.kitchen)","page":"/workflows.html","ua":"Mozilla/5.0 (X11; Linux x86_64) AppleWebKit/537.36 (KHTML, like Gecko) HeadlessChrome/147.0.7727.15 Safari/537.36"}
[2m[WebServer] [22m{"time":"2026-08-07T18:18:01.202806306-04:00","level":"INFO","msg":"client log","level":"ERROR","message":"loadMyChecklists error: Failed to fetch\nTypeError: Failed to fetch\n    at api (http://localhost:4351/sync.js:24:21)\n    at loadMyChecklists (http://localhost:4351/workflows.html:628:24)\n    at applyOp (http://localhost:4351/sync.js:482:7)\n    at wsCatchUp (http://localhost:4351/sync.js:312:7)","user":"Jamal C. (jamal@yumyums.kitchen)","page":"/workflows.html","ua":"Mozilla/5.0 (X11; Linux x86_64) AppleWebKit/537.36 (KHTML, like Gecko) HeadlessChrome/147.0.7727.15 Safari/537.36"}
[2m[WebServer] [22m{"time":"2026-08-07T18:18:01.202806207-04:00","level":"INFO","msg":"client log","level":"ERROR","message":"loadMyChecklists error: Failed to fetch\nTypeError: Failed to fetch\n    at api (http://localhost:4351/sync.js:24:21)\n    at loadMyChecklists (http://localhost:4351/workflows.html:628:24)\n    at rerenderOpenChecklistAfterSave (http://localhost:4351/sync.js:526:53)\n    at applyOp (http://localhost:4351/sync.js:492:7)\n    at wsCatchUp (http://localhost:4351/sync.js:312:7)","user":"Jamal C. (jamal@yumyums.kitchen)","page":"/workflows.html","ua":"Mozilla/5.0 (X11; Linux x86_64) AppleWebKit/537.36 (KHTML, like Gecko) HeadlessChrome/147.0.7727.15 Safari/537.36"}
[2m[WebServer] [22m{"time":"2026-08-07T18:18:01.2035544-04:00","level":"INFO","msg":"client log","level":"ERROR","message":"loadMyChecklists error: Failed to fetch\nTypeError: Failed to fetch\n    at api (http://localhost:4351/sync.js:24:21)\n    at loadMyChecklists (http://localhost:4351/workflows.html:628:24)\n    at rerenderOpenChecklistAfterSave (http://localhost:4351/sync.js:526:53)\n    at applyOp (http://localhost:4351/sync.js:492:7)\n    at wsCatchUp (http://localhost:4351/sync.js:312:7)","user":"Jamal C. (jamal@yumyums.kitchen)","page":"/workflows.html","ua":"Mozilla/5.0 (X11; Linux x86_64) AppleWebKit/537.36 (KHTML, like Gecko) HeadlessChrome/147.0.7727.15 Safari/537.36"}
[2m[WebServer] [22m{"time":"2026-08-07T18:18:02.167962204-04:00","level":"INFO","msg":"op handler received op","op_type":"SET_FIELD","entity_id":"767f9085-b206-4305-93be-fba292f6c92f","device_id":"e0d31e29-3710-483a-ab00-7acc09bcbdb8","lamport_ts":127}
[2m[WebServer] [22m{"time":"2026-08-07T18:18:02.701282951-04:00","level":"INFO","msg":"op handler received op","op_type":"SET_FIELD","entity_id":"767f9085-b206-4305-93be-fba292f6c92f","device_id":"e0d31e29-3710-483a-ab00-7acc09bcbdb8","lamport_ts":129}
  ✓  51 [chromium] › tests/workflows.spec.js:2145:3 › Loading states › re-checking a field updates attribution to the new user [RUN-03] (5.1s)
[2m[WebServer] [22m{"time":"2026-08-07T18:18:04.631756111-04:00","level":"INFO","msg":"op handler received op","op_type":"SET_FIELD","entity_id":"ab646621-6c15-4329-b97f-ba68331515c7","device_id":"b816b513-b32e-438c-90f4-c2d644d89fe7","lamport_ts":131}
[2m[WebServer] [22m{"time":"2026-08-07T18:18:06.278195204-04:00","level":"ERROR","msg":"myChecklists error","error":"list responses: context canceled"}
[2m[WebServer] [22m{"time":"2026-08-07T18:18:06.280304941-04:00","level":"INFO","msg":"client log","level":"ERROR","message":"loadMyChecklists error: Failed to fetch\nTypeError: Failed to fetch\n    at api (http://localhost:4351/sync.js:24:21)\n    at loadMyChecklists (http://localhost:4351/workflows.html:628:24)\n    at rerenderOpenChecklistAfterSave (http://localhost:4351/sync.js:526:53)\n    at applyOp (http://localhost:4351/sync.js:492:7)\n    at wsCatchUp (http://localhost:4351/sync.js:312:7)","user":"Jamal C. (jamal@yumyums.kitchen)","page":"/workflows.html","ua":"Mozilla/5.0 (X11; Linux x86_64) AppleWebKit/537.36 (KHTML, like Gecko) HeadlessChrome/147.0.7727.15 Safari/537.36"}
[2m[WebServer] [22m{"time":"2026-08-07T18:18:06.287811411-04:00","level":"INFO","msg":"client log","level":"ERROR","message":"loadMyChecklists error: Failed to fetch\nTypeError: Failed to fetch\n    at api (http://localhost:4351/sync.js:24:21)\n    at loadMyChecklists (http://localhost:4351/workflows.html:628:24)\n    at rerenderOpenChecklistAfterSave (http://localhost:4351/sync.js:526:53)\n    at applyOp (http://localhost:4351/sync.js:492:7)\n    at wsCatchUp (http://localhost:4351/sync.js:312:7)","user":"Jamal C. (jamal@yumyums.kitchen)","page":"/workflows.html","ua":"Mozilla/5.0 (X11; Linux x86_64) AppleWebKit/537.36 (KHTML, like Gecko) HeadlessChrome/147.0.7727.15 Safari/537.36"}
[2m[WebServer] [22m{"time":"2026-08-07T18:18:06.293872065-04:00","level":"INFO","msg":"client log","level":"ERROR","message":"loadMyChecklists error: Failed to fetch\nTypeError: Failed to fetch\n    at api (http://localhost:4351/sync.js:24:21)\n    at loadMyChecklists (http://localhost:4351/workflows.html:628:24)\n    at applyOp (http://localhost:4351/sync.js:457:7)\n    at wsCatchUp (http://localhost:4351/sync.js:312:7)","user":"Jamal C. (jamal@yumyums.kitchen)","page":"/workflows.html","ua":"Mozilla/5.0 (X11; Linux x86_64) AppleWebKit/537.36 (KHTML, like Gecko) HeadlessChrome/147.0.7727.15 Safari/537.36"}
[2m[WebServer] [22m{"time":"2026-08-07T18:18:06.296414383-04:00","level":"INFO","msg":"client log","level":"ERROR","message":"loadMyChecklists error: Failed to fetch\nTypeError: Failed to fetch\n    at api (http://localhost:4351/sync.js:24:21)\n    at loadMyChecklists (http://localhost:4351/workflows.html:628:24)\n    at rerenderOpenChecklistAfterSave (http://localhost:4351/sync.js:526:53)\n    at applyOp (http://localhost:4351/sync.js:492:7)\n    at wsCatchUp (http://localhost:4351/sync.js:312:7)","user":"Jamal C. (jamal@yumyums.kitchen)","page":"/workflows.html","ua":"Mozilla/5.0 (X11; Linux x86_64) AppleWebKit/537.36 (KHTML, like Gecko) HeadlessChrome/147.0.7727.15 Safari/537.36"}
[2m[WebServer] [22m{"time":"2026-08-07T18:18:06.303424568-04:00","level":"INFO","msg":"client log","level":"ERROR","message":"loadMyChecklists error: Failed to fetch\nTypeError: Failed to fetch\n    at api (http://localhost:4351/sync.js:24:21)\n    at loadMyChecklists (http://localhost:4351/workflows.html:628:24)\n    at applyOp (http://localhost:4351/sync.js:482:7)\n    at wsCatchUp (http://localhost:4351/sync.js:312:7)","user":"Jamal C. (jamal@yumyums.kitchen)","page":"/workflows.html","ua":"Mozilla/5.0 (X11; Linux x86_64) AppleWebKit/537.36 (KHTML, like Gecko) HeadlessChrome/147.0.7727.15 Safari/537.36"}
[2m[WebServer] [22m{"time":"2026-08-07T18:18:06.303432393-04:00","level":"INFO","msg":"client log","level":"ERROR","message":"loadMyChecklists error: Failed to fetch\nTypeError: Failed to fetch\n    at api (http://localhost:4351/sync.js:24:21)\n    at loadMyChecklists (http://localhost:4351/workflows.html:628:24)\n    at applyOp (http://localhost:4351/sync.js:457:7)\n    at wsCatchUp (http://localhost:4351/sync.js:312:7)","user":"Jamal C. (jamal@yumyums.kitchen)","page":"/workflows.html","ua":"Mozilla/5.0 (X11; Linux x86_64) AppleWebKit/537.36 (KHTML, like Gecko) HeadlessChrome/147.0.7727.15 Safari/537.36"}
[2m[WebServer] [22m{"time":"2026-08-07T18:18:06.305164424-04:00","level":"INFO","msg":"client log","level":"ERROR","message":"loadMyChecklists error: Failed to fetch\nTypeError: Failed to fetch\n    at api (http://localhost:4351/sync.js:24:21)\n    at loadMyChecklists (http://localhost:4351/workflows.html:628:24)\n    at rerenderOpenChecklistAfterSave (http://localhost:4351/sync.js:526:53)\n    at applyOp (http://localhost:4351/sync.js:492:7)\n    at wsCatchUp (http://localhost:4351/sync.js:312:7)","user":"Jamal C. (jamal@yumyums.kitchen)","page":"/workflows.html","ua":"Mozilla/5.0 (X11; Linux x86_64) AppleWebKit/537.36 (KHTML, like Gecko) HeadlessChrome/147.0.7727.15 Safari/537.36"}
[2m[WebServer] [22m{"time":"2026-08-07T18:18:06.309066183-04:00","level":"INFO","msg":"client log","level":"ERROR","message":"loadMyChecklists error: Failed to fetch\nTypeError: Failed to fetch\n    at api (http://localhost:4351/sync.js:24:21)\n    at loadMyChecklists (http://localhost:4351/workflows.html:628:24)\n    at rerenderOpenChecklistAfterSave (http://localhost:4351/sync.js:526:53)\n    at applyOp (http://localhost:4351/sync.js:492:7)\n    at wsCatchUp (http://localhost:4351/sync.js:312:7)","user":"Jamal C. (jamal@yumyums.kitchen)","page":"/workflows.html","ua":"Mozilla/5.0 (X11; Linux x86_64) AppleWebKit/537.36 (KHTML, like Gecko) HeadlessChrome/147.0.7727.15 Safari/537.36"}
[2m[WebServer] [22m{"time":"2026-08-07T18:18:06.31180523-04:00","level":"INFO","msg":"client log","level":"ERROR","message":"loadMyChecklists error: Failed to fetch\nTypeError: Failed to fetch\n    at api (http://localhost:4351/sync.js:24:21)\n    at loadMyChecklists (http://localhost:4351/workflows.html:628:24)\n    at rerenderOpenChecklistAfterSave (http://localhost:4351/sync.js:526:53)\n    at applyOp (http://localhost:4351/sync.js:492:7)\n    at wsCatchUp (http://localhost:4351/sync.js:312:7)","user":"Jamal C. (jamal@yumyums.kitchen)","page":"/workflows.html","ua":"Mozilla/5.0 (X11; Linux x86_64) AppleWebKit/537.36 (KHTML, like Gecko) HeadlessChrome/147.0.7727.15 Safari/537.36"}
[2m[WebServer] [22m{"time":"2026-08-07T18:18:06.316255541-04:00","level":"INFO","msg":"client log","level":"ERROR","message":"loadMyChecklists error: Failed to fetch\nTypeError: Failed to fetch\n    at api (http://localhost:4351/sync.js:24:21)\n    at loadMyChecklists (http://localhost:4351/workflows.html:628:24)\n    at rerenderOpenChecklistAfterSave (http://localhost:4351/sync.js:526:53)\n    at applyOp (http://localhost:4351/sync.js:492:7)\n    at wsCatchUp (http://localhost:4351/sync.js:312:7)","user":"Jamal C. (jamal@yumyums.kitchen)","page":"/workflows.html","ua":"Mozilla/5.0 (X11; Linux x86_64) AppleWebKit/537.36 (KHTML, like Gecko) HeadlessChrome/147.0.7727.15 Safari/537.36"}
[2m[WebServer] [22m{"time":"2026-08-07T18:18:06.320034709-04:00","level":"INFO","msg":"client log","level":"ERROR","message":"loadMyChecklists error: Failed to fetch\nTypeError: Failed to fetch\n    at api (http://localhost:4351/sync.js:24:21)\n    at loadMyChecklists (http://localhost:4351/workflows.html:628:24)\n    at rerenderOpenChecklistAfterSave (http://localhost:4351/sync.js:526:53)\n    at applyOp (http://localhost:4351/sync.js:492:7)\n    at wsCatchUp (http://localhost:4351/sync.js:312:7)","user":"Jamal C. (jamal@yumyums.kitchen)","page":"/workflows.html","ua":"Mozilla/5.0 (X11; Linux x86_64) AppleWebKit/537.36 (KHTML, like Gecko) HeadlessChrome/147.0.7727.15 Safari/537.36"}
[2m[WebServer] [22m{"time":"2026-08-07T18:18:06.320414923-04:00","level":"INFO","msg":"client log","level":"ERROR","message":"loadMyChecklists error: Failed to fetch\nTypeError: Failed to fetch\n    at api (http://localhost:4351/sync.js:24:21)\n    at loadMyChecklists (http://localhost:4351/workflows.html:628:24)\n    at applyOp (http://localhost:4351/sync.js:482:7)\n    at wsCatchUp (http://localhost:4351/sync.js:312:7)","user":"Jamal C. (jamal@yumyums.kitchen)","page":"/workflows.html","ua":"Mozilla/5.0 (X11; Linux x86_64) AppleWebKit/537.36 (KHTML, like Gecko) HeadlessChrome/147.0.7727.15 Safari/537.36"}
[2m[WebServer] [22m{"time":"2026-08-07T18:18:06.32197049-04:00","level":"INFO","msg":"client log","level":"ERROR","message":"loadMyChecklists error: Failed to fetch\nTypeError: Failed to fetch\n    at api (http://localhost:4351/sync.js:24:21)\n    at loadMyChecklists (http://localhost:4351/workflows.html:628:24)\n    at rerenderOpenChecklistAfterSave (http://localhost:4351/sync.js:526:53)\n    at applyOp (http://localhost:4351/sync.js:492:7)\n    at wsCatchUp (http://localhost:4351/sync.js:312:7)","user":"Jamal C. (jamal@yumyums.kitchen)","page":"/workflows.html","ua":"Mozilla/5.0 (X11; Linux x86_64) AppleWebKit/537.36 (KHTML, like Gecko) HeadlessChrome/147.0.7727.15 Safari/537.36"}
[2m[WebServer] [22m{"time":"2026-08-07T18:18:06.322717074-04:00","level":"INFO","msg":"client log","level":"ERROR","message":"loadMyChecklists error: Failed to fetch\nTypeError: Failed to fetch\n    at api (http://localhost:4351/sync.js:24:21)\n    at loadMyChecklists (http://localhost:4351/workflows.html:628:24)\n    at rerenderOpenChecklistAfterSave (http://localhost:4351/sync.js:526:53)\n    at applyOp (http://localhost:4351/sync.js:492:7)\n    at wsCatchUp (http://localhost:4351/sync.js:312:7)","user":"Jamal C. (jamal@yumyums.kitchen)","page":"/workflows.html","ua":"Mozilla/5.0 (X11; Linux x86_64) AppleWebKit/537.36 (KHTML, like Gecko) HeadlessChrome/147.0.7727.15 Safari/537.36"}
[2m[WebServer] [22m{"time":"2026-08-07T18:18:06.322909589-04:00","level":"INFO","msg":"client log","level":"ERROR","message":"loadMyChecklists error: Failed to fetch\nTypeError: Failed to fetch\n    at api (http://localhost:4351/sync.js:24:21)\n    at loadMyChecklists (http://localhost:4351/workflows.html:628:24)\n    at rerenderOpenChecklistAfterSave (http://localhost:4351/sync.js:526:53)\n    at applyOp (http://localhost:4351/sync.js:492:7)\n    at wsCatchUp (http://localhost:4351/sync.js:312:7)","user":"Jamal C. (jamal@yumyums.kitchen)","page":"/workflows.html","ua":"Mozilla/5.0 (X11; Linux x86_64) AppleWebKit/537.36 (KHTML, like Gecko) HeadlessChrome/147.0.7727.15 Safari/537.36"}
[2m[WebServer] [22m{"time":"2026-08-07T18:18:06.328566653-04:00","level":"INFO","msg":"client log","level":"ERROR","message":"loadMyChecklists error: Failed to fetch\nTypeError: Failed to fetch\n    at api (http://localhost:4351/sync.js:24:21)\n    at loadMyChecklists (http://localhost:4351/workflows.html:628:24)\n    at rerenderOpenChecklistAfterSave (http://localhost:4351/sync.js:526:53)\n    at applyOp (http://localhost:4351/sync.js:492:7)\n    at wsCatchUp (http://localhost:4351/sync.js:312:7)","user":"Jamal C. (jamal@yumyums.kitchen)","page":"/workflows.html","ua":"Mozilla/5.0 (X11; Linux x86_64) AppleWebKit/537.36 (KHTML, like Gecko) HeadlessChrome/147.0.7727.15 Safari/537.36"}
[2m[WebServer] [22m{"time":"2026-08-07T18:18:06.339286585-04:00","level":"INFO","msg":"client log","level":"ERROR","message":"loadMyChecklists error: Failed to fetch\nTypeError: Failed to fetch\n    at api (http://localhost:4351/sync.js:24:21)\n    at loadMyChecklists (http://localhost:4351/workflows.html:628:24)\n    at applyOp (http://localhost:4351/sync.js:482:7)\n    at wsCatchUp (http://localhost:4351/sync.js:312:7)","user":"Jamal C. (jamal@yumyums.kitchen)","page":"/workflows.html","ua":"Mozilla/5.0 (X11; Linux x86_64) AppleWebKit/537.36 (KHTML, like Gecko) HeadlessChrome/147.0.7727.15 Safari/537.36"}
[2m[WebServer] [22m{"time":"2026-08-07T18:18:06.342093448-04:00","level":"INFO","msg":"client log","level":"ERROR","message":"loadMyChecklists error: Failed to fetch\nTypeError: Failed to fetch\n    at api (http://localhost:4351/sync.js:24:21)\n    at loadMyChecklists (http://localhost:4351/workflows.html:628:24)\n    at rerenderOpenChecklistAfterSave (http://localhost:4351/sync.js:526:53)\n    at applyOp (http://localhost:4351/sync.js:492:7)\n    at wsCatchUp (http://localhost:4351/sync.js:312:7)","user":"Jamal C. (jamal@yumyums.kitchen)","page":"/workflows.html","ua":"Mozilla/5.0 (X11; Linux x86_64) AppleWebKit/537.36 (KHTML, like Gecko) HeadlessChrome/147.0.7727.15 Safari/537.36"}
[2m[WebServer] [22m{"time":"2026-08-07T18:18:06.345690334-04:00","level":"INFO","msg":"client log","level":"ERROR","message":"loadMyChecklists error: Failed to fetch\nTypeError: Failed to fetch\n    at api (http://localhost:4351/sync.js:24:21)\n    at loadMyChecklists (http://localhost:4351/workflows.html:628:24)\n    at rerenderOpenChecklistAfterSave (http://localhost:4351/sync.js:526:53)\n    at applyOp (http://localhost:4351/sync.js:492:7)\n    at wsCatchUp (http://localhost:4351/sync.js:312:7)","user":"Jamal C. (jamal@yumyums.kitchen)","page":"/workflows.html","ua":"Mozilla/5.0 (X11; Linux x86_64) AppleWebKit/537.36 (KHTML, like Gecko) HeadlessChrome/147.0.7727.15 Safari/537.36"}
[2m[WebServer] [22m{"time":"2026-08-07T18:18:06.346074761-04:00","level":"INFO","msg":"client log","level":"ERROR","message":"loadMyChecklists error: Failed to fetch\nTypeError: Failed to fetch\n    at api (http://localhost:4351/sync.js:24:21)\n    at loadMyChecklists (http://localhost:4351/workflows.html:628:24)\n    at rerenderOpenChecklistAfterSave (http://localhost:4351/sync.js:526:53)\n    at applyOp (http://localhost:4351/sync.js:492:7)\n    at wsCatchUp (http://localhost:4351/sync.js:312:7)","user":"Jamal C. (jamal@yumyums.kitchen)","page":"/workflows.html","ua":"Mozilla/5.0 (X11; Linux x86_64) AppleWebKit/537.36 (KHTML, like Gecko) HeadlessChrome/147.0.7727.15 Safari/537.36"}
[2m[WebServer] [22m{"time":"2026-08-07T18:18:06.348116983-04:00","level":"INFO","msg":"client log","level":"ERROR","message":"loadMyChecklists error: Failed to fetch\nTypeError: Failed to fetch\n    at api (http://localhost:4351/sync.js:24:21)\n    at loadMyChecklists (http://localhost:4351/workflows.html:628:24)\n    at rerenderOpenChecklistAfterSave (http://localhost:4351/sync.js:526:53)\n    at applyOp (http://localhost:4351/sync.js:492:7)\n    at wsCatchUp (http://localhost:4351/sync.js:312:7)","user":"Jamal C. (jamal@yumyums.kitchen)","page":"/workflows.html","ua":"Mozilla/5.0 (X11; Linux x86_64) AppleWebKit/537.36 (KHTML, like Gecko) HeadlessChrome/147.0.7727.15 Safari/537.36"}
[2m[WebServer] [22m{"time":"2026-08-07T18:18:06.348743684-04:00","level":"INFO","msg":"client log","level":"ERROR","message":"loadMyChecklists error: Failed to fetch\nTypeError: Failed to fetch\n    at api (http://localhost:4351/sync.js:24:21)\n    at loadMyChecklists (http://localhost:4351/workflows.html:628:24)\n    at rerenderOpenChecklistAfterSave (http://localhost:4351/sync.js:526:53)\n    at applyOp (http://localhost:4351/sync.js:492:7)\n    at wsCatchUp (http://localhost:4351/sync.js:312:7)","user":"Jamal C. (jamal@yumyums.kitchen)","page":"/workflows.html","ua":"Mozilla/5.0 (X11; Linux x86_64) AppleWebKit/537.36 (KHTML, like Gecko) HeadlessChrome/147.0.7727.15 Safari/537.36"}
[2m[WebServer] [22m{"time":"2026-08-07T18:18:06.34917135-04:00","level":"INFO","msg":"client log","level":"ERROR","message":"loadMyChecklists error: Failed to fetch\nTypeError: Failed to fetch\n    at api (http://localhost:4351/sync.js:24:21)\n    at loadMyChecklists (http://localhost:4351/workflows.html:628:24)\n    at rerenderOpenChecklistAfterSave (http://localhost:4351/sync.js:526:53)\n    at applyOp (http://localhost:4351/sync.js:492:7)\n    at wsCatchUp (http://localhost:4351/sync.js:312:7)","user":"Jamal C. (jamal@yumyums.kitchen)","page":"/workflows.html","ua":"Mozilla/5.0 (X11; Linux x86_64) AppleWebKit/537.36 (KHTML, like Gecko) HeadlessChrome/147.0.7727.15 Safari/537.36"}
[2m[WebServer] [22m{"time":"2026-08-07T18:18:06.360757447-04:00","level":"INFO","msg":"client log","level":"ERROR","message":"loadMyChecklists error: Failed to fetch\nTypeError: Failed to fetch\n    at api (http://localhost:4351/sync.js:24:21)\n    at loadMyChecklists (http://localhost:4351/workflows.html:628:24)\n    at rerenderOpenChecklistAfterSave (http://localhost:4351/sync.js:526:53)\n    at applyOp (http://localhost:4351/sync.js:492:7)\n    at wsCatchUp (http://localhost:4351/sync.js:312:7)","user":"Jamal C. (jamal@yumyums.kitchen)","page":"/workflows.html","ua":"Mozilla/5.0 (X11; Linux x86_64) AppleWebKit/537.36 (KHTML, like Gecko) HeadlessChrome/147.0.7727.15 Safari/537.36"}
[2m[WebServer] [22m{"time":"2026-08-07T18:18:06.364047754-04:00","level":"INFO","msg":"client log","level":"ERROR","message":"loadMyChecklists error: Failed to fetch\nTypeError: Failed to fetch\n    at api (http://localhost:4351/sync.js:24:21)\n    at loadMyChecklists (http://localhost:4351/workflows.html:628:24)\n    at applyOp (http://localhost:4351/sync.js:457:7)\n    at wsCatchUp (http://localhost:4351/sync.js:312:7)","user":"Jamal C. (jamal@yumyums.kitchen)","page":"/workflows.html","ua":"Mozilla/5.0 (X11; Linux x86_64) AppleWebKit/537.36 (KHTML, like Gecko) HeadlessChrome/147.0.7727.15 Safari/537.36"}
[2m[WebServer] [22m{"time":"2026-08-07T18:18:06.366455542-04:00","level":"INFO","msg":"client log","level":"ERROR","message":"loadMyChecklists error: Failed to fetch\nTypeError: Failed to fetch\n    at api (http://localhost:4351/sync.js:24:21)\n    at loadMyChecklists (http://localhost:4351/workflows.html:628:24)\n    at rerenderOpenChecklistAfterSave (http://localhost:4351/sync.js:526:53)\n    at applyOp (http://localhost:4351/sync.js:492:7)\n    at wsCatchUp (http://localhost:4351/sync.js:312:7)","user":"Jamal C. (jamal@yumyums.kitchen)","page":"/workflows.html","ua":"Mozilla/5.0 (X11; Linux x86_64) AppleWebKit/537.36 (KHTML, like Gecko) HeadlessChrome/147.0.7727.15 Safari/537.36"}
[2m[WebServer] [22m{"time":"2026-08-07T18:18:06.37326298-04:00","level":"INFO","msg":"client log","level":"ERROR","message":"loadMyChecklists error: Failed to fetch\nTypeError: Failed to fetch\n    at api (http://localhost:4351/sync.js:24:21)\n    at loadMyChecklists (http://localhost:4351/workflows.html:628:24)\n    at rerenderOpenChecklistAfterSave (http://localhost:4351/sync.js:526:53)\n    at applyOp (http://localhost:4351/sync.js:492:7)\n    at wsCatchUp (http://localhost:4351/sync.js:312:7)","user":"Jamal C. (jamal@yumyums.kitchen)","page":"/workflows.html","ua":"Mozilla/5.0 (X11; Linux x86_64) AppleWebKit/537.36 (KHTML, like Gecko) HeadlessChrome/147.0.7727.15 Safari/537.36"}
[2m[WebServer] [22m{"time":"2026-08-07T18:18:06.37392058-04:00","level":"INFO","msg":"client log","level":"ERROR","message":"loadMyChecklists error: Failed to fetch\nTypeError: Failed to fetch\n    at api (http://localhost:4351/sync.js:24:21)\n    at loadMyChecklists (http://localhost:4351/workflows.html:628:24)\n    at rerenderOpenChecklistAfterSave (http://localhost:4351/sync.js:526:53)\n    at applyOp (http://localhost:4351/sync.js:492:7)\n    at wsCatchUp (http://localhost:4351/sync.js:312:7)","user":"Jamal C. (jamal@yumyums.kitchen)","page":"/workflows.html","ua":"Mozilla/5.0 (X11; Linux x86_64) AppleWebKit/537.36 (KHTML, like Gecko) HeadlessChrome/147.0.7727.15 Safari/537.36"}
[2m[WebServer] [22m{"time":"2026-08-07T18:18:06.375171174-04:00","level":"INFO","msg":"client log","level":"ERROR","message":"loadMyChecklists error: Failed to fetch\nTypeError: Failed to fetch\n    at api (http://localhost:4351/sync.js:24:21)\n    at loadMyChecklists (http://localhost:4351/workflows.html:628:24)\n    at rerenderOpenChecklistAfterSave (http://localhost:4351/sync.js:526:53)\n    at applyOp (http://localhost:4351/sync.js:492:7)\n    at wsCatchUp (http://localhost:4351/sync.js:312:7)","user":"Jamal C. (jamal@yumyums.kitchen)","page":"/workflows.html","ua":"Mozilla/5.0 (X11; Linux x86_64) AppleWebKit/537.36 (KHTML, like Gecko) HeadlessChrome/147.0.7727.15 Safari/537.36"}
[2m[WebServer] [22m{"time":"2026-08-07T18:18:06.375197157-04:00","level":"INFO","msg":"client log","level":"ERROR","message":"loadMyChecklists error: Failed to fetch\nTypeError: Failed to fetch\n    at api (http://localhost:4351/sync.js:24:21)\n    at loadMyChecklists (http://localhost:4351/workflows.html:628:24)\n    at rerenderOpenChecklistAfterSave (http://localhost:4351/sync.js:526:53)\n    at applyOp (http://localhost:4351/sync.js:492:7)\n    at wsCatchUp (http://localhost:4351/sync.js:312:7)","user":"Jamal C. (jamal@yumyums.kitchen)","page":"/workflows.html","ua":"Mozilla/5.0 (X11; Linux x86_64) AppleWebKit/537.36 (KHTML, like Gecko) HeadlessChrome/147.0.7727.15 Safari/537.36"}
[2m[WebServer] [22m{"time":"2026-08-07T18:18:06.375176892-04:00","level":"INFO","msg":"client log","level":"ERROR","message":"loadMyChecklists error: Failed to fetch\nTypeError: Failed to fetch\n    at api (http://localhost:4351/sync.js:24:21)\n    at loadMyChecklists (http://localhost:4351/workflows.html:628:24)\n    at rerenderOpenChecklistAfterSave (http://localhost:4351/sync.js:526:53)\n    at applyOp (http://localhost:4351/sync.js:492:7)\n    at wsCatchUp (http://localhost:4351/sync.js:312:7)","user":"Jamal C. (jamal@yumyums.kitchen)","page":"/workflows.html","ua":"Mozilla/5.0 (X11; Linux x86_64) AppleWebKit/537.36 (KHTML, like Gecko) HeadlessChrome/147.0.7727.15 Safari/537.36"}
[2m[WebServer] [22m{"time":"2026-08-07T18:18:06.573833554-04:00","level":"ERROR","msg":"RequirePermission grant lookup failed","error":"context canceled","grant":"onboarding","user_id":"0c97a2ec-abe7-4784-b80e-c84c307e9e27"}
[2m[WebServer] [22m{"time":"2026-08-07T18:18:07.25469713-04:00","level":"INFO","msg":"op handler received op","op_type":"SET_FIELD","entity_id":"ab646621-6c15-4329-b97f-ba68331515c7","device_id":"0d7e0fba-693f-4927-aa98-8cad624fec8c","lamport_ts":133}
  ✓  52 [chromium] › tests/workflows.spec.js:2216:3 › Loading states › yes/no field attribution updates when different user answers [RUN-03] (4.5s)
[2m[WebServer] [22m{"time":"2026-08-07T18:18:08.320201767-04:00","level":"ERROR","msg":"GetManagerHires failed","error":"iterate assigned templates for hire 0a24217d-9148-4af0-aae0-e771bc982b35: context canceled"}
[2m[WebServer] [22m{"time":"2026-08-07T18:18:08.660327481-04:00","level":"ERROR","msg":"listTemplates error","error":"iterate fields: context canceled"}
[2m[WebServer] [22m{"time":"2026-08-07T18:18:08.660827978-04:00","level":"ERROR","msg":"myChecklists error","error":"iterate fail notes: context canceled"}
[2m[WebServer] [22m{"time":"2026-08-07T18:18:08.66384111-04:00","level":"INFO","msg":"client log","level":"ERROR","message":"loadMyChecklists error: Failed to fetch\nTypeError: Failed to fetch\n    at api (http://localhost:4351/sync.js:24:21)\n    at loadMyChecklists (http://localhost:4351/workflows.html:628:24)\n    at show (http://localhost:4351/workflows.html:3696:5)\n    at init (http://localhost:4351/workflows.html:3777:5)","user":"Jamal C. (jamal@yumyums.kitchen)","page":"/workflows.html","ua":"Mozilla/5.0 (X11; Linux x86_64) AppleWebKit/537.36 (KHTML, like Gecko) HeadlessChrome/147.0.7727.15 Safari/537.36"}
[2m[WebServer] [22m{"time":"2026-08-07T18:18:11.522124081-04:00","level":"INFO","msg":"op handler received op","op_type":"SET_FIELD","entity_id":"7a1e359d-8c1b-459a-8dd7-087ba1e6dae9","device_id":"d5635ad8-046a-4948-9714-f65645abe234","lamport_ts":135}
[2m[WebServer] [22m{"time":"2026-08-07T18:18:14.051683612-04:00","level":"INFO","msg":"op handler received op","op_type":"SET_FIELD","entity_id":"7a1e359d-8c1b-459a-8dd7-087ba1e6dae9","device_id":"a97b310c-e0ad-4726-b9e7-6f1045f97a48","lamport_ts":137}
  ✓  53 [chromium] › tests/workflows.spec.js:2282:3 › Loading states › sub-step completion attributes parent checkbox to the user who completed it [FLD-04] (6.8s)
[2m[WebServer] [22m{"time":"2026-08-07T18:18:15.233840532-04:00","level":"ERROR","msg":"myDrafts error","error":"context canceled"}
[2m[WebServer] [22m{"time":"2026-08-07T18:18:15.243998939-04:00","level":"INFO","msg":"client log","level":"ERROR","message":"loadMyChecklists error: Failed to fetch\nTypeError: Failed to fetch\n    at api (http://localhost:4351/sync.js:24:21)\n    at loadMyChecklists (http://localhost:4351/workflows.html:628:24)\n    at applyOp (http://localhost:4351/sync.js:504:7)\n    at _ws.onmessage (http://localhost:4351/sync.js:275:7)","user":"Jamal C. (jamal@yumyums.kitchen)","page":"/workflows.html","ua":"Mozilla/5.0 (X11; Linux x86_64) AppleWebKit/537.36 (KHTML, like Gecko) HeadlessChrome/147.0.7727.15 Safari/537.36"}
[2m[WebServer] [22m{"time":"2026-08-07T18:18:15.244225734-04:00","level":"INFO","msg":"client log","level":"ERROR","message":"loadMyChecklists error: Failed to fetch\nTypeError: Failed to fetch\n    at api (http://localhost:4351/sync.js:24:21)\n    at loadMyChecklists (http://localhost:4351/workflows.html:628:24)\n    at applyOp (http://localhost:4351/sync.js:504:7)\n    at _ws.onmessage (http://localhost:4351/sync.js:275:7)","user":"Jamal C. (jamal@yumyums.kitchen)","page":"/workflows.html","ua":"Mozilla/5.0 (X11; Linux x86_64) AppleWebKit/537.36 (KHTML, like Gecko) HeadlessChrome/147.0.7727.15 Safari/537.36"}
[2m[WebServer] [22m{"time":"2026-08-07T18:18:15.24451331-04:00","level":"INFO","msg":"client log","level":"ERROR","message":"loadMyChecklists error: Failed to fetch\nTypeError: Failed to fetch\n    at api (http://localhost:4351/sync.js:24:21)\n    at loadMyChecklists (http://localhost:4351/workflows.html:628:24)\n    at applyOp (http://localhost:4351/sync.js:504:7)\n    at _ws.onmessage (http://localhost:4351/sync.js:275:7)","user":"Jamal C. (jamal@yumyums.kitchen)","page":"/workflows.html","ua":"Mozilla/5.0 (X11; Linux x86_64) AppleWebKit/537.36 (KHTML, like Gecko) HeadlessChrome/147.0.7727.15 Safari/537.36"}
[2m[WebServer] [22m{"time":"2026-08-07T18:18:15.250035117-04:00","level":"INFO","msg":"client log","level":"ERROR","message":"loadMyChecklists error: Failed to fetch\nTypeError: Failed to fetch\n    at api (http://localhost:4351/sync.js:24:21)\n    at loadMyChecklists (http://localhost:4351/workflows.html:628:24)\n    at applyOp (http://localhost:4351/sync.js:504:7)\n    at _ws.onmessage (http://localhost:4351/sync.js:275:7)","user":"Jamal C. (jamal@yumyums.kitchen)","page":"/workflows.html","ua":"Mozilla/5.0 (X11; Linux x86_64) AppleWebKit/537.36 (KHTML, like Gecko) HeadlessChrome/147.0.7727.15 Safari/537.36"}
[2m[WebServer] [22m{"time":"2026-08-07T18:18:15.250039048-04:00","level":"INFO","msg":"client log","level":"ERROR","message":"loadMyChecklists error: Failed to fetch\nTypeError: Failed to fetch\n    at api (http://localhost:4351/sync.js:24:21)\n    at loadMyChecklists (http://localhost:4351/workflows.html:628:24)\n    at applyOp (http://localhost:4351/sync.js:504:7)\n    at _ws.onmessage (http://localhost:4351/sync.js:275:7)","user":"Jamal C. (jamal@yumyums.kitchen)","page":"/workflows.html","ua":"Mozilla/5.0 (X11; Linux x86_64) AppleWebKit/537.36 (KHTML, like Gecko) HeadlessChrome/147.0.7727.15 Safari/537.36"}
[2m[WebServer] [22m{"time":"2026-08-07T18:18:15.258285118-04:00","level":"INFO","msg":"client log","level":"ERROR","message":"loadMyChecklists error: Failed to fetch\nTypeError: Failed to fetch\n    at api (http://localhost:4351/sync.js:24:21)\n    at loadMyChecklists (http://localhost:4351/workflows.html:628:24)\n    at applyOp (http://localhost:4351/sync.js:504:7)\n    at _ws.onmessage (http://localhost:4351/sync.js:275:7)","user":"Jamal C. (jamal@yumyums.kitchen)","page":"/workflows.html","ua":"Mozilla/5.0 (X11; Linux x86_64) AppleWebKit/537.36 (KHTML, like Gecko) HeadlessChrome/147.0.7727.15 Safari/537.36"}
[2m[WebServer] [22m{"time":"2026-08-07T18:18:15.914366789-04:00","level":"INFO","msg":"op handler received op","op_type":"SET_FIELD","entity_id":"e4c00eb1-16ad-4029-8dc9-9ebd9fa7b7b4","device_id":"d6170226-894e-4eb2-82d2-299868fd097f","lamport_ts":139}
  ✓  54 [chromium] › tests/workflows.spec.js:2362:3 › Loading states › sub-step attribution appears before divider line [FLD-03 FLD-04] (1.9s)
[2m[WebServer] [22m{"time":"2026-08-07T18:18:16.613799093-04:00","level":"ERROR","msg":"GetManagerHires failed","error":"iterate assigned templates for hire fcfd8b2c-f7c9-426c-a11c-cc5b4e2ac2a9: context canceled"}
[2m[WebServer] [22m{"time":"2026-08-07T18:18:16.63134634-04:00","level":"ERROR","msg":"GetMyTrainings failed","error":"context canceled"}
[2m[WebServer] [22m{"time":"2026-08-07T18:18:17.071931745-04:00","level":"ERROR","msg":"myChecklists error","error":"iterate rejections: context canceled"}
[2m[WebServer] [22m{"time":"2026-08-07T18:18:17.072079989-04:00","level":"ERROR","msg":"listTemplates error","error":"iterate sections: context canceled"}
[2m[WebServer] [22m{"time":"2026-08-07T18:18:17.07529658-04:00","level":"INFO","msg":"client log","level":"ERROR","message":"loadMyChecklists error: Failed to fetch\nTypeError: Failed to fetch\n    at api (http://localhost:4351/sync.js:24:21)\n    at loadMyChecklists (http://localhost:4351/workflows.html:628:24)\n    at applyOp (http://localhost:4351/sync.js:504:7)\n    at _ws.onmessage (http://localhost:4351/sync.js:275:7)","user":"Jamal C. (jamal@yumyums.kitchen)","page":"/workflows.html","ua":"Mozilla/5.0 (X11; Linux x86_64) AppleWebKit/537.36 (KHTML, like Gecko) HeadlessChrome/147.0.7727.15 Safari/537.36"}
[2m[WebServer] [22m{"time":"2026-08-07T18:18:18.1208742-04:00","level":"INFO","msg":"op handler received op","op_type":"SET_FIELD","entity_id":"e0b84bf5-89ee-4473-8367-6b4c1a7a156f","device_id":"9d2a1ca2-9ea1-4cbe-a438-07dd413a3784","lamport_ts":141}
  ✓  55 [chromium] › tests/workflows.spec.js:2406:3 › Loading states › sub-steps visible in read-only submitted view [FLD-R2] (5.4s)
[2m[WebServer] [22m{"time":"2026-08-07T18:18:22.088471563-04:00","level":"ERROR","msg":"GetManagerHires failed","error":"iterate assigned templates for hire fcfd8b2c-f7c9-426c-a11c-cc5b4e2ac2a9: context canceled"}
[2m[WebServer] [22m{"time":"2026-08-07T18:18:22.660072115-04:00","level":"ERROR","msg":"myChecklists error","error":"list responses: context canceled"}
[2m[WebServer] [22m{"time":"2026-08-07T18:18:22.660087758-04:00","level":"ERROR","msg":"listTemplates error","error":"iterate schedules: timeout: context already done: context canceled"}
[2m[WebServer] [22m{"time":"2026-08-07T18:18:22.66763794-04:00","level":"INFO","msg":"client log","level":"ERROR","message":"loadMyChecklists error: Failed to fetch\nTypeError: Failed to fetch\n    at api (http://localhost:4351/sync.js:24:21)\n    at loadMyChecklists (http://localhost:4351/workflows.html:628:24)\n    at applyOp (http://localhost:4351/sync.js:504:7)\n    at _ws.onmessage (http://localhost:4351/sync.js:275:7)","user":"Jamal C. (jamal@yumyums.kitchen)","page":"/workflows.html","ua":"Mozilla/5.0 (X11; Linux x86_64) AppleWebKit/537.36 (KHTML, like Gecko) HeadlessChrome/147.0.7727.15 Safari/537.36"}
[2m[WebServer] [22m{"time":"2026-08-07T18:18:23.755212488-04:00","level":"INFO","msg":"op handler received op","op_type":"SET_FIELD","entity_id":"61219098-ba57-46c7-9cc9-f160748d3aac","device_id":"ad8f9a26-eca8-44c4-a35f-db303dc366ee","lamport_ts":143}
  ✓  56 [chromium] › tests/workflows.spec.js:2457:3 › Loading states › sub-steps visible in approvals review tab [APR-05] (5.5s)
[2m[WebServer] [22m{"time":"2026-08-07T18:18:27.381505007-04:00","level":"ERROR","msg":"GetMyTrainings failed","error":"context canceled"}
[2m[WebServer] [22m{"time":"2026-08-07T18:18:27.832941113-04:00","level":"ERROR","msg":"myChecklists error","error":"iterate rejections: context canceled"}
[2m[WebServer] [22m{"time":"2026-08-07T18:18:27.837845003-04:00","level":"INFO","msg":"client log","level":"ERROR","message":"loadMyChecklists error: Failed to fetch\nTypeError: Failed to fetch\n    at api (http://localhost:4351/sync.js:24:21)\n    at loadMyChecklists (http://localhost:4351/workflows.html:628:24)\n    at applyOp (http://localhost:4351/sync.js:504:7)\n    at _ws.onmessage (http://localhost:4351/sync.js:275:7)","user":"Jamal C. (jamal@yumyums.kitchen)","page":"/workflows.html","ua":"Mozilla/5.0 (X11; Linux x86_64) AppleWebKit/537.36 (KHTML, like Gecko) HeadlessChrome/147.0.7727.15 Safari/537.36"}
  ✓  57 [chromium] › tests/workflows.spec.js:2508:3 › Loading states › list view item count matches runner count with conditional fields [LST-05] (1.1s)
[2m[WebServer] [22m{"time":"2026-08-07T18:18:28.553170913-04:00","level":"ERROR","msg":"GetManagerHires failed","error":"iterate assigned templates for hire 0c97a2ec-abe7-4784-b80e-c84c307e9e27: context canceled"}
[2m[WebServer] [22m{"time":"2026-08-07T18:18:29.26344593-04:00","level":"ERROR","msg":"myChecklists error","error":"list rejections: context canceled"}
[2m[WebServer] [22m{"time":"2026-08-07T18:18:29.270378399-04:00","level":"INFO","msg":"client log","level":"ERROR","message":"loadMyChecklists error: Failed to fetch\nTypeError: Failed to fetch\n    at api (http://localhost:4351/sync.js:24:21)\n    at loadMyChecklists (http://localhost:4351/workflows.html:628:24)\n    at applyOp (http://localhost:4351/sync.js:504:7)\n    at _ws.onmessage (http://localhost:4351/sync.js:275:7)","user":"Jamal C. (jamal@yumyums.kitchen)","page":"/workflows.html","ua":"Mozilla/5.0 (X11; Linux x86_64) AppleWebKit/537.36 (KHTML, like Gecko) HeadlessChrome/147.0.7727.15 Safari/537.36"}
[2m[WebServer] [22m{"time":"2026-08-07T18:18:30.017240792-04:00","level":"INFO","msg":"op handler received op","op_type":"SET_FIELD","entity_id":"9af93107-f367-41ac-91d7-5a3e9df33454","device_id":"9e417cd4-906a-40a2-821f-8b531d39f375","lamport_ts":145}
  ✓  58 [chromium] › tests/workflows.spec.js:2548:3 › Loading states › conditional field appears after dependent checkbox is checked [VIS-06] (2.0s)
[2m[WebServer] [22m{"time":"2026-08-07T18:18:30.544326902-04:00","level":"ERROR","msg":"GetManagerHires failed","error":"iterate assigned templates for hire 0c97a2ec-abe7-4784-b80e-c84c307e9e27: context canceled"}
[2m[WebServer] [22m{"time":"2026-08-07T18:18:31.230029057-04:00","level":"ERROR","msg":"myChecklists error","error":"iterate responses: context canceled"}
[2m[WebServer] [22m{"time":"2026-08-07T18:18:31.235210473-04:00","level":"INFO","msg":"client log","level":"ERROR","message":"loadMyChecklists error: Failed to fetch\nTypeError: Failed to fetch\n    at api (http://localhost:4351/sync.js:24:21)\n    at loadMyChecklists (http://localhost:4351/workflows.html:628:24)\n    at applyOp (http://localhost:4351/sync.js:504:7)\n    at _ws.onmessage (http://localhost:4351/sync.js:275:7)","user":"Jamal C. (jamal@yumyums.kitchen)","page":"/workflows.html","ua":"Mozilla/5.0 (X11; Linux x86_64) AppleWebKit/537.36 (KHTML, like Gecko) HeadlessChrome/147.0.7727.15 Safari/537.36"}
[2m[WebServer] [22m{"time":"2026-08-07T18:18:31.948654051-04:00","level":"INFO","msg":"op handler received op","op_type":"SET_FIELD","entity_id":"2ecf51b3-426b-4fcc-9559-5d7b1ebd9b25","device_id":"c66c1281-7560-483e-bfbe-ab108ccf8c7b","lamport_ts":147}
  ✓  59 [chromium] › tests/workflows.spec.js:2600:3 › Loading states › conditional field appears after dependent text field is filled [VIS-07] (1.9s)
[2m[WebServer] [22m{"time":"2026-08-07T18:18:32.959304373-04:00","level":"ERROR","msg":"myChecklists error","error":"iterate sections: context canceled"}
[2m[WebServer] [22m{"time":"2026-08-07T18:18:32.959804322-04:00","level":"ERROR","msg":"listTemplates error","error":"iterate templates: context canceled"}
[2m[WebServer] [22m{"time":"2026-08-07T18:18:32.965372294-04:00","level":"INFO","msg":"client log","level":"ERROR","message":"loadMyChecklists error: Failed to fetch\nTypeError: Failed to fetch\n    at api (http://localhost:4351/sync.js:24:21)\n    at loadMyChecklists (http://localhost:4351/workflows.html:628:24)\n    at applyOp (http://localhost:4351/sync.js:504:7)\n    at _ws.onmessage (http://localhost:4351/sync.js:275:7)","user":"Jamal C. (jamal@yumyums.kitchen)","page":"/workflows.html","ua":"Mozilla/5.0 (X11; Linux x86_64) AppleWebKit/537.36 (KHTML, like Gecko) HeadlessChrome/147.0.7727.15 Safari/537.36"}
[2m[WebServer] [22m{"time":"2026-08-07T18:18:33.642358559-04:00","level":"INFO","msg":"op handler received op","op_type":"SET_FIELD","entity_id":"e3b7d934-e8eb-4bb1-b426-60d6208455a1","device_id":"6d51d8dd-eec7-423a-89d1-9be9124ac785","lamport_ts":149}
[2m[WebServer] [22m{"time":"2026-08-07T18:18:36.854347279-04:00","level":"ERROR","msg":"listTemplates error","error":"list sections: context canceled"}
[2m[WebServer] [22m{"time":"2026-08-07T18:18:36.854700925-04:00","level":"ERROR","msg":"cleanupOldDrafts error","error":"cleanup old drafts: context canceled"}
[2m[WebServer] [22m{"time":"2026-08-07T18:18:36.854770311-04:00","level":"ERROR","msg":"myChecklists error","error":"iterate templates: context canceled"}
[2m[WebServer] [22m{"time":"2026-08-07T18:18:36.885267975-04:00","level":"INFO","msg":"client log","level":"ERROR","message":"loadMyChecklists error: Failed to fetch\nTypeError: Failed to fetch\n    at api (http://localhost:4351/sync.js:24:21)\n    at loadMyChecklists (http://localhost:4351/workflows.html:628:24)\n    at rerenderOpenChecklistAfterSave (http://localhost:4351/sync.js:526:53)\n    at applyOp (http://localhost:4351/sync.js:492:7)\n    at _ws.onmessage (http://localhost:4351/sync.js:275:7)","user":"Jamal C. (jamal@yumyums.kitchen)","page":"/workflows.html","ua":"Mozilla/5.0 (X11; Linux x86_64) AppleWebKit/537.36 (KHTML, like Gecko) HeadlessChrome/147.0.7727.15 Safari/537.36"}
  ✓  60 [chromium] › tests/workflows.spec.js:2653:3 › Loading states › submitted responses survive template update [LC-02] (5.1s)
[2m[WebServer] [22m{"time":"2026-08-07T18:18:37.676456769-04:00","level":"ERROR","msg":"GetManagerHires failed","error":"iterate assigned templates for hire 0c97a2ec-abe7-4784-b80e-c84c307e9e27: context canceled"}
[2m[WebServer] [22m{"time":"2026-08-07T18:18:38.133454323-04:00","level":"ERROR","msg":"myChecklists error","error":"iterate responses: context canceled"}
[2m[WebServer] [22m{"time":"2026-08-07T18:18:38.13356426-04:00","level":"ERROR","msg":"listTemplates error","error":"list sections: context canceled"}
[2m[WebServer] [22m{"time":"2026-08-07T18:18:38.150784314-04:00","level":"INFO","msg":"client log","level":"ERROR","message":"loadMyChecklists error: Failed to fetch\nTypeError: Failed to fetch\n    at api (http://localhost:4351/sync.js:24:21)\n    at loadMyChecklists (http://localhost:4351/workflows.html:628:24)\n    at applyOp (http://localhost:4351/sync.js:504:7)\n    at _ws.onmessage (http://localhost:4351/sync.js:275:7)","user":"Jamal C. (jamal@yumyums.kitchen)","page":"/workflows.html","ua":"Mozilla/5.0 (X11; Linux x86_64) AppleWebKit/537.36 (KHTML, like Gecko) HeadlessChrome/147.0.7727.15 Safari/537.36"}
[2m[WebServer] [22m{"time":"2026-08-07T18:18:38.84123182-04:00","level":"INFO","msg":"op handler received op","op_type":"SET_FIELD","entity_id":"6ab28c24-175c-4842-bbb8-3e916f3eacd9","device_id":"e983f12d-0725-4435-a2ec-4b641c56d4e0","lamport_ts":151}
  ✓  61 [chromium] › tests/workflows.spec.js:2713:3 › Loading states › submitted checklist survives builder edit with assignment change [LC-02] (7.4s)
[2m[WebServer] [22m{"time":"2026-08-07T18:18:45.021760935-04:00","level":"ERROR","msg":"GetManagerHires failed","error":"iterate assigned templates for hire 556e3fa1-fdcf-450b-a5bd-3bae7d47e101: context canceled"}
[2m[WebServer] [22m{"time":"2026-08-07T18:18:45.405893905-04:00","level":"ERROR","msg":"myChecklists error","error":"list responses: context canceled"}
[2m[WebServer] [22m{"time":"2026-08-07T18:18:45.408108479-04:00","level":"ERROR","msg":"listTemplates error","error":"iterate assignments: context canceled"}
[2m[WebServer] [22m{"time":"2026-08-07T18:18:45.409631951-04:00","level":"INFO","msg":"client log","level":"ERROR","message":"loadMyChecklists error: Failed to fetch\nTypeError: Failed to fetch\n    at api (http://localhost:4351/sync.js:24:21)\n    at loadMyChecklists (http://localhost:4351/workflows.html:628:24)\n    at applyOp (http://localhost:4351/sync.js:504:7)\n    at _ws.onmessage (http://localhost:4351/sync.js:275:7)","user":"Jamal C. (jamal@yumyums.kitchen)","page":"/workflows.html","ua":"Mozilla/5.0 (X11; Linux x86_64) AppleWebKit/537.36 (KHTML, like Gecko) HeadlessChrome/147.0.7727.15 Safari/537.36"}
[2m[WebServer] [22m{"time":"2026-08-07T18:18:46.11511127-04:00","level":"INFO","msg":"op handler received op","op_type":"SET_FIELD","entity_id":"8201b1c2-344c-468c-bf8e-b31b4ab96476","device_id":"0ca48972-6426-4032-82ef-b9c17cd5841e","lamport_ts":153}
[2m[WebServer] [22m{"time":"2026-08-07T18:18:48.339338574-04:00","level":"ERROR","msg":"myChecklists error","error":"iterate responses: context canceled"}
[2m[WebServer] [22m{"time":"2026-08-07T18:18:48.342553112-04:00","level":"INFO","msg":"client log","level":"ERROR","message":"loadMyChecklists error: Failed to fetch\nTypeError: Failed to fetch\n    at api (http://localhost:4351/sync.js:24:21)\n    at loadMyChecklists (http://localhost:4351/workflows.html:628:24)\n    at applyOp (http://localhost:4351/sync.js:504:7)\n    at _ws.onmessage (http://localhost:4351/sync.js:275:7)","user":"Jamal C. (jamal@yumyums.kitchen)","page":"/workflows.html","ua":"Mozilla/5.0 (X11; Linux x86_64) AppleWebKit/537.36 (KHTML, like Gecko) HeadlessChrome/147.0.7727.15 Safari/537.36"}
  ✓  62 [chromium] › tests/workflows.spec.js:2770:3 › Loading states › draft responses survive template update (assignment change) [LC-03] (3.9s)
[2m[WebServer] [22m{"time":"2026-08-07T18:18:49.031701918-04:00","level":"ERROR","msg":"GetManagerHires failed","error":"iterate assigned templates for hire 556e3fa1-fdcf-450b-a5bd-3bae7d47e101: context canceled"}
[2m[WebServer] [22m{"time":"2026-08-07T18:18:49.578272445-04:00","level":"ERROR","msg":"listTemplates error","error":"iterate templates: context canceled"}
[2m[WebServer] [22m{"time":"2026-08-07T18:18:49.579870423-04:00","level":"ERROR","msg":"myChecklists error","error":"iterate rejections: context canceled"}
[2m[WebServer] [22m{"time":"2026-08-07T18:18:49.586177072-04:00","level":"ERROR","msg":"listTemplates error","error":"list templates: context canceled"}
[2m[WebServer] [22m{"time":"2026-08-07T18:18:49.594348482-04:00","level":"INFO","msg":"client log","level":"ERROR","message":"loadMyChecklists error: Failed to fetch\nTypeError: Failed to fetch\n    at api (http://localhost:4351/sync.js:24:21)\n    at loadMyChecklists (http://localhost:4351/workflows.html:628:24)\n    at applyOp (http://localhost:4351/sync.js:504:7)\n    at _ws.onmessage (http://localhost:4351/sync.js:275:7)","user":"Jamal C. (jamal@yumyums.kitchen)","page":"/workflows.html","ua":"Mozilla/5.0 (X11; Linux x86_64) AppleWebKit/537.36 (KHTML, like Gecko) HeadlessChrome/147.0.7727.15 Safari/537.36"}
[2m[WebServer] [22m{"time":"2026-08-07T18:18:50.575073693-04:00","level":"INFO","msg":"op handler received op","op_type":"SET_FIELD","entity_id":"de815d01-07ee-407f-b123-a5fa355904ef","device_id":"2b23076d-06e0-4b8b-b0d5-130435b855f9","lamport_ts":155}
[2m[WebServer] [22m{"time":"2026-08-07T18:18:53.886590587-04:00","level":"ERROR","msg":"myChecklists error","error":"iterate responses: context canceled"}
  ✓  63 [chromium] › tests/workflows.spec.js:2824:3 › Loading states › unsubmit returns checklist to editable draft [RUN-10] (5.3s)
[2m[WebServer] [22m{"time":"2026-08-07T18:18:54.273130118-04:00","level":"ERROR","msg":"GetManagerHires failed","error":"iterate assigned templates for hire 0c97a2ec-abe7-4784-b80e-c84c307e9e27: context canceled"}
[2m[WebServer] [22m{"time":"2026-08-07T18:18:54.749095097-04:00","level":"ERROR","msg":"myChecklists error","error":"iterate rejections: context canceled"}
[2m[WebServer] [22m{"time":"2026-08-07T18:18:54.750151226-04:00","level":"ERROR","msg":"listTemplates error","error":"list templates: context canceled"}
[2m[WebServer] [22m{"time":"2026-08-07T18:18:54.755120172-04:00","level":"INFO","msg":"client log","level":"ERROR","message":"loadMyChecklists error: Failed to fetch\nTypeError: Failed to fetch\n    at api (http://localhost:4351/sync.js:24:21)\n    at loadMyChecklists (http://localhost:4351/workflows.html:628:24)\n    at applyOp (http://localhost:4351/sync.js:504:7)\n    at _ws.onmessage (http://localhost:4351/sync.js:275:7)","user":"Jamal C. (jamal@yumyums.kitchen)","page":"/workflows.html","ua":"Mozilla/5.0 (X11; Linux x86_64) AppleWebKit/537.36 (KHTML, like Gecko) HeadlessChrome/147.0.7727.15 Safari/537.36"}
[2m[WebServer] [22m{"time":"2026-08-07T18:18:54.755302468-04:00","level":"INFO","msg":"client log","level":"ERROR","message":"loadMyChecklists error: Failed to fetch\nTypeError: Failed to fetch\n    at api (http://localhost:4351/sync.js:24:21)\n    at loadMyChecklists (http://localhost:4351/workflows.html:628:24)\n    at applyOp (http://localhost:4351/sync.js:504:7)\n    at _ws.onmessage (http://localhost:4351/sync.js:275:7)","user":"Jamal C. (jamal@yumyums.kitchen)","page":"/workflows.html","ua":"Mozilla/5.0 (X11; Linux x86_64) AppleWebKit/537.36 (KHTML, like Gecko) HeadlessChrome/147.0.7727.15 Safari/537.36"}
[2m[WebServer] [22m{"time":"2026-08-07T18:18:55.335121943-04:00","level":"INFO","msg":"op handler received op","op_type":"SET_FIELD","entity_id":"491f5fdf-2d42-4260-b9ff-b4634e1d997b","device_id":"3245421b-355e-491a-ad76-abaf4e703ea8","lamport_ts":157}
  ✓  64 [chromium] › tests/workflows.spec.js:2872:3 › Loading states › incomplete submit shows confirmation prompt [GATE-06] (1.7s)
[2m[WebServer] [22m{"time":"2026-08-07T18:18:55.912546426-04:00","level":"ERROR","msg":"GetMyTrainings failed","error":"context canceled"}
[2m[WebServer] [22m{"time":"2026-08-07T18:18:56.419038078-04:00","level":"ERROR","msg":"myChecklists error","error":"iterate responses: context canceled"}
[2m[WebServer] [22m{"time":"2026-08-07T18:18:56.427675451-04:00","level":"INFO","msg":"client log","level":"ERROR","message":"loadMyChecklists error: Failed to fetch\nTypeError: Failed to fetch\n    at api (http://localhost:4351/sync.js:24:21)\n    at loadMyChecklists (http://localhost:4351/workflows.html:628:24)\n    at applyOp (http://localhost:4351/sync.js:504:7)\n    at _ws.onmessage (http://localhost:4351/sync.js:275:7)","user":"Jamal C. (jamal@yumyums.kitchen)","page":"/workflows.html","ua":"Mozilla/5.0 (X11; Linux x86_64) AppleWebKit/537.36 (KHTML, like Gecko) HeadlessChrome/147.0.7727.15 Safari/537.36"}
[2m[WebServer] [22m{"time":"2026-08-07T18:18:56.428010983-04:00","level":"INFO","msg":"client log","level":"ERROR","message":"loadMyChecklists error: Failed to fetch\nTypeError: Failed to fetch\n    at api (http://localhost:4351/sync.js:24:21)\n    at loadMyChecklists (http://localhost:4351/workflows.html:628:24)\n    at applyOp (http://localhost:4351/sync.js:504:7)\n    at _ws.onmessage (http://localhost:4351/sync.js:275:7)","user":"Jamal C. (jamal@yumyums.kitchen)","page":"/workflows.html","ua":"Mozilla/5.0 (X11; Linux x86_64) AppleWebKit/537.36 (KHTML, like Gecko) HeadlessChrome/147.0.7727.15 Safari/537.36"}
[2m[WebServer] [22m{"time":"2026-08-07T18:18:57.151733281-04:00","level":"INFO","msg":"op handler received op","op_type":"SET_FIELD","entity_id":"c05a9fe2-3979-432f-afab-96da39dcddbf","device_id":"09df14bb-e506-4196-8e39-69ed34464abb","lamport_ts":159}
[2m[WebServer] [22m{"time":"2026-08-07T18:18:57.6828318-04:00","level":"INFO","msg":"op handler received op","op_type":"SET_FIELD","entity_id":"c05a9fe2-3979-432f-afab-96da39dcddbf","device_id":"09df14bb-e506-4196-8e39-69ed34464abb","lamport_ts":161}
  ✓  65 [chromium] › tests/workflows.spec.js:2909:3 › Loading states › sub-step progress counts correctly in list view [LST-04] (2.3s)
[2m[WebServer] [22m{"time":"2026-08-07T18:18:58.700670255-04:00","level":"ERROR","msg":"myChecklists error","error":"iterate fail notes: context canceled"}
[2m[WebServer] [22m{"time":"2026-08-07T18:18:58.701177657-04:00","level":"ERROR","msg":"listTemplates error","error":"iterate fields: context canceled"}
[2m[WebServer] [22m{"time":"2026-08-07T18:18:58.704920119-04:00","level":"INFO","msg":"client log","level":"ERROR","message":"loadMyChecklists error: Failed to fetch\nTypeError: Failed to fetch\n    at api (http://localhost:4351/sync.js:24:21)\n    at loadMyChecklists (http://localhost:4351/workflows.html:628:24)\n    at applyOp (http://localhost:4351/sync.js:504:7)\n    at _ws.onmessage (http://localhost:4351/sync.js:275:7)","user":"Jamal C. (jamal@yumyums.kitchen)","page":"/workflows.html","ua":"Mozilla/5.0 (X11; Linux x86_64) AppleWebKit/537.36 (KHTML, like Gecko) HeadlessChrome/147.0.7727.15 Safari/537.36"}
[2m[WebServer] [22m{"time":"2026-08-07T18:19:00.118971456-04:00","level":"ERROR","msg":"myChecklists error","error":"iterate responses: context canceled"}
[2m[WebServer] [22m{"time":"2026-08-07T18:19:00.122744845-04:00","level":"INFO","msg":"client log","level":"ERROR","message":"loadMyChecklists error: Failed to fetch\nTypeError: Failed to fetch\n    at api (http://localhost:4351/sync.js:24:21)\n    at loadMyChecklists (http://localhost:4351/workflows.html:628:24)\n    at applyOp (http://localhost:4351/sync.js:504:7)\n    at _ws.onmessage (http://localhost:4351/sync.js:275:7)","user":"Jamal C. (jamal@yumyums.kitchen)","page":"/workflows.html","ua":"Mozilla/5.0 (X11; Linux x86_64) AppleWebKit/537.36 (KHTML, like Gecko) HeadlessChrome/147.0.7727.15 Safari/537.36"}
  ✓  66 [chromium] › tests/workflows.spec.js:2951:3 › Loading states › skip logic condition persists after save and reload [BLD-07] (2.8s)
[2m[WebServer] [22m{"time":"2026-08-07T18:19:01.03453339-04:00","level":"ERROR","msg":"GetManagerHires failed","error":"iterate assigned templates for hire 556e3fa1-fdcf-450b-a5bd-3bae7d47e101: context canceled"}
[2m[WebServer] [22m{"time":"2026-08-07T18:19:01.419872195-04:00","level":"ERROR","msg":"myChecklists error","error":"iterate responses: context canceled"}
[2m[WebServer] [22m{"time":"2026-08-07T18:19:01.422698942-04:00","level":"INFO","msg":"client log","level":"ERROR","message":"loadMyChecklists error: Failed to fetch\nTypeError: Failed to fetch\n    at api (http://localhost:4351/sync.js:24:21)\n    at loadMyChecklists (http://localhost:4351/workflows.html:628:24)\n    at show (http://localhost:4351/workflows.html:3696:5)\n    at init (http://localhost:4351/workflows.html:3777:5)","user":"Jamal C. (jamal@yumyums.kitchen)","page":"/workflows.html","ua":"Mozilla/5.0 (X11; Linux x86_64) AppleWebKit/537.36 (KHTML, like Gecko) HeadlessChrome/147.0.7727.15 Safari/537.36"}
  ✓  67 [chromium] › tests/workflows.spec.js:3022:3 › Loading states › new section defaults to Same as schedule [BLD-07] (1.0s)
[2m[WebServer] [22m{"time":"2026-08-07T18:19:02.204629181-04:00","level":"ERROR","msg":"GetManagerHires failed","error":"iterate assigned templates for hire 556e3fa1-fdcf-450b-a5bd-3bae7d47e101: context canceled"}
[2m[WebServer] [22m{"time":"2026-08-07T18:19:02.628397613-04:00","level":"INFO","msg":"client log","level":"ERROR","message":"loadMyChecklists error: Failed to fetch\nTypeError: Failed to fetch\n    at api (http://localhost:4351/sync.js:24:21)\n    at loadMyChecklists (http://localhost:4351/workflows.html:628:24)\n    at show (http://localhost:4351/workflows.html:3696:5)\n    at init (http://localhost:4351/workflows.html:3777:5)","user":"Jamal C. (jamal@yumyums.kitchen)","page":"/workflows.html","ua":"Mozilla/5.0 (X11; Linux x86_64) AppleWebKit/537.36 (KHTML, like Gecko) HeadlessChrome/147.0.7727.15 Safari/537.36"}
[2m[WebServer] [22m{"time":"2026-08-07T18:19:03.345437137-04:00","level":"INFO","msg":"op handler received op","op_type":"SET_FIELD","entity_id":"bfa87f6e-a542-4c90-ac7f-4336d1a7d223","device_id":"619529aa-f63b-445b-b72c-294d28f70872","lamport_ts":163}
[2m[WebServer] [22m{"time":"2026-08-07T18:19:04.887069501-04:00","level":"INFO","msg":"op handler received op","op_type":"SET_FIELD","entity_id":"bfa87f6e-a542-4c90-ac7f-4336d1a7d223","device_id":"619529aa-f63b-445b-b72c-294d28f70872","lamport_ts":165}
  ✓  68 [chromium] › tests/workflows.spec.js:3048:3 › Loading states › text field in read-only view shows answer below label [FLD-R4] (5.0s)
  ✓  69 [chromium] › tests/workflows.spec.js:3095:3 › Loading states › team_member cannot see Builder tab [GLB-03] (1.7s)
[2m[WebServer] [22m{"time":"2026-08-07T18:19:09.810632976-04:00","level":"ERROR","msg":"GetManagerHires failed","error":"iterate assigned templates for hire eed72497-ce89-4f66-9c46-e0d8ae2708f5: context canceled"}
[2m[WebServer] [22m{"time":"2026-08-07T18:19:11.655099876-04:00","level":"INFO","msg":"op handler received op","op_type":"SET_FIELD","entity_id":"203d41a0-5efc-40ca-a87f-9b851ea9572a","device_id":"55eded52-d443-4f7f-9cc5-f1038fb5fb2d","lamport_ts":139}
[2m[WebServer] [22m{"time":"2026-08-07T18:19:11.987140594-04:00","level":"INFO","msg":"op handler received op","op_type":"SET_FIELD","entity_id":"83f9b7cc-01d9-4ce9-850d-847a15166697","device_id":"55eded52-d443-4f7f-9cc5-f1038fb5fb2d","lamport_ts":141}
[2m[WebServer] [22m{"time":"2026-08-07T18:19:12.316035849-04:00","level":"INFO","msg":"op handler received op","op_type":"SET_FIELD","entity_id":"a21481b9-172a-4d48-a084-4841f72bae4b","device_id":"55eded52-d443-4f7f-9cc5-f1038fb5fb2d","lamport_ts":143}
[2m[WebServer] [22m{"time":"2026-08-07T18:19:12.651372883-04:00","level":"INFO","msg":"op handler received op","op_type":"SET_FIELD","entity_id":"f982dea0-7fb4-4dca-bf56-5a79e64b97f6","device_id":"55eded52-d443-4f7f-9cc5-f1038fb5fb2d","lamport_ts":145}
[2m[WebServer] [22m{"time":"2026-08-07T18:19:18.668743287-04:00","level":"ERROR","msg":"myChecklists error","error":"iterate rejections: context canceled"}
  ✓  70 [chromium] › tests/workflows.spec.js:3242:3 › Approval Flow › team member completes checklist, manager approves [RUN-07 APR-11] (10.1s)
[2m[WebServer] [22m{"time":"2026-08-07T18:19:19.970938626-04:00","level":"ERROR","msg":"GetManagerHires failed","error":"query assigned templates for hire eed72497-ce89-4f66-9c46-e0d8ae2708f5: context canceled"}
[2m[WebServer] [22m{"time":"2026-08-07T18:19:21.802666065-04:00","level":"INFO","msg":"op handler received op","op_type":"SET_FIELD","entity_id":"b252c506-3071-47f6-a0d6-09560cedddb9","device_id":"fc6e1ef9-9c01-4979-994a-4764d934f945","lamport_ts":147}
[2m[WebServer] [22m{"time":"2026-08-07T18:19:22.150050283-04:00","level":"INFO","msg":"op handler received op","op_type":"SET_FIELD","entity_id":"e1d92eec-33bb-4b70-a29a-285d233f3583","device_id":"fc6e1ef9-9c01-4979-994a-4764d934f945","lamport_ts":149}
[2m[WebServer] [22m{"time":"2026-08-07T18:19:22.485829402-04:00","level":"INFO","msg":"op handler received op","op_type":"SET_FIELD","entity_id":"c7556603-d842-47a5-815e-56439752b14e","device_id":"fc6e1ef9-9c01-4979-994a-4764d934f945","lamport_ts":151}
[2m[WebServer] [22m{"time":"2026-08-07T18:19:22.81651098-04:00","level":"INFO","msg":"op handler received op","op_type":"SET_FIELD","entity_id":"be8014e0-a7b2-4eb8-b21a-62324f68ffdf","device_id":"fc6e1ef9-9c01-4979-994a-4764d934f945","lamport_ts":153}
[2m[WebServer] [22m{"time":"2026-08-07T18:19:27.02766117-04:00","level":"INFO","msg":"client log","level":"ERROR","message":"loadMyChecklists error: Failed to fetch\nTypeError: Failed to fetch\n    at api (http://localhost:4351/sync.js:24:21)\n    at loadMyChecklists (http://localhost:4351/workflows.html:628:24)\n    at applyOp (http://localhost:4351/sync.js:482:7)\n    at _ws.onmessage (http://localhost:4351/sync.js:275:7)","user":"MgrR M. (MgrR-1786141159491@yumyums.kitchen)","page":"/workflows.html","ua":"Mozilla/5.0 (X11; Linux x86_64) AppleWebKit/537.36 (KHTML, like Gecko) HeadlessChrome/147.0.7727.15 Safari/537.36"}
[2m[WebServer] [22m{"time":"2026-08-07T18:19:27.031802668-04:00","level":"INFO","msg":"client log","level":"ERROR","message":"loadMyChecklists error: Failed to fetch\nTypeError: Failed to fetch\n    at api (http://localhost:4351/sync.js:24:21)\n    at loadMyChecklists (http://localhost:4351/workflows.html:628:24)\n    at applyOp (http://localhost:4351/sync.js:482:7)\n    at _ws.onmessage (http://localhost:4351/sync.js:275:7)","user":"MgrR M. (MgrR-1786141159491@yumyums.kitchen)","page":"/workflows.html","ua":"Mozilla/5.0 (X11; Linux x86_64) AppleWebKit/537.36 (KHTML, like Gecko) HeadlessChrome/147.0.7727.15 Safari/537.36"}
[2m[WebServer] [22m{"time":"2026-08-07T18:19:28.554950956-04:00","level":"INFO","msg":"op handler received op","op_type":"SET_FIELD","entity_id":"b252c506-3071-47f6-a0d6-09560cedddb9","device_id":"a404114e-d3b0-4ea1-b42d-1ecbc6786025","lamport_ts":158}
[2m[WebServer] [22m{"time":"2026-08-07T18:19:28.902793074-04:00","level":"INFO","msg":"op handler received op","op_type":"SET_FIELD","entity_id":"e1d92eec-33bb-4b70-a29a-285d233f3583","device_id":"a404114e-d3b0-4ea1-b42d-1ecbc6786025","lamport_ts":160}
[2m[WebServer] [22m{"time":"2026-08-07T18:19:35.473896499-04:00","level":"ERROR","msg":"myChecklists error","error":"iterate fail notes: context canceled"}
  ✓  71 [chromium] › tests/workflows.spec.js:3288:3 › Approval Flow › team member completes checklist, manager rejects 2 items, crew resubmits, manager approves [APR-09 FLD-18 LC-01] (16.9s)
[2m[WebServer] [22m{"time":"2026-08-07T18:19:36.84027779-04:00","level":"ERROR","msg":"GetManagerHires failed","error":"iterate assigned templates for hire eed72497-ce89-4f66-9c46-e0d8ae2708f5: context canceled"}
[2m[WebServer] [22m{"time":"2026-08-07T18:19:38.653463851-04:00","level":"INFO","msg":"op handler received op","op_type":"SET_FIELD","entity_id":"cfd0d17d-7f38-498c-9d91-e3d0137cfb6f","device_id":"6c420db3-1159-4131-a14b-f9fde207ce11","lamport_ts":162}
[2m[WebServer] [22m{"time":"2026-08-07T18:19:38.986381138-04:00","level":"INFO","msg":"op handler received op","op_type":"SET_FIELD","entity_id":"1a22e005-9500-43de-a2d0-94dce47224ef","device_id":"6c420db3-1159-4131-a14b-f9fde207ce11","lamport_ts":164}
[2m[WebServer] [22m{"time":"2026-08-07T18:19:39.318844117-04:00","level":"INFO","msg":"op handler received op","op_type":"SET_FIELD","entity_id":"cc5d6035-dc87-403e-a293-bcd64d078de2","device_id":"6c420db3-1159-4131-a14b-f9fde207ce11","lamport_ts":166}
[2m[WebServer] [22m{"time":"2026-08-07T18:19:39.669153356-04:00","level":"INFO","msg":"op handler received op","op_type":"SET_FIELD","entity_id":"33a83b1a-f1c1-4470-878e-d2ab5dc7d998","device_id":"6c420db3-1159-4131-a14b-f9fde207ce11","lamport_ts":168}
[2m[WebServer] [22m{"time":"2026-08-07T18:19:45.638566482-04:00","level":"ERROR","msg":"myChecklists error","error":"iterate responses: context canceled"}
[2m[WebServer] [22m{"time":"2026-08-07T18:19:45.647252007-04:00","level":"INFO","msg":"client log","level":"ERROR","message":"loadMyChecklists error: Failed to fetch\nTypeError: Failed to fetch\n    at api (http://localhost:4351/sync.js:24:21)\n    at loadMyChecklists (http://localhost:4351/workflows.html:628:24)\n    at applyOp (http://localhost:4351/sync.js:482:7)\n    at _ws.onmessage (http://localhost:4351/sync.js:275:7)","user":"MgrAB M. (MgrAB-1786141176486@yumyums.kitchen)","page":"/workflows.html","ua":"Mozilla/5.0 (X11; Linux x86_64) AppleWebKit/537.36 (KHTML, like Gecko) HeadlessChrome/147.0.7727.15 Safari/537.36"}
  ✓  72 [chromium] › tests/workflows.spec.js:3400:3 › Approval Flow › approved checklist shows Approved badge and cannot be resubmitted [LST-08 RUN-08] (11.2s)
[2m[WebServer] [22m{"time":"2026-08-07T18:19:47.092311883-04:00","level":"ERROR","msg":"GetManagerHires failed","error":"iterate assigned templates for hire 51ca95b0-9558-4e9d-81dc-87d4a1dcd030: context canceled"}
[2m[WebServer] [22m{"time":"2026-08-07T18:19:47.807372303-04:00","level":"ERROR","msg":"myChecklists error","error":"iterate rejections: context canceled"}
[2m[WebServer] [22m{"time":"2026-08-07T18:19:47.808429236-04:00","level":"ERROR","msg":"listTemplates error","error":"iterate assignments: context canceled"}
[2m[WebServer] [22m{"time":"2026-08-07T18:19:47.808757528-04:00","level":"ERROR","msg":"pendingApprovals error","error":"iterate fail notes: context canceled"}
  ✓  73 [chromium] › tests/workflows.spec.js:3476:3 › Checklist submit/unsubmit/history (prove sweep) › FR-6 duplicate submit with same idempotency key creates exactly one submission [GATE-08] (1.1s)
[2m[WebServer] [22m{"time":"2026-08-07T18:19:48.223001433-04:00","level":"ERROR","msg":"GetManagerHires failed","error":"query assigned templates for hire 9f540faa-5032-4264-9144-47e9a75d530a: context canceled"}
[2m[WebServer] [22m{"time":"2026-08-07T18:19:49.559307178-04:00","level":"ERROR","msg":"unsubmitChecklist error","error":"not the submitter"}
  ✓  74 [chromium] › tests/workflows.spec.js:3528:3 › Checklist submit/unsubmit/history (prove sweep) › FR-7 a non-submitter is refused (403) when unsubmitting [RUN-11] (2.4s)
[2m[WebServer] [22m{"time":"2026-08-07T18:19:50.567205363-04:00","level":"ERROR","msg":"GetManagerHires failed","error":"query assigned templates for hire 0c97a2ec-abe7-4784-b80e-c84c307e9e27: context canceled"}
[2m[WebServer] [22m{"time":"2026-08-07T18:19:53.710181329-04:00","level":"ERROR","msg":"myChecklists error","error":"iterate rejections: context canceled"}
  ✓  75 [chromium] › tests/workflows.spec.js:3596:3 › Checklist submit/unsubmit/history (prove sweep) › FR-8 myHistory returns at most the last 50 submissions in DESC order [LST-13] (3.5s)
[2m[WebServer] [22m{"time":"2026-08-07T18:19:54.112681202-04:00","level":"ERROR","msg":"GetManagerHires failed","error":"iterate assigned templates for hire 51ca95b0-9558-4e9d-81dc-87d4a1dcd030: context canceled"}
[2m[WebServer] [22m{"time":"2026-08-07T18:19:54.589029243-04:00","level":"ERROR","msg":"myChecklists error","error":"iterate responses: context canceled"}
[2m[WebServer] [22m{"time":"2026-08-07T18:19:54.58980094-04:00","level":"ERROR","msg":"listTemplates error","error":"iterate templates: context canceled"}
[2m[WebServer] [22m{"time":"2026-08-07T18:19:54.599984409-04:00","level":"INFO","msg":"client log","level":"ERROR","message":"loadMyChecklists error: Failed to fetch\nTypeError: Failed to fetch\n    at api (http://localhost:4351/sync.js:24:21)\n    at loadMyChecklists (http://localhost:4351/workflows.html:628:24)\n    at show (http://localhost:4351/workflows.html:3696:5)\n    at init (http://localhost:4351/workflows.html:3777:5)","user":"Jamal C. (jamal@yumyums.kitchen)","page":"/workflows.html","ua":"Mozilla/5.0 (X11; Linux x86_64) AppleWebKit/537.36 (KHTML, like Gecko) HeadlessChrome/147.0.7727.15 Safari/537.36"}
[2m[WebServer] [22m{"time":"2026-08-07T18:19:54.600150155-04:00","level":"INFO","msg":"client log","level":"ERROR","message":"loadMyChecklists error: Failed to fetch\nTypeError: Failed to fetch\n    at api (http://localhost:4351/sync.js:24:21)\n    at loadMyChecklists (http://localhost:4351/workflows.html:628:24)\n    at applyOp (http://localhost:4351/sync.js:504:7)\n    at _ws.onmessage (http://localhost:4351/sync.js:275:7)","user":"Jamal C. (jamal@yumyums.kitchen)","page":"/workflows.html","ua":"Mozilla/5.0 (X11; Linux x86_64) AppleWebKit/537.36 (KHTML, like Gecko) HeadlessChrome/147.0.7727.15 Safari/537.36"}
[2m[WebServer] [22m{"time":"2026-08-07T18:19:54.624001085-04:00","level":"INFO","msg":"client log","level":"ERROR","message":"loadMyChecklists error: Failed to fetch\nTypeError: Failed to fetch\n    at api (http://localhost:4351/sync.js:24:21)\n    at loadMyChecklists (http://localhost:4351/workflows.html:628:24)\n    at applyOp (http://localhost:4351/sync.js:504:7)\n    at _ws.onmessage (http://localhost:4351/sync.js:275:7)","user":"Jamal C. (jamal@yumyums.kitchen)","page":"/workflows.html","ua":"Mozilla/5.0 (X11; Linux x86_64) AppleWebKit/537.36 (KHTML, like Gecko) HeadlessChrome/147.0.7727.15 Safari/537.36"}
  ✓  76 [chromium] › tests/workflows.spec.js:3644:3 › Builder conditional logic (prove sweep) › FR-16 DOW schedule shows today-scheduled checklist and hides off-day one [LST-10] (1.3s)
[2m[WebServer] [22m{"time":"2026-08-07T18:19:55.336907047-04:00","level":"ERROR","msg":"GetManagerHires failed","error":"iterate assigned templates for hire 51ca95b0-9558-4e9d-81dc-87d4a1dcd030: context canceled"}
[2m[WebServer] [22m{"time":"2026-08-07T18:19:55.823046546-04:00","level":"ERROR","msg":"myChecklists error","error":"iterate rejections: timeout: context already done: context canceled"}
[2m[WebServer] [22m{"time":"2026-08-07T18:19:55.823969847-04:00","level":"ERROR","msg":"listTemplates error","error":"iterate assignments: context canceled"}
[2m[WebServer] [22m{"time":"2026-08-07T18:19:55.831069694-04:00","level":"INFO","msg":"client log","level":"ERROR","message":"loadMyChecklists error: Failed to fetch\nTypeError: Failed to fetch\n    at api (http://localhost:4351/sync.js:24:21)\n    at loadMyChecklists (http://localhost:4351/workflows.html:628:24)\n    at show (http://localhost:4351/workflows.html:3696:5)\n    at init (http://localhost:4351/workflows.html:3777:5)","user":"Jamal C. (jamal@yumyums.kitchen)","page":"/workflows.html","ua":"Mozilla/5.0 (X11; Linux x86_64) AppleWebKit/537.36 (KHTML, like Gecko) HeadlessChrome/147.0.7727.15 Safari/537.36"}
[2m[WebServer] [22m{"time":"2026-08-07T18:19:55.835141064-04:00","level":"INFO","msg":"client log","level":"ERROR","message":"loadMyChecklists error: Failed to fetch\nTypeError: Failed to fetch\n    at api (http://localhost:4351/sync.js:24:21)\n    at loadMyChecklists (http://localhost:4351/workflows.html:628:24)\n    at applyOp (http://localhost:4351/sync.js:504:7)\n    at _ws.onmessage (http://localhost:4351/sync.js:275:7)","user":"Jamal C. (jamal@yumyums.kitchen)","page":"/workflows.html","ua":"Mozilla/5.0 (X11; Linux x86_64) AppleWebKit/537.36 (KHTML, like Gecko) HeadlessChrome/147.0.7727.15 Safari/537.36"}
[2m[WebServer] [22m{"time":"2026-08-07T18:19:55.837326945-04:00","level":"INFO","msg":"client log","level":"ERROR","message":"loadMyChecklists error: Failed to fetch\nTypeError: Failed to fetch\n    at api (http://localhost:4351/sync.js:24:21)\n    at loadMyChecklists (http://localhost:4351/workflows.html:628:24)\n    at applyOp (http://localhost:4351/sync.js:504:7)\n    at _ws.onmessage (http://localhost:4351/sync.js:275:7)","user":"Jamal C. (jamal@yumyums.kitchen)","page":"/workflows.html","ua":"Mozilla/5.0 (X11; Linux x86_64) AppleWebKit/537.36 (KHTML, like Gecko) HeadlessChrome/147.0.7727.15 Safari/537.36"}
[2m[WebServer] [22m{"time":"2026-08-07T18:19:55.837985204-04:00","level":"INFO","msg":"client log","level":"ERROR","message":"loadMyChecklists error: Failed to fetch\nTypeError: Failed to fetch\n    at api (http://localhost:4351/sync.js:24:21)\n    at loadMyChecklists (http://localhost:4351/workflows.html:628:24)\n    at applyOp (http://localhost:4351/sync.js:504:7)\n    at _ws.onmessage (http://localhost:4351/sync.js:275:7)","user":"Jamal C. (jamal@yumyums.kitchen)","page":"/workflows.html","ua":"Mozilla/5.0 (X11; Linux x86_64) AppleWebKit/537.36 (KHTML, like Gecko) HeadlessChrome/147.0.7727.15 Safari/537.36"}
  ✓  77 [chromium] › tests/workflows.spec.js:3692:3 › Builder conditional logic (prove sweep) › FR-17 section day-condition hides the section and its fields in the runner [VIS-03] (1.4s)
[2m[WebServer] [22m{"time":"2026-08-07T18:19:56.755923911-04:00","level":"ERROR","msg":"GetManagerHires failed","error":"query assigned templates for hire eed72497-ce89-4f66-9c46-e0d8ae2708f5: context canceled"}
[2m[WebServer] [22m{"time":"2026-08-07T18:19:57.500976125-04:00","level":"ERROR","msg":"myChecklists error","error":"iterate fail notes: context canceled"}
[2m[WebServer] [22m{"time":"2026-08-07T18:19:57.504697603-04:00","level":"INFO","msg":"client log","level":"ERROR","message":"loadMyChecklists error: Failed to fetch\nTypeError: Failed to fetch\n    at api (http://localhost:4351/sync.js:24:21)\n    at loadMyChecklists (http://localhost:4351/workflows.html:628:24)\n    at applyOp (http://localhost:4351/sync.js:504:7)\n    at _ws.onmessage (http://localhost:4351/sync.js:275:7)","user":"Jamal C. (jamal@yumyums.kitchen)","page":"/workflows.html","ua":"Mozilla/5.0 (X11; Linux x86_64) AppleWebKit/537.36 (KHTML, like Gecko) HeadlessChrome/147.0.7727.15 Safari/537.36"}
[2m[WebServer] [22m{"time":"2026-08-07T18:19:57.505257621-04:00","level":"INFO","msg":"client log","level":"ERROR","message":"loadMyChecklists error: Failed to fetch\nTypeError: Failed to fetch\n    at api (http://localhost:4351/sync.js:24:21)\n    at loadMyChecklists (http://localhost:4351/workflows.html:628:24)\n    at applyOp (http://localhost:4351/sync.js:504:7)\n    at _ws.onmessage (http://localhost:4351/sync.js:275:7)","user":"Jamal C. (jamal@yumyums.kitchen)","page":"/workflows.html","ua":"Mozilla/5.0 (X11; Linux x86_64) AppleWebKit/537.36 (KHTML, like Gecko) HeadlessChrome/147.0.7727.15 Safari/537.36"}
[2m[WebServer] [22m{"time":"2026-08-07T18:19:58.402530119-04:00","level":"INFO","msg":"op handler received op","op_type":"SET_FIELD","entity_id":"9fda625a-3007-40b4-b772-35ad7314d2a3","device_id":"41d2be58-2d35-487b-b017-63e724a4e40b","lamport_ts":181}
[2m[WebServer] [22m{"time":"2026-08-07T18:19:58.926275388-04:00","level":"INFO","msg":"op handler received op","op_type":"SET_FIELD","entity_id":"9fda625a-3007-40b4-b772-35ad7314d2a3","device_id":"41d2be58-2d35-487b-b017-63e724a4e40b","lamport_ts":183}
  ✓  78 [chromium] › tests/workflows.spec.js:3739:3 › Builder conditional logic (prove sweep) › FR-18 skip logic shows then re-hides a field as the source answer changes [VIS-05 VIS-08] (2.6s)
[2m[WebServer] [22m{"time":"2026-08-07T18:19:59.432529412-04:00","level":"ERROR","msg":"GetManagerHires failed","error":"iterate assigned templates for hire 21194885-bd45-435a-ab9b-ffe45b1dd7d9: context canceled"}
[2m[WebServer] [22m{"time":"2026-08-07T18:19:59.446582129-04:00","level":"ERROR","msg":"GetMyTrainings failed","error":"context canceled"}
[2m[WebServer] [22m{"time":"2026-08-07T18:19:59.826010252-04:00","level":"ERROR","msg":"myChecklists error","error":"iterate fail notes: context canceled"}
[2m[WebServer] [22m{"time":"2026-08-07T18:19:59.82610412-04:00","level":"ERROR","msg":"listTemplates error","error":"iterate schedules: context canceled"}
  ✓  79 [chromium] › tests/workflows.spec.js:3828:3 › Cross-cutting guarantees (prove sweep) › NFR-2 photo presign returns the documented shape (503 degraded when S3 unset; PUT/round-trip PARKed) [FLD-20] (767ms)
[2m[WebServer] [22m{"time":"2026-08-07T18:20:00.526298726-04:00","level":"ERROR","msg":"GetManagerHires failed","error":"iterate assigned templates for hire 21194885-bd45-435a-ab9b-ffe45b1dd7d9: context canceled"}
[2m[WebServer] [22m{"time":"2026-08-07T18:20:01.070273399-04:00","level":"ERROR","msg":"myChecklists error","error":"list fail notes: context canceled"}
  ✓  80 [chromium] › tests/workflows.spec.js:3861:3 › Cross-cutting guarantees (prove sweep) › NFR-6 submitting an archived template returns 409 template_archived and creates no submission [GATE-09] (1.2s)
[2m[WebServer] [22m{"time":"2026-08-07T18:20:01.465810196-04:00","level":"ERROR","msg":"GetManagerHires failed","error":"query assigned templates for hire 6e36c85d-2490-4a1d-becc-2c2f4b848517: context canceled"}
  ✓  81 [chromium] › tests/workflows.spec.js:3909:3 › Cross-cutting guarantees (prove sweep) › NFR-7 an unauthenticated workflows load redirects to /login.html [GLB-01] (580ms)
[2m[WebServer] [22m{"time":"2026-08-07T18:20:02.191614253-04:00","level":"ERROR","msg":"GetManagerHires failed","error":"query assigned templates for hire 0a24217d-9148-4af0-aae0-e771bc982b35: context canceled"}
[2m[WebServer] [22m{"time":"2026-08-07T18:20:02.889204933-04:00","level":"ERROR","msg":"myChecklists error","error":"iterate fail notes: context canceled"}
[2m[WebServer] [22m{"time":"2026-08-07T18:20:02.891606951-04:00","level":"ERROR","msg":"listTemplates error","error":"iterate assignments: context canceled"}
  ✓  82 [chromium] › tests/workflows.spec.js:3927:3 › Cross-cutting guarantees (prove sweep) › FR-19 a submitted checklist freezes a template snapshot that later edits do not change [LC-02] (1.2s)
[2m[WebServer] [22m{"time":"2026-08-07T18:20:03.389326624-04:00","level":"ERROR","msg":"GetManagerHires failed","error":"iterate assigned templates for hire 21194885-bd45-435a-ab9b-ffe45b1dd7d9: context canceled"}
[2m[WebServer] [22m{"time":"2026-08-07T18:20:04.146335246-04:00","level":"ERROR","msg":"myChecklists error","error":"iterate fail notes: context canceled"}
  ✓  83 [chromium] › tests/workflows.spec.js:3983:3 › Cross-cutting guarantees (prove sweep) › FR-20 requires_approval without an approver is refused (400 requires_approver); with one it is allowed [BLD-13] (1.2s)
  ✓  84 [chromium] › tests/workflows.spec.js:4113:3 › Approve/reject authz — the /ops path › APPROVE_ITEM via /ops is refused for a non-approver and mutates nothing (1.4s)
  ✓  85 [chromium] › tests/workflows.spec.js:4144:3 › Approve/reject authz — the /ops path › REJECT_ITEM via /ops is refused for a non-approver and writes no rejection (1.5s)
[2m[WebServer] [22m{"time":"2026-08-07T18:20:08.671232306-04:00","level":"INFO","msg":"op handler received op","op_type":"APPROVE_ITEM","entity_id":"5f033ee0-1306-4502-ae8f-2781337d75b6","device_id":"admin-1786141208653","lamport_ts":1786141208653}
[2m[WebServer] [22m{"time":"2026-08-07T18:20:08.706643312-04:00","level":"ERROR","msg":"GetManagerHires failed","error":"iterate assigned templates for hire 556e3fa1-fdcf-450b-a5bd-3bae7d47e101: context canceled"}
  ✓  86 [chromium] › tests/workflows.spec.js:4174:3 › Approve/reject authz — the /ops path › APPROVE_ITEM via /ops still succeeds for an admin (1.9s)
[2m[WebServer] [22m{"time":"2026-08-07T18:20:09.39521375-04:00","level":"ERROR","msg":"GetManagerHires failed","error":"iterate assigned templates for hire eed72497-ce89-4f66-9c46-e0d8ae2708f5: context canceled"}
[2m[WebServer] [22m{"time":"2026-08-07T18:20:10.256369305-04:00","level":"ERROR","msg":"myChecklists error","error":"iterate fail notes: context canceled"}
[2m[WebServer] [22m{"time":"2026-08-07T18:20:10.273729027-04:00","level":"INFO","msg":"client log","level":"ERROR","message":"loadMyChecklists error: Failed to fetch\nTypeError: Failed to fetch\n    at api (http://localhost:4351/sync.js:24:21)\n    at loadMyChecklists (http://localhost:4351/workflows.html:628:24)\n    at show (http://localhost:4351/workflows.html:3696:5)\n    at init (http://localhost:4351/workflows.html:3777:5)","user":"Jamal C. (jamal@yumyums.kitchen)","page":"/workflows.html","ua":"Mozilla/5.0 (X11; Linux x86_64) AppleWebKit/537.36 (KHTML, like Gecko) HeadlessChrome/147.0.7727.15 Safari/537.36"}
[2m[WebServer] [22m{"time":"2026-08-07T18:20:10.275966417-04:00","level":"INFO","msg":"client log","level":"ERROR","message":"loadMyChecklists error: Failed to fetch\nTypeError: Failed to fetch\n    at api (http://localhost:4351/sync.js:24:21)\n    at loadMyChecklists (http://localhost:4351/workflows.html:628:24)\n    at applyOp (http://localhost:4351/sync.js:504:7)\n    at _ws.onmessage (http://localhost:4351/sync.js:275:7)","user":"Jamal C. (jamal@yumyums.kitchen)","page":"/workflows.html","ua":"Mozilla/5.0 (X11; Linux x86_64) AppleWebKit/537.36 (KHTML, like Gecko) HeadlessChrome/147.0.7727.15 Safari/537.36"}
[2m[WebServer] [22m{"time":"2026-08-07T18:20:10.276978328-04:00","level":"INFO","msg":"client log","level":"ERROR","message":"loadMyChecklists error: Failed to fetch\nTypeError: Failed to fetch\n    at api (http://localhost:4351/sync.js:24:21)\n    at loadMyChecklists (http://localhost:4351/workflows.html:628:24)\n    at applyOp (http://localhost:4351/sync.js:504:7)\n    at _ws.onmessage (http://localhost:4351/sync.js:275:7)","user":"Jamal C. (jamal@yumyums.kitchen)","page":"/workflows.html","ua":"Mozilla/5.0 (X11; Linux x86_64) AppleWebKit/537.36 (KHTML, like Gecko) HeadlessChrome/147.0.7727.15 Safari/537.36"}
[2m[WebServer] [22m{"time":"2026-08-07T18:20:10.280227831-04:00","level":"INFO","msg":"client log","level":"ERROR","message":"loadMyChecklists error: Failed to fetch\nTypeError: Failed to fetch\n    at api (http://localhost:4351/sync.js:24:21)\n    at loadMyChecklists (http://localhost:4351/workflows.html:628:24)\n    at applyOp (http://localhost:4351/sync.js:504:7)\n    at _ws.onmessage (http://localhost:4351/sync.js:275:7)","user":"Jamal C. (jamal@yumyums.kitchen)","page":"/workflows.html","ua":"Mozilla/5.0 (X11; Linux x86_64) AppleWebKit/537.36 (KHTML, like Gecko) HeadlessChrome/147.0.7727.15 Safari/537.36"}
[2m[WebServer] [22m{"time":"2026-08-07T18:20:10.28605887-04:00","level":"INFO","msg":"client log","level":"ERROR","message":"loadMyChecklists error: Failed to fetch\nTypeError: Failed to fetch\n    at api (http://localhost:4351/sync.js:24:21)\n    at loadMyChecklists (http://localhost:4351/workflows.html:628:24)\n    at applyOp (http://localhost:4351/sync.js:504:7)\n    at _ws.onmessage (http://localhost:4351/sync.js:275:7)","user":"Jamal C. (jamal@yumyums.kitchen)","page":"/workflows.html","ua":"Mozilla/5.0 (X11; Linux x86_64) AppleWebKit/537.36 (KHTML, like Gecko) HeadlessChrome/147.0.7727.15 Safari/537.36"}
[2m[WebServer] [22m{"time":"2026-08-07T18:20:10.413585517-04:00","level":"ERROR","msg":"myChecklists error","error":"iterate fail notes: context canceled"}
[2m[WebServer] [22m{"time":"2026-08-07T18:20:10.421725571-04:00","level":"INFO","msg":"client log","level":"ERROR","message":"loadMyChecklists error: Failed to fetch\nTypeError: Failed to fetch\n    at api (http://localhost:4351/sync.js:24:21)\n    at loadMyChecklists (http://localhost:4351/workflows.html:628:24)\n    at show (http://localhost:4351/workflows.html:3696:5)\n    at init (http://localhost:4351/workflows.html:3777:5)","user":"Jamal C. (jamal@yumyums.kitchen)","page":"/workflows.html","ua":"Mozilla/5.0 (X11; Linux x86_64) AppleWebKit/537.36 (KHTML, like Gecko) HeadlessChrome/147.0.7727.15 Safari/537.36"}
[2m[WebServer] [22m{"time":"2026-08-07T18:20:11.364158391-04:00","level":"INFO","msg":"op handler received op","op_type":"SET_FIELD","entity_id":"64dcabfd-1e20-4246-ab75-3a20a36c2155","device_id":"82641615-5b7f-41c8-8ec6-6c0cc072299d","lamport_ts":1786141208655}
  ✓  87 [chromium] › tests/workflows.spec.js:4214:3 › B-132 — fireworks confetti canvas › completed submit does not throw ctx.arc negative radius; overlay does not freeze on screen (5.5s)

  87 passed (4.3m)
EXIT=0
